Venba,Pathavurai
"அருளவா வான்மே லலந்துபடா துள்ளந்
தெருளவான் மாவாத் திகழும் மருளவாய்
நின்றயா னென்னதெனு நீசமனப் பான்மையறத்
துன்றுகுரு போதச் சுடர்",அருள் அவாவால் மேல் அலந்து படாது உள்ளம் தெருள ஆன்மாவாத் திகழும் மருள் அவாய் நின்ற யான் என்னது எனும் நீச மனப்பான்மை அறத் துன்று குரு போதச் சுடர்
"உடலுருவாப் பேதுற் றுழன்றேனை யூத்தைச்
சடவுருநா னன்றாகத் தள்ளிக் கெடலருமெய்ஞ்
ஞானகுரு வாக நயந்தாண்ட நல்லவருண்
மோனகுரு பாதம் முடி",உடல் உருவாப் பேதுற்று உழன்றேனை ஊத்தைச் சட உரு நான் அன்றாகத் தள்ளிக் கெடல் அரு மெய்ஞ்ஞான குருவாக நயந்து ஆண்ட நல்ல அருள் மோன குரு பாதம் முடி
"மிகவேறு பட்ட விவாதங்கட் கெல்லாந்
தொகவே சமரசமாத் தோன்றத் தகவே
சமர்த்தித்து மெய்ப்பொருளைத் தந்துரைக்கும் போத
சமர்த்தகுரு பாதந் தலை",மிக வேறுபட்ட விவாதங்கட்கு எல்லாம் தொகவே சமரசமாத் தோன்றத் தகவே சமர்த்தித்து மெய்ப்பொருளைத் தந்து உரைக்கும் போத சமர்த்த குரு பாதம் தலை
"தெளிந்த பரமார்த்த தீபமீ துண்மை
ஒளிர்ந்திடக்கா ணாத வுளத்தேன் இளந்தை
அறிவாற் கொளுத்தியதன் றாண்டரம ணன்மூ
தறிவாற் கொளுத்திய தாம்",தெளிந்த பரமார்த்த தீபம் ஈது உண்மை ஒளிர்ந்திடக் காணாத உளத்தேன் இளந்தை அறிவால் கொளுத்தியது அன்று ஆண்ட ரமணன் மூது அறிவால் கொளுத்தியது ஆம்
"ஒளிர்மெய் யுணர்வாக வுள்ளதே தானாக்
கிளர்சொருப மானவருட் கேள்வன் தளர்வறவே
சாற்றியபல் போதனையுட் சார்ந்தசில ஞாபகத்திற்
போற்றியுரைக் கின்றேன் புலத்து",ஒளிர் மெய் உணர்வு ஆக உள்ளதே தானாக் கிளர் சொருபம் ஆன அருள் கேள்வன் தளர்வு அறவே சாற்றிய பல் போதனையுள் சார்ந்த சில ஞாபகத்தில் போற்றி உரைக்கின்றேன் புலத்து
"எங்கிருந் தேரமண னென்னை யணைந்தானோ
வங்கிருந்தே நானுமவ் வாண்டானோ டெங்க
ளொருமித்த வாழ்வி லுணர்ந்தபர மார்த்த
தருமத்தை யோதுவேன் சற்று",எங்கிருந்தே ரமணன் என்னை அணைந்தானோ அங்கிருந்தே நானும் அவ் ஆண்டானோடு எங்கள் ஒருமித்த வாழ்வில் உணர்ந்த பரமார்த்த தருமத்தை ஓதுவேன் சற்று
"முளைத்த வகந்தைமதி மோகமற வென்னைத்
தெளித்த ரமணகுரு தேவன் அளித்தவருட்
பார்வையாற் கண்ட பரமார்த்த பாவமொரு
கோவையாக் கோப்பேன் குறித்து",முளைத்த அகந்தை மதி மோகம் அற என்னைத் தெளித்த ரமண குருதேவன் அளித்த அருள் பார்வையால் கண்ட பரமார்த்த பாவம் ஒரு கோவையாக் கோப்பேன் குறித்து
"அனைத்துமாய் நின்றபர மான்மாவுக் கெய்தல்
எனைத்துமே யின்றா மெனவே மனத்துத்
தருமார்த்த காமச் சலனமறக் காண்டல்
பரமார்த்த தீபப் பயன்",அனைத்துமாய் நின்ற பரமான்மாவுக்கு எய்தல் எனைத்துமே இன்றாம் எனவே மனத்துத் தரும அர்த்த காமச் சலனம் அறக் காண்டல் பரமார்த்த தீபப் பயன்
"சுகசொருப மாகச் சுடருந்தன் மெய்யே
இகபரங்கட் கெல்லா மிடமாம் தகவாற்
கதியெலா மெண்ணிக் கலங்காது தன்னிற்
பதிதலா மிந்நூற் பயன்",சுக சொருபமாகச் சுடரும் தன் மெய்யே இக பரங்கட்கு எல்லாம் இடமாம் தகவால் கதி எலாம் எண்ணிக் கலங்காது தன்னில் பதிதலாம் இந்நூல் பயன்
"சந்தக் குருவா சகக்கோவை தேருங்கால்
மந்த மதிபடைத்த மத்தனேன் புந்தியால்
எண்ணி யிசைத்ததுவன் றெண்ணா திசைப்பித்தோன்
புண்ணியனாம் வேங்கடவன் போன்ம்",சந்தக் குருவாசகக்கோவை தேருங்கால் மந்த மதிபடைத்த மத்தனேன் புந்தியால் எண்ணி இசைத்தது அன்று எண்ணாது இசைப்பித்தோன் புண்ணியனாம் வேங்கடவன் போன்ம்
"யானென்போ தத்தா லெழுதாக் கிளவிக்கு
யானே னியம்ப லவையடக்கம் மோன
சமாதியா லுள்ளத்துட் சான்றோர்தே ரந்தப்
புமானதே யிந்நூற் பொறுப்பு",யான் என் போதத்தால் எழுதாக் கிளவிக்கு யான் ஏன் இயம்பல் அவை அடக்கம் மோன சமாதியால் உள்ளத்துள் சான்றோர் தேர் அந்தப் புமானதே இந்நூல் பொறுப்பு
"பேதுகடிந் தென்னையிப் பேறு பெறுவித்தாள்
ஆதலினன் றாக வடைவித்தேன் சூதுவா
தேது மறியாத வீன்றா டிருவுளத்துக்
கீது சமர்ப்பணமா கென்று",பேது கடிந்து என்னை இப் பேறு பெறுவித்தாள் ஆதலின் நன்றாக அடைவித்தேன் சூது வாது ஏதும் அறியாத ஈன்றாள் திரு உளத்துக்கு ஈது சமர்ப்பணம் ஆக என்று
"குருவார்த்தை சிற்சிலவவோர் கோவையாக் கோத்துப்
பரமார்த்த மாகப் பகர்ந்தான் சருவார்த்த
வண்ணமுமவ் வாண்டான் வளர்கழலே யாகவருட்
கண்ணினிற்காண் கண்ணமுரு கன்",குரு வார்த்தை சிற்சில ஓர் கோவையாக் கோத்துப் பரமார்த்தமாகப் பகர்ந்தான் சருவ அர்த்த வண்ணமும் அவ் ஆண்டான் வளர்கழலே ஆக அருள் கண்ணினில் காண் கண்ண முருகன்
"நீர்சூழ் நிலமகள்செய் நீதப் பெருந்தவத்தாற்
பேர்சான்ற சுத்தப் பிரம்மமே சீர்சால்
சகளங்கொள் சீரமண சற்குருசற் போத
வகளங்க பாத மகம்",நீர் சூழ் நிலமகள் செய் நீதப் பெருந் தவத்தால் பேர் சான்ற சுத்தப் பிரம்மமே சீர்சால் சகளம் கொள் சீரமண சற்குரு சத் போத அகளங்க பாதம் அகம்
"எல்லாப் பொருட்கு மிதயமா நின்றவொரு
சொல்லான சுத்த சொரூபமே கல்லார்
மயலகற்று ஞானகுரு வாசகக்கோ வைக்கு
நயனருளு நன்மங் கலம்",எல்லாப் பொருட்கும் இதயமா நின்ற ஒரு சொல்லான சுத்த சொரூபமே கல்லார் மயல் அகற்றும் ஞான குருவாசகக் கோவைக்கு நயன் அருளும் நல் மங்கலம்
"ஞானமயச் செம்பொருளாந் தன்மெய் யநுபவந்தான்
மோனமயப் பண்பான் முயங்குவதாய் நானெனும்பொய்த்
தன்மையதன் மெய்யாய்த் தழைத்தொளிருஞ் சுத்தபரத்
தன்மயமாந் தாளே தலை",ஞானமயச் செம்பொருளாம் தன்மெய் அநுபவம் தான் மோனமயப் பண்பால் முயங்குவதாய் நான் எனும் பொய்த் தன்மை அதன் மெய்யாய்த் தழைத்து ஒளிரும் சுத்த பரத் தன்மயமாம் தாளே தலை
"உள்ளுறவு கொண்டார்க் குவட்டலுறா தார்வமெழும்
தெள்ளுபர மானந்தத் தீங்கனியாய் உள்ளமுறத்
தூண்டா மணிவிளக்காய்த் தூங்காதே தூங்குண்மை
ஆண்டா னருளே பொருள்",உள் உறவு கொண்டார்க்கு உவட்டல் உறாது ஆர்வம் எழும் தெள்ளு பரம் ஆனந்தத் தீம் கனியாய் உள்ளம் உறத் தூண்டா மணிவிளக்காய்த் தூங்காதே தூங்கு உண்மை ஆண்டான் அருளே பொருள்
"உறவொழிவு கூடா வுளமுடையான் ஞானத்
துறவழகு வாய்ந்த சொரூபன் மறவி
யலக்கணற வாண்டா னடிகளே யுண்மை
யிலக்கணங்கட் கெல்லா மிலக்கு",உறவு ஒழிவு கூடா உளம் உடையான் ஞானத் துறவு அழகு வாய்ந்த சொரூபன் மறவி அலக்கண் அற ஆண்டான் அடிகளே உண்மை இலக்கணங்கட்கு எல்லாம் இலக்கு
"காரணமே காரியமாக் காண்டலாற் சாத்திரங்கள்
பேருருவ மாத்திரமாப் பேசலுறும் பேருலகக்
காரணமாஞ் சின்மயந்தான் கைந்நெலிமெய் யாதலினாற்
பேருலக மெய்யெனவே பேசு",காரணமே காரியமாக் காண்டலால் சாத்திரங்கள் பேர் உருவம் மாத்திரமாப் பேசல் உறும் பேர் உலகக் காரணமாம் சின்மயம் தான் கைந்நெலி மெய் ஆதலினால் பேர் உலகம் மெய் எனவே பேசு
"ஈசன் படைப்பா மெதிரிற் புலப்படூஉம்
காசினிமெய் யாகக் களிப்பார்க்குப் பாச
மயற்கற் பனையா மனோமாத் திரமே
துயக்கறுதன் மெய்த்துணிவுற் றோர்க்கு",ஈசன் படைப்பாம் எதிரில் புலப்படூஉம் காசினி மெய்யாகக் களிப்பார்க்குப் பாச மயல் கற்பனையாம் மனோ மாத்திரமே துயக்கு அறு தன்மெய்த் துணிவு உற்றோர்க்கு
"சொச்சபர மான்ம சொரூபத்தி லைம்புலமாம்
துச்சவுரு நாமசகத் தோற்றமந்தச் சச்சிற்
சொரூபமதிற் கற்பிதமாய்த் தோற்றுமன மாயைத்
திருவிளையாட் டென்றே தெரி",சொச்ச பரமான்ம சொரூபத்தில் ஐம்புலமாம் துச்ச உரு நாம சகத் தோற்றம் அந்தச் சத் சித் சொரூபம் அதில் கற்பிதமாய்த் தோற்றும் மன மாயைத் திருவிளையாட்டு என்றே தெரி
"இறைவனது திட்டியிலே யில்லா வுலகை
நிறைபடுமெய் யாக நிகழ்த்தார் நிறைந்த
அறிவுருவாந் தன்னையலா லன்னியமா வொன்றை
அறியா வறிவி னவர்",இறைவனது திட்டியிலே இல்லா உலகை நிறைபடு மெய்யாக நிகழ்த்தார் நிறைந்த அறிவு உருவாம் தன்னை அலால் அன்னியமா ஒன்றை அறியா அறிவினவர்
"இலவுகாத் திட்டகிளி யென்றே புலனாம்
உலகுபொரு எாக்காத் துழல்வோய் உலகு
புலப்படலான் மட்டும் பொருளேற் பொருளாம்
புலப்படலாற் கானற் புனல்",இலவு காத்திட்ட கிளி என்றே புலன் ஆம் உலகு பொருளாக் காத்து உழல்வோய் உலகு புலப்படலால் மட்டும் பொருளேல் பொருள் ஆம் புலப்படலால் கானல் புனல்
"தோற்றத்தை மெய்யாத் தொடராதே காண்சொருபத்
தேற்றத்தை நீங்கித் திகைத்துநீ தோற்றங்
கரப்பதான் மெய்யன்று காண்பான் சொரூபங்
கரப்பதன்று மெய்யதுவே காண்",தோற்றத்தை மெய்யாத் தொடராதே காண் சொருபத் தேற்றத்தை நீங்கித் திகைத்து நீ தோற்றம் கரப்பதால் மெய் அன்று காண்பான் சொரூபம் கரப்பது அன்று மெய் அதுவே காண்
"மாயா விகார மனப்புலத்துக் கல்லாலம்
மாயா விகார மனத்துக்குத் தாயகமா
நின்ற தனக்கு நிகழா திருக்குங்கால்
ஒன்றுமோ வுண்மை யுலகு",மாயா விகார மனப் புலத்துக்கு அல்லால் அம் மாயா விகார மனத்துக்குத் தாய் அகமா நின்ற தனக்கு நிகழாது இருக்குங்கால் ஒன்றுமோ உண்மை உலகு
"சொப்பனமே யாகமருட் சூனியத்தே தோற்றிடுமிவ்
வற்பசமு சாரங்கண் டஞ்சாதீர் சிற்பரமெய்ந்
நேசக் கருத்தூடு நில்லாது காரிருள்சேர்
பாச மனக்கற் பனை",சொப்பனமே ஆக மருள் சூனியத்தே தோற்றிடும் இவ் அற்ப சமுசாரம் கண்டு அஞ்சாதீர் சித்பர மெய்ந் நேசக் கருத்தூடு நில்லாது கார் இருள் சேர் பாச மனக் கற்பனை
"உலகத்துக் கஞ்சி யொடுங்குவீ ருள்ள
உலகத் தலமொன்று மில்லை புலனாகும்
பொய்ச்சகத்துக் கஞ்சல் புரிகயிற்றிற் பொய்ப்பாம்புக்
கச்ச முறுத லனைத்து",உலகத்துக்கு அஞ்சி ஒடுங்குவீர் உள்ள உலகத் தலம் ஒன்றும் இல்லை புலன் ஆகும் பொய்ச் சகத்துக்கு அஞ்சல் புரிகயிற்றில் பொய்ப் பாம்புக்கு அச்சம் உறுதல் அனைத்து
"சங்கற்பத் தோற்றமுள சாக்கிரத்துஞ் சொப்பனத்தும்
பங்கமற விவ்வுலகம் பார்ப்பதலாற் சங்கற்பம்
கிஞ்சித்துந் தோற்றாத கேவலத்துக் காண்பதுண்டோ
சங்கற்பந் தானுலக சத்து",சங்கற்பத் தோற்றம் உள சாக்கிரத்தும் சொப்பனத்தும் பங்கம் அற இவ்வுலகம் பார்ப்பது அலால் சங்கற்பம் கிஞ்சித்தும் தோற்றாத கேவலத்துக் காண்பது உண்டோ சங்கற்பம் தான் உலக சத்து
"சிந்தனையின் மாட்சியே தேறு முலகமெனிற்
சிந்தனையில் லாதமைதி சேர்பொழுதும் முந்தெனவே
சொற்பனம்போ லேனுமெதிர் தோன்றலது முற்பட்ட
கற்பனைவே கத்தாலே காண்",சிந்தனையின் மாட்சியே தேறும் உலகம் எனில் சிந்தனை இல்லாது அமைதி சேர் பொழுதும் முந்து எனவே சொற்பனம் போல் ஏனும் எதிர் தோன்றல் அது முற்பட்ட கற்பனை வேகத்தாலே காண்
"வாயு ளிருந்தே வலைநூல் வெளிப்படுத்தி
வாயுளதை மீள வயப்படுக்கும் மாயச்
சிலந்திபோ லிவ்வுலகைச் சிந்தையுந்தன் னுண்ணின்
றலர்ந்தே யகப்படுக்கு மால்",வாயுள் இருந்தே வலைநூல் வெளிப்படுத்தி வாயுள் அதை மீள வயப்படுக்கும் மாயச் சிலந்திபோல் இவ்வுலகைச் சிந்தையும் தன் உள்நின்று அலர்ந்தே அகப்படுக்கும் ஆல்
"உந்தப் படுவ வுருப்பெயர்தா முண்ணின்றே
சிந்தைபொறி மூளைவழிச் சேருங்கால் சிந்தை
இதயத்தே தங்கி யிருக்குங்கான் மீளப்
புதைவனவாங் கேயவையுட் புக்கு",உந்தப் படுவ உருப் பெயர் தாம் உள் நின்றே சிந்தை பொறி மூளை வழிச் சேருங்கால் சிந்தை இதயத்தே தங்கி இருக்குங்கால் மீளப் புதைவன ஆங்கே அவை உள் புக்கு
"பேருருவத் தாலே பிணங்கும் பிரபஞ்சம்
பேருருவம் பேர்ந்தாற் பிரம்மமாம் பேருருவக்
கற்பனையா லுண்மைக் கடவுளைமீப் போர்த்துலகா
வற்பமதி தான்மருள்கின் றான்",பேர் உருவத்தாலே பிணங்கும் பிரபஞ்சம் பேர் உருவம் பேர்ந்தால் பிரம்மம் ஆம் பேர் உருவக் கற்பனையால் உண்மைக் கடவுளை மீப்போர்த்து உலகா அற்ப மதி தான் மருள்கின்றான்
"தன்னை யுடலாத் தடுமாறும் புந்தியே
துன்னும் பெயருருவத் தோற்றமா மின்னுலகை
யுண்மைபோல் வேட்பித் துறுபாச பந்தத்துட்
டுண்ணென் றகப்படுத்துஞ் சூது",தன்னை உடலாத் தடுமாறும் புந்தியே துன்னும் பெயர் உருவத் தோற்றமாம் மின் உலகை உண்மைபோல் வேட்பித்து உறு பாச பந்தத்துள் துண் என்று அகப்படுத்தும் சூது
"செறியுங் கனசொருப திட்டியிலே யில்பொய்
யறிவின் சுழல்வட்ட மாகும் அறிவின்
இலகுமவ தானத் திருமையொடு மும்மை
உலகவிவ கார முணர்",செறியும் கனசொருப திட்டியிலே இல் பொய் அறிவின் சுழல்வட்டம் ஆகும் அறிவின் இலகும் அவதானத்து இருமையொடு மும்மை உலக விவகாரம் உணர்
"நீதமொடு சான்றோர் நிகழ்த்தும் பரஞான
போதனைதே றாவுலகப் புந்தியோய் வாதனையின்
சூதுகா ணுள்ளபடி சோதிப்பின் மாமோக
வூதுகா மாலை யுலகு",நீதமொடு சான்றோர் நிகழ்த்தும் பரஞான போதனை தேறா உலகப் புந்தியோய் வாதனையின் சூதுகாண் உள்ளபடி சோதிப்பின் மாமோக ஊது காமாலை உலகு
"நிகழ்ந்தவெறு ஞான நிறைவன்றி நின்னால்
முகந்துபுல னாமுலக முற்றும் அகந்தையொடு
வஞ்சக்கா மாதி மருவு மனோமயமாம்
மஞ்சட்கா மாலை மயக்கு",நிகழ்ந்த வெறு ஞான நிறைவு அன்றி நின்னால் முகந்து புலனாம் உலகம் முற்றும் அகந்தையொடு வஞ்சக் காமாதி மருவும் மனோமயம் ஆம் மஞ்சள் காமாலை மயக்கு
"ஞான வெயின்முன் னலிதலான் மஞ்சள்போற்
பானுவா மீசன் படைப்பன்று பானசகம்
பீலிக்கண் ணேரும் பெருஞ்சித் திரஞ்சித்த
நீலிக்கண் ணாடி நிழல்",ஞான வெயில் முன் நலிதலால் மஞ்சள்போல் பானுவாம் ஈசன் படைப்பன்று பான சகம் பீலிக்கண் நேரும் பெரும் சித்திரம் சித்த நீலிக் கண்ணாடி நிழல்
"ஆன்ம சொரூபஞா னானுபவத் திவ்வகிலம்
வான்மருவு பைஞ்ஞ்ல வண்ணமே ஊன்மயல்சே
ராணவமோ கத்தா லலமந்து சுட்டறிவாற்
காணுமவை கற்பனையே காண்",ஆன்ம சொரூப ஞானானுபவத்து இவ் அகிலம் வான் மருவு பைஞ்ஞ்ல வண்ணமே ஊன் மயல் சேர் ஆணவ மோகத்தால் அலமந்து சுட்டறிவால் காணும் அவை கற்பனையே காண்
"எல்லார்தம் புந்தியையு மேமாற்றஞ் செய்துழக்கும்
பொல்லாத விப்பெரும் பொய்யுலகு புல்லாது
தன்னைத்தான் சோர்ந்த தவற்றாலே யன்றிமற்
றென்னத்தா லும்வந்த தின்று",எல்லார்தம் புந்தியையும் ஏமாற்றம் செய்து உழக்கும் பொல்லாத இப்பெரும் பொய் உலகு புல்லாது தன்னைத் தான் சோர்ந்த தவற்றாலே அன்றி மற்று என்னத்தாலும் வந்தது இன்று
"வேட்கைவெறுப் பாதி விராய்நடக்கு மிவ்வுலக
வாழ்க்கைமயல் வந்த வறுங்கனா தூக்கப்
பொழுதுண்மை போலப் புலப்பட்டு மெய்யா
விழித்தக் கடைவெறும் பொய்",வேட்கை வெறுப்பு ஆதி விராய் நடக்கும் இவ்வுலக வாழ்க்கை மயல் வந்த வறும் கனா தூக்கப் பொழுது உண்மை போலப் புலப்பட்டு மெய்யா விழித்தக்கடை வெறும் பொய்
"இச்சை முதலா வியலும்பல் சத்திகளும்
சொச்சமாந் தன்சிற் சொரூபத்தே மிச்சையாங்
கற்பனையாத் தீரக் கழல்வனகாண் தன்சொருபச்
சிற்பரத்தே சித்தமற்றக் கால்",இச்சை முதலா இயலும் பல் சத்திகளும் சொச்சம் ஆம் தன் சித் சொரூபத்தே மிச்சை ஆம் கற்பனையாத் தீரக் கழல்வன காண் தன் சொருபச் சிற்பரத்தே சித்தம் அற்றக்கால்
"சிற்பர மான சிவமதிட் டானமா
நிற்பவதன் மாட்டு நிகழ்வனவாம் சிற்பரா
சத்தி விலாசமாச் சாருஞ் சகவடிவச்
சித்திரமா முப்புடி தேர்",சிற்பரம் ஆன சிவம் அதிட்டானமா நிற்ப அதன் மாட்டு நிகழ்வனவாம் சித் பரா சத்தி விலாசமாச் சாரும் சக வடிவச் சித்திரம் ஆம் முப்புடி தேர்
"கயிற்றரவுங் குற்றிக்கட் கள்வனுமே யன்றி
மயற்றகைசேர் பேய்த்தேரு மானும் இயற்கைத்தால்
உண்மையிலே யில்லா வுலகம் புலப்பாட்டால்
இன்மையிலே யுள்ள வியல்பு",கயிற்று அரவும் குற்றிக்கண் கள்வனுமே அன்றி மயல் தகை சேர் பேய்த்தேரும் மானும் இயற்கைத்து ஆல் உண்மையிலே இல்லா உலகம் புலப்பாட்டால் இன்மையிலே உள்ள இயல்பு
"பொன்னிடத்துத் தோன்றிப் பொலியும் பலவணிபோற்
றன்னிடத்துத் தோன்றுஞ் சராசரங்கள் தன்னையொழிந்
தன்னியமோ வல்ல வவிரும் பலவணியும்
பொன்னியலே யாமாறு போல்",பொன் இடத்துத் தோன்றிப் பொலியும் பல அணிபோல் தன் இடத்துத் தோன்றும் சராசரங்கள் தன்னை ஒழிந்து அன்னியமோ அல்ல அவிரும் பல அணியும் பொன் இயலே ஆமாறு போல்
"இகத்திற் பரங்கரக்கு மின்றேற் பரத்தி
லிகங்கரக்கு மன்றி யிரண்டும் வகைப்படவெவ்
வேறா வொருங்கு விளங்கலிலை நாய்கல்வெவ்
வேறா வொருங்குவிளங் கா",இகத்தில் பரம் கரக்கும் இன்றேல் பரத்தில் இகம் கரக்கும் அன்றி இரண்டும் வகைப்பட வெவ்வேறா ஒருங்கு விளங்கல் இலை நாய் கல் வெவ்வேறா ஒருங்கு விளங்கா
"ஆன்ம சொரூபத்தை யாச்சா தனஞ்செய்து
தோன்று முலகுகனாத் தோற்றமே தோன்றுமுல
கான்ம சொரூபத்தா லாச்சா தனமெய்தின்
ஆன்ம சொரூபமே யாம்",ஆன்ம சொரூபத்தை ஆச்சாதனம் செய்து தோன்றும் உலகு கனாத் தோற்றமே தோன்றும் உலகு ஆன்ம சொருூபத்தால் ஆச்சாதனம் எய்தின் ஆன்ம சொரூபமே ஆம்
"தப்பருமெய் போலத் தடுமாற்றஞ் செய்யுமிந்த
முப்புரிசேர் மோக வுலகுமுற்றுந் தற்பரமாந்
தன்னையன்றி யில்லாதாய்த் தன்னிலே யென்றென்றும்
மன்னியசிற் சத்தி வடிவு",தப்பு அரு மெய் போலத் தடுமாற்றம் செய்யும் இந்த முப்புரி சேர் மோக உலகு முற்றும் தத் பரம் ஆம் தன்னை அன்றி இல்லாதாய்த் தன்னிலே என்றென்றும் மன்னிய சித் சத்தி வடிவு
"புகையான்மூ டுண்டொளிர்தீப் போலே யுலகத்
தொகையான்மூ டுண்டொளிர்சிற் சோதித் தகையாம்
திருவருளாற் சிந்தை தெளிந்தக்கான் மெய்யே
மருளுருவ மன்றுலக மாண்பு",புகையால் மூடுண்டு ஒளிர் தீப்போலே உலகத் தொகையால் மூடுண்டு ஒளிர் சித் ே தகை ஆம் திரு அருளால் சிந்தை தெளிந்தக்கால் மெய்யே மருள் உருவம் அன்று மாண்பு
"அறிவுகளுக் கெல்லா மடிப்படையா மம்மெய்
யறிவுவிடார்க் கம்மயமே யாகும் குறியதனால்
அன்னா ரவைகளுமெய் யாமெனலை யவ்வறிவு
துன்னார் துணித லெவன்",அறிவுகளுக்கு எல்லாம் அடிப்படையாம் அம்மெய் அறிவு விடார்க்கு அம்மயமே ஆகும் குறி அதனால் அன்னார் அவைகளும் மெய்யாம் எனலை அவ்வறிவு துன்னார் துணிதல் எவன்
"உலகுணர்வொன் றோவதனோ டொட்டாதுந் தானே
இலகுபர வுண்மையுணர் வேயும் குலவி
மலவன்மை மாய்ந்தமன மாந்தரே மன்ற
உலகுண்மை யர்த்தமுணர் வோர்",உலகுணர்வு ஒன்றோ அதனோடு ஒட்டாதும் தானே இலகு பர உண்மை உணர்வேயும் குலவி மல வன்மை மாய்ந்த மன மாந்தரே மன்ற உலகு உண்மை அர்த்தம் உணர்வோர்
"ஞானமய மாகத்தன் னாட்டத்தை மாற்றிமெய்ஞ்
ஞானமய மானவந்் நாட்டத்தாற் றானாடின்
வானமுத லைம்பூத வையகமு மெய்யாகும்
ஞானமயச் செம்பொருளா நாடு",ஞானமயம் ஆகத் தன் நாட்டத்தை மாற்றி மெய்ஞ் ஞானமயம் ஆன அந் நாட்டத்தால் தான் நாடின் வானம் முதல் ஐம்பூத வையகமும் மெய் ஆகும் ஞானமயச் செம்பொருளா நாடு
"துன்பக் கடலாகத் தோன்றிவ் வுலகம்பே
ரின்பக் கடலா வியல்வதாம் தன்பொக்கப்
பார்வையைமெய்ஞ் ஞானப் பரவடிவாப் பண்ணியந்தப்
பார்வையாற் பார்க்கப் படின்",துன்பக் கடலாகத் தோன்று இவ் உலகம் பேர் இன்பக் கடலா இயல்வதாம் தன் பாக்கப் பார்வையை மய்ஞ்ஞானப் பரவடிவாப் பண் அந்தப் பார்வையால் பார்க்கப்படின்
"சேட்டையற லாற்சச் சிதானந்த மாத்தீர்ந்த
நாட்டமுறக் காணுமெய்ஞ் ஞானிக்கு நாட்டமுறும்
கண்ணலாற் காட்சியிலாக் காரணத்தா லன்னதே
திண்ணமா யிவ்வுலகுந் தேர்",சேட்டை அறலால் சத் சித் ஆனந்தமாத் தீர்ந்த நாட்டம் உறக் காணும் மெய்ஞ்ஞானிக்கு நாட்டம் உறும் கண் அலால் காட்சி இலாக் காரணத்தால் அன்னதே திண்ணமாய் இவ்வுலகும் தேர்
"மனமாயை விஞ்சி வயங்குசச் சித்தாம்
கனமாய காட்சிக்கே காணும் கனவின்
மயங்குநோக் காய மனோமாத் திரமாய்
இயங்குலகக் காட்சி யியல்பு",மனமாயை விஞ்சி வயங்கு சத் சித் ஆம் கனம் ஆய காட்சிக்கே காணும் கனவின் மயங்கு நோக்கு ஆய மனோமாத்திரமாய் இயங்கு உலகக் காட்சி இயல்பு
"நின்மயமே யாக நிகழ்கனவைக் கண்டுநிதம்
மன்மயங்கு மாய மடநெஞ்சே நின்மெய்ந்
நிறத்தைநீ காண்டியே லுண்மையறி வின்பப்
புறத்ததோ விந்தப் புவி",நின்மயமே ஆக நிகழ் கனவைக் கண்டு நிதம் மல் மயங்கும் மாய மடநெஞ்சே நின் மெய்ந் நிறத்தை நீ காண்டியேல் உண்மை அறிவு இன்பப் புறத்ததோ இந்தப் புவி
"குலவுமெய்ஞ் ஞானக் குறிக்கோளர் பாராப்
பலவிகற்ப மென்றுந்தாம் பாரார் உலகாத்
திரள்விகற்பம் முற்றுமொரே சிற்சத்தி யான
வருள்விலா சத்தளவே யாம்",குலவு மெய்ஞ்ஞானக் குறிக்கோளர் பாராப் பல விகற்பம் என்றும் தாம் பாரார் உலகாத் திரள் விகற்பம் முற்றும் ஒரே சித்சத்தி ஆன அருள் விலாசத்து அளவே ஆம்
"துன்னு முடலகந்தைத் தொற்றற்றுத் தன்னிலையின்
மன்னியமெய்ஞ் ஞான வரனுக்குத் தன்னுருவாம்
போதமே யாகப் பொலிதலா லிவ்வுலகம்
பேதமா நோக்கல் பிழை",துன்னும் உடல் அகந்தைத் தொற்று அற்றுத் தன் நிலையில் மன்னிய மெய்ஞ்ஞான வரனுக்குத் தன் உருவாம் போதமே ஆகப் பொலிதலால் இவ்வுலகம் பேதமா நோக்கல் பிழை
"உலகத்தைப் பாழி லொடுக்கு முகத்தா
லுலகக் கலக்கமற வோட்டி உலகந்தீர்
பாழை விடயமாப் பார்ப்பான் சொரூபவறி
வாழியினப் பாழை யழி",உலகத்தைப் பாழில் ஒடுக்கும் முகத்தால் உலகக் கலக்கம் அற ஓட்டி உலகம் தீர் பாழை விடயமாப் பார்ப்பான் சொரூப அறிவு ஆழியின் அப் பாழை அழி
"எச்சித்தாய் நின்றொளிரு மெல்லாமே நீயந்தச்
சச்சித்தா யுள்ளந் தரித்துவிடில் அச்சந்
தருமயல்சேர் பொய்த்துவிதத் தன்மைபோய் நின்னோ
டொருமயமா மிந்த வுலகு",எச்சித்தாய் நின்று ஒளிரும் எல்லாமே நீ அந்தச் சத்சித்தாய் உள்ளம் தரித்துவிடில் அச்சம் தரு மயல்சேர் பொய்த் துவிதத் தன்மை போய் நின்னோடு ஒருமயம் ஆம் இந்த உலகு
"துன்னுபுல னாமுலகத் தோற்றத்தைச் சிற்பரமாந்
தன்மயமா யாவன் றரிசித்தான் அன்னோன்
அனைய சொரூபத்தை யைம்பொறியா லுந்தேர்ந்
தனுபவிக் கின்றா னறி",துன்னு புலன் ஆம் உலகத் தோற்றத்தைச் சித் பரம் ஆம் தன்மயமா யாவன் தரிசித்தான் அன்னோன் அனைய சொரூபத்தை ஐம்பொறியாலும் தேர்ந்து அனுபவிக்கின்றான் அறி
"நித்தியமன் றென்னினுங்கண் ணேர்புலனா மிவ்வுலகு
சத்தியமே யென்றுசிலர் சாதிப்பார் நித்தியமா
மன்னலுமவ் வுண்மைக்கு வாய்த்தகுறி யேயன்றோ
என்னமறுக் கின்றே மியாம்",நித்தியம் அன்று என்னினும் கண் நேர் புலன் ஆம் இவ்வுலகு சத்தியமே என்று சிலர் சாதிப்பார் நித்தியமா மன்னலும் அவ் உண்மைக்கு வாய்த்த குறியே அன்றோ என்ன மறுக்கின்றேம் யாம்
"கூறு படினுங் குலவுமுல குண்மையொடு
மாறுபடா தென்றுசிலர் வாதிப்பார் கூறுபடாத்
தன்மையுமவ் வுண்மைக்குச் சார்ந்தகுறி தானன்றோ
என்னமறுக் கின்றே மியாம்",கூறு படினும் குலவும் உலகு உண்மையொடு மாறுபடாது என்று சிலர் வாதிப்பார் கூறுபடாத் தன்மையும் அவ் உண்மைக்குச் சார்ந்த குறி தான் அன்றோ என்ன மறுக்கின்றேம் யாம்
"கால மெனுஞ்சக் கரத்தா லறுப்புண்ணும்
ஞாலம் பொருளென்னார் நல்லறிஞர் கால
அதீதமொடு தேச வதீதமுமாம் பூன்ற
சதோதயமே மெய்ப்பொருளின் சால்பு",காலம் எனும் சக்கரத்தால் அறுப்புண்ணும் ஞாலம் பொருள் என்னார் நல் அறிஞர் கால அதீதமொடு தேச அதீதமும் ஆம் பூன்ற சதா உதயமே மெய்ப் பொருளின் சால்பு
"ஒப்பமாம் பூரணமா வுள்ளபொருள் சாந்திமயத்
தற்பரமா மேக சதாசிவமே கற்பனா
பேதங்க ளாகப் பிரிந்தமனப் பொய்யறிவே
ஏதங்க எீண்டிவ் வுலகு",ஒப்பம் ஆம் பூரணமா உள்ளபொருள் சாந்திமயத் தற்பரம் ஆம் ஏக சதா சிவமே கற்பனா பேதங்கள் ஆகப் பிரிந்த மனப் பொய் அறிவே ஏதங்கள் ஈண்டு இவ் உலகு
"அறிவன்றி யில்லா வகிலங் களுமவ்
வறிவாய தன்னி னயல்போற் குறிசே
ருடலகந்தை யாலே யுபயமா வோர்த்தல்
படலமா மோகப் படைப்பு",அறிவு அன்றி இல்லா அகிலங்களும் அவ் அறிவு ஆய தன்னின் அயல்போல் குறிசேர் உடல் அகந்தையாலே உபயமா ஓர்த்தல் படலம் ஆம் மோகப் படைப்பு
"பொய்யாய மெய்யின் புலத்தா லறிபவெலாம்
பொய்யாமோ வன்றிப் புறமாமோ மெய்யாக
உய்த்துணர்ந்து தூக்கி யுரையா யுலகியல்வாய்
எய்த்தொழிந்த நெஞ்சே யினி",பொய் ஆய மெய்யின் புலத்தால் அறிப எலாம் பொய் ஆமோ அன்றிப் புறம் ஆமோ மெய் ஆக உய்த்து உணர்ந்து தூக்கி உரையாய் உலகியல்வாய் எய்த்து ஒழிந்த நெஞ்சே இனி
"பொய்யா மிருளிற் புதையுண்டு பாவத்தா
லையோ வுடலா வகங்கரித்தே மெய்யாஞ்
சுவத்தநிலை சோர்ந்தவுயிர் தோன்றக்காண் கிற்ப
தவத்துவன்றி வத்துவன் றால்",பொய் ஆம் இருளில் புதையுண்டு பாவத்தால் ஐயோ உடலா அகங்கரித்தே மெய் ஆம் சுவத்த நிலை சோர்ந்த உயிர் தோன்றக் காண்கிற்பது அவத்து அன்றி வத்து அன்று ஆல்
"உலகா சரணைக் குவகையோ டாட்டின்
அலைதாடி யாவீ ணலைவார் நிலையான்ம
மோக்கவா சார முனிவார் திறனந்தோ
பார்க்கலா காப்பரிதா பம்",உலக ஆசரணைக்கு உவகையோடு ஆட்டின் அலைதாடியா வீண் அலைவார் நிலை ஆன்ம மோக்க ஆசாரம் முனிவார் திறன் அந்தோ பார்க்கல் ஆகாப் பரிதாபம்
"கள்ளப் புலத்தைக் கருத்தா லுழுதிடர்ப்பட்
டெள்ளத் தனைமகிழ்வுக் கேங்குவார் உள்ளலெழும்
உள்ளப் புலத்தை யுணர்வா லுழுதுவிளை
வெள்ளமகிழ் வேண்டார் வியப்பு",கள்ளப் புலத்தைக் கருத்தால் உழுது இடர்ப்பட்டு எள் அத்தனை மகிழ்வுக்கு ஏங்குவார் உள்ளல் எழும் உள்ளப் புலத்தை உணர்வால் உழுது விளை வெள்ள மகிழ் வேண்டார் வியப்பு
"ஆன்மரவிக் கன்றே யறக்கிழத்தி யாவகத்துத்
தான்மருவுஞ் சீவமதித் தையலாள் ஆன்மசுகம்
விட்டுலக போகம் விதும்பலருங் கற்புநிலை
கெட்டுமடம் பட்ட கிறுக்கு",ஆன்ம ரவிக்கு அன்றே அறக்கிழத்தியா அகத்துத் தான் மருவும் சீவமதித் தையலாள் ஆன்ம சுகம் விட்டு உலக போகம் விதும்பல் அரும் கற்பு நிலை கெட்டு மடம் பட்ட கிறுக்கு
"உலகின் மயற்கை யொழிந்தாலே யுண்மை
குலவுபர முத்திகை கூடும் உலகுக்கு
வற்புறுத்தி யுண்மை வழங்கல் பரத்தைக்குக்
கற்புறுத்துங் காமக் கதழ்",உலகின் மயற்கை ஒழிந்தாலே உண்மை குலவு பரமுத்தி கைகூடும் உலகுக்கு வற்புறுத்தி உண்மை வழங்கல் பரத்தைக்குக் கற்பு உறுத்தும் காமக் கதழ்
"மித்தையா மேதினியை மெய்யென் றலமரூஉம்
பித்தரா லன்றிமெய் வித்தகராற் சித்தாம்
பிரமத்தை யல்லாற் பிறிதோர் பொருளும்
இரமித்தற் கேற்ற தல",மித்தை ஆம் மேதினியை மெய் என்று அலமரூஉம் பித்தரால் அன்றி மெய் வித்தகரால் சித்து ஆம் பிரமத்தை அல்லால் பிறிது ஓர் பொருளும் இரமித்தற்கு ஏற்றது அல
"உண்மைப் பொருள்வழியே யுற்ற வுணர்வுடையோர்
எண்மை யுலகியல்வா யேகுவரோ திண்மையிலாப்
புன்மை விலங்கின் புலவுணர்வே யன்றோவவ்
வின்மை யுலகத் திழிபு",உண்மைப் பொருள் வழியே உற்ற உணர்வு உடையோர் எண்மை உலகியல்வாய் ஏகுவரோ திண்மை இலாப் புன்மை விலங்கின் புல உணர்வே அன்றோ அவ் இன்மை உலகத்து இழிபு
"வெள்ளமாத் துன்று விடயபோ கங்களைவிட்
டெள்ளறிவா லென்னபய னென்பீரேல் உள்ளத்
திடைவிடா தென்று மியல்சொருப சாந்தி
நடைபெறன்மெய்ஞ் ஞான நலன்",வெள்ளமாத் துன்று விடய போகங்களை விட்டு எள் அறிவால் என்ன பயன் என்பீரேல் உள்ளத்து இடைவிடாது என்றும் இயல் சொருப சாந்தி நடைபெறல் மெய்ஞ்ஞான நலன்
"உலகின் மருவுபொரு ளொன்றிலே தானும்
இலகு சுகமென்ப தில்லை உலகப்
பொருள்களினின் றின்பம் புணர்வதா வெண்ணி
மருள்வதெவன் மூட மனம்",உலகில் மருவு பொருள் ஒன்றிலே தானும் இலகு சுகம் என்பது இல்லை உலகப் பொருள்களில் நின்று இன்பம் புணர்வதா எண்ணி மருள்வது எவன் மூட மனம்
"கைத்துடைமை கண்டு களிக்குமட மாக்கள்பின்
னெய்த்துளைய நீங்குந் திரு",கைத்து உடைமை கண்டு களிக்கும் மட மாக்கள் பின் எய்த்து உளைய நீங்கும் திரு
"சுலவுதொல் வாதனையாற் றோற்றும் வறும்பா
முலகக் கனாச்சுரத்தே யோடிப் பலவுயிருஞ்
சேருமுத் தாபமறத் தீர்த்தொளிரு மெய்த்துரியத்
தாருமகன் போதியான் மா",சுலவு தொல் வாதனையால் தோற்றும் வறும் பாழ் உலகக் கனாச் சுரத்தே ஓடிப் பல உயிரும் சேரும் முத்தாபம் அறத் தீர்த்து ஒளிரும் மெய்த் துரியத்து ஆரும் அகன் போதி ஆன்மா
"இனைத்தெனத்தன் னுண்மைதெளிந் தேய்ந்திதயத் தென்றும்
தனித்தபர மாகத் தரித்தே மனித்தனென
வேடத்துக் கேற்ப விளையாடு வாயுலகத்
தோடொத்துத் துக்கசுக முற்று",இனைத்து எனத் தன் உண்மை தெளிந்து ஏய்ந்து இதயத்து என்றும் தனித்த பரம் ஆகத் தரித்தே மனித்தன் என வேடத்துக்கு ஏற்ப விளையாடுவாய் உலகத்தோடு ஒத்துத் துக்க சுகம் உற்று
"தேர்வதெலாந் தேர்ந்துசித்தி சேர்ந்தாலும் வேற்றுநடை
சார்வதுசான் றோர்க்குத் தகவன்றாம் ஆவதனால்
எவ்வினத்தோ டேநீ யியல்வைவெளிக் கவ்வினத்தோ
டொவ்வுறுமாப் போலே யொழுகு",தேர்வது எலாம் தேர்ந்து சித்தி சேர்ந்தாலும் வேற்று நடை சார்வது சான்றோர்க்குத் தகவு அன்றாம் ஆவதனால் எவ் இனத்தோடே நீ இயல்வை வெளிக்கு அவ் இனத்தோடு ஒவ்வு உறுமாப் போலே ஒழுகு
"நாமுலக மென்ன நயந்துரைத்த தாலுயிர்கட்
காமுறுதி யோதுரம ணாசிரியர் சேம
விவர்த்தசித் தாந்தமே மெய்யாக விண்டார்
தவிர்த்துப் பிறவற்றைத் தாம்",நாம் உலகம் என்ன நயந்து உரைத்ததால் உயிர்கட்கு ஆம் உறுதி ஓது ரமண ஆசிரியர் சேம விவர்த்த சித்தாந்தமே மெய் ஆக விண்டார் தவிர்த்துப் பிறவற்றைத் தாம்
"மதியத்து வாயிலா வந்தொளிர்ப வெல்லா
மிதயத்து முன்பே யிருப்ப புதையொத்துக்
காணவெளிப் பட்டபழங் காதையாம் வாதனையா
மாணவே தேர்க மனத்து",மதியத்து வாயிலா வந்து ஒளிர்ப எல்லாம் இதயத்து முன்பே இருப்ப புதை ஒத்துக் காண வெளிப்பட்ட பழங் காதையாம் வாதனையா மாணவே தேர்க மனத்து
"நானா விதமான நாமரூ பங்களொடு
தானே யுலகாச் சமைவதலாற் றானோர்
நிமித்தனா யத்தை நிருமித் தளித்துச்
சமித்தல் புரிவா னலன்",நானா விதமான நாம ரூபங்களொடு தானே உலகாச் சமைவது அலால் தான் ஓர் நிமித்தனா அத்தை நிருமித்து அளித்துச் சமித்தல் புரிவான் அலன்
"தானே யுலகாச் சமைந்துள்ள தத்துவத்தைத்
தானே யறியாத் தடுமாற்றம் ஏனோதான்
ஏய்ந்ததெனக் கேளாதீர் யார்க்கெனநீர் காண்பீரேல்
ஏய்ந்ததடு மாற்றமே யில்",தானே உலகாச் சமைந்து உள்ள தத்துவத்தைத் தானே அறியாத் தடுமாற்றம் ஏனோதான் ஏய்ந்தது எனக் கேளாதீர் யார்க்கு என நீர் காண்பீரேல் ஏய்ந்த தடுமாற்றமே இல்
"தானே யுலகாச் சமைதலெனி னோர்பழுதை
தானே யரவாச் சமைதலாம் காணுங்காற்
சர்ப்பமே யில்லையெனிற் றான்சமைந்தாற் போலுலக
உற்பவமோர் காலு மிலை",தானே உலகாச் சமைதல் எனின் ஓர் பழுதை தானே அரவாச் சமைதலாம் காணுங்கால் சர்ப்பமே இல்லை எனில் தான் சமைந்தால் போல் உலக உற்பவம் ஓர் காலும் இலை
"அந்நினைவே யல்லால்வே றாகா வரவுருவை
அந்நினைவே யல்லவோ வாயுங்கால் அந்நியமாம்
தாம்பிற் பிறப்பித்துத் தன்றுயர்க்குக் காரணமாய்
ஓம்பி யொடுக்கு வது",அந்நினைவே அல்லால் வேறு ஆகா அரவு உருவை அந்நினைவே அல்லவோ ஆயுங்கால் அந்நியம் ஆம் தாம்பில் பிறப்பித்துத் தன் துயர்க்குக் காரணமாய் ஓம்பி ஒடுக்குவது
"வித்துமுளை யாதியா மேவுவன காரணமா
வொத்தொருங்கு தம்மு ஞூடன்றழிவ மத்தமனக்
கற்பனையா லன்றியவை காரியமா வொன்றினின்றொன்்
றுற்பவமா கின்ற வல",வித்து முளை ஆதியா மேவுவன காரணமா ஒத்து ஒருங்கு தம்முள் உடன்று அழிவ மத்த மனக் கற்பனையால் அன்றி அவை காரியமா ஒன்றின் நின்று ஒன்று உற்பவம் ஆகின்ற அல
"அறிவாய வுண்மையே யான்மா வுலகவ்
வறிவாம் புடைபெயர்ச்சி யாமே அறிவாக
மேவினா லோர்பழுதை வேண்டுமோ வந்நியமா
யாவனையும் பாம்பா யிடற்கு",அறிவு ஆய உண்மையே ஆன்மா உலகு அவ் அறிவு ஆம் புடை பெயர்ச்சி ஆமே அறிவாக மேவினால் ஓர் பழுதை வேண்டுமோ அந்நியமா யாவனையும் பாம்பு ஆயிடற்கு
"சத்தா மியல்போய்ச் சலித்ததோ வான்மாமற்
றெத்தா லியைந்ததெனி னிவ்வுலகம் மித்தையாம்
அஞ்ஞானத் தாலே யடைந்ததலா லான்மாவுக்
கெஞ்ஞான்று மோர்சலன மின்று",சத்து ஆம் இயல் போய்ச் சலித்ததோ ஆன்மா மற்று எத்தால் இயைந்தது எனின் இவ் உலகம் மித்தை ஆம் அஞ்ஞானத்தாலே அடைந்தது அலால் ஆன்மாவுக்கு எஞ்ஞான்றும் ஓர் சலனம் இன்று
"பின்னப் படாவிசும்பு பேணுங்காற் காரியமாம்
பின்னத் தசும்பே பிறங்காதேற் பின்னத்
தசும்பசைவு கொண்டு தசும்புதனி லுற்ற
விசும்பசைவு கூறன் மிகை",பின்னப்படா விசும்பு பேணுங்கால் காரியமாம் பின்னத் தசும்பே பிறங்காதேல் பின்னத் தசும்பு அசைவு கொண்டு தசும்புதனில் உற்ற விசும்பு அசைவு கூறல் மிகை
"ஆன்மநிறை வின்க ணநான்ம வுடலுலக
ஊனமொரு காலு மொளிராதேல் ஊனமுறல்
ஆய வவற்றசைவா லான்மா தனக்குமசை
வாயதெனக் கூறலறி வன்று",ஆன்ம நிறைவின்கண் அநான்ம உடல் உலக ஊனம் ஒருகாலும் ஒளிராதேல் ஊனம் உறல் ஆய அவற்று அசைவால் ஆன்மா தனக்கும் அசைவு ஆயது எனக் கூறல் அறிவு அன்று
"ஆன்றபரி பூன்றவச லான்மா மனோபாதி
ஏன்றசலத் தாற்சலித்தா லேய்ந்திடினும் தோன்றும்
நிழலுயிருக் கன்றி நிசபரமான் மாவுக்
குழல்வென்று மில்லை யுணர்",ஆன்ற பரிபூன்ற அசல ஆன்மா மனஉபாதி ஏன்ற சலத்தால் சலித்தால் ஏய்ந்திடினும் தோன்றும் நிழல் உயிருக்கு அன்றி நிச பரமான்மாவுக்கு உழல்வு என்றும் இல்லை உணர்
"அத்துவித மாயபர மான்மா தனக்குமயற்
சித்த வுபாதியெங்ஙன் சேர்ந்ததெனின் மத்தவுயிர்த்
திட்டியாற் சேர்ந்ததலாற் சித்துக் குபாதிமெய்யா
ஒட்டியதே யில்லை யுணர்",அத்துவிதம் ஆய பரமான்மா தனக்கு மயல் சித்த உபாதி எங்ஙன் சேர்ந்தது எனின் மத்த உயிர்த் திட்டியால் சேர்ந்தது அலால் சித்துக்கு உபாதி மெய்யா ஒட்டியதே இல்லை உணர்
"பூரணஞா னச்செம் பொருளினின் றாருயிர்தா
னோரணுவாய் நானென் றுதியாதாம் பாரணவக்
கண்டமாந் தீப்பிழம்பி னின்றே கணப்புலிங்கம்
விண்டு தெறிப்பன வாம்",பூரண ஞானச் செம்பொருளின் நின்று ஆருயிர்தான் ஓர் அணுவாய் நான் என்று உதியாதாம் பார் அணவக் கண்டம் ஆம் தீப்பிழம்பின் நின்றே கணப்புலிங்கம் விண்டு தெறிப்பன ஆம்
"மயலாக்கத் தாலே மனமருண்டு நோக்கும்
அயனோக்கி னன்றிமெய் யான்ம வியனோக்கிற்
றேகமே யின்றேற் சிதாகாய வான்மாவைத்
தேகியெனச் சாற்றல் செயிர்",மயல் ஆக்கத்தாலே மனம் மருண்டு நோக்கும் அயல் நோக்கின் அன்றி மெய் ஆன்ம இயல் நோக்கில் தேகமே இன்றேல் சிதாகாய ஆன்மாவைத் தேகி எனச் சாற்றல் செயிர்
"சரீரமே நானாச் சரித்தாலே யன்றிச்
சராசரமா மன்னியஞ்சா ராதேல் பராபரமாத்
தோன்று மயல்விடய சூனியத்தா லான்மாதான்
ஏன்றகரி யென்ற லிழுக்கு",சரீரமே நானாச் சரித்தாலே அன்றிச் சராசரமாம் அன்னியம் சாராதேல் பராபரமாத் தோன்றும் அயல்விடய சூனியத்தால் ஆன்மாதான் ஏன்ற கரி என்றல் இழுக்கு
"உளமொழிந் தோர்காலு மில்லை உளமும்
உணர்வொழிந் தோர்காலு மில்லை உணர்வேயும்
உண்மையொழிந் தோர்காலு மில்",உடல் ஒழிந்து இல்லை உலகம் உடலும் உளம் ஒழிந்து ஓர்காலும் இல்லை உளமும் உணர்வு ஒழிந்து ஓர்காலும் இல்லை உணர்வேயும் உண்மை ஒழிந்து ஓர்காலும் இல்
"உடலொழிந் தில்லை யுலகம் உடலும்
உளமொழிந் தோர்காலு மில்லை உளமும்
உணர்வொழிந் தோர்காலு மில்லை உணர்வேயும்
உண்மையொழிந் தோர்காலு மில்",உடல் ஒழிந்து இல்லை உலகம் உடலும் உளம் ஒழிந்து ஓர்காலும் இல்லை உளமும் உணர்வு ஒழிந்து ஓர்காலும் இல்லை உணர்வேயும் உண்மை ஒழிந்து ஓர்காலும் இல்
"அநேகசித் தாந்த மவரவர்க் கேற்பச்
சொனாலுங் குருரமணத் தோன்றல் தனாது
நிஜாநுபவ மாக நிகழ்த்தயாங் கேட்ட
தஜாதசித் தாந்த மறி",அநேக சித்தாந்தம் அவர் அவர்க்கு ஏற்பச் சொனாலும் குருரமணத் தோன்றல் தனாது நிஜ அநுபவம் ஆக நிகழ்த்த யாம் கேட்டது அஜாத சித்தாந்தம் அறி
"அர்ச்சுனற்குக் கண்ணபிரா னாதிக்கட் சொற்றதூஉம்
உச்சமுறு மிந்தநிலை யுண்மையே அர்ச்சுனன்றன்
சிந்தைகொள மாட்டாத் தியக்கத்தாற் காண்டியதன்
பிந்தி யுரைத்தான் பிற",அர்ச்சுனற்குக் கண்ணபிரான் ஆதிக்கண் சொற்றதூஉம் உச்சம் உறும் இந்த நிலை உண்மையே அர்ச்சுனன் தன் சிந்தைகொள மாட்டாத் தியக்கத்தால் காண்டி அதன் பிந்தி உரைத்தான் பிற
"சிட்டிமுறை பற்பஃ றிறத்தாலே சாத்திரங்கள்
கட்டுரைக்கு மந்தக் கருத்திதுவாம் சிட்டிமுறை
ஓதலன்று சாத்திரத்தி னுள்ளமுதன் மூலவுண்மை
ஆய்தலொன்றே யந்நூ லகம்",சிட்டி முறை பற்பல் திறத்தாலே சாத்திரங்கள் கட்டுரைக்கும் அந்தக் கருத்து இது ஆம் சிட்டி முறை ஓதல் அன்று சாத்திரத்தின் உள்ளம் முதல் மூல உண்மை ஆய்தல் ஒன்றே அந்நூல் அகம்
"மாயத்தா லேதான் மறைபட்டு நின்றுமனா
காயத் தவத்தைக் கயிற்றையெறிந் தேய
வபிமானி தன்னை யதன்மேலே யேற்றி
யவிகாரி யாடுகின் றான்",மாயத்தாலே தான் மறைபட்டு நின்று மன ஆகாயத்து அவத்தைக் கயிற்றை எறிந்து ஏய அபிமானி தன்னை அதன் மேலே ஏற்றி அவிகாரி ஆடுகின்றான்
"அதிகார மாயைக் களித்தபர மேசன்
அதிகார மாயையா லாற்றும் சதிகார
வாணைக்குத் தானு மடங்கினாற் போற்புறக்கண்
காணிக்குக் காண்படுவான் காண்",அதிகாரம் மாயைக்கு அளித்த பரமேசன் அதிகார மாயையால் ஆற்றும் சதிகார ஆணைக்குத் தானும் அடங்கினால் போல் புறக் கண்காணிக்குக் காண்படுவான் காண்
"கருத்தொன்று மின்றிவான் கண்ணே யெழுந்த
அருக்கன்றன் முன்னிலைமட் டாலே வருக்கமுறு
சேதனா சேதனங்கள் சேட்டித்த லாகுமந்
நாதனால் யாவு நடை",கருத்து ஒன்றும் இன்றி வான்கண்ணே எழுந்த அருக்கன் தன் முன்னிலை மட்டாலே வருக்கம் உறு சேதன அசேதனங்கள் சேட்டித்தல் ஆகும் அந்நாதனால் யாவும் நடை
"கக்குவதூஉஞ் செங்கனலைக் காந்தக்கல் கஞ்சத்து
மொக்குண் மலர்ந்தாம்பன் மூடுவதூஉம் மிக்க
அகிலவுயிர் சேட்டித் தடங்குவதூஉ௨ மென்றூழ்
திகழ்சந் நிதிமாத் திரம்",கக்குவதூஉம் செங்கனலைக் காந்தக்கல் கஞ்சத்து மொக்கு உள் மலர்ந்து ஆம்பல் ட் மிக்க அகில உயிர் சேட்டித்து அடங்குவதூஉம் என்றூழ் திகழ் சந்நிதி மாத்திரம்
"காந்தமுன் னூசி கலங்குவதூஉந் திங்கண்முற்
காந்தச் சிலைதண்ணீர் கால்வதூஉம் வாய்ந்த
குமுதமலர்ந் தம்புயந்தான் கூம்புவதூஉ மிக்க
சமுகவியல் பாற்றுந் தரம்",காந்தம் முன் ஊசி கலங்குவதூஉம் திங்கள் முன் காந்தச்சிலை தண்ணீர் கால்வதூஉம் வாய்ந்த குமுதம் மலர்ந்து அம்புயம் தான் கூம்புவதூஉம் மிக்க சமுக இயல்பு ஆற்றும் தரம்
"கருத்தணுவு மில்லாக் கருத்தனது முன்னே
உருத்ததொழிற் குள்ளா முயிர்தாம் பொருத்தும்
கதிபலவுட் புக்குத்தங் கன்மாநு சார
விதிவழிமீண் டெய்துவன வீடு",கருத்து அணுவும் இல்லாக் கருத்தனது முன்னே உருத்த தொழிற்கு உள் ஆம் உயிர் தாம் பொருத்தும் கதி பல உள் புக்குத் தம் கன்மாநுசார விதிவழி மீண்டு எய்துவன வீடு
"உலகியலவ் வென்றூழை யொட்டாமை யோடு
குலவுசது பூத குணந்தாம் அலகிலா
விண்ணைமரு வாமைமதி மேவாக் கருத்தனைப்போய்த்
திண்ணமுயிர்க் கன்மமுறாச் சீர்",உலகு இயல் அவ் என்றூழை ஒட்டாமையோடு குலவு சது பூத குணம்தாம் அலகு இலா விண்ணை மருவாமை மதி மேவாக் கருத்தனைப் போய்த் திண்ணம் உயிர்க் கன்மம் உறாச் சீர்
"சீவனா ரென்றகத்துத் தேற விசாரிப்பிற்
சீவனே யின்றிச் சிவன்வெளியாம் ஆவலாய்க்
காணுறுவா ஸனின்றாகக் காணப் படுமுலகைப்
பேணுறலுண் டாகவெறும் பித்து",சீவன் ஆர் என்று அகத்துத் தேற விசாரிப்பின் சீவனே இன்றிச் சிவன் வெளி ஆம் ஆவலாய்க் காண் உறுவான் இன்றாகக் காணப்படும் உலகைப் பேண் உறல் உண்டாக வெறும் பித்து
"இவ்வண்ண மேனை யிரண்டுங் கழிந்தபிற்
செவ்வண்ண நிற்றல் சிவமொன்றே எவ்வமறும்
உண்மையிது வென்னினுமவ் வுண்மைதனைத் தானிறந்தோன்
எண்ணலெவ ஸனத்துவித மென்று",இவ்வண்ணம் ஏனை இரண்டும் கழிந்தபின் செவ்வண்ணம் நிற்றல் சிவம் ஒன்றே எவ்வம் அறும் உண்மை இது என்னினும் அவ் உண்மைதனைத் தான் இறந்தோன் எண்ணல் எவன் அத்துவிதம் என்று
"இறைவன்போ லேனை யிரண்டுநிச மேலவ்
விறைவன் பரிபூ ரணத்திற் குறைவாம்
இறைவன் பரிச்சின்ன னென்றா லொழியப்
பறையலா காதப் பரிசு",இறைவன்போல் ஏனை இரண்டும் நிசமேல் அவ் இறைவன் பரிபூரணத்தில் குறைவு ஆம் இறைவன் பரிச்சின்னன் என்றால் ஒழியப் பறையல் ஆகாது அப்பரிசு
"பானமாஞ் சீவன் பரத்தின்வே றாமெய்யே
தானோர் முதலாத் தழைப்பனேல் ஆன்றோரால்
சீவச் செயல்கள் சிவச்செயலாந் தேற்றமனோ
பாவனையே போலும் பகர்",பானம் ஆம் சீவன் பரத்தின் வேறு ஆம் மெய்யே தான் ஓர் முதலாத் தழைப்பனேல் ஆன்றோரால் சீவச் செயல்கள் சிவச் செயல் ஆம் தேற்றம் மனோ பாவனையே போலும் பகர்
"சின்னவொளி பேரொளியிற் சேர்ந்தொழியி லவ்வொளியிற்
றுன்னுபடக் காட்சி தொலைந்தாங்கே மன்னியமெய்ச்
சித்தொளியிற் சித்தவொளி சேர்ந்தொழியிற் நீர்ந்தொழியும்
முத்திறப்பொய்க் காட்சி முடிந்து",சின்ன ஒளி பேர் ஒளியில் சேர்ந்து ஒழியில் அவ்வொளியில் துன்னு படக் காட்சி தொலைந்து ஆங்கே மன்னிய மெய்ச் சித்து ஒளியில் சித்த ஒளி சேர்ந்து ஒழியில் தீர்ந்து ஒழியும் முத்திறப் பொய்க் காட்சி முடிந்து
"ஒன்றே முதலாக வுள்ளனபோன் மும்முதலை
நன்றெனயா ரும்முன் னயப்பதேன் என்றாலோ
சுட்டறிவு தன்னாற் சுழலுமுயிர்க் கன்னவுடன்
பட்டலதவ் வொன்று படாது",ஒன்றே முதல் ஆக உள்ளனபோல் மும்முதலை நன்று என யாரும் முன் நயப்பது ஏன் என்றாலோ சுட்டறிவு தன்னால் சுழலும் உயிர்க்கு அன்ன உடன் பட்டு அலது அவ் வொன்று படாது
"எறிந்துமெறி பட்டுமுயி ரெண்ணில் பிறப்பிற்
செறிந்தவர லாற்றுத் திறந்தாம் அறிவின்
மருவலறு மிக்க மறப்பா மறைப்பு
திருவருளே யாகத் தெளி",எறிந்தும் எறி பட்டும் உயிர் எண் இல் பிறப்பில் செறிந்த வரலாற்றுத் திறம் தாம் அறிவில் மருவல் அறு மிக்க மறப்பாம் மறைப்பு திருவருளே ஆகத் தெளி
"இந்தவொரு சன்மத் தியல்வசில வற்றைமனத்
துந்துநினை வாய வுணர்ச்சியே தந்தமுயிர்
வாழ்வதனைத் துன்ப மயமாக்க லான்மறப்பே
ஆவ லுறத்தக்க தால்",இந்த ஒரு சன்மத்து இயல்வ சிலவற்றை மனத்து உந்து நினைவு ஆய உணர்ச்சியே தம்தம் உயிர் வாழ்வு அதனைத் துன்ப மயம் ஆக்கலால் மறப்பே ஆவல் உறத் தக்கது ஆல்
"வியத்தியொடு சத்திக்கு மெய்ம்மை யவற்றை
வியக்குமனக் கற்பனையான் மேவும் உயிர்க்கு
மருளுறுத்து மந்தமன மாயையத் தான்மப்
பொருளிடத்து முக்காலும் பொய்",வியத்தியொடு சத்திக்கு மெய்ம்மை அவற்றை வியக்கும் மனக் கற்பனையால் மேவும் உயிர்க்கு மருள் உறுத்தும் அந்த மன மாயை அதீத ஆன்மப் பொருள் இடத்து முக்காலும் பொய்
"மெய்யுறுமுத் தர்க்கு வியத்தியுள தாமென்னல்
பொய்யுறுபெத் தப்புலவோர் புல்லறிவே பொய்யறுமெய்
ஆய வியோமத் தவர்வியத்தி யவ்வியத்தி
நேயர் வியத்தி நிழல்",மெய் உறும் முத்தர்க்கு வியத்தி உளதாம் என்னல் பொய் உறு பெத்தப் புலவோர் புல் அறிவே பொய் அறு மெய் ஆய வியோமத்தவர் வியத்தி அவ்வியத்தி நேயர் வியத்தி நிழல்
"நாடுவா ருள்ளத்துண் ஞானமே செம்பொருளாய்
நீடலா லூனகந்தை நீங்கியபின் ஈடிலா
ஞானியவர் ஞானியிவ ரென்னவவ ருண்மையிலே
ஊனுருவர் தாமோ வுரை",நாடுவார் உள்ளத்து உள் ஞானமே செம்பொருளாய் நீடலால் ஊன் அகந்தை நீங்கியபின் ஈடு இலா ஞானி அவர் ஞானி இவர் என்ன அவர் உண்மையிலே ஊன் உருவர் தாமோ உரை
"அந்த மகான்மாவை யிந்த மகான்மாவை
விந்தையொடு காண விழைகின்றீர் சொந்தமாம்
உந்தமகான் மாவுருவை யோர்ந்துளத்து ளுற்றுணரின்
எந்தமகான் மாக்களுமொன் றே",அந்த மகான்மாவை இந்த மகான்மாவை விந்தையோடு காண விழைகின்றீர் சொந்தம் ஆம் உம்தம் மகான்மா உருவை ஓர்ந்து உளத்து உள் உற்று உணரின் எந்த மகான்மாக்களும் ஒன்றே
"வியத்திசம் பந்தியாய் மேவுங்கா றுந்தான்
அயத்தன மெய்ஞ்ஞானி யாகான் வியத்தகுமாண்
சால்புடைய வெந்தத் தவநிலையே சார்ந்திடினும்
ஏல்புடைய சாதகனே யெண்",வியத்தி சம்பந்தியாய் மேவுங்காறும் தான் அயத்தன மெய்ஞ்ஞானி ஆகான் வியத்தகு மாண் சால்பு உடைய எந்தத் தவநிலையே சார்ந்திடினும் ஏல்பு உடைய சாதகனே எண்
"வியத்தித் துவந்தீர்ந்த மெய்யுணர்வு விட்டுப்
பயிற்றுபல சித்திகளும் பாழே பயித்தியமாம்
அந்தப்பல் சித்திகளை யார்விழைவா ரான்மாவாம்
தந்திறந்தே றாதார் தவிர்த்து",வியத்தித்துவம் தீர்ந்த மெய் உணர்வு விட்டுப் பயிற்று பல சித்திகளும் பாழே பயித்தியம் ஆம் அந்தப் பல் சித்திகளை யார் விழைவார் ஆன்மாவாம் தம் திறம் தேறாதார் தவிர்த்து
"ஆன்றநிரா காரஞா னான்மபர நிட்டனே
தோன்றுபல சித்தர் தொகையாவான் சான்றெனா
நிற்கு மவனவே நேரும்பல் சித்திகளும்
தெக்கணா மூர்த்தியவன் றேர்",ஆன்ற நிராகார ஞானான்ம பர நிட்டனே தோன்று பல சித்தர் தொகை ஆவான் சான்று எனா நிற்கும் அவனவே நேரும் பல் சித்திகளும் தெக்கணாமூர்த்தி அவன் தேர்
"இழிவுடல்யா னென்ன லிகந்திடுக வென்றும்
ஒழிவிலின் பாந்தன்னை யோர்க அழியும்
உடலோம்ப லோடுதனை யோரவுனல் யாறு
கடக்கக் கராப்புணைகொண் டற்று",இழிவு உடல் யான் என்னல் இகந்திடுக என்றும் ஒழிவு இல் இன்பாம் தன்னை ஓர்க அழியும் உடல் ஓம்பலோடு தனை ஓர உனல் யாறு கடக்கக் கராப் புணை கொண்டு அற்று
"முதலையைக் கட்டையா முன்னிப் புனற்கு
மதலையாக் கொண்டுகைத்தான் மானும் குதலை
உடன்மல்கு மார்த்தியராய்த் தம்முயிரைக் காண
உடன்முயல்வ தாவுரைப்பார் மாண்பு",முதலையைக் கட்டையா முன்னிப் புனற்கு மதலையாக் கொண்டு உகைத்தான் மானும் குதலை உடல் மல்கும் ஆர்த்தியராய்த் தம் உயிரைக் காண உடன் முயல்வதா உரைப்பார் மாண்பு
"வாக்குமன மெட்டாத வாய்மையறி வானந்தச்
சூக்குமமே யெண்ணாது தூலமாம் யாக்கைத்
தொழிலுக் குழைத்தல் துலாமிதித்துத் தண்ணீர்
விழலுக் கிறைத்து விடல்",வாக்கு மனம் எட்டாத வாய்மை அறிவு ஆனந்தச் சூக்குமமே எண்ணாது தூலம் ஆம் யாக்கைத் தொழிலுக்கு உழைத்தல் துலா மிதித்துத் தண்ணீர் விழலுக்கு இறைத்து விடல்
"அகந்தைமனப் பான்மைசே ரற்பவுயிர் வாழ்க்கை
யுகந்தார் மகத்தா வுளத்து முகந்துகொள
எல்லையில்பே ரின்ப வியற்பரவாழ் வுள்ளதனை
இல்லையே போலவிகந் தார்",அகந்தை மனப் பான்மை சேர் அற்ப உயிர் வாழ்க்கை உகந்தார் மகத்தா உளத்து முகந்து கொள எல்லை இல் பேரின்ப இயல் பரவாழ்வு உள்ளதனை இல்லையே போல இகந்தார்
"எதிர்ந்தவுல கேதப்பா டெய்துவித்த லெண்ணா
திதந்தருமெய் யாப்பற்றி யிட்டார் மிதந்த
உளியம் புணையெனக்கொண் டூர்ந்தாற்போ லாழ்ந்து
விளிவர் பிறவி வெளத்து",எதிர்ந்த உலகு ஏதப்பாடு எய்துவித்தல் எண்ணாது இதம் தரு மெய்யாப் பற்றியிட்டார் மிதந்த உளியம் புணை எனக்கொண்டு ஊர்ந்தால்போல் ஆழ்ந்து விளிவர் பிறவி வெளத்து
"வாகனத்தின் போக்கு வரத்தைத் தமதுகம
னாகமன மாமயங்கி யாய்வதுபோற் றேகவுயிர்
மேவுசமு சாரமுந்தம் மேலதாக் கொண்டவல
மேவுவர்தம் மெய்யுணரா தார்",வாகனத்தின் போக்கு வரத்தைத் தமது கமன ஆகமனமா மயங்கி ஆய்வது போல் தேக உயிர் மேவு சமுசாரமும் தம் மேலதாக் கொண்டு அவலம் மேவுவர் தம் மெய் உணராதார்
"உடம்போ டுலகை யுறுதியெனப் பற்றி
மடம்படுவோன் சாந்தி மடுத்தல் மடம்பேர்ந்
துடும்புபோன் றுள்ளத் துயிர்நிலையுற் றோவான்
இடும்பையுற லென்று மில",உடம்போடு உலகை உறுதி எனப் பற்றி மடம் படுவோன் சாந்தி மடுத்தல் மடம் பேர்ந்து உடும்பு போன்று உள்ளத்து உயிர்நிலை உற்று ஓவான் இடும்பை உறல் என்றும் இல
"அகந்தைவாழ் வான வசற்கா ரியத்தை
மகிழ்ந்தவுயிர் சிந்தைமிக மாழ்கும் அகந்தைதீர்
ஆன்ம சொரூபவாழ் வானவருட் சிற்பரமே
தான்மகிழ வேண்டுவது தான்",அகந்தை வாழ்வு ஆன அசத்காரியத்தை மகிழ்ந்த உயிர் சிந்தை மிக மாழ்கும் அகந்தை தீர் ஆன்ம சொரூப வாழ்வு ஆன அருள் சித்பரமே தான் மகிழ வேண்டுவது தான்
"பண்டிதனென் றென்னைப் பலரழைப்ப தென்னோமெய்ப்
பண்டிதனுக் குற்றகுறிப் பண்புதான் பண்டுமுதல்
ஆய்ந்தகலை யாவுமறி யாமையாய்ப் போகவவை
ஆய்ந்தவனை யாயு மறிவு",பண்டிதன் என்று என்னைப் பலர் அழைப்பது என்னோ மெய்ப் பண்டிதனுக்கு உற்ற குறிப் பண்பு தான் பண்டுமுதல் ஆய்ந்த கலை யாவும் அறியாமையாய்ப் போக அவை ஆய்ந்தவனை ஆயும் அறிவு
"ஆய்ந்தவனா ரென்றுளம்புக் காய்வதனா லவ்வகந்தை
ஓய்ந்தொழிவ தாலவ் வுணர்வழிய மீந்ததன்மெய்
கண்டவனே யன்றித்தற் காணா வகங்காரி
பண்டிதனா மாறென் பகர்",ஆய்ந்தவன் ஆர் என்று உளம்புக்கு ஆய்வதனால் அவ்வகந்தை ஓய்ந்து ஒழிவதால் அவ் உணர்வு அழிய மீந்த தன் மெய் கண்டவனே அன்றித் தன் காணா அகங்காரி பண்டிதன் ஆம் ஆறு என் பகர்
"அறிந்தவைகள் யாவு மறமறக்கக் கற்றுட்
செறிந்தவரே யுண்மை தெளிந்தார் மறந்தவற்றை
ஞாபகத்துக் குய்ப்பார் நலிந்து கலங்குவார்
பாவகமாம் பொய்க்கே பதைத்து",அறிந்தவைகள் யாவும் அற மறக்கக் கற்று உள் செறிந்தவரே உண்மை தெளிந்தார் மறந்தவற்றை ஞாபகத்துக்கு உய்ப்பார் நலிந்து கலங்குவார் பாவகம் ஆம் பொய்க்கே பதைத்து
"எலாந்தேர்ந் திறுமாக்கு மேழை மனுசா
எலாந்தேர்ந்த நீயா ரெனுங்கால் அலமந்து
வெட்கித் தலைகுனியு மேதா யறவிளிக
மட்கிமட மாமுன் மதி",எலாம் தேர்ந்து இறுமாக்கும் ஏழை மனுசா எலாம் தேர்ந்த நீ யார் எனுங்கால் அலமந்து வெட்கித் தலை குனியும் மேதாய் அற விளிக மட்கி மடம் ஆம் உன் மதி
"ஐயந் திரிபுவடி வாய மயலுணர்ச்சி
நையுற் றறத்தெளிமெய்ஞ் ஞானத்தாற் பொய்தீர்
நிலையான தன்மய நிட்டா பரனே
கலைஞான பாரங் கதன்",ஐயம் திரிபு வடிவு ஆய மயல் உணர்ச்சி நை உற்று அறத்தெளி மெய்ஞ் ஞானத்தால் பொய் தீர் நிலையான தன்மய நிட்டா பரனே கலைஞான பாரங்கதன்
"யானென்னுந் தன்மை யியற்பெயரோ டேய்ந்தவினை
யான விருத்த லரும்பொருளை நானின்றாய்
உள்ளபடி யாவ னுணர்கிற்ப னன்னவனே
கள்ளமறு மெய்ப்புலவன் காண்",யான் என்னும் தன்மை இயற் பெயரோடு ஏய்ந்த வினையான இருத்தல் அரும் பொருளை நான் இன்றாய் உள்ளபடி யாவன் உணர்கிற்பன் அன்னவனே கள்ளம் அறு மெய்ப்புலவன் காண்
"நரத்துதியே பாடுந்தன் னாப்புன்மை யெண்ணிக்
கருத்தறவே மாழ்கிக் கரைந்து பரத்திறமே
பாடுவே னூத்தைநரம் பாடேன்மற் றென்றுறுதிப்
பீடுபெற வாழ்க கவி",நரத் துதியே பாடும் தன் நாப் புன்மை எண்ணிக் கருத்து அறவே மாழ்கிக் கரைந்து பரத்திறமே பாடுவேன் ஊத்தை நரம் பாடேன் மற்று என்று உறுதிப் பீடு பெற வாழ்க கவி
"ஆண்டா னருளா லடைந்தகவி வாணியையவ்
வாண்டா னடிக்குரிமை யாக்காது தீண்டா
நரத்தைப் புகழ்வார்தந் நாமகளை யந்தோ
பரத்தைத் தொழிற்படுப் பார்",ஆண்டான் அருளால் அடைந்த கவி வாணியை அவ் ஆண்டான் அடிக்கு உரிமை ஆக்காது தீண்டா நரத்தைப் புகழ்வார் தம் நா மகளை அந்தோ பரத்தைத் தொழில் படுப்பார்
"நானென் பதனையக நாட்டத்தாற் றானல்லா
தானவன்ன கோசமுத லைந்தனுளும் தானணுக
ஒண்ணா தொழித்தமைந்த வுள்ளத் தெளிவினின்றே
உண்மைக் கவித்துவமுண் டாம்",நான் என்பதனை அக நாட்டத்தால் தான் அல்லாது ஆன அன்ன கோசம் முதல் ஐந்தன் உளும் தான் அணுக ஒண்ணாது ஒழித்து அமைந்த உள்ளத் தெளிவில் நின்றே உண்மைக் கவித்துவம் உண்டாம்
"காட்டுபல நூலுங் கருத்தடக்க லேசிறந்த
வீட்டுநெறி யென்ன விளம்பலால் நாட்டும்
கலையிதய மஃதேயாக் கண்டுணர்ந்த பின்னர்ப்
பலகலையா லென்னோ பயன்",காட்டு பல நூலும் கருத்து அடக்கலே சிறந்த வீட்டு நெறி என்ன விளம்பலால் நாட்டும் கலை இதயம் அஃதேயாக் கண்டு உணர்ந்த பின்னர்ப் பல கலையால் என்னோ பயன்
"ஆத்திகவாழ்க் கைக்கே யடாநடையார் வேதாந்த
சாத்திரவா ராய்ச்சித் தலைப்பாட்டாற் சீர்த்த
விசுத்தமா நின்றொளிரவ் வேதாந்தந் தன்னை
யசுத்தப் படுத்துகின் றார்",ஆத்திக வாழ்க்கைக்கே அடா நடையார் வேதாந்த சாத்திர ஆராய்ச்சித் தலைப்பாட்டால் சீர்த்த விசுத்தமா நின்று ஒளிர் அவ்வேதாந்தம் தன்னை அசுத்தப் படுத்துகின்றார்
"ஆய திருவருண்முன் னாக்கொண் டகங்காரம்
ஓயவுளத் தெய்தற் குதவாதேல் மாயப்
புலையாடு மாந்தர் பொறுக்குங் கலையாட்
டலைதாடி யன்றிமற்றென் னாம்",ஆய திருவருள் முன்னாக் கொண்டு அகங்காரம் ஓய உளத்து எய்தற்கு உதவாதேல் மாயப் புலை ஆடு மாந்தர் பொறுக்கும் கலை ஆட்டு அலை தாடி அன்றி மற்று என் ஆம்
"எந்த வுபாயத்தா லேனு மனமிறந்து
சொந்த சொருபத் துலக்கத்தாற் சிந்தைக்
கலக்கமறி னன்றிவெறுங் கல்வியான் மட்டும்
மலக்கமறல் வாசி மருப்பு",எந்த உபாயத்தாலேனும் மனம் இறந்து சொந்த சொருூபத் துலக்கத்தால் சிந்தைக் கலக்கம் அறின் அன்றி வெறும் கல்வியால் மட்டும் மலக்கம் அறல் வாசி மருப்பு
"காற்றெனவென் றென்றுங் கலங்கித் தடுமாறும்
ஊற்றமில்விஞ் ஞான வுயிருக்கவ் வூற்றுத்
தலையா மிதயமுப சாந்தநிலை யல்லாற்
கலையார வாரக் களம்",காற்று என என்றென்றும் கலங்கித் தடுமாறும் ஊற்றம் இல் விஞ்ஞான உயிருக்கு அவ் ஊற்றுத் தலை ஆம் இதயம் உபசாந்தநிலை அல்லால் கலை ஆரவாரக் களம்
"விசாலவே தாகமத்தை விட்டுச்சச் சித்தே
உசாவுதுணை யாவகத்து ளோரும் விசார
விசாரதரே யுண்மை விளக்கத்தால் வேரோ
டசாரவிட யாசையறுப் பார்",விசால வேத ஆகமத்தை விட்டுச் சத்சித்தே உசாவு துணையா அகத்துள் ஓரும் விசார விசாரதரே உண்மை விளக்கத்தால் வேரோடு அசார விடய ஆசை அறுப்பார்
"குற்றமறு ஞானங் குலவுநூ லாமென்னக்
கற்றலுறு மார்வத்தாற் கற்றாலும் கற்றுச்
சிறந்தகலை யெல்லாஞ் செறிவுமுய லுங்கால்
மறந்தகல வேண்டி வரும்",குற்றம் அறு ஞானம் குலவு நூல் ஆம் என்னக் கற்றல் உறும் ஆர்வத்தால் கற்றாலும் கற்றுச் சிறந்த கலை எல்லாம் செறிவு முயலுங்கால் மறந்து அகல வேண்டி வரும்
"புலவிடய மன்றிப் பொருள்வேறு தேறார்
கிலமடையும் புந்திக் கிறுக்கர் புலத்தின்
திறத்துவிரா கத்தாற் செழிப்புறுஞா னத்தை
வறட்டுவே தாந்தமென் பார்",புல விடயம் அன்றிப் பொருள் வேறு தேறார் கிலம் அடையும் புந்திக் கிறுக்கர் புலத்தின் திறத்து விராகத்தால் செழிப்பு உறு ஞானத்தை வறட்டு வேதாந்தம் என்பார்
"வேட்கையற விட்டோர்க்கே வேதாந்தங் கைகூடும்
வேட்கையுளார்க் கஃது வெகுதூரம் வேட்கையுளார்
வேட்கையிலா வீசன்பால் வேட்கையால் வேற்றுமயல்
வேட்கையற நோற்றல் விதி",வேட்கை அற விட்டோர்க்கே வேதாந்தம் கைகூடும் வேட்கை உளார்க்கு அஃது வெகு தூரம் வேட்கை உளார் வேட்கை இலா ஈசன்பால் வேட்கையால் வேற்று மயல் வேட்கை அற நோற்றல் விதி
"ஊழேகூ ழாக வுணர்ந்தோ ருளங்கலங்கிக்
கூழுக்கா வென்றுங் குலைவுறார் கூழதனை
வேண்டினும் வேண்டா விடினு மெவர்க்குமவ்
வூண்டா னொழியா துணர்",ஊழே கூழ் ஆக உணர்ந்தோர் உளம் கலங்கிக் கூழுக்கா என்றும் குலைவு உறார் கூழ் அதனை வேண்டினும் வேண்டா விடினும் எவர்க்கும் அவ் ஊண் தான் ஒழியாது உணர்
"அவனவ னூழை யவனவ னுண்ணச்
சிவன்கரியாத் தன்னிற் றிகழ்வான் எவனூழை
யுண்போனாத் தான்பே துறாதுசச் சித்தளவாம்
பண்போ னவனப் பரன்",அவன் அவன் ஊழை அவன் அவன் உண்ணச் சிவன் கரியாத் தன்னில் திகழ்வான் எவன் ஊழை உண்போனாத் தான் பேது உறாது சத் சித்து அளவாம் பண்போன் அவன் அப் பரன்
"விளக்கடிக்கே நின்று விலகா விருள்போல்
அளக்கருஞா னாசா னடிக்கே துளக்கமறக்
காத்துமகங் காரமயற் காரிருள்போ காதுடலம்
மூத்துவிளிந் தாலூழ் முறை",விளக்கு அடிக்கே நின்று விலகா இருள்போல் அளக்கஅரு ஞான ஆசான் அடிக்கே துளக்கம் அறக் காத்தும் அகங்கார மயல் கார் இருள் போகாது உடலம் மூத்து விளிந்தால் ஊழ் முறை
"அட்டமா சித்திபர மான்மஞா னம்மிரண்டும்
பெட்டவா றொன்றப் பெறாமையென்னோ சுட்டின்
இருவே றுலகத் தியற்கை திருவேறு
தெள்ளிய ராதலும் வேறு",அட்டமா சித்தி பரம ஆன்ம ஞானம் இரண்டும் பெட்டவாறு ஒன்றப் பெறாமை என்னோ சுட்டின் இரு வேறு உலகத்து இயற்கை திரு வேறு தெள்ளியர் ஆதலும் வேறு
"குட்டிச்சாத் தான்போற் குதுகலித்துக் குத்திரஞ்செய்
பட்டியாய்ப் பல்கற் பனைபரப்பிச் சுட்டித்
தெரிந்துழல்கை போலியாஞ் சீவமனோ தன்மம்
இருந்தொளிர்கை தன்மெய் யியல்பு",குட்டிச் சாத்தான் போல் குதுகலித்துக் குத்திரம் செய் பட்டியாய்ப் பல் கற்பனை பரப்பிச் சுட்டித் தெரிந்து உழல்கை போலியாம் சீவ மனோ தன்மம் இருந்து ஒளிர்கை தன்மெய் இயல்பு
"ஆற்றங் கரையென்னு மான்மநிலை நிற்கத்தாம்
ஆற்றாத சிற்சிலவா மாருயிரே ஆற்று
மறிபுனலாம் வாழ்க்கையிடை வாசச் சிறாரால்
எறியுண் டிடர்ப்படு வார்",ஆற்றங்கரை என்னும் ஆன்ம நிலை நிற்கத் தாம் ஆற்றாத சிற்சில ஆம் ஆர் உயிரே ஆற்று மறிபுனல் ஆம் வாழ்க்கை இடை வாசச் சிறாரால் எறியுண்டு இடர்ப் படுவார்
"காணுந்தன் மெய்யாங் கனசிதா காயவளம்
பேணுங் கருத்துப் பிறிதாகி ஆணவத்தால்
யானென் றெழுந்த விழுக்கே விடயமாத்
தானொன் நெதிர்காண் சழக்கு",காணும் தன் மெய் ஆம் கன சிதாகாய வளம் பேணும் கருத்துப் பிறிது ஆகி ஆணவத்தால் யான் என்று எழுந்த இழுக்கே விடயமாத் தான் ஒன்று எதிர் காண் சழக்கு
"விண்மையே போலும் விவிதவிட யங்கண்டு
கண்மயங்கிக் காதலாற் காழ்த்திடுமால் உண்மையே
போலாகங் கொண்டு புலையாடு வஞ்சப்பொய்ம்
மூலாகங் கார முடிச்சு",விண்மையே போலும் விவித விடயம் கண்டு கண்மயங்கிக் காதலால் காழ்த்திடும் ஆல் உண்மையே போல் ஆகம் கொண்டு புலை ஆடு வஞ்சப் பொய்ம் மூல அகங்கார முடிச்சு
"பாசமிலாத் தன்சொருபப் பான்மைதனைப் பாராத
பாசம் படர்ந்தவிழிப் பார்வையே கோசவுடல்
தானாத் தனைமூடித் தன்முன் னுலகமுமாய்த்
தானே புலனாகுந் தான்",பாசம் இலாத் தன் சொருபப் பான்மைதனைப் பாராத பாசம் படர்ந்த விழிப் பார்வையே கோச உடல் தானாத் தனைமூடித் தன்முன் உலகமும் ஆய்த் தானே புலன் ஆகும் தான்
"உடலையிட மாக்கொண்ட வூத்தையகங் கார
மடமையொடு வாழுமுயிர் வாழ்க்கை கடவதொரு
மெய்ப்பனையா காதுசிவ மிக்கபர மான்மாவிற்
கற்பனையாக் காணுங் கனா",உடலை இடமாக் கொண்ட ஊத்தை அகங்கார மடமையொடு வாழும் உயிர் வாழ்க்கை கடவது ஒரு மெய்ப்பனை ஆகாது சிவம் மிக்க பரம ஆன்மாவில் கற்பனையாக் காணும் கனா
"நிழல்களி லொன்றா நிகழ்வதே நானென்
றுழல்வுறும் போலி யுயிர்",நிழல்களில் ஒன்றா நிகழ்வதே நான் என்று உழல்வு உறும் போலி உயிர்
"ஊன வகந்தை யொழித்தவுர வோனேமெய்
யானதுற வோன்மறையோ ஸாயிடினும் மானத்
துறவோர் மறையோர் சுமக்கு மகந்தை
அறவோய்த லம்மா வரிது",ஊன அகந்தை ஒழித்த உரவோனே மெய் ஆன துறவோன் மறையோன் ஆயிடினும் மானத் துறவோர் மறையோர் சுமக்கும் அகந்தை அற ஓய்தல் அம்மா அரிது
"அன்னியமா நானா வறிவுற்றோ னான்மறையும்
பன்னியதான் மாத்திரம்பார்ப் பானாகான் தன்னிழவு
பார்ப்பான் பொருளுணரும் பார்ப்பான்மற் றோனுள்ளம்
வேர்ப்பான் பிறர்பழிக்க வீழ்ந்து",அன்னியம் ஆம் நானா அறிவு உற்றோன் நால் மறையும் பன்னியதால் மாத்திரம் பார்ப்பான் ஆகான் தன் இழவு பார்ப்பான் பொருள் உணரும் பார்ப்பான் மற்றோன் உள்ளம் வேர்ப்பான் பிறர் பழிக்க வீழ்ந்து
"கண்ணையிடந் தப்புங் கனிவுடைக்கண் ணப்பற்கும்
கண்ணையிடந் தப்புமது காறுந்தன் கண்ணின்
சிறப்பா லுடலகந்தை சேர்ந்ததேற் சற்றஃ
தறப்பாற லம்மா வரிது",கண்ணை இடந்து அப்பும் கனிவு உடைக் கண்ணப்பற்கும் கண்ணை இடந்து அப்பும் அது காறும் தன் கண்ணின் சிறப்பால் உடல் அகந்தை சேர்ந்ததேல் சற்று அஃது அறப்பாறல் அம்மா அரிது
"சிவபத்தி மாட்சி செடவுடனா னென்னும்
அவபுத்தி யாலே யழிவைத் தவிர்ப்பதே
கண்ணா லகங்கரித்த கண்ணப்பன் கண்ணப்பக்
கண்ணுதலோன் கொண்ட கருத்து",சிவபத்தி மாட்சி செட உடல் நான் என்னும் அவபுத்தியாலே அழிவைத் தவிர்ப்பதே கண்ணால் அகங்கரித்த கண்ணப்பன் கண் அப்பக் கண் நுதலோன் கொண்ட கருத்து
"மூலமா யேய்ந்த முனைவ னதுதிருக்கூத்
தேலவே காணி னிதுவாகும் ஞாலத்
தெழுமே லகந்தை யெழுமகில மஃது
விழுமே லனைத்தும் விழும்",மூலமாய் ஏய்ந்த முனைவனது திருக்கூத்து ஏலவே காணின் இது ஆகும் ஞாலத்து எழுமேல் அகந்தை எழும் அகிலம் அஃது விழுமேல் அனைத்தும் விழும்
"மூவுலகின் கண்ணுமுழு மோகத்தாற் கட்டுண்டு
யாவுயிருந் துன்னகந்தை யேய்வாழ்க்கை மேவுபிணம்
தீயாடு காட்டிற் சிதையுடலா வேசித்துப்
பேயாட லல்ல பிற",மூ உலகின் கண்ணும் முழு மோகத்தால் கட்டுண்டு யா உயிரும் துன் அகந்தை ஏய் வாழ்க்கை மேவு பிணம் தீ ஆடு காட்டில் சிதை உடல் ஆவேசித்துப் பேய் ஆடல் அல்ல பிற
"இம்மையிலே நல்ல விறும்பூ திதுகேளீர்
செம்மை யுளவகில சிற்சத்தி தம்மை
நினைப்பித்தா லன்றி நினைப்பியலா மாந்தர்
வினைப்பித்தாற் றுள்ளும் விதம்",இம்மையிலே நல்ல இறும்பூது இது கேளீர் செம்மை உள அகில சித்சத்தி தம்மை நினைப்பித்தால் அன்றி நினைப்பு இயலா மாந்தர் வினைப்பித்தால் துள்ளும் விதம்
"இணக்கமிலாத் தெம்முனையை யானே யெதிர்த்துப்
பிணக்குவிய லாகப் ளைந்து வணக்குவேன்
என்னையினித் தூக்கினெவ ரேனுமென வோர்முடவன்
சொன்னகதைச் சூதே யது",இணக்கம் இலாத் தெம்முனையை யானே எதிர்த்துப் பிணக் குவியல் ஆகப் பிளந்து வணக்குவேன் என்னை இனித் தூக்கின் எவரேனும் என ஓர் முடவன் சொன்ன கதைச் சூதே அது
"சத்தியினற் றாமியங்குந் தன்மையுண ராதகில
சித்திகணாஞ் சேர்வமெனச் சேட்டிக்கும் பித்தர்கூத்
தென்னை யெழுப்பிவிடி னெம்மட்டித் தெவ்வரெனச்
சொன்னமுட வன்கதையின் சோடு",சத்தியினால் தாம் இயங்கும் தன்மை உணராது அகில சித்திகள் நாம் சேர்வம் எனச் சேட்டிக்கும் பித்தர் கூத்து என்னை எழுப்பிவிடின் எம்மட்டு இத் தெவ்வர் எனச் சொன்ன முடவன் கதையின் சோடு
"நொய்ய சிறுதுரும்பை நூக்கவோ மற்றெரித்தல்
செய்யவோ வாயுவங்கி தேவர்க்கும் ஐயவோ
ஆற்றலிலை யென்றா லகங்கரித்துத் தந்திறலால்
ஆற்றுவது யார்க்கெங்ங னாம்",நொய்ய சிறு துரும்பை நூக்கவோ மற்று எரித்தல் செய்யவோ வாயு அங்கி தேவர்க்கும் ஐயவோ ஆற்றல் இலை என்றால் அகங்கரித்துத் தம் திறலால் ஆற்றுவது யார்க்கு எங்ஙன் ஆம்
"ஆவரணத் தாலே யடைப்புண்ட ஞானத்தாற்
பாவருணத் தாலே பதைத்துத்தாம் பார்வையிழந்
தாபரங் காணா தகங்கரிப்பா ராடுநடம்
கோபுரந் தாங்கிநகைக் கூத்து",ஆவரணத்தாலே அடைப்பு உண்ட ஞானத்தால் பாவ ருணத்தாலே பதைத்துத் தாம் பார்வை இழந்து ஆ பரம் காணாது அகங்கரிப்பார் ஆடும் நடம் கோபுரம் தாங்கி நகைக் கூத்து
"அரும்பாரச் சும்மைகணீ ராவிவலி யாலே
துரும்பாகக் கொண்டுநெடுந் தூரம் விரைந்தோடும்
பொங்கழலின் வண்டியிலே போமறிஞர் தஞ்சுமையைத்
தங்கடலை மேற்சுமவார் தாம்",அரும் பாரச் சும்மைகள் நீராவி வலியாலே துரும்பாகக் கொண்டு நெடும் தூரம் விரைந்து ஓடும் பொங்கு அழலின் வண்டியிலே போம் அறிஞர் தம் சுமையைத் தங்கள் தலைமேல் சுமவார் தாம்
"அன்னதே போல வகிலபரா சத்தியே
தன்னியல்பா லெவ்வெவையுந் தாங்கலால் மன்னுயிர்தம்
சிந்தா குலச்சுமையுஞ் சிற்சத்தி மேற்போட்டுச்
சிந்தா குலந்தவிர்தல் சீர்",அன்னதே போல அகில பராசத்தியே தன் இயல்பால் எவ்வெவையும் தாங்கலால் மன் உயிர் தம் சிந்தாகுலச் சுமையும் சித்சத்தி மேல் போட்டுச் சிந்தாகுலம் தவிர்தல் சீர்
"பூபரந் தாங்கவிறை போலியுயிர் தாங்கலது
கோபுரந் தாங்கியுருக் கோரணிகாண் மாபரங்கொள்
வண்டிசெலு வான்சுமையை வண்டிவை யாதுதலை
கொண்டுநலி கொண்டதெவர் கோது",பூபரம் தாங்க இறை போலி உயிர் தாங்கல் அது கோபுரம் தாங்கி உருக் கோரணி காண் மாபரம் கொள் வண்டி செலுவான் சுமையை வண்டி வையாது தலை கொண்டு நலி கொண்டது எவர் கோது
"மருவுதியா னத்துவெரு வந்தெனமெய்க் கம்பம்
மருவலகங் கார மதியால் உருவகந்தை
வீந்துசிதா காய வெறுவெளியாய் நிற்கினுப
சாந்தமுறக் கம்பமறுந் தான்",மருவு தியானத்து வெருவந்து என மெய்க் கம்பம் மருவல் அகங்கார மதியால் உரு அகந்தை வீந்து சிதாகாய வெறு வெளியாய் நிற்கின் உபசாந்தம் உறக் கம்பம் அறும் தான்
"வரையாது பாயு மனப்பேய் மயக்கப்
புரைபா டொழிந்த புலத்தால் திரைபா
டவிந்தமுந் நீர்போ லகந்தை யடங்கிக்
குவிந்து கிடத்தல் குணம்",வரையாது பாயும் மனப்பேய் மயக்கப் புரைபாடு ஒழிந்த புலத்தால் திரைபாடு அவிந்த முந்நீர்போல் அகந்தை யடங்கிக் குவிந்து கிடத்தல் குணம்
"கல்லா வகந்தைக் கலக்கத்தி னின்றுகழன்
றெல்லா மிறைசெயலென் றேயுணர்ந்து பொல்லாத்
தவறாங்கர்த் தத்துவந்தான் சாய்தலே யுண்மைத்
தவந்தாங்கு சத்தி தரி",கல்லா அகந்தைக் கலக்கத்தின் நின்று கழன்று எல்லாம் இறை செயல் என்றே உணர்ந்து பொல்லாத் தவறாம் கர்த்தத்துவம் தான் சாய்தலே உண்மைத் தவம் தாங்கு சத்தி தரி
"பன்மயமாய்த் தோற்றும் பலவுலகும் பல்லுயிரும்
தன்முகமாய்த் தோற்றித் தனிலொடுக்கும் சின்மயமாம்
வானா தந்நிலையை மாழாந்த பேதையரே
ஆன்மாப காரஞ்செய் வார்",பல் மயமாய்த் தோற்றும் பல உலகும் பல் உயிரும் தன் முகமாய்த் தோற்றித் தனில் ஒடுக்கும் சின்மயம் ஆம் வான் ஆய தம் நிலையை மாழாந்த பேதையரே ஆன்ம அபகாரம் செய்வார்
"சொர்க்கமுத லாகச் சொலுமுலக வுண்மைதனைத்
தர்க்கமிட வேண்டா தமக்குள்ளே மக்காள்
எதுகாறு மிவ்வுலக மெத்துணைமெய் சொர்க்கம்
அதுகாறு மத்துணைமெய் யாம்",சொர்க்கம் முதல் ஆகச் சொலும் உலக உண்மைதனைத் தர்க்கம் இட வேண்டா தமக்குள்ளே மக்காள் எதுகாறும் இவ் உலகம் எத்துணை மெய் சொர்க்கம் அதுகாறும் அத்துணை மெய் ஆம்
"இந்த வுடலுலக மெல்லாமிவ் வாறுளதாப்
புந்தியுற வாய்ந்த புலவோர்தாம் எந்தமோ
டாய்ந்தா லமரநர காதியுல கெல்லாமெய்
வாய்ந்தா லெனவேசொல் வாம்",இந்த உடல் உலகம் எல்லாம் இவ்வாறு உளதாப் புந்தி உற ஆய்ந்த புலவோர் தாம் எம் தமோடு ஆய்ந்தால் அமர நரகு ஆதி உலகு எல்லாம் மெய் வாய்ந்தால் எனவே சொல்வாம்
"ஊனொன் றுடலுருவா மூத்தை நரகத்தை
நானென் றழிந்த நரகனைத் தானுசாஅய்
ஆபாதஞ் செற்றொளிர்பே ரான்ம சதோதயமே
தீபா வளியாத் தெளி",ஊன் ஒன்று உடல் உருவாம் ஊத்தை நரகத்தை நான் என்று அழிந்த நரகனைத் தான் உசாஅய் ஆபாதம் செற்று ஒளிர் பேர் ஆன்ம சதா உதயமே தீபாவளியாத் தெளி
"நரக வுருவா நடலை யுடல
கிரக மகமெனவே கெட்ட நரகனாம்
மாபா வியைநாடி மாய்த்துத்தா னாயொளிர்தல்
தீபா வளியாந் தெளி",நரக உருவாம் நடலை உடல கிரகம் அகம் எனவே கெட்ட நரகன் ஆம் மா பாவியை நாடி மாய்த்துத் தானாய் ஒளிர்தல் தீபாவளி ஆம் தெளி
"அயலாம் புலஞ்சுட் டறிவான தன்மெய்
யியலே பிடிப்பா யிருக்க முயல்வார்
உழல்கின்ற வாறுமற் றொன்றுபற்றி வெற்று
நிழல்சென்று பற்றலே நேர்",அயல் ஆம் புலம் சுட்டு அறிவு ஆன தன்மெய் இயலே பிடிப்பாய் இருக்க முயல்வார் உழல்கின்ற ஆறு மற்று ஒன்று பற்றி வெற்று நிழல் சென்று பற்றலே நேர்
"புன்புலமே சுட்டலுறும் புத்திநா னாரென்று
தன்புலமே சுட்டத் தலைப்படலே முன்பார்
குறிகுணமே சுட்டிக் குலைந்தழுங்குந் தன்சுட்
டறிவுதன் னுட்செறியு மாறு",புன்புலமே சுட்டல் உறும் புத்தி நான் ஆர் என்று தன்புலமே சுட்டத் தலைப்படலே முன் பார் குறிகுணமே சுட்டிக் குலைந்து அழுங்கும் தன் சுட்டு அறிவு தன்னுள் செறியும் ஆறு
"பார்ப்பானைப் பாராமற் பார்க்கப் படுபொருளைப்
பார்ப்பதனா லென்றும் பரிதவிக்கும் பார்ப்பாரே
நுந்தம் புறமேநீர் நோக்காதே யுண்ணோக்கித்
தொந்த மறுத்தல் சுகம்",பார்ப்பானைப் பாராமல் பார்க்கப்படு பொருளைப் பார்ப்பதனால் என்றும் பரிதவிக்கும் பார்ப்பாரே நும் தம் புறமே நீர் நோக்காதே உள் நோக்கித் தொந்தம் அறுத்தல் சுகம்
"வெளிப்படுத்த லுன்னை விவேகமன்று நெஞ்சே
யுளப்படுத்த லொன்றே யுறுதி வெளிப்படுத்தி
யுன்னைக் கவிழ்க்க வுபாயஞ்சூழ் மாயையினின்
றுன்னைக் கரந்துள் ளொழுகு",வெளிப்படுத்தல் உன்னை விவேகம் அன்று நெஞ்சே உளப்படுத்தல் ஒன்றே உறுதி வெளிப்படுத்தி உன்னைக் கவிழ்க்க உபாயம் சூழ் மாயையினின்று உன்னைக் கரந்து உள் ஒழுகு
"வெளியிலே யோடி விநோதமே நாடிக்
களியினா லாடிக் கழியா தொளியினா
லோர்ந்துதன் னுள்ளத் துறுதிபெறத் தன்சொருபஞ்
சார்ந்துவாழ் கிற்றல் சதிர்",வெளியிலே ஓடி விநோதமே நாடிக் களியினால் ஆடிக் கழியாது ஒளியினால் ஓர்ந்து தன் உள்ளத்து உறுதிபெறத் தன் சொருபம் சார்ந்து வாழ்கிற்றல் சதிர்
"தொந்தக் கருத்தே துயருழத்தற் கேதுவாய்த்
தந்தமுப சாந்தியைத் தள்ளுதலால் அந்தக்
கருத்து மனத்தைக் கவராமற் சித்த
விருத்தி யடங்கல் விதி",தொந்தக் கருத்தே துயர் உழத்தற்கு ஏதுவாய்த் தம்தம் உபசாந்தியைத் தள்ளுதலால் அந்தக் கருத்து மனத்தைக் கவராமல் சித்த விருத்தி அடங்கல் விதி
"உள்ளே யிருப்பதனை யோராம லூர்தோறும்
புள்ளே யெனப்பறந்து போவீர்காள் உள்ளத்
தறிவோர் சிறிது மலையா தடங்கிச்
செறிவே பரம சிவம்",உள்ளே இருப்பதனை ஓராமல் ஊர்தோறும் புள்ளே எனப் பறந்து போவீர்காள் உள்ளத்து அறிவு ஓர் சிறிதும் அலையாது அடங்கிச் செறிவே பரம சிவம்
"வளியா லழிவெய்தும் வங்கத்தின் பாய்போல்
வெளியே பரந்து விடாமை நளிகடல்வாய்த்
தாழப் படிந்து தரித்தநங் கூரம்போல்
ஆழப் புகுவ தறிவு",வளியால் அழிவு எய்தும் வங்கத்தின் பாய்போல் வெளியே பரந்து விடாமை நளிகடல்வாய்த் தாழப் படிந்து தரித்த நங்கூரம்போல் ஆழப் புகுவது அறிவு
"புறமுகத்துப் பாயுந்தன் புத்திதனை யுள்ளே
அறநிறுத்துக் காக்கு மதுவே அறவோர்
பதியா மிதயப் பரசொருபங் காணும்
அதிகார தீர மறி",புறமுகத்துப் பாயும் தன் புத்திதனை உள்ளே அற நிறுத்துக் காக்கும் அதுவே அறவோர் பதியாம் இதயப் பரசொருபம் காணும் அதிகார தீரம் அறி
"அன்னியமே சுட்டி யலையு மகந்தைமதி
தன்னியலே சுட்டத் தலைப்படின்மற் றன்னியம்போய்
நெஞ்சத் தியல்பா நிறைந்தொளிர்தன் மெய்யுணர்வாற்
கிஞ்சித் துவநான் கெடும்",அன்னியமே சுட்டி அலையும் அகந்தைமதி தன் இயலே சுட்டத் தலைப்படின் மற்று அன்னியம் போய் நெஞ்சத்து இயல்பா நிறைந்து ஒளிர் தன் மெய் உணர்வால் கிஞ்சித்துவ நான் கெடும்
"பரனுலகெங் கேயோ படிவதா வெண்ணம்
மருவ லுடலகந்தை மாயம் மருவுறத்தான்
எங்கு மிலைதன் னிதயத்தி னன்றியரன்
துங்கவுல கென்று துணி",பரன் உலகு எங்கேயோ படிவதா எண்ணம் மருவல் உடல் அகந்தை மாயம் மருவு உறத்தான் எங்கும் இலை தன் இதயத்தின் அன்றி அரன் துங்க உலகு என்று துணி
"அந்த வுலகுக் கவகாச நல்கலொடு
விந்தையா லத்தை விளக்கற்கும் சொந்த
நிறைவொளியாய் நீதா னிகழக்காண் டல்காண்
இறைவனுல குன்னு எிருப்பு",அந்த உலகுக்கு அவகாசம் நல்கலொடு விந்தையால் அத்தை விளக்கற்கும் சொந்த நிறைவு ஒளியாய் நீதான் நிகழக் காண்டல் காண் இறைவன் உலகு உன்னுள் இருப்பு
"ததீயரா மன்பர் சமாகிதசித் தத்துட்
புதீயதுபோற் பூரணமாப் பொங்கும் அதீதத்
துரீயவெளி தானே சொரூபவொளி யாலோங்
கரீயசிவ லோக மறி",ததீயர் ஆம் அன்பர் சமாகித சித்தத்துள் புதீயதுபோல் பூரணமாப் பொங்கும் அத்தத் துரீயவெளிதானே சொரூப ஒளியால் ஓங்கு அரீய சிவ லோகம் அறி
"பிதிர்சித்த மானமருட் பேயகந்தை பேரச்
சிதசித்தாம் பேதத் திறந்தீர்ந் ததிசுத்த
சாந்தவுணர் வான சகஜ சமாதியொளி
தோய்ந்தவுயிர் சுத்த சிவம்",பிதிர் சித்தம் ஆன மருள் பேய் அகந்தை பேரச் சித்து அசித்து ஆம் பேதத் திறம் தீர்ந்து அதி சுத்த சாந்த உணர்வு ஆன சகஜ சமாதி ஒளி தோய்ந்த உயிர் சுத்த சிவம்
"பிறிதா மகந்தை பிரிய வகத்தூ
டறிவேதா னாக வழுந்திச் செறிவுறுபொய்க்
கற்பனைகள் யாவுங் கழிந்தொழிந்த சித்தமே
சிற்பரமாத் தேறுஞ் சிவம்",பிறிது ஆம் அகந்தை பிரிய அகத்து ஊடு அறிவே தானாக அழுந்திச் செறிவு உறு பொய்க் கற்பனைகள் யாவும் கழிந்து ஒழிந்த சித்தமே சித்பரமாத் தேறும் சிவம்
"அடர்ந்தெங்குந் தானா யனந்தசிவ மாகக்
கடந்தவதி நுட்பங் கடவுள் படர்ந்த
கருத்துத்தன் மூலங் கலந்துமல மற்றுத்
திருத்தமுற்றாற் றேறுஞ் சிவம்",அடர்ந்து எங்கும் தானாய் அனந்த சிவம் ஆகக் கடந்த அதி நுட்பம் கடவுள் படர்ந்த கருத்துத் தன் மூலம் கலந்து மலம் அற்றுத் திருத்தம் உற்றால் தேறும் சிவம்
"ஞான முயிர்த்தொகைக்கு நல்க லரனாக
வானம் வழங்க லரியென்பர் ஞான
உரனே பரனா வொளிர்விசும்பா மொன்றே
அரனோ டரியென் றறி",ஞானம் உயிர்த்தொகைக்கு நல்கல் அரனாக வானம் வழங்கல் அரி என்பர் ஞான உரனே பரனா ஒளிர் விசும்பு ஆம் ஒன்றே அரனோடு அரி என்று அறி
"தனிமுதலா மெந்தத் தனையன்றிச் சிந்தை
தனதுருவா நின்றபரா சத்தி தினையளவும்
இல்லையோ வந்த வெழுவாயா முள்ளமே
தில்லைவாழ் சுத்த சிவம்",தனி முதல் ஆம் எந்தத் தனை அன்றிச் சிந்தை தனது உருவா நின்ற பராசத்தி தினை அளவும் இல்லையோ அந்த எழுவாய் ஆம் உள்ளமே தில்லை வாழ் சுத்த சிவம்
"மன்னியபே ரின்பான் மனந்தா னெதனையடைந்
தன்னியத்தை நாடி யலையாதோ துன்னும்
நவநவஞா ஸனாநுபவ நல்கவ் வுளமாம்
சிவமே மனோரஞ் சிதம்",மன்னிய பேர் இன்பால் மனம் தான் எதனை அடைந்து அன்னியத்தை நாடி அலையாதோ துன்னும் நவநவ ஞானாநுபவம் நல்கு அவ் உளம் ஆம் சிவமே மனோரஞ்சிதம்
"மட்டறுமெய்க் காதன் மயக்குற்ற கோபிகை
சிட்டர் தமக்குத்தஞ் சித்தமே விட்டிலைச்செந்
தீபசிகை போலகந்சைச் சீரழிக்கு முள்ளமே
கோபிகா நாதன் குறி",மட்டு அறு மெய்க் காதல் மயக்கு உற்ற கோபிகை சிட்டர் தமக்குத் தம் சித்தமே விட்டிலைச் செம் தீப சிகை போல் அகந்தைச் சீர் அழிக்கும் உள்ளமே கோபிகா நாதன் குறி
"அறிவான வுண்மையா மான்ம சொரூப
நிறைவோடு மோன நினைப்பாற் பிறிவுபடா
தொத்தொழுக லுற்ற வுபசாந்த நீர்மையே
சுத்தசிவ பூஜை துணி",அறிவு ஆன உண்மையாம் ஆன்ம சொரூப நிறைவோடு மோன நினைப்பால் பிறிவு படாது ஒத்து ஒழுகல் உற்ற உபசாந்த நீர்மையே சுத்த சிவ பூஜை துணி
"இழைத்தநா ளெல்லை யிகந்து பிழைத்தொரீஇக்
கூற்றங் குதித்துய்ந்தான் மார்க்கண்டன் ஆற்றுசிவ
பூசனையால் வன்கால நாசனையா யிற்கால
பாசநையா நிற்கும் பரிந்து",இழைத்த நாள் எல்லை இகந்து பிழைத்து ஒரீஇக் கூற்றம் குதித்து உய்ந்தான் மார்க்கண்டன் ஆற்று சிவ பூசனையால் வன்கால நாசனை ஆயின் கால பாசம் நையா நிற்கும் பரிந்து
"எண்ணுவன வாமெட் டெழில்வடிவு மெந்தையாம்
அண்ணலுரு வென்னு மபேதமதி நண்ணினராய்
ஆங்கவற்றுக் கேற்றவா றாற்றுவழி பாடனைத்தும்
ஓங்குசிவ பூசை யுணர்",எண்ணுவன ஆம் எட்டு எழில் வடிவும் எந்தையாம் அண்ணல் உரு என்னும் அபேத மதி நண்ணினராய் ஆங்கு அவற்றுக்கு ஏற்றவாறு ஆற்று வழிபாடு அனைத்தும் ஓங்கு சிவ பூசை உணர்
"ஊனமாஞ் சீவ னுடையான் நிருவடிக்கீழ்
மானமுடி சேர்க்கும் வணக்கந்தான் யானென்னுஞ்
சீவபோ தத்தைச் செறுத்துச் சிவபோத
மேவலா மாங்கதன் மேல்",ஊனம் ஆம் சீவன் உடையான் திருவடிக்கீழ் மான முடி சேர்க்கும் வணக்கம்தான் யான் என்னும் சீவ போதத்தைச் செறுத்துச் சிவ போதம் மேவல் ஆம் ஆங்கு அதன் மேல்
"விக்கிரகா ராதனையின் மிக்க ரகசியத்தை
நெக்குருகிக் காணாது நிந்திப்போய் பொக்கமா
வூரு முடல்வடிவ விக்கிரக மேநானென்
றாராதிக் கின்ற தெவன்",விக்கிரக ஆராதனையின் மிக்க ரகசியத்தை நெக்கு உருகிக் காணாது நிந்திப்போய் பொக்கமா ஊரும் உடல் வடிவ விக்கிரகமே நான் என்று ஆராதிக்கின்றது எவன்
"உள்ளத் தநாதியா யுற்றபழ வாதனைசேர்
கள்ளவுயிர் ஞானக் கனலால்வெந் துள்ளே
விராவுசீ ர௬ுண்மையாய் மிஞ்சுதிரு நீறே
பராவிபூ திப்படிவம் பார்",உள்ளத்து அநாதியாய் உற்ற பழ வாதனை சேர் கள்ள உயிர் ஞானக் கனலால் வெந்து உள்ளே விராவு சீர் உண்மையாய் மிஞ்சு திரு நீறே பரா விபூதிப் படிவம் பார்
"குருவடிவங் கொண்டவருட் கோமானாம் பார்ப்பான்
வெருவலுறுஞ் சீவபோ தம்வெந் துருவழிய
ஓதா தொருமொழியை யோதிப் பராவாக்காற்
றூய்தாய ஞானச் சுடர்கொளுவிப் பூத
இதயத்தே சீடற் கினிதிற் புடம்வைத்
ததுவருள்வ தாகு மறி",குரு வடிவம் கொண்ட அருள் கோமானாம் பார்ப்பான் வெருவல் உறும் சீவ போதம் வெந்து உரு அழிய ஓதாது ஒரு மொழியை ஓதிப் பராவாக்கால் தூய்தாய ஞானச் சுடர் கொளுவிப் பூத இதயத்தே சீடற்கு இனிதில் புடம் வைத்து அது அருள்வது ஆகும் அறி
"அந்த விபூதி யணிந்தோ ரகன்ஞாலத்
தெந்த விதத்து மெதிரிலார் சிந்தையிலா
விந்தைசேர் ஞான விபூதியா முண்மையே
அந்தமிலாச் செம்பொரு ளாம்",அந்த விபூதி அணிந்தோர் அகல்ஞாலத்து எந்த விதத்தும் எதிர் இலார் சிந்தை இலா விந்தை சேர் ஞான விபூதி ஆம் உண்மையே அந்தம் இலாச் செம்பொருள் ஆம்
"விபூதியா மெய்யை விழைந்துபா சிப்போர்
விபூதியே தாமா விளைவார் விபூதி
அகந்தை யழிந்தஞா னான்ம சொரூப
முகந்ததுதா னாக வொழுகு",விபூதி ஆம் மெய்யை விழைந்து உபாசிப்போர் விபூதியே தாம் ஆக விளைவார் விபூதி அகந்தை அழிந்த ஞான ஆன்ம சொரூபம் முகந்தது தான் ஆக ஒழுகு
"ஆன்மாவ லோகனத்தா லந்தர் முகப்பட்டுத்
தான்மாய்த லுற்ற சடவகந்தை வான்மகிமற்
றெங்குமொன்றா யுள்ளத் தெரிஞானச் செந்தழலே
குங்குமச்சிந் தூரக் குலா",ஆன்ம அவலோகனத்தால் அந்தர் முகப்பட்டுத் தான் மாய்தல் உற்ற சட அகந்தை வான் மகி மற்று எங்கும் ஒன்றாய் உள்ளத்து எரி ஞானச் செம் தழலே குங்குமச் சிந்தூரக் குலா
"படிப்படியா வெல்லாப் படிவங் களையும்
அடிப்படையா மீசனுரு வாகக் கடைப்பிடிக்குங்
காட்சிவிளை விக்கவே காளைமுத லாம்பலவற்
றாட்சியடை வித்த தரற்கு",படிப்படியா எல்லாப் படிவங்களையும் அடிப்படை ஆம் ஈசன் உரு ஆகக் கடைப்பிடிக்கும் காட்சி விளைவிக்கவே காளை முதலாம் பலவற்று ஆட்சி அடைவித்தது அரற்கு
"ஆன்மவலி யான்முடிக்க லாகா வினையில்லை
ஆன்மவலி யென்ப தருள்வலியாம் ஆன்மவலி
மாட்டாது தோள்வாள் வலிமாட்டு மென்னல்புலை
யாட்டாய மாயை யழுக்கு",ஆன்ம வலியால் முடிக்கல் ஆகா வினை இல்லை ஆன்ம வலி என்பது அருள் வலி ஆம் ஆன்ம வலி மாட்டாது தோள் வாள் வலி மாட்டும் என்னல் புலை ஆட்டு ஆய மாயை அழுக்கு
"ஆற்ற லமைதிகளை யன்னியம்போல் வெவ்வேறாச்
சாற்றுவா ருள்ளபடி தாமறியார் சாற்றும்
அகநோக்கத் தாலமைதி யாவதே யேனை
முகநோக்கத் தாலாற்ற லாம்",ஆற்றல் அமைதிகளை அன்னியம் போல் வெவ்வேறாச் சாற்றுவார் உள்ளபடி தாம் அறியார் சாற்றும் அக நோக்கத்தால் அமைதி ஆவதே ஏனை முக நோக்கத்தால் ஆற்றல் ஆம்
"மிகைசா லொழுக்கம் விளையு நிலத்தில்
வகைசேர் தெறல்வன்மை வாய்ந்தும் தகைமைசால்
எண்மையோ டேய்ந்த வியல்பே யிறைமைசேர்
உண்மை யுணர்வுக் கழகு",மிகை சால் ஒழுக்கம் விளையும் நிலத்தில் வகை சேர் தெறல் வன்மை வாய்ந்தும் தகைமை சால் எண்மையோடு ஏய்ந்த இயல்பே இறைமை சேர் உண்மை உணர்வுக்கு அழகு
"இருவேறு கோடி யிணைபடுங்காற் றம்மில்
உருவேறு பட்டவிரு காந்தம் மருவும்
பெரிதின்பே ராற்றலே பெற்றுச் சிறிதும்
பெரிதினொரு பெற்றித்தே யாம்",இரு வேறு கோடி இணைபடுங்கால் தம்மில் உரு வேறுபட்ட இரு காந்தம் மருவும் பெரிதின் பேர் ஆற்றலே பெற்றுச் சிறிதும் பெரிதின் ஒரு பெற்றித்தே ஆம்
"யாவுமாய் நின்றதன்னை யேயுதவு மீசன்மாட்
டாவலா யற்பசித்தி யாசித்தல் யாவும்
வழங்கு முதாரகுண வள்ளன்மாட் டற்பப்
பழங்கூ ழிரக்கும் பரிசு",யாவுமாய் நின்ற தன்னையே உதவும் ஈசன் மாட்டு ஆவலாய் அற்ப சித்தி யாசித்தல் யாவும் வழங்கும் உதாரகுண வள்ளல் மாட்டு அற்பப் பழங்கூழ் இரக்கும் பரிசு
"அமிதசிதா காசசொரூ பான்மசித்த லோகத்
தமர்ந்துசில சித்தி யவாவல் அமுத
வளங்காணு முண்டி வழங்குறுவா னத்துப்
புளிங்காடி வேண்டினாற் போன்ம்",அமித சிதாகாச சொரூப ஆன்மசித்த லோகத்து அமர்ந்து சில சித்தி அவாவல் அமுத வளம் காணும் உண்டி வழங்குறு வானத்துப் புளிங்காடி வேண்டினால் போன்ம்
"சித்தித் தொகையொருங்கு சேர்வதாம் பாய்ந்தபர
பத்தித் தழற்கொழுந்து பற்றகத்தே பத்தர்
உடையா ஸனடிக்குமுற் றூணா முளத்தால்
அடையா ரவற்றுக் கவா",சித்தித் தொகை ஒருங்கு சேர்வது ஆம் பாய்ந்த பரபத்தித் தழல் கொழுந்து பற்று அகத்தே பத்தர் உடையான் அடிக்கு முற்று ஊண் ஆம் உளத்தால் அடையார் அவற்றுக்கு அவா
"சித்தத்தின் சாந்தியதே சித்தமா முத்தியெனிற்
சித்தத்தின் செய்கையின்றிச் சித்தியாச் சித்திகளிற்
சித்தஞ்சேர் வாரெங்கன் சித்தக் கலக்கந்தீர்
முத்திசுகந் தோய்வார் மொழி",சித்தத்தின் சாந்தி அதே சித்தமாம் முத்தி எனில் சித்தத்தின் செய்கை இன்றிச் சித்தியாச் சித்திகளில் சித்தம் சேர்வார் எங்ஙன் சித்தக் கலக்கம் தீர் முத்தி சுகம் தோய்வார் மொழி
"முத்தி நெறிக்கண் முயல்சா தகர்விவித
சித்திகளிற் சிந்தை செலுத்துவரேல் மெத்திய
பந்தமேன் மேலும் பலப்படுமாற் றாலகந்தைக்
கந்தமேன் மேற்கொழுக்குங் காண்",முத்தி நெறிக்கண் முயல் சாதகர் விவித சித்திகளில் சிந்தை செலுத்துவரேல் மெத்திய பந்தம் மேல் மேலும் பலப்படும் ஆற்றால் அகந்தைக்கு அந்தம் மேல் மேல் கொழுக்கும் காண்
"சுத்தசிதா காச சொரூபான்மா வானநீ
ரத்தபா தாதியுட லத்தோடு நித்தமெய்போல்
வந்துகூத் தாடு வதாமிந்த வான்சித்தி
விந்தையா மல்ல பிற",சுத்த சிதாகாச சொரூப ஆன்மா ஆன நீர் அஸ்த பாத ஆதி உடலத்தோடு நித்த மெய்போல் வந்து கூத்தாடுவதாம் இந்த வான் சித்தி விந்தை ஆம் அல்ல பிற
"முத்தி விலாச முழுமுதலாந் தன்சொருப
சித்தியே மெய்ஞ்ஞான சித்தியன்றி மத்தமனக்
கற்பனா சத்திக் கலக்கத்திற் சேர்ந்தனவே
மற்றவணி மாதி வகை",முத்தி விலாச முழுமுதலாம் தன்சொருப சித்தியே மெய்ஞ்ஞான சித்தி அன்றி மத்த மனக் கற்பனா சத்திக் கலக்கத்தில் சேர்ந்தனவே மற்ற அணிமாதி வகை
"இந்திர ஜாலிகனுந் தான்மயக்க மெய்தாம
லிந்தவுல கர்க்குமய லேய்விப்பான் மைந்தனே
சித்தனோ தான்மயங்கிச் சேர்க்குமய லிவ்வுலகர்க்
கெத்தனை விந்தை யிது",இந்திர ஜாலிகனும் தான் மயக்கம் எய்தாமல் இந்த உலகர்க்கு மயல் ஏய்விப்பான் மைந்தனே சித்தனோ தான் மயங்கிச் சேர்க்கும் மயல் இவ் உலகர்க்கு எத்தனை விந்தை இது
"ஆர்த்திதரு மெய்யுணர்வின் பாந்தன் னமுதவியல்
வேத்தியமா காதுமறை வித்தபாழ் ஊத்தைப்
புலையாடு பேயகந்தை பொன்றினார்க் கேயாம்
தொலையா வமுதத் துவம்",ஆர்த்தி தரும் மெய் உணர்வு இன்பு ஆம் தன் அமுத இயல் வேத்தியம் ஆகாது மறைவித்த பாழ் ஊத்தைப் புலை ஆடு பேய் அகந்தை பொன்றினார்க்கே ஆம் தொலையா அமுதத்துவம்
"ஏதிலுடம் பேதன்மெய் யென்னுமோ கத்தானே
சாதல்பிறப் புத்தனக்குச் சார்ந்தனவாம் ஆதலால்
அந்தமா மோக மழிந்தளவே யெய்தியதாம்
சொந்த வமுதத் துவம்",ஏது இல் உடம்பே தன் மெய் என்னும் மோகத்தானே சாதல் பிறப்புத் தனக்குச் சார்ந்தனவாம் ஆதலால் அந்த மாமோகம் அழிந்த அளவே எய்தியது ஆம் சொந்த அழுத்ததுவம்
"அயலொன்று தேக மகமென்று தோன்றும்
மயலன்றி யில்லை மரணம் மயலொன்
றகந்தையழிந் தொன்று மபேதஞா னான்ம
சுகந்தா னமுதத் துவம்",அயல் ஒன்று தேகம் அகம் என்று தோன்றும் மயல் அன்றி இல்லை மரணம் மயல் ஒன்று அகந்தை அழிந்து ஒன்றும் அபேதஞான ஆன்ம சுகம் தான் அமுதத்துவம்
"இந்தச் சரீரமே யானென் நிருக்குமவன்
அந்தச் சரீர வழிவஞ்சிச் சிந்தைதனை
ஆய்ந்துணர்ந்தான் மாவா யழிந்தொழிந்தா லன்றிமற்
றேய்ந்திடுமோ சாவா வியல்பு",இந்தச் சரீரமே யான் என்று இருக்கும் அவன் அந்தச் சரீர அழிவு அஞ்சிச் சிந்தைதனை ஆய்ந்து உணர்ந்து ஆன்மா ஆய் அழிந்து ஒழிந்தால் அன்றி மற்று ஏய்ந்திடுமோ சாவா இயல்பு
"சித்த விகாரத் தியக்கமறு மெய்த்தெளிவே
புத்தமுத மாகமனம் போற்றுக சுத்த
உணர்வா மதனை யொழிந்தபிறி தாலே
தணவாதுண் மோகமாஞ் சாவு",சித்த விகாரத் தியக்கம் அறு மெய்த் தெளிவே புத்தமுதம் ஆக மனம் போற்றுக சுத்த உணர்வு ஆம் அதனை ஒழிந்த பிறிதாலே தணவாது உள் மோகம் ஆம் சாவு
"ஊறுபடு மாயமா யுற்றழிப வும்பொருளாக்
கூறலுப சாரமுறைக் கூற்றேகாண் தேறும்
அறுதியாய் மிக்கமெய் யான்மவுணர் வொன்றே
உறுதிப் பொருளா முணர்",ஊறுபடு மாயமாய் உற்று அழிபவும் பொருளாக் கூறல் உபசார முறைக் கூற்றேகாண் தேறும் அறுதியாய் மிக்க மெய் ஆன்ம உணர்வு ஒன்றே உறுதிப் பொருளாம் உணர்
"அடுத்தடுத்து மூளு மகந்தையதன் மூலத்
திடத்தொடுக்க மாக விலங்கும் வடித்தெடுத்த
உண்மைத் தெளிவா முயரான்ம ஞானமே
உண்மையாங்் கற்ப முணர்",அடுத்து அடுத்து மூளும் அகந்தை அதன் மூலத்து இடத்து ஒடுக்கம் ஆக இலங்கும் வடித்து எடுத்த உண்மைத் தெளிவு ஆம் உயர் ஆன்ம ஞானமே உண்மை ஆம் கற்பம் உணர்
"பிணியா மனைத்தும் பிறப்பிக்கு மூலப்
பிணியா முடற்பெற்றி தேறார் பிணியை
வெருவாது வேண்டி விழற்கிறைப்பார் போல
உருவசித்தி வேண்டியுழல் வார்",பிணி ஆம் அனைத்தும் பிறப்பிக்கும் மூலப் பிணி ஆம் உடல் பெற்றி தேறார் பிணியை வெருவாது வேண்டி விழற்கு இறைப்பார் போல உருவ சித்தி வேண்டி உழல்வார்
"அடும்பிணிகட் கெல்லா மடிப்படையாய் நின்ற
விடம்படுமாங் காரப்பாழ் வீணர் உடம்பு
வலுப்படற்கா நோய்வலுக்க மாமருந்துண் பார்போற்
சலிப்பறத்தாஞ் செய்வார் தவம்",அடும் பிணிகட்கு எல்லாம் அடிப்படையாய் நின்ற விடம் படும் ஆங்காரப் பாழ்வீணர் உடம்பு வலுப்படற்கா நோய் வலுக்க மாமருந்து உண்பார்போல் சலிப்பு அறத் தாம் செய்வார் தவம்
"வருந்தித்தாம் வேண்டி வறுமையடைந் தாற்போற்
றிருந்தப் பலகாலஞ் செய்த அருந்தவத்தாற்
பூன்றமா மோனம் பொருந்தா துடலகந்தை
ஊன்றலாந் திண்பே துறவு",வருந்தித் தாம் வேண்டி வறுமை அடைந்தால் போல் திருந்தப் பல காலம் செய்த அரும் தவத்தால் பூன்றம் ஆம் மோனம் பொருந்தாது உடல் அகந்தை ஊன்றல் ஆம் திண் பேதுறவு
"வாழ்க்கையா மிஃது மனோமயமாய் மெய்ஞ்ஞானத்
தூழ்க்கையா லுள்ளுவார்க் குண்மையன்றே தாழ்க்கையா
லாருயிர்க்கு மிக்க வனர்த்தமே யன்றியதிற்
காரியமற் றேதுமிலை காண்",வாழ்க்கை ஆம் இஃது மனோமயமாய் மெய்ஞ்ஞானத்து ஊழ்க்கையால் உள்ளுவார்க்கு உண்மை அன்றே தாழ்க்கையால் ஆர் உயிர்க்கு மிக்க அனர்த்தமே அன்றி அதில் காரியம் மற்று ஏதும் இலை காண்
"கோரிக்கை வேண்டிக் குவலயத்தோர் நின்னுள்ளம்
பூரிக்க நல்கும் புகழ்பூசை வீரியத்தோ
டாண்டதவத் தோயை யகப்படுக்க மாயையிடு
தூண்டிற்பொன் னாகத் துணி",கோரிக்கை வேண்டிக் குவலயத்தோர் நின் உள்ளம் பூரிக்க நல்கும் புகழ் பூசை வீரியத்தோடு ஆண்ட தவத்தோயை அகப்படுக்க மாயை இடு தூண்டில் பொன் ஆகத் துணி
"இம்மை மறுமையிரண் டின்பங் களினுமுவர்ப்
பெம்மனிதர் தம்மு ளியல்பேயாய் உம்மையுள
திண்மையுறு பாக்கியத்தாற் சேரு மவர்க்கெளிதின்
உண்மை யுணர்ச்சி யுறும்",இம்மை மறுமை இரண்டு இன்பங்களினும் உவர்ப்பு எம்மனிதர் தம்முள் இயல்பேயாய் உம்மை உள திண்மை உறு பாக்கியத்தால் சேரும் அவர்க்கு எளிதின் உண்மை உணர்ச்சி உறும்
"சுகபோத சாந்தி சொரூபத்தி லன்றி
யிகமோக வாழ்க்கையிலின் றென்றே தகவோர்ந்து
மோனப் பதமா முடிந்த சொரூபவருள்
வானமாம் போதம் மருவு",சுக போத சாந்தி சொரூபத்தில் அன்றி இக மோக வாழ்க்கையில் இன்று என்றே தகவு ஓர்ந்து மோனப் பதமா முடிந்த சொரூப அருள் வானம் ஆம் போதம் மருவு
"உன்னொடுநட் புப்பூண் டொழுகுங் கெழுதகைமை
துன்னுமெனை யென்றுந் துறவாதே துன்னுமயல்
ஆசையற வெற்றி யறிவுச் சுடர்கொளுத்தும்
நேசவயி ராக்கியமே நீ",உன்னொடு நட்புப் பூண்டு ஒழுகும் கெழுதகைமை துன்னும் எனை என்றும் துறவாதே துன்னும் மயல் ஆசை அற எற்றி அறிவுச் சுடர் கொளுத்தும் நேச வயிராக்கியமே நீ
"பேயொடுநட் டாலும் பிரிவரிதே லெம்மையினும்
தீயிடரொட் டாதுறுதி சேர்ப்பிப்பாய் ஆயகுண
நல்லாயுன் னட்புரிமை நானிழக்க நேரினது
பல்லார் பகையிற் பழுது",பேயொடு நட்டாலும் பிரிவு அரிதேல் எம்மையினும் தீ இடர் ஒட்டாது உறுதி சேர்ப்பிப்பாய் ஆய குண நல்லாய் உன் நட்பு உரிமை நான் இழக்க நேரின் அது பல்லார் பகையில் பழுது
"எவ்வெக் கருத்தெழினு மெட்டுணையு முய்யவிடா
தவ்வக் கருத்துமுழு தக்கணமே தவ்வைத்
தளர்ச்சியுறா துற்பத்தித் தானத்தே சாய்த்தல்
கிளர்ச்சிதரு வைராக் கியம்",எவ்வெக் கருத்து எழினும் எள் துணையும் உய்யவிடாது அவ்வக் கருத்து முழுது அக்கணமே தவ்வைத் தளர்ச்சி உறாது உற்பத்தித் தானத்தே சாய்த்தல் கிளர்ச்சி தரு வைராக்கியம்
"விந்தையா மான்ம விசாரத்தால் வாதனைதாம்
சிந்தையர ணின்றுவெளிச் சேர்தோறும் அந்தத்
தொகைபடுதெவ் வோரைத் துடைத்துவரி னீற்றிற்
பகையரணந் தன்கைப் படும்",விந்தை ஆம் ஆன்ம விசாரத்தால் வாதனை தாம் சிந்தை அரண் நின்று வெளிச் சேர்தோறும் அந்தத் தொகைபடு தெவ்வோரைத் துடைத்துவரின் ஈற்றில் பகை அரணம் தன் கைப்படும்
"ஏன்றவுல கோர்வா னினுமயலா யற்றாகத்
தோன்றாமை ஞானத் துலக்கமாம் ஊன்றியுளம்
பற்றலற விவ்வுலகைப் பாழா மதித்துத்தான்
எற்றல் வயிராக் கியம்",ஏன்ற உலகு ஓர்வானினும் அயலாய் அற்று ஆகத் தோன்றாமை ஞானத் துலக்கம் ஆம் ஊன்றி உளம் பற்றல் அற இவ்வுலகைப் பாழா மதித்துத் தான் எற்றல் வயிராக்கியம்
"பளிங்கின்கண் ணேசெம் பரத்தநிறம் போல
விளங்கத்தி யாச விடயக் களங்காம்
தகரமறு சித்தந் தனிப்பரசச் சித்தாம்
தகரமா யாவா சகம்",பளிங்கின்கண்ணே செம்பரத்த நிறம் போல விளங்கு அத்தியாச விடயக் களங்கு ஆம் தகரம் அறு சித்தம் தனிப் பர சத் சித்து ஆம் தகரம் மாயா வாசகம்
"உளப்பாடு சான்றவுயி ரோவியத்திற் றெய்வ
வெளிப்பாடென் றான்றோர் வியப்பர் களிப்பால்
மிகத்தீமை செய்யும்பல் வேறெழில்கள் போலா
தகத்தூய்மை யேமெய் யழகு",உளப்பாடு சான்ற உயிர் ஓவியத்தில் தெய்வ வெளிப்பாடு என்று ஆன்றோர் வியப்பர் களிப்பால் மிகத் தீமை செய்யும் பல் வேறு எழில்கள் போலாது அகத்தூய்மையே மெய் அழகு
"அகத்தழகல் லாது புறத்தழகு காணின்
மிகுத்தழிவு பாடே விளையும் முகத்தின்
எரிசுடரை விட்டிலிச் சித்தலொடு நாகம்
விரிபெடையோ டாடும் விதம்",அகத்து அழகு அல்லாது புறத்து அழகு காணில் மிகுத்து அழிவுபாடே விளையும் முகத்தின் எரிசுடரை விட்டில் இச்சித்தலொடு நாகம் விரிபெடையோடு ஆடும் விதம்
"உழுவலன் புக்கிடனா வுற்றபே ரின்பாய்
விழுமியமெய்ஞ் ஞான விசும்பாய் எழுவாய்
அழிவிலா வான்மநிலை யாம்பூன்ற நின்று
நழுவலே காலனென நாடு",உழுவல் அன்புக்கு இடனா உற்ற பேர் இன்பாய் விழுமிய மெய்ஞ் ஞான விசும்பாய் எழுவாய் அழிவு இலா ஆன்ம நிலையாம் பூன்றம் நின்று நமுவலே காலன் என நாடு
"கருவைக்காத் தேங்குங் கலக்கத்துக் கேது
குருவைக்காத் தந்தக் குருவின் திருவருளால்
ஓர்ந்து பிரிவை யுணர்ந்திறுகத் தன்னைத்தான்
சேர்ந்து கிடக்கை சிறப்பு",கருவைக் காத்து ஏங்கும் கலக்கத்துக்கு ஏது குருவைக் காத்து அந்தக் குருவின் திரு அருளால் ஓர்ந்து பிரிவை உணர்ந்து இறுகத் தன்னைத் தான் சேர்ந்து கிடக்கை சிறப்பு
"சூதலா வுள்ளத்தே தோய்தலா லாருயிர்தன்
வாதனையு மாங்கே வதிவதலால் மீதலமாம்
மூளைக்கே மூண்டு கிடக்குமேன் மூளையொடு
மாளாதோ வாதனைதான் மற்று",சூது அலா உள்ளத்தே தோய்தலால் ஆருயிர்தன் வாதனையும் ஆங்கே வதிவது அலால் மீதலம் ஆம் மூளைக்கே மூண்டு கிடக்குமேல் மூளையொடு மாளாதோ வாதனைதான் மற்று
"குண்டலியா மங்கிக் கொழுந்துமே னோக்கலால்
மண்டையமு துங்கீழே வார்தலால் அண்டர்
மதியமுதத் துக்குமதஞ் செய்குண் டலிக்கும்
இதயமே மூலமென் றெண்",குண்டலி ஆம் அங்கிக் கொழுந்து மேல் நோக்கலால் மண்டை அமுதும் கீழே வார்தலால் அண்டர் மதி அமுதத்துக்கும் மதம் செய் குண்டலிக்கும் இதயமே மூலம் என்று எண்
"எவ்வெவ் வயிற்றன்னை யெண்ணினா னெண்ணியாற்
கவ்வவ் வயிற்றா னமர்ந்ததா அவ்வெணத்தாற்
றோற்றிடினு நானெனுமத் தோன்றற் கிலயத்தும்
போற்றுமுளந் தானே புகல்",எவ்வெவ் வயில் தன்னை எண்ணினான் எண்ணியாற்கு அவ் அவ் வயில் தான் அமர்ந்ததா அவ் எணத்தால் தோற்றிடினும் நான் எனும் அத் தோன்றற்கு இலயத்தும் போற்றும் உளம் தானே புகல்
"எவ்வவத் தைக்குமிட னென்னுமுளத் தன்னைவிடுத்
தெவ்வெவ் வயிற்றன்னை யெண்ணுவான் அவ்வவ்
வயிற்போ யிலயித்து மாழ்கலல் லாலோர்ந்
துயப்போவா னல்ல னுளத்து",எவ் அவத்தைக்கும் இடன் என்னும் உளத் தன்னை விடுத்து எவ்வெவ்வயில் தன்னை எண்ணுவான் அவ் அவ் வயில்போய் இலயித்து மாழ்கல் அல்லால் ஓர்ந்து உயப்போவான் அல்லன் உளத்து
"தள்ளத் தகுவதொடு கொள்ளத் தகுவதுமா
விள்ளப் படுமிதயம் வெவ்வேறாம் எள்ளும்
புலவிடய மாகப் பொருந்துமுதன் மார்பின்
றலமிடது பக்கஞ் சடம்",தள்ளத் தகுவதொடு கொள்ளத் தகுவதுமா விள்ளப் படும் இதயம் வெவ்வேறு ஆம் எள்ளும் புல விடயமாகப் பொருந்தும் முதல் மார்பின் தலம் இடது பக்கம் சடம்
"உள்ளும் புறமு முறப்போர்த் தொளிரிதயம்
தெள்ளியோர் தேறவலஞ் சேர்வதாம் எள்ளும்
உடன்மயமா மூடர்க்கே யூன்மயமாய் மார்பத்
திடமுகமா யேய்விதய மெண்",உள்ளும் புறமும் உறப் போர்த்து ஒளிர் இதயம் தெள்ளியோர் தேற வலம் சேர்வதாம் எள்ளும் உடல் மயமாம் மூடர்க்கே ஊன்மயமாய் மார்பத்து இடமுகமாய் ஏய்வு இதயம் எண்
"உயிரின் கிழவோ னுடம்பிலித யத்தே
செயிர்தீரச் சேர்ந்துகிட வானேற் பயில்வதேன்
யாவருநா னென்னும்போ தவ்விதயஞ் சேர்வலது
மார்வந்தாந் தட்டும் வழக்கு",உயிரின் கிழவோன் உடம்பில் இதயத்தே செயிர் தீரச் சேர்ந்து கிடவானேல் பயில்வது ஏன் யாவரும் நான் என்னும்போது அவ் இதயம் சேர் வலது மார்வம் தாம் தட்டும் வழக்கு
"அனைத்துந்தோன் றுந்நிலைக்கண் ணாடியென லாகும்
இனைத்தெனலா காமெய் யிதயம் தனித்தொளிரும்
வெற்றுணர்வாய் விஞ்சு விமலவெளி யாமஃதே
முற்றுமுழு மோன முதல்",அனைத்தும் தோன்றும் நிலைக் கண்ணாடி எனல் ஆகும் இனைத்து எனல் ஆகா மெய் இதயம் தனித்து ஒளிரும் வெற்று உணர்வாய் விஞ்சு விமல வெளியாம் அஃதே முற்று முழு மோன முதல்
"இதயக் கருவே யெவற்றுக்கு மாதி
இதயக் கருவே யிடையும் இதயக்
கருவே யிறுதி கனவிசும் பாமஃ
துருவேயன் றுண்மை யொளி",இதயக் கருவே எவற்றுக்கும் ஆதி இதயக் கருவே இடையும் இதயக் கருவே இறுதி கன விசும்பாம் அஃது உருவே அன்று உண்மை ஒளி
"போத சொரூபப் புணரியாந் தன்னகத்துச்
சாதலுறும் புத்தி சசாமெளனம் மோதப்பே
ரின்பக் கடலா மிதயப் பரவெளியே
யன்புசேர் தன்மெய் யகம்",போத சொரூபப் புணரி ஆம் தன் அகத்துச் சாதல் உறும் புத்தி சதா மெளனம் மோதப் பேர் இன்பக் கடல் ஆம் இதயப் பரவெளியே அன்புசேர் தன் மெய் அகம்
"அன்னியமொன் றின்றி யகண்டபரி பூரணமா
மன்னியதுன் னாலே மதிப்பரிதால் எந்நினைவும்
எண்ணா திருந்தொளிர்மெய் யின்பா மிதயமே
அண்ணா மலையெனான் மா",அன்னியம் ஒன்று இன்றி அகண்ட பரிபூரணமா மன்னியது உன்னாலே மதிப்பு அரிதால் எந்நினைவும் எண்ணாது இருந்து ஒளிர் மெய் இன்பு ஆம் இதயமே அண்ணாமலை என் ஆன்மா
"அந்தவித யத்தை யறிந்தா ரவலமுறார்
பந்தமதி கெட்டார் பரமானார் தொந்த
நினைப்பற்றா ருள்ளே நிசபரமா னந்த
முனைப்புற்றார் மோக முசித்து",அந்த இதயத்தை அறிந்தார் அவலம் உறார் பந்த மதி கெட்டார் பரம் ஆனார் தொந்த நினைப்பு அற்றார் உள்ளே நிச பரம ஆனந்த முனைப்பு உற்றார் மோகம் முசித்து
"அகத்தும் புறத்து மணைவதாய் நின்றே
அகத்தும் புறத்துமதின் றாகும் அகம்புறங்கள்
என்னும்பே தத்துக் கிடமாகத் தோன்றுமுடல்
உன்னுமனக் கற்பனையா லோர்",அகத்தும் புறத்தும் அணைவதாய் நின்றே அகத்தும் புறத்தும் அது இன்று ஆகும் அகம் புறங்கள் என்னும் பேதத்துக்கு இடமாகத் தோன்றும் உடல் உன்னும் மனக் கற்பனை ஆல் ஓர்
"தன்னு ளுடலிருக்கத் தானுடலுட் டுன்னுவதா
வுன்னுமூ டாணவஞ்சே ரோர்மனிதன் மன்னுமூ
லாதாரச் சீரையகத் தாடுநிழற் சித்திரத்தூ
டேய்தலா வஃதெண் ணினோன்",தன் உள் உடல் இருக்கத் தான் உடல் உள் துன்னுவதா உன்னும் மூட ஆணவம் சேர் ஓர் மனிதன் மன்னு மூலாதாரச் சீரை அகத்து ஆடும் நிழல் சித்திரத்து ஊடு ஏய்தலா அஃது எண்ணினோன்
"ஆகலினவ் வாகவடி வாகுமகங் காரமறச்
சாகலைத்தாங் கண்ட சமர்த்தரே மோகம்
அறத்தெளிந்த நுட்பமதி யாலதனை யெங்கும்
உறத்தெரிந்து சேர்வ ருயர்வு",ஆகலின் அவ் ஆக வடிவு ஆகும் அகங்காரம் அறச் சாகலைத் தாம் கண்ட சமர்த்தரே மோகம் அறத் தெளிந்த நுட்ப மதியால் அதனை எங்கும் உறத் தெரிந்து சேர்வர் உயர்வு
"ஆண்டவன் மோன வருட்சீ ரனுபூதி
யீண்ட விளங்கு மிதயமே காண்டலரும்
பல்வகைய போகப் பதங்களும்புற் கென்றொழிய
வெல்வதொரு கைவல் லியம்",ஆண்டவன் மோன அருள் சீர் அனுபூதி ஈண்ட விளங்கும் இதயமே காண்டல் அரும் பல்வகைய போகப் பதங்களும் புற்கு என்று ஒழிய வெல்வது ஒரு கைவல்லியம்
"விக்கேப மோகமற வீந்துண்மை மாத்திரமாத்
தொக்கேயுஞ் சுத்தந் துலங்குளமே மிக்க
நயந்தருவா னாள்வோரு நாட்டமுறுஞ் சீர்சால்
உயர்ந்தபர மான்ம வுலகு",விக்கேப மோகம் அற வீந்து உண்மை மாத்திரமாத் தொக்கு ஏயும் சுத்தம் துலங்கு உளமே மிக்க நயம் தரு வான் ஆள்வோரும் நாட்டம் உறும் சீர்சால் உயர்ந்த பரமான்ம உலகு
"எந்தவுட லேனுமுடல் யானென்னு மெண்ணம்போய்ப்
பந்தமற நின்றொளிர்சற் பானமே சிந்தும்
சகல வுயிருளமுந் தன்மயமாத் தங்கும்
அகிலபரா சத்தி யறி",எந்த உடலேனும் உடல் யான் என்னும் எண்ணம் போய்ப் பந்தம் அற நின்று ஒளிர் சத் பானமே சிந்தும் சகல உயிர் உளமும் தன்மயமாத் தங்கும் அகில பராசத்தி அறி
"தொந்தமற வுள்ளத்துட் சும்மா விருந்தொளிரும்
இந்தவுணர் வாமெய் யியற்கையே மந்த
அவுணவியல் பாய வகந்தைமதி காணா
மவுனமெனு ஞான வரம்பு",தொந்தம் அற உள்ளத்து உள் சும்மா இருந்து ஒளிரும் இந்த உணர்வு ஆம் மெய் இயற்கையே மந்த அவுண இயல்பு ஆய அகந்தைமதி காணா மவுனம் எனும் ஞான வரம்பு
"அந்த விலாச மமைந்தோனே தன்னடைந்த
எந்த வுயிரையுந்தன் னின்னருளாற் றொந்தமிலாச்
சொல்லருஞா னான்ம சொருபத்திற் சேர்க்கமிக
வல்லகுரு வாக மதி",அந்த விலாசம் அமைந்தோனே தன் அடைந்த எந்த உயிரையும் தன் இன் அருளால் ட இலாச் சொல் அரும் ஞான ஆன்ம சொருபத்தில் சேர்க்க மிக வல்ல குருவாக மதி
"பரத்துவமா மோனப் பதவொளியில் யானற்
றுருத்தபர பத்தியுணர் வூற்றாங் கருத்தின்
றிரத்துவமா முத்தமசச் சீடத் துவமே
குருத்துவமாக் கொள்க குறித்து",பரத்துவம் ஆம் மோனப் பத ஒளியில் யான் அற்று உருத்த பர பத்தி உணர்வு ஊற்று ஆம் கருத்தின் திரத்துவம் ஆம் உத்தம சத் சீடத்துவமே குருத்துவமாக் கொள்க குறித்து
"ஆன்மசொரூ பத்துக் கபிமுகமாச் சேர்த்துயிருக்
கான்மபர போத மளிப்போனே ஆன்ம
சொரூபமா மீசன் சொரூபமென் றான்றோர்
பராவுங் குருபரனாப் பற்று",ஆன்ம சொரூபத்துக்கு அபிமுகமாச் சேர்த்து உயிருக்கு ஆன்ம பரபோதம் அளிப்போனே ஆன்ம சொரூபம் ஆம் ஈசன் சொரூபம் என்று ஆன்றோர் பராவும் குருபரனாப் பற்று
"அடைந்தவர்க்குப் பின்னுமொன்றை யாணை யிடுவோன்
அடைந்தகொடுங் கூற்றுவிதி யாவான் அடைந்தவரைச்
செய்வன செய்து முடித்தோராத் தீர்ப்போனே
தெய்வ வருட்குருவாத் தேர்",அடைந்தவர்க்குப் பின்னும் ஒன்றை ஆணை இடுவோன் அடைந்த கொடும் கூற்று விதி ஆவான் அடைந்தவரைச் செய்வன செய்து முடித்தோராத் தீர்ப்போனே தெய்வ அருள் குருவாத் தேர்
"வெளியே குருவொருவன் வேண்டப் படுகை
களிசேருன் மத்தக் கருத்தால் வெளிப்பாய்ந்து
சச்சித்தா மான்மா சதாவிதயத் தோதுமெய்யை
நச்சித்தாங் கேளாமை யால்",வெளியே குரு ஒருவன் வேண்டப்படுகை களி சேர் உன்மத்தக் கருத்தால் வெளிப் பாய்ந்து சத் சித்து ஆம் ஆன்மா சதா இதயத்து ஓதும் மெய்யை நச்சித் தாம் கேளாமை யால்
"எலாவற் றிலுந்தா னெலாமா விருந்து
குலாவுசற் போதங் குரு",எலாவற்றிலும் தான் எலாமா இருந்து குலாவு சத் போதம் குரு
"ஈண்டுமா மோக விருள்சே ரிருவினையாற்
பூண்டசமு சாரப் புலப்பத்தோர்க் காண்ட
குருவருளிற் கொள்ளுங் குதூகலமே சிந்தைப்
பருவரலைப் பாற்று மருந்து",ஈண்டு மா மோக இருள் சேர் இருவினையால் பூண்ட சமுசாரப் புலப்பத்தோர்க்கு ஆண்ட குரு அருளில் கொள்ளும் குதூகலமே சிந்தைப் பருவரலைப் பாற்றும் மருந்து
"பசையா முவப்புவர்ப்புப் பற்றிச் செயலால்
வசைசேர் வினையின் வசத்தால் விசியுண்
டடுப்பா ரவல மகற்றிவீட் டின்பம்
கொடுப்பானே போலுங் குரு",பசை ஆம் உவப்பு உவர்ப்புப் பற்றிச் செயலால் வசை சேர் வினையின் வசத்தால் விசி உண்டு அடுப்பார் அவலம் அகற்றி வீட்டு இன்பம் கொடுப்பானே போலும் குரு
"பொய்யைமெய் யாகப் புலம்புவார்க் கம்மாய
மெய்யைப்பொய் யாக விளக்குவான் வையமிசைத்
தூலமா யுற்ற சுடர்க்குஞ் சுடரொளியாம்
கோலமா யுற்ற குரு",பொய்யை மெய் ஆகப் புலம்புவார்க்கு அம்மாய மெய்யைப் பொய் ஆக விளக்குவான் வையம் மிசைத் தூலமாய் உற்ற சுடர்க்கும் சுடர் ஒளியாம் கோலமாய் உற்ற குரு
"ஊனலகு வாக வுழலுயிரை யூனகந்தை
யானலகுத் தன்மை யறவொழித்து ஞானபரி
பூரணமெய்த் தன்மை புணர்ப்போ னருள்வெளியாங்
கூரியமெய்ஞ் ஞான குரு",ஊன லகு ஆக உழல் உயிரை ஊன் அகந்தை ஆன லகுத் தன்மை அற ஒழித்து ஞான பரி பூரண மெய்த் தன்மை புணர்ப்போன் அருள்வெளி ஆம் கூரிய மெய்ஞ் ஞான குரு
"அலகிலா மாட்சிசே ரான்மாவே யாகக்
குலவுமெய்ஞ் ஞானக் குரிசில் உலகக்
கறைபிடித்த மோகக் கறட்டுவா தத்தை
முறியடிக்கும் மோன முதல்",அலகு இலா மாட்சி சேர் ஆன்மாவே ஆகக் குலவு மெய்ஞ் ஞானக் குரிசில் உலகக் கறை பிடித்த மோகக் கறட்டு வாதத்தை முறியடிக்கும் மோன முதல்
"இல்ல திலதாக வேகப் பரஞ்சுடராய்
உள்ள துளதா வொளிருமா றொல்லெனவே
இல்லா துளனா யினானைத்தன் கண்ணிணையாற்
கொல்லாது கொல்வான் குரு",இல்லது இலது ஆக ஏகப் பரம் சுடராய் உள்ளது உளதா ஒளிருமாறு ஒல் எனவே இல்லாது உளன் ஆயினானைத் தன் கண் இணையால் கொல்லாது கொல்வான் குரு
"வெட்டி மனப்பேயை வீழ்த்திய மெய்ஞ்ஞானப்
பட்டயவாள் வீர ரருட்பலத்தால் பட்டிமன
மானகுரங் காட்டமறி லன்றியகத் தற்புதமெய்ஞ்
ஞானநடங் காண்ட லரிது",வெட்டி மனப்பேயை வீழ்த்திய மெய்ஞ்ஞானப் பட்டய வாள் வீரர் அருள் பலத்தால் பட்டி மனம் ஆன குரங்கு ஆட்டம் அறில் அன்றி அகத்து அற்புத மெய்ஞ்ஞான நடம் காண்டல் அரிது
"அவிச்சைநன வாங்கனா வாசானாற் சீடர்
கவிச்சமயல் போய்த்தெளிவர் காணாய் பவிச்ச
கனாவகத்துக் கண்டசிங் கத்தாலே யானை
தனாதுதுயில் போய்விழித்தல் சான்று",அவிச்சை நனவு ஆம் கனா ஆசானால் சீடர் கவிச்ச மயல் போய்த் தெளிவர் காணாய் பவிச்ச கனா அகத்துக் கண்ட சிங்கத்தாலே யானை தனாது துயில் போய் விழித்தல் சான்று
"நல்லா சிரியரருண் ஞானவிழிப் பட்டோர்தாம்
வல்லியத்து வாய்ப்பட்ட மான்போலப் புல்லியல்போய்க்
கைவலியங் காணக் கடவரலா லெஞ்ஞான்றும்
கைவிடத் தாம்படார் காண்",நல் ஆசிரியர் அருள் ஞான விழிப்பட்டோர் தாம் வல்லியத்து வாய்ப்பட்ட மான்போலப் புல் இயல் போய்க் கைவலியம் காணக் கடவர் அலால் எஞ்ஞான்றும் கைவிடத் தாம் படார் காண்
"ஆதித் தனைப்போ லபரிமித ஞானகுரு
பாதத் தொளியிற் படிந்தமனம் போத
சொருபத்திற் கற்பிதமாத் தோன்றலுறும் பேதத்
திரயத்திற் சேர்த லிலை",ஆதித்தனைப் போல் அபரிமித ஞானகுரு பாதத்து ஒளியில் படிந்த மனம் போத சொருபத்தில் கற்பிதமாத் தோன்றல் உறும் பேதத் திரயத்தில் சேர்தல் இலை
"ஒருசேட மாக வொளிரொளியைக் காட்டித்
தருமோன வள்ளலாய்த் தங்கும் குருசீடர்
கண்ணொடு கண்ணிணை நோக்கொக்கின் வாய்ச்சொற்கள்
என்ன பயனு மில",ஒரு சேடம் ஆக ஒளிர் ஒளியைக் காட்டித் தரும் மோன வள்ளலாய்த் தங்கும் குரு சீடர் கண்ணொடு கண் இணை நோக்கு ஒக்கின் வாய்ச்சொற்கள் என்ன பயனும் இல
"ஆண்டா னருளா லதுவே யகத்தகமா
மூண்டொளிரு மென்பர்முழு மூதறிஞர் காண்டலரு
வேதாந்த மான விசுத்தமோ னத்தொளிரும்
போதாந்த மாமெய்ப் பொருள்",ஆண்டான் அருளால் அதுவே அகத்து அகமா மூண்டு ஒளிரும் என்பர் முழு மூது அறிஞர் காண்டல் அரு வேதாந்தம் ஆன விசுத்த மோனத்து ஒளிரும் போதாந்தம் ஆம் மெய்ப் பொருள்
"பன்னற் கரிய பரமகுரு வின்னருளை
உன்னற் குரியபடி யுன்னியே முன்னிற்கும்
பொய்ம்மாயத் தோற்றப் புணர்ப்பிற் புகுதாது
சும்மா விருப்பே சுகம்",பன்னற்கு அரிய பரமகுரு இன் அருளை உன்னற்கு உரியபடி உன்னியே முன் நிற்கும் பொய்ம்மாயத் தோற்றப் புணர்ப்பில் புகுதாது சும்மா இருப்பே சுகம்
"யானா ரெனவிசா ரித்தோ விறையடியை
ஆனாது சிந்தித் தகங்குழைந்தோ ஊனமுறு
கள்ளமே லிட்டவகங் காரவொழுக் கங்கடிந்த
உள்ளமே ஞான வொளி",யான் ஆர் என விசாரித்தோ இறை அடியை ஆனாது சிந்தித்து அகம் குழைந்தோ ஊனம் உறு கள்ளம் மேலிட்ட அகங்கார ஒழுக்கம் கடிந்த உள்ளமே ஞான ஒளி
"ஆண்டா னருளா லமைதி யடையிலன்றி
யாண்டு மெவர்க்கும்மற் றெத்திறத்தும் வேண்டுவதோர்
சாந்தி விளைவதன்று சந்ததமு மவ்வருளே
யோர்ந்திடுக வுள்ளத் தொருங்கு",ஆண்டான் அருளால் அமைதி அடையில் அன்றி யாண்டும் எவர்க்கும் மற்று எத்திறத்தும் வேண்டுவதோர் சாந்தி விளைவது அன்று சந்ததமும் அவ்வருளே ஓர்ந்திடுக உள்ளத்து ஒருங்கு
"உய்ந்துபோ வாருக் குறுதி யுரைக்குங்கால்
ஐந்து மகப்படுக்கு மாமைபோல் ஐந்தும்
அடங்கி யொடுங்கி யகநோக்கிச் சிந்தை
மடங்கி யிருப்பே மகிழ்வு",உய்ந்து போவாருக்கு உறுதி உரைக்குங்கால் ஐந்தும் அகப்படுக்கும் ஆமை போல் ஐந்தும் அடங்கி ஒடுங்கி அகம் நோக்கிச் சிந்தை மடங்கி இருப்பே மகிழ்வு
"விளங்குவதா நிற்பதுதன் மெய்யான வுண்மை
உளங்கொளா யஃதே யுறுதி களங்கமறக்
கண்டுணர்ந்தா லுண்மைக் கடவுளொரு தன்வடிவா
மண்டுவதா மின்ப மயம்",விளங்குவதா நிற்பது தன் மெய்யான உண்மை உளம் கொளாய் அஃதே உறுதி களங்கம் அறக் கண்டு உணர்ந்தால் உண்மைக் கடவுள் ஒரு தன்வடிவா மண்டுவது ஆம் இன்ப மயம்
"பற்பலவுட் சிற்சிலவும் பார்ப்பானை யன்றியிலாச்
சொற்பனமே யாகத் துணிவுற்றுக் கற்பனையாம்
நாமரூ பத்துலகை நாடா தறிவுருவாம்
ஏமப் பொருளையே யெண்",பற்பலஉள் சிற்சிலவும் பார்ப்பானை அன்றி இலாச் சொற்பனமே ஆகத் துணிவு உற்றுக் கற்பனை ஆம் நாம ரூபத்து உலகை நாடாது அறிவு உருவு ஆம் ஏமம் பொருளையே எண்
"ஏக சொரூபமா வென்று மிருந்தொளிரும்
பாகமில்சுத் தான்மபர பாவனையே மோக
வுடல்சே ருயிருக் கொழியாப் பிறவிக்
கடலைக் கடத்தும் புணை",ஏக சொரூபமா என்றும் இருந்து ஒளிரும் பாகம் இல் சுத்த ஆன்மபர பாவனையே மோக உடல் சேர் உயிருக்கு ஒழியாப் பிறவிக் கடலைக் கடத்தும் புணை
"ஒன்றான வுண்மை யுணர்ந்தாலே யன்றியுயிர்க்
கென்றும்பொய்ம் மோக மிகத்தலிலை தொன்றுதொட்
டன்னியமென் றென்றுமின்றி யான்ம சொரூபமாத்
தன்னிலொளிர் சுத்தசச் சித்து",ஒன்று ஆன உண்மை உணர்ந்தாலே அன்றி உயிர்க்கு என்றும் பொய்ம் மோகம் இகத்தல் இலை தொன்று தொட்டு அன்னியம் என்றென்றும் இன்றி ஆன்ம சொரூபமாத் தன்னில் ஒளிர் சுத்த சத் சித்து
"உலகவிட யத்தி னொழியா துழலும்
கலகமன மாயை கடிந்தே சலவகந்தை
செத்துச் சிவமயமாய்த் தீர்ந்துலல வாதனையபோய்ச்
சுத்தவறி வாகத் துலங்கு",உலக விடயத்தின் ஒழியாது உழலும் கலக மன மாயை கடிந்தே சல அகந்தை செத்துச் சிவமயமாய்த் தீர்ந்து உலக வாதனை போய்ச் சுத்த அறிவு ஆகத் துலங்கு
"அழலா மநான்மவிட யத்துவெறு மண்டின்
றுழலா தொழியா துளதண் ணிழலாய்
விரிந்தார்ந்த சாந்தியொளிர் வீடா மிதயம்
பொருந்தான்ம போகம் புசி",அழல் ஆம் அநான்ம விடயத்து வெறும் மண் தின்று உழலாது ஒழியாது உள தண் நிழலாய் விரிந்து ஆர்ந்த சாந்தி ஒளிர் வீடு ஆம் இதயம் பொருந்து ஆன்ம போகம் புசி
"பத்தியுளம் பொங்கப் பரன்பதமே தஞ்சமாம்
புத்தியொடு செய்தவமேற் பூண்டோயே சத்திதரு
சித்திப்பே ராசையறத் தீர்ந்தே சதாசிவமாம்
முத்திப்பே ரின்ப முயங்கு",பத்தி உளம் பொங்கப் பரன் பதமே தஞ்சம் ஆம் புத்தியொடு செய்தவம் மேல் பூண்டோயே சத்தி தரு சித்திப் பேராசை அறத் தீர்ந்தே சதாசிவம் ஆம் முத்திப் பேரின்பம் முயங்கு
"அனர்த்தமறு மெய்யா மரன்வா லறிவின்
கனத்தபிழம் பாமொண் கழலை மனத்து
நினைப்புமறப் பொன்று நிகழா தருளின்
முனைப்புவசப் பட்டு முயங்கு",அனர்த்தம் அறு மெய்யாம் அரன் வால் அறிவின் கனத்த பிழம்பு ஆம் ஒண் கழலை மனத்து நினைப்பு மறப்பு ஒன்றும் நிகழாது அருளின் முனைப்பு வசப்பட்டு முயங்கு
"அருளையே முன்னிட் டடங்கினா லன்றி
மருளகந்தை சேர்ந்த மனத்தான் வெருள்சேர்
கலக்கமொரு காலுங் கழன்றிடான் சற்றும்
வெலற்கரிது வேக வினை",அருளையே முன்னிட்டு அடங்கினால் அன்றி மருள் அகந்தை சேர்ந்த மனத்தான் வெருள் சேர் கலக்கம் ஒருகாலும் கழன்றிடான் சற்றும் வெலற்கு அரிது வேக வினை
"ஆசா னநுபூதி யாச்சீ டனுக்கருளும்
தேசார் மொழியேயுச் சிட்டமாம் பேசாது
நிட்டா பரனாக நிற்றலே யுச்சிட்டம்
உட்டான் கொளலா முணர்",ஆசான் அறநுபூதியாச் சீடனுக்கு அருளும் தேசு ஆர் மொழியே உச்சிட்டம் ஆம் பேசாது நிட்டா பரன் ஆக நிற்றலே உச்சிட்டம் உள் தான் கொளல் ஆம் உணர்
"மோனகுரு வாய முழுமுதலுக் கூணாக
மானமாந் தன்னை வழங்கிப்பின் பானமாய்
எஞ்சிய தன்னை யிதயத்துட் கோடலே
விஞ்சுமுச் சிட்ட மிசைவு",மோன குரு ஆய முழுமுதலுக்கு ஊணாக மானம் ஆம் தன்னை வழங்கிப் பின் பானம் ஆய் எஞ்சிய தன்னை இதயத்துள் கோடலே விஞ்சும் உச்சிட்டம் இசைவு
"பாவமெலாம் பாற்றும் பரம பவித்திரமாம்
தேவர் மிசைந்தபரி சேடமென்பர் பூவுலகிற்
சச்சிட்டர் வாழுஞ் சதாசார வாழ்வேயவ்
வுச்சிட்ட மாக்கொ ளுளத்து",பாவம் எலாம் பாற்றும் பரம பவித்திரம் ஆம் தேவர் மிசைந்த பரிசேடம் என்பர் பூ உலகில் சத் சிட்டர் வாழும் சதாசார வாழ்வே அவ் உச்சிட்டமாக் கொள் உளத்து
"உரிமையா லாண்டானுக் குற்றசச் சீடர்
மரியாதை யாற்று மரபு தெரிவை
இறைவற் கியற்றுமரி யாதையே யென்ன
அறியிற் புறத்துமட்டே யாம்",உரிமையால் ஆண்டானுக்கு உற்ற சத் சீடர் மரியாதை ஆற்றும் மரபு தெரிவை இறைவற்கு இயற்றும் மரியாதையே என்ன அறியில் புறத்து மட்டே ஆம்
"கோதறுமெய்ஞ் ஞானக் கொழுந்தாங் குருமூர்த்தி
பாதமநு சந்திக்கும் பான்மையோர்க் கேதமறு
பத்திதரு மந்தப் பரனருளான் மெய்ஞ்ஞான
சித்திவருஞ் சித்தந் தெளிந்து",கோது அறு மெய்ஞ்ஞானக் கொழுந்து ஆம் குருமூர்த்தி பாதம் அநுசந்திக்கும் பான்மையோர்க்கு ஏதம் அறு பத்தி தரும் அந்தப் பரன் அருளால் மெய்ஞ்ஞான சித்தி வரும் சித்தம் தெளிந்து
"குருபரன் பாதங் குறிக்கொண் டொழுகுந்
திருவுடையோர்க் கன்பு செழிக்கும் மருவுசிவ
மெய்யன்பே ஞானமாய் வேற்றுப்பொய் யாசைகளை
நையவே சுட்டெரிக்கு நன்கு",குருபரன் பாதம் குறிக்கொண்டு ஒழுகும் திரு உடையோர்க்கு அன்பு செழிக்கும் மருவு சிவ மெய் அன்பே ஞானம் ஆய் வேற்றுப் பொய் ஆசைகளை நையவே சுட்டு எரிக்கும் நன்கு
"என்னையடை வாயே லிருவினையின் கட்டினின்று
முன்னைவிடு விப்பே னுணரென்று தன்னை
யடையச்சொல் கின்றா னருட்கடலாங் கண்ணன்
இடையர்ச் சுனனைமுன் னிட்டு",என்னை அடைவாயேல் இருவினையின் கட்டில் நின்றும் உன்னை விடுவிப்பேன் உணர் என்று தன்னை அடையச் சொல்கின்றான் அருள் கடல் ஆம் கண்ணன் இடை அர்ச்சுனனை முன்னிட்டு
"வருவா தனைமாய்த்து மாயமோ கத்தால்
வெருவாத ஞானம் விளைக்கும் குருபாத
வந்தனையார் பத்தி வழிபாடே யுண்மையுறு
மந்திரமாம் புந்தி மதி",வரு வாதனை மாய்த்து மாய மோகத்தால் வெருவாத ஞானம் விளைக்கும் குருபாத வந்தனை ஆர் பத்தி வழிபாடே உண்மை உறு மந்திரம் ஆம் புந்தி மதி
"ஞானகுரு வாக நடக்கும் பரசிவனுக்
கானவழி பாடனைத்து மாற்றிடினும் யானற்
றுயிர்க்குயிரா மந்த வுடையான்மாட் டொன்றும்
அயிக்கியமே போற்றி யடைவு",ஞான குரு ஆக நடக்கும் பரசிவனுக்கு ஆன வழிபாடு அனைத்தும் ஆற்றிடினும் யான் அற்று உயிர்க்கு உயிராம் அந்த உடையான் மாட்டு ஒன்றும் அயிக்கியமே போற்றி அடைவு
"ஏன்றநா னாரெனவுள் ளேய்ந்தவுசா வாலெழுந்த
பூன்றவநு போககுரு போதநிலை ஊன்றலாற்
பொய்ச்சீட போதமறப் பொன்றலே தேசிகர்க்குச்
சச்சீடர் செய்பூ சனை",ஏன்ற நான் ஆர் என உள் ஏய்ந்த உசாவால் எழுந்த பூன்ற அநுபோக குருபோத நிலை ஊன்றலால் பொய்ச் சீட போதம் அறப் பொன்றலே தேசிகர்க்குச் சத் சீடர் செய் பூசனை
"குருசொருப மாகக் குலவுறுமெய்ஞ் ஞானப்
பருதியென வெங்கும் பரந்த பரவெளிக்கே
சீவமதி தோன்றாச் சிறப்பியல்பே செய்தக்க
தேவகுரு பூசை தெளி",குரு சொருபம் ஆகக் குலவு உறு மெய்ஞ்ஞானப் பருதி என எங்கும் பரந்த பரவெளிக்கே சீவ மதி தோன்றாச் சிறப்பு இயல்பே செய்தக்க தேவ குரு பூசை தெளி
"ஆத்தநடை யாற்றா லகமோ டிதமாகக்
கோத்தவடி வெல்லாங் குருவடிவாப் பார்த்தலுடை
ஞானகுரு போதமலி நாட்டமே சச்சீடர்க்
கானகுரு பூசை யறி",ஆத்த நடை ஆற்றால் அகமோடு இதம் ஆகக் கோத்த வடிவு எல்லாம் குரு வடிவாப் பார்த்தல் உடை ஞான குரு போதம் மலி நாட்டமே சச்சீடர்க்கு ஆன குரு பூசை அறி
"ஏகரச மாக விருந்தொளிரு மான்மாநு
போககுரு போதப் புணரியிலே தேக
உருவா மகந்தை யுணர்வாய வாலி
கரைவே குருபூசை காண்",ஏக ரசம் ஆக இருந்து ஒளிரும் ஆன்ம அநுபோக குருபோதப் புணரியிலே தேக உருவாம் அகந்தை உணர்வு ஆய ஆலி கரைவே குருபூசை காண்
"நீக்கமறு மாசா னிறைவுபரிச் சின்னமா
ஆக்கலுறு மாசா மகங்கார நோக்கம்
மருவா வியல்பே மலையிலக்கா நின்ற
குருபூ சனையின் குலா",நீக்கம் அறும் ஆசான் நிறைவு பரிச்சின்னமா ஆக்கல் உறு மாசு ஆம் அகங்கார நோக்கம் மருவா இயல்பே மலை இலக்கா நின்ற குருபூசனையின் குலா
"உடலாதி தேசிகனுக் கொப்படைத்த பின்பவ்
வுடலாதி யானெனதென் றுட்கொண் டிடலாய
தத்தாப காரச் சழக்குத் தவிர்தலே
சுத்தகுரு பூசை துணி",உடல் ஆதி தேசிகனுக்கு ஒப்படைத்த பின்பு அவ் உடல் ஆதி யான் எனது என்று உட்கொண்டிடல் ஆய தத்தாபகாரச் சழக்குத் தவிர்தலே சுத்த குருபூசை துணி
"அழலுமுத் தாபமவித் தாண்டகுரு நாதன்
கழலகன்று காண்புலவெங் கானற் குழலுமுயிர்ச்
சேட்டை யொடுங்கிச் செறிதலே தீர்த்தன்பூந்
தாட்டுணைக்குச் செய்பூ சனை",அழலும் முத்தாபம் அவித்து ஆண்ட குருநாதன் கழல் அகன்று காண் புல வெம் கானற்கு உழலும் உயிர்ச் சேட்டை ஒடுங்கிச் செறிதலே தீர்த்தன் பூம் தாள் துணைக்குச் செய் பூசனை
"மனத்துருவ மாய மயலா மகந்தை
தனைத்துருவி யுள்ளத்துட் சார்தல் அனைத்தே
மனாதீத மாய மவுனகுரு மூர்த்தி
தனாதுமலர்த் தாட்பூ சனை",மனத்து உருவம் ஆய மயல் ஆம் அகந்தை தனைத் துருவி உள்ளத்து உள் சார்தல் அனைத்தே மனாதீதம் ஆய மவுன குரு மூர்த்தி தனாது மலர்த்தாள் பூசனை
"சடலமாச் சஞ்சரித்துஞ் சச்சித்தே போல
நடலஞ்செய் காரகந்தை நாட்டப் படலம்
படராமை பூசை பரவெளியா நின்று
சுடராசான் பூந்தாட் டுணர்க்கு",சடலமாச் சஞ்சரித்தும் சத் சித்தே போல நடலம் செய் கார் அகந்தை நாட்டப் படலம் படராமை பூசை பரவெளியா நின்று சுடர் ஆசான் பூம் தாள் துணர்க்கு
"குற்றமெலா நீத்துக் குணமனைத்துஞ் சேர்ந்தாலும்
சுற்றமெலா நீத்துத் துறந்தாலும் சொற்றபல
செய்தவங்கள் செய்தாலுந் தேசிகனைக் கூடுமள
வெய்துவரோ வின்ப நிலை",குற்றம் எலாம் நீத்துக் குணம் அனைத்தும் சேர்ந்தாலும் சுற்றம் எலாம் நீத்துத் துறந்தாலும் சொற்ற பல செய்தவங்கள் செய்தாலும் தேசிகனைக் கூடும் அளவு எய்துவரோ இன்ப நிலை
"முடிவாய நன்மையா முத்திப்பே ரின்பக்
குடிவாழ்வு பெற்றுக் குலவல் புடியாய
மூன்றுமொன் றாக முடிந்தகுரு நாதனருள்
ஏன்றுகொண் டன்றி யிலை",முடிவு ஆய நன்மை ஆம் முத்திப் பேர் இன்பக் குடி வாழ்வு பெற்றுக் குலவல் புடி ஆய மூன்றும் ஒன்று ஆக முடிந்த குருநாதன் அருள் ஏன்று கொண்டு அன்றி இலை
"அகமும் புறமு மகமு மிதமும்
இகமும் பரமு மெலாமும் புகுந்தளவற்
றாண்டா னறிவொளியா யம்மெய் யடியாருட்
டூண்டா மணிவிளக்காந் தூண்",அகமும் புறமும் அகமும் இதமும் இகமும் பரமும் எலாமும் புகுந்து அளவற்று ஆண்டான் அறிவு ஒளியாய் அம்மெய் அடியாருள் தூண்டா மணிவிளக்கு ஆம் தூண்
"புருகூதன் போலவே பூவுலகில் வாழ்வார்
அருகூர் கழிகாத லாலே குருகூ
ரருட்பார்வை தன்னை யறவேதா நம்பி
யிருப்பாருக் கில்லை யிடர்",புருகூதன் போலவே பூவுலகில் வாழ்வார் அருகு ஊர் கழி காதலாலே குரு கூர் அருள் பார்வை தன்னை அறவே தாம் நம்பி இருப்பாருக்கு இல்லை இடர்
"கலிவீட்டி யாண்டான்றன் காதலர்நெஞ் சத்திற்
கொலுவீற் றிருக்குங் குலாச்சீர் மலைபோற்றாம்
கண்டவர்கள் விண்டிலர்கள் விண்டவர்கள் கண்டிலர்கள்
மண்டு மடியார் மறை",கலி வீட்டி ஆண்டான் தன் காதலர் நெஞ்சத்தில் கொலு வீற்று இருக்கும் குலாச்சீர் மலைபோல் தாம் கண்டவர்கள் விண்டிலர்கள் விண்டவர்கள் கண்டிலர்கள் மண்டும் அடியார் மறை
"உகந்த வடியா ருளமுடிச்சை யோச்சி
அகழ்ந்தெறிய வல்ல வரிவாள் அகந்தை
மயல்போய தேசிகர்தம் மாண்பாய வான்ம
இயல்பாய நிட்டை யினிது",உகந்த அடியார் உள முடிச்சை ஓச்சி அகழ்ந்து எறிய வல்ல அரிவாள் அகந்தை மயல் போய தேசிகர்தம் மாண்பு ஆய ஆன்ம இயல்பு ஆய நிட்டை இனிது
"கற்றாங்கு ஞானங் கடைப்பிடித்துப் புன்புலமாம்
மற்றாங்குச் சிந்தை வழுவாது தேற்றமோ
டுண்மையொளி யாயுள் ளொழுகு மொழுக்கமே
உண்மையுப தேச முணர்",கற்று ஆங்கு ஞானம் கடைப்பிடித்துப் புன்புலம் ஆம் மற்று ஆங்குச் சிந்தை வழுவாது தேற்றமோடு உண்மை ஒளியாய் உள் ஒழுகும் ஒழுக்கமே உண்மை உபதேசம் உணர்
"அறத்தா றிதுவென் றடங்காது வாழ்க்கைக்
குறிக்கோள் கடைப்பிடித்துட் கொள்ளாத் திறத்தால்
வெறுவாயை மெல்லும் விதண்டையார் சாரல்
குறுகா ரறிவுடை யார்",அறத்து ஆறு இது என்று அடங்காது வாழ்க்கைக் குறிக்கோள் கடைப்பிடித்து உட் கொள்ளாத் திறத்தால் வெறு வாயை மெல்லும் விதண்டையார் சாரல் குறுகார் அறிவு உடையார்
"சித்தங் கலங்கித் திருவாய் சளசளக்கும்
பித்தரினஞ் சேரிற் பிழைபலவாம் செத்துமனம்
சுத்தமா மோனந் துலங்கப்பெற் றாருறவே
உத்தமநட் பாகு முணர்",சித்தம் கலங்கித் திருவாய் சளசளக்கும் பித்தர் இனம் சேரில் பிழை பல ஆம் செத்து மனம் சுத்தம் ஆம் மோனம் துலங்கப்பெற்றார் உறவே உத்தம நட்பு ஆகும் உணர்
"சட்டோ படவெறிந்து சஞ்சலந்தீர் சாந்தபத
நிட்டரொடு சேர்ந்தொழுகாய் நெஞ்சமே கெட்ட
அழிம்புதாம் பேசி யடாவழியிற் செல்லும்
தொழும்பரொடு பட்ட தொடர்பு",சட்டோபட எறிந்து சஞ்சலம் தீர் சாந்த பத நிட்டரொடு சேர்ந்து ஒழுகாய் நெஞ்சமே கெட்ட அழிம்பு தாம் பேசி அடா வழியில் செல்லும் தொழும்பரொடு பட்ட தொடர்பு
"துர்க்குணங்கள் யாவுந்தற் சோர்ந்தபிர மாதமாம்
பொய்க்களியே மூலமாப் பூத்தலால் அக்களிமால்
சேர்ந்த வகந்தை சிதைந்தமெய்ஞ் ஞானோப
சாந்தமே சற்குணச் சால்பு",துர்க் குணங்கள் யாவும் தன் சோர்ந்த பிரமாதம் ஆம் பொய்க் களியே மூலமாப் பூத்தலால் அக்களி மால் சேர்ந்த அகந்தை சிதைந்த மெய்ஞ் ஞான உபசாந்தமே சத்குணச் சால்பு
"கோதிலா ஞான குணத்தவரே சற்குணத்தோர்
ஏதிலார் மற்றை யிழிகுணத்தோர் ஆதலாற்
பொய்தீர்ந்த மெய்யுறுமப் புண்ணியர்தம் பக்கலே
உய்திபெற வேண்டு முணர்",கோது இலா ஞான குணத்தவரே சத்குணத்தோர் ஏதிலார் மற்றை இழி குணத்தோர் ஆதலால் பொய் தீர்ந்த மெய் உறும் அப் புண்ணியர்தம் பக்கலே உய்தி பெற வேண்டும் உணர்
"பொருவருஞா னான்மானு பூதிமாண் பாலே
பரசொருப மாகப் பழுத்த குருவருட்கண்
ணோக்குக் கிலக்காக நோற்கப்பெற் றார்பெருமை
வாக்குக்கெட் டாது மதி",பொரு அரு ஞான ஆன்ம அனுபூதி மாண்பாலே பர சொருபம் ஆகப் பழுத்த குரு அருள் கண் நோக்குக்கு இலக்கு ஆக நோற்கப் பெற்றார் பெருமை வாக்குக்கு எட்டாது மதி
"ஒட்பவடி யாரோ டுறவுக் கலப்புவந்து
திட்பமுள வன்னார் திருக்கூட்டத் துட்புக்
கொளித்துத்தன் மெய்யுருமற் றோருருக்கொண் டார்வந்
திளைத்துவிளை யாடுஞ் சிவன்",ஒட்ப அடியாரோடு உறவுக் கலப்பு உவந்து திட்பம் உள அன்னார் திருக்கூட்டத்து உள்புக்கு ஒளித்துத் தன் மெய் உரு மற்று ஓர் உருக் கொண்டு ஆர்வம் திளைத்து விளையாடும் சிவன்
"காணப் படுமுலகைக் காணாதே யவ்வுலகைக்
காணுந் தமைக்காணக் கற்பதே மாணவராற்
பேணத் தகும்பிரம விச்சையெனப் பேசுவார்
காணருங் காட்சி யவர்",காணப்படும் உலகைக் காணாதே அவ் உலகைக் காணும் தமைக் காணக் கற்பதே மாணவரால் பேணத் தகும் பிரம விச்சை எனப் பேசுவார் காண் அரும் காட்சி அவர்
"கானனீர் வையமுமக் காசினியைக் காண்பானும்
பானமார் கண்களின் பார்வையுமாய் ஆனதனை
எச்சமறச் சுட்டக்கா லெஞ்சியதைக் காண்டலே
விச்சைமற் றல்ல பிற",கானல் நீர் வையமும் அக் காசினியைக் காண்பானும் பானம் ஆர் கண்களின் பார்வையுமாய் ஆன தனை எச்சம் அறச் சுட்டக்கால் எஞ்சியதைக் காண்டலே விச்சை மற்று அல்ல பிற
"இன்றி யமையா தியலுந்தன் னுண்மைதனைத்
துன்றுநா னாரெனவுட் சோதித்தல் ஒன்றே
உயலுணர்த்தும் பன்மதத்து மூடுருவிச் செல்லு
முயிர்நாடி யாக வுணர்",இன்றி அமையாது இயலும் தன் உண்மைதனைத் துன்றும் நான் ஆர் என உள் சோதித்தல் ஒன்றே உயல் உணர்த்தும் பல் மதத்தும் ஊடு உருவிச் செல்லும் உயிர்நாடி ஆக உணர்
"அன்னியமோ வாகா தனனியமா யெல்லையிலா
மன்னுயிர்மாட் டெல்லாம் வயங்கொளியாம் பின்னமறப்
பன்மணியி ஜூடும் பயிலுஞ் சரடுபோல்
எம்மதத்தி னூடு மிறை",அன்னியமோ ஆகாது அனனியமாய் எல்லை இலா மன் உயிர் மாட்டு எல்லாம் வயங்கு ஒளி ஆம் பின்னம் அறப் பல் மணியின் ஊடும் பயிலும் சரடுபோல் எம்மதத்தின் ஊடும் இறை
"பலவாந் தகளிகளைப் பற்றித்தீ் யொன்றே
பலவாகக் காணும் பரிசே நிலவும்
பலவா முபாதிகளைப் பற்றித்தா னொன்றே
பலவாகக் காணும் பரிசு",பல ஆம் தகளிகளைப் பற்றித் தீ ஒன்றே பல ஆகக் காணும் பரிசே நிலவும் பல ஆம் உபாதிகளைப் பற்றித் தான் ஒன்றே பல ஆகக் காணும் பரிசு
"அமையுமதீ தத்தை யகவெள் ளிடையில்
இமயமெனக் காட்டுமொர்சொல் லின்றேற் சமய
வருக்கமெலாஞ் சேர்ந்துபர வஸ்துவையாய் வாத
தருக்கமெலாஞ் சந்தையிரைச் சல்",அமையும் அதீதத்தை அக வெள் இடையில் இமயம் எனக் காட்டும் ஒர் சொல் இன்றேல் சமயவருக்கம் எலாம் சேர்ந்து பர வஸ்துவை ஆய் வாத தருக்கம் எலாம் சந்தை இரைச்சல்
"தேற்றும் பலசமயஞ் சித்தப் பரிபாக
வேற்றுமை கொண்டே விளைந்தனவாம் போற்று
சமயங் களிலே சமரசக் காட்சி
யமையப் பெறல்கா ணறிவு",தேற்றும் பல சமயம் சித்தப் பரிபாக வேற்றுமை கொண்டே விளைந்தனவாம் போற்று சமயங்களிலே சமரசக் காட்சி அமையப் பெறல் காண் அறிவு
"தன்னுளே மூழ்கித் தனையறிந்த காட்சியருக்
கன்னியமொன் றில்லை யறிபடவே என்னை
உருவமாந் தன்மை யொழிந்துதா மன்னார்
அருவா மறிவுண்மை யால்",தன் உளே மூழ்கித் தனை அறிந்த காட்சியருக்கு அன்னியம் ஒன்று இல்லை அறிபடவே என்னை உருவம் ஆம் தன்மை ஒழிந்து தாம் அன்னார் அருவாம் அறிவு உண்மை ஆல்
"உயிர்க்கோயி லுள்ளே யுடையானைத் தேடித்
தியக்கமறக் கண்டு தெளிந்தோர் வியக்கும்
உலகப் பெருங்கோயி லுள்ளுமவன் றன்னைக்
குலவுறக்காண் கிற்பர் குறித்து",உயிர்க்கோயில் உள்ளே உடையானைத் தேடித் தியக்கம் அறக் கண்டு தெளிந்தோர் வியக்கும் உலகப் பெரும் கோயில் உள்ளும் அவன் தன்னைக் குலவு உறக் காண்கிற்பர் குறித்து
"உயிர்க்குயிரா வீச னுறைந்தொளிரு முண்மை
மயக்கறவே தேர்ந்த மனத்தோர் நயக்க
நிகழும் பரன்சந் நிதியாகு மேனோர்
இகழும் புழுமுன் னெலாம்",உயிர்க்கு உயிரா ஈசன் உறைந்து ஒளிரும் உண்மை மயக்கு அறவே தேர்ந்த மனத்தோர் நயக்க நிகழும் பரன் சந்நிதி ஆகும் ஏனோர் இகழும் புழு முன் எலாம்
"அருள்வடிவா நின்ற வகத்தோர்க் கறவே
யிருள்வடிவச் சிந்தை யிறக்கும் பொருள்வடிவாப்
பொங்குமனு பூதிப் பொலிவுற்ற காட்சியின்மற்
றெங்குமெலா மின்ப மயம்",அருள் வடிவா நின்ற அகத்தோர்க்கு அறவே இருள் வடிவச் சிந்தை இறக்கும் பொருள் வடிவாப் பொங்கும் அனுபூதிப் பொலிவு உற்ற காட்சியில் மற்று எங்கும் எலாம் இன்ப மயம்
"ஊன்கணார்க் கொண்மை யுருவத்து முள்ளப்பூ
வாங்கண்மா யோகியர்க்கு மந்தணர்க்கு வான்கெழுதீ
அவ்வயினுங் கண்ணா யிரம்படைத்த வித்தகருக்
கெவ்வயினுந் தோன்று மிறை",ஊன் கணார்க்கு ஒண்மை உருவத்தும் உள்ளப் பூ ஆம் கண் மா யோகியர்க்கும் அந்தணர்க்கு வான் கெழு தீ அவ்வயினும் கண் ஆயிரம் படைத்த வித்தகருக்கு எவ்வயினும் தோன்றும் இறை
"கடவுளைத்தான் கண்ணாரக் காண்கின்ற காட்சி
யுடலுருத்தா னன்றாக வோய்ந்து நடலைசே
ரெண்ணமாங் கற்பனையற் றேகசிதா காசவருட்
கண்ணளவாத் தான்கழிதல் காண்",கடவுளைத் தான் கண்ணாரக் காண்கின்ற காட்சி உடல் உருத் தான் அன்று ஆக ஓய்ந்து நடலை சேர் எண்ணம் ஆம் கற்பனை அற்று ஏக சிதாகாச அருள் கண் அளவாத் தான் கழிதல் காண்
"கள்ளப் புலத்தைக் கடிந்துமனக் கற்பனையைத்
தள்ளித்தன் மெய்யிற் றடத்தமாய் உள்ளத்
தறிவிலே யூன்றி யழுத்தமா நின்ற
செறிவிலே தோன்றுஞ் சிவம்",கள்ளப் புலத்தைக் கடிந்து மனக் கற்பனையைத் தள்ளித் தன் மெய்யில் தடத்தம் ஆய் உள்ளத்து அறிவிலே ஊன்றி அழுத்தமா நின்ற செறிவிலே தோன்றும் சிவம்
"கள்ளக் கரவறுமெய்க் காட்சியே யின்பவருள்
வெள்ளக் கடலா விளங்குநிலை உள்ளற்
கரிதான தன்மயமா வாண்டடைந்த மோனத்
தொருதாழ்வு மில்லை யுயிர்க்கு",கள்ளக் கரவு அறு மெய்க் காட்சியே இன்ப அருள் வெள்ளக் கடலா விளங்கும் நிலை உள்ளற்கு அரிது ஆன தன் மயமா ஆண்டு அடைந்த மோனத்து ஒரு தாழ்வும் இல்லை உயிர்க்கு
"தொல்லை யகங்காரத் தோன்றற்குத் தேருங்காற்
சொல்லள வல்லாற் பொருளுண்டோ இல்லையே
உள்ளதேற் பொய்யரவுக் குண்மைக் கயிறுபோற்
கள்ளமிலா மெய்ப்பொருளே காண்",தொல்லை அகங்காரத் தோன்றற்குத் தேருங்கால் சொல் அளவு அல்லால் பொருள் உண்டோ இல்லையே உள்ளதேல் பொய் அரவுக்கு உண்மைக் கயிறு போல் கள்ளம் இலா மெய்ப்பொருளே காண்
"அகந்தையடங் கிற்றன் னதிட்டான மாக
நிகழ்ந்தபரந் தாம நிறைவாம் அகந்தை
தொலையிற் றனாது சொருூபத்துக் கானி
இலைநீ கலங்கா திரு",அகந்தை அடங்கில் தன் அதிட்டானம் ஆக நிகழ்ந்த பரந்தாம நிறைவு ஆம் அகந்தை தொலையில் தனாது சொரூபத்துக்கு ஆனி இலை நீ கலங்காது இரு
"சிவத்துக் குணவாச் செழித்தொளிர்மெய்ஞ் ஞானத்
தவத்தழலிற் றம்மனத்தைப் பெய்தோர் சிவத்தின்
சொரூபமே யாகத் துணிந்து வழிபட்
டரூபசிவந் தேற லடைவு",சிவத்துக்கு உணவு ஆய்ச் செழித்து ஒளிர் மெய்ஞ் ஞானத் தவத் தழலில் தம் மனத்தைப் பெய்தோர் சிவத்தின் சொரூபமே ஆகத் துணிந்து வழிபட்டு அரூப சிவம் தேறல் அடைவு
"சீவபோ தத்தையொரு சேரவிடுத் தாற்சேர்வ
தியாவதோ வென்றைய மெய்தற்க மேவுகிளை
கைந்நழுவ விட்டாலிக் காசினியே போலான்ம
மெய்ந்நிலையே சேர்தல் விதி",சீவ போதத்தை ஒரு சேர விடுத்தால் சேர்வது யாவதோ என்று ஐயம் எய்தற்க மேவு கிளை கைந்நழுவ விட்டால் இக் காசினியே போல் ஆன்ம மெய்ந்நிலையே சேர்தல் விதி
"தவலருமெய் யான்மபதார்த் தத்தையுல குண்மை
இகலுஞ் சுழுத்தி யிடத்தும் அகமிதத்தின்
பொய்ப்பாடு காணுந்தன் போத சொருபத்தின்
மெய்ப்பாட்டா லொப்பல் விதி",தவல் அரு மெய் ஆன்ம பதார்த்தத்தை உலகு உண்மை இகலும் சுழுத்தி இடத்தும் அகம் இதத்தின் பொய்ப்பாடு காணும் தன் போத சொருூபத்தின் மெய்ப்பாட்டால் ஒப்பல் விதி
"யானென்னு மெண்ண மிறையு மெழாவியல்பே
தானென்னு மான்மபர தத்துவமாம் யானெனுமவ்
வெண்ண மெழாமையால் யாரே யிலரானார்
கண்ணயர்ந்து நின்றக் கடை",யான் என்னும் எண்ணம் இறையும் எழா இயல்பே தான் என்னும் ஆன்மபர தத்துவம் ஆம் யான் எனும் அவ் எண்ணம் எழாமையால் யாரே இலர் ஆனார் கண் அயர்ந்து நின்றக் கடை
"நானறுமத் தன்மையே நாடுங்காற் பொய்ச்சடமாம்
ஊனமறு தன்மெய் யுணர்வுருவாம் நானறுமத்
தன்மைக்கட் டானிலனோ தாக்கற் றறிதுயிலாம்
உண்மைக்கண் ணாடி யுணர்",நான் அறும் அத் தன்மையே நாடுங்கால் பொய்ச்சடம் ஆம் ஊனம் அறு தன் மெய் உணர்வு உரு ஆம் நான் அறும் அத் தன்மைக்கண் தான் இலனோ தாக்கு அற்று அறிதுயில் ஆம் உண்மைக்கண் நாடி உணர்
"நானற்று நிற்றலே ஞான சொரூபநிலை
தேனொத்த சாந்த சிவோகநிலை ஊனப்
பிறப்பிறப்பற் றோங்கும் பிரம்மநிர் வாணச்
சிறப்பெனுங்கை வல்லியமுந் தேர்",நான் அற்று நிற்றலே ஞான சொரூபநிலை தேன் ஒத்த சாந்த சிவோகநிலை ஊனப் பிறப்பு இறப்பு அற்று ஓங்கும் பிரம்ம நிர்வாணச் சிறப்பு எனும் கைவல்லியமும் தேர்
"சீவ வகந்தையறச் செத்தா லகண்டான்ம
பாவ வகந்தைப் பரிசொளிரும் பூவில்
உருத்துழலும் பந்தமா மூத்தையகந் தைபோற்
கிருத்திரிம மன்றக் கிளர்வு",சீவ அகந்தை அறச் செத்தால் அகண்ட ஆன்ம பாவ அகந்தைப் பரிசு ஒளிரும் பூவில் உருத்து உழலும் பந்தம் ஆம் ஊத்தை அகந்தை போல் கிருத்திரிமம் அன்று அக்கிளர்வு
"இயல்பா யிடைவிடா தென்று முளதாய்
மயல்போ யெழுமிதய மாண்பே செயல்களிடைக்
கத்தத் துவங்கமழாக் காட்சியான் முத்தரது
சுத்தாகங் காரந் துணி",இயல்பாய் இடைவிடாது என்றும் உளதாய் மயல் போய் எழும் இதய மாண்பே செயல்கள் இடைக் கத்தத்துவம் கமழாக் காட்சியால் முத்தரது சுத்த அகங்காரம் துணி
"ஊன வுடலகந்தை யோய்தலாற் பூரணமெய்ஞ்
ஞானமய வாழ்க்கை நடாத்துவோர் ஊனக்
கவலையறத் தம்மிற் களித்திருப்பர் சித்தச்
சபலமறு சாந்தி தழைத்து",ஊன உடல் அகந்தை ஓய்தலால் பூரண மெய்ஞ் ஞானமய வாழ்க்கை நடாத்துவோர் ஊனக் கவலை அறத் தம்மில் களித்து இருப்பர் சித்தச் சபலம் அறு சாந்தி தழைத்து
"உள்ளமாந் தன்மூல மோர்ந்தாலே நானெனும்பொய்க்
கள்ளமுதல் சாயக் கடவதாம் கள்ளமாம்
அம்முதல்சாய்ந் தாலே யபரோக்க மாவான்ம
மெய்ம்முதல்வீ றுற்றெழும்பு மேல்",உள்ளம் ஆம் தன் மூலம் ஓர்ந்தாலே நான் எனும் பொய்க் கள்ள முதல் சாயக் கடவது ஆம் கள்ளம் ஆம் அம்முதல் சாய்ந்தாலே அபரோக்கமா ஆன்ம மெய்ம்முதல் வீறு உற்று எழும்பும் மேல்
"அசாவிருள்வாய்த் தோன்றி யகிலமுமா யாடும்
அசார வகப்பே யதனை உசாவவது
மாப்பிளைத்தோ ழன்போன் மறையமெய் யான்மரவி
மீப்புலனா மாயையிருள் விண்டு",அசா இருள் வாய்த் தோன்றி அகிலமும் ஆய் ஆடும் அசார அகப்பேய் அதனை உசாவ அது மாப்பிளைத் தோழன் போல் மறைய மெய் ஆன்மரவி மீப்புலன் ஆம் மாயை இருள் விண்டு
"மோனவெளிப் புக்கு முடிந்தவகங் காரமே
ஞானவெளி யாக நடப்பதாம் ஆனதாற்
பொய்யகந்தை பொய்க்கனாப் போன்மூலம் புக்கொழிய
மெய்யகந்தா னாவெழுமே மேல்",மோனவெளிப் புக்கு முடிந்த அகங்காரமே ஞானவெளி ஆக நடப்பதாம் ஆனதால் பொய் அகந்தை பொய்க்கனாப் போல் மூலம் புக்கு ஒழிய மெய் அகம் தானா எழுமே மேல்
"உடற்சிலுவை யாங்க ணுடலகந்தை யேசு
உடற்றப்பட் டாங்கே யொழிய உடற்சியற
எஞ்சியமெய் யான்மா விறையா யிலங்கலவர்
உஞ்சுயிர்த்து மீட்டுமெழ லோர்",உடல் சிலுவை ஆங்கண் உடல் அகந்தை ஏசு உடற்றப்பட்டு ஆங்கே ஒழிய உடற்சி அற எஞ்சிய மெய் ஆன்மா இறையாய் இலங்கல் அவர் உஞ்சு உயிர்த்து மீட்டும் எழல் ஓர்
"அத்துவித மெய்யா மபரிமித மோனத்திற்
செத்துயிர்த்தல் கைவல்ய சித்தியாம் வித்தகமா
மந்நிலையின் மேவு மதீதசுத் தானந்தந்
தன்னியல்பின் மன்னுந் தழைத்து",அத்துவித மெய் ஆம் அபரிமித மோனத்தில் செத்து உயிர்த்தல் கைவல்ய சித்தி ஆம் வித்தகம் ஆம் அந்நிலையில் மேவும் அதீத சுத்தானந்தம் தன் இயல்பில் மன்னும் தழைத்து
"மனக்குறையா லேங்கிமதி மாழ்குமுயி ரந்த
மனக்கவலை தீர்ந்தே மகிழத் தனக்குமே
லாதிக்க மான வருட்பரமே தன்னுருவாச்
சாதிக்க வேண்டுவது தான்",மனக் குறையால் ஏங்கி மதி மாழ்கும் உயிர் அந்த மனக்கவலை தீர்ந்தே மகிழத் தனக்கு மேல் ஆதிக்கம் ஆன அருள் பரமே தன் உருவாச் சாதிக்க வேண்டுவது தான்
"எதனை மறந்ததனா லிவ்வுலக மாயை
மதனுடைத்தாய்த் தன்னை மயக்கிற் றதனை
அறிந்தாலே யன்றி யணுவளவுந் துன்பம்
இறந்தொழித லென்ப திலை",எதனை மறந்ததனால் இவ் உலக மாயை மதன் உடைத்து ஆய்த் தன்னை மயக்கிற்று அதனை அறிந்தாலே அன்றி அணு அளவும் துன்பம் இறந்து ஒழிதல் என்பது இலை
"தனது மனைமக்கள் சாவுக் கழுவோன்
தனதுநிலை யேதெனத்தற் சார்ந்து முனதாத்
தனாஅ துடலகந்தைச் சாவுக் கழவே
தனாதரந்தை முற்றுமறச் சாம்",தனது மனை மக்கள் சாவுக்கு அழுவோன் தனது நிலை ஏது எனத் தன் சார்ந்து முனது ஆகத் தனாஅது உடல் அகந்தைச் சாவுக்கு அழவே தனாது அரந்தை முற்றும் அறச் சாம்
"உயிருடலம் பற்றி யுயிர்க்கன்பு செய்யின்
உயிருடலஞ் சாவுறுங்கா லுண்டாம் துயரறவே
அவ்வுயிரின் மெய்யுருவா மான்மாவைப் பற்றியே
எவ்வமறு மெய்யன் பியற்று",உயிர் உடலம் பற்றி உயிர்க்கு அன்பு செய்யின் உயிர் உடலம் சாவு உறுங்கால் உண்டாம் துயர் அறவே அவ் உயிரின் மெய் உரு ஆம் ஆன்மாவைப் பற்றியே எவ்வம் அறு மெய் அன்பு இயற்று
"சார்வதன் முன்னமணுத் தானுமா மேருவாய்ச்
சார்ந்தபின் மாறாய்ச் சரிந்துநல் கூர்ந்திடலால்
ஆர்தற் கரும்பே ரவாப்போல யாங்காணேம்
தூர்தற் கரும்பாழ்ங் குழி",சார்வதன் முன்னம் அணுத் தானும் மா மேருவாய்ச் சார்ந்தபின் மாறாய்ச் சரிந்து நல்கூர்ந்திடலால் ஆர்தற்கு அரும் பேர் அவாப்போல யாம் காணேம் தூர்தற்கு அரும் பாழ்ம் குழி
"நிறைவையே நாடியநன் னெஞ்சரே நெஞ்சக்
குறைவாய வந்நல் குரவை உறுபொருளால்
நீந்திக் கடக்க நினையாமற் சித்தோப
சாந்தி யடைதலே சால்பு",நிறைவையே நாடிய நல் நெஞ்சரே நெஞ்சக் குறைவாய அந் நல்குரவை உறு பொருளால் நீந்திக் கடக்க நினையாமல் சித்தோப சாந்தி அடைதலே சால்பு
"ஆண்டவன் பாதத் தழுந்துமனம் பூர்வம்போற்
றாண்டவ மாடத் தலைப்படுமோ பூண்ட
வதூவரத் தன்மைசேர் வாழ்க்கையிலே மோகக்
குதூகலங் கொண்டு குதித்து",ஆண்டவன் பாதத்து அழுந்தும் மனம் பூர்வம்போல் தாண்டவம் ஆடத் தலைப்படுமோ பூண்ட வதூவரத் தன்மைசேர் வாழ்க்கையிலே மோகக் குதூகலம் கொண்டு குதித்து
"பெருத்தபே ரின்பமென்பர் பேரறிஞர் சித்த
விருத்தி யனைத்தும் விளிவைக் கருத்தின்
இராகந் துவேஷ மிரண்டு மகன்ற
நிராசையே நல்ல நெறி",பெருத்த பேர் இன்பம் என்பர் பேர் அறிஞர் சித்த விருத்தி அனைத்தும் விளிவைக் கருத்தின் இராகம் துவேஷம் இரண்டும் அகன்ற நிராசையே நல்ல நெறி
"ஆசை யுளார்க்கேயவ் வாசை யடர்ப்புறுங்கால்
நீச வெகுளியெழு நிச்சயத்தால் ஆசை
இறுபவற்று ளெல்லா மிறுதியாங் காமஞ்
செறுவெகுளிக் கட்செறிவ தாம்",ஆசை உளார்க்கே அவ் ஆசை அடர்ப்பு உறுங்கால் நீச வெகுளி எழும் நிச்சயத்தால் ஆசை இறுபவற்றுள் எல்லாம் இறுதி ஆம் காமம் செறு வெகுளிக்கண் செறிவது ஆம்
"பேசாத மோனப் பெரும்பதப்பேற் றாசையுமே
ஆசார மாட்சிக் கயலென்றாற் றேசிலா
மாசா ருடம்போடு மற்றவற்றின் மேலாசை
ஆசார மாமோ வறை",பேசாத மோனப் பெரும்பதப் பேற்று ஆசையுமே ஆசார மாட்சிக்கு அயல் என்றால் தேசு இலா மாசு ஆர் உடம்போடு மற்றவற்றின் மேல் ஆசை ஆசாரம் ஆமோ அறை
"எனக்கிது வேண்டு மிதுவெனக் கில்லை
எனக்கருதுஞ் சிந்தை யிலாதான் வினைக்கீடாப்
போந்ததுகொண் டின்பம் பொருந்தலன்றித் தன்னிலையிற்
பேர்ந்தெவன்கொல் பேதுழப் பான்",எனக்கு இது வேண்டும் இது எனக்கு இல்லை எனக் கருதும் சிந்தை இலாதான் வினைக்கு ஈடாப் போந்தது கொண்டு இன்பம் பொருந்தல் அன்றித் தன் நிலையில் பேர்ந்து எவன்கொல் பேது உழப்பான்
"ஆசாபா சக்கட் டறவறுத்தோர்க் கல்லாது
மாசாருந் தோற்ற மடியாதே தேசாரும்
பேசா வுபசாந்தப் பேரின்பத் தாசையையும்
கூசா தறுத்தல் குறி",ஆசாபாசக் கட்டு அற அறுத்தோர்க்கு அல்லாது மாசு ஆரும் தோற்றம் மடியாதே தேசு ஆரும் பேசா உபசாந்தப் பேர் இன்பத்து ஆசையையும் கூசாது அறுத்தல் குறி
"இம்மை மறுமைச்சிற் றின்பமே லாசையாய்
மம்ம ருழந்த மடநெஞ்சே நிம்மதியாய்
நின்றானீ யெய்துவாய் நிண்ணயமா யவ்விரண்டை
வென்றாய பேரின்ப வீடு",இம்மை மறுமைச் சிற்றின்பம் மேல் ஆசை ஆய் மம்மர் உழந்த மடநெஞ்சே நிம்மதி ஆய் நின்றால் நீ எய்துவாய் நிண்ணயமாய் அவ் இரண்டை வென்று ஆய பேர் இன்ப வீடு
"தேகமகஞ் சீவ சுதந்தரமால் தேய்ந்திறலே
சோகமின்மெய் யான்ம சுதந்தரமாம் சாகைச்
சமயமெலா வற்றின் சமரசமா யொக்க
அமைவதுவா மஃதே யறிவு",தேகம் அகம் சீவ சுதந்தர மால் தேய்ந்து இறலே சோகம் இல் மெய் ஆன்ம சுதந்திரம் ஆம் சாகைச் சமயம் எலாவற்றின் சமரசம் ஆய் ஒக்க அமைவது ஆம் அஃதே அறிவு
"தன்னை யறியாத் தவற்றா லுறும்பிறவி
பின்னை யெதனாலும் பேராது துன்னுமயற்
கோச வகந்தை குலைந்தொழிந்த மெய்யுணர்வே
பாச விமோசம் பணும்",தன்னை அறியாத் தவற்றால் உறும் பிறவி பின்னை எதனாலும் பேராது துன்னும் மயல் கோச அகந்தை குலைந்து ஒழிந்த மெய் உணர்வே பாச விமோசம் பணும்
"மெத்தவெழுஞ் சித்த விருத்தியையே யல்லாது
பெத்தமெனக் காணாத பேரறிஞர் எச்சமறச்
செத்த விருத்தியுடைச் சித்தத்தை யல்லாது
முத்தியெனக் காணார் முறை",மெத்த எழும் சித்த விருத்தியையே அல்லாது பெத்தம் எனக் காணாத பேர் அறிஞர் எச்சம் அறச் செத்த விருத்தி உடைச் சித்தத்தை அல்லாது முத்தி எனக் காணார் முறை
"மட்டுண்டாற் போன்று மயங்கலுறு மம்மனமே
கட்டுண்டாற் போன்று கலங்கலுறுஞ் சீவான்மா
வெஃகி யெனைத்தும் வியவாது நின்றக்கால்
அஃதே பரமான்மா வாம்",மட்டு உண்டால் போன்று மயங்கல் உறும் அம்மனமே கட்டு உண்டால் போன்று கலங்கல் உறும் சீவ ஆன்மா வெஃகி எனைத்தும் வியவாது நின்றக்கால் அஃதே பரம ஆன்மா ஆம்
"நீயா ரவனா ரெனப்புறத்து நீளமனம்
போயே வினாவுமப் போக்கொழிந்தே ஓயாது
தானாவ லாகத் தனைக்குறித்துத் தன்னகத்து
நானா ரெனக்கேட்கை நன்று",நீ யார் அவன் ஆர் எனப் புறத்து நீள மனம் போயே வினாவும் அப் போக்கு ஒழிந்தே ஓயாது தான் ஆவலாகத் தனைக்குறித்துத் தன் அகத்து நான் ஆர் எனக் கேட்கை நன்று
"நானா ரெனத்தன் னடுவூ டுருவுநோக்
கானாது கூர்த்த வறிவாலே நானானென்
றுண்மைப் பொருளோங்க வூனகந்தை யற்றொழிந்தால்
விண்மை விகற்ப மறும்",நான் ஆர் எனத் தன் நடு ஊடுருவு நோக்கு ஆனாது கூர்த்த அறிவாலே நான் நான் என்று உண்மைப் பொருள் ஓங்க ஊன் அகந்தை அற்று ஒழிந்தால் விண்மை விகற்பம் அறும்
"கேட்குந்தா னாரெனுமக் கேள்வியாற் கேடுறுவ
கேட்கப் படுந்துவிதக் கேள்வியெலாம் கேட்குந்தா
னாரெனுமக் கேள்விபிர மாத்திரமாய்க் காரவிச்சை
யாரனியத் தோற்ற மடும்",கேட்கும் தான் ஆர் எனும் அக் கேள்வியால் கேடு உறுவ கேட்கப் படும் துவிதக் கேள்வி எலாம் கேட்கும் தான் ஆர் எனும் அக் கேள்வி பிரம்மாஸ்திரமாய்க் கார் அவிச்சை ஆர் அனியத் தோற்றம் அடும்
"கள்ளப் புலம்புறத்துக் காண்போனா ரென்றுசாஅய்த்
துள்ளு மகந்தைத் துடுக்கறத்தான் உள்ளத்து
நீடியமெய்ஞ் ஞானபர நிட்டையுற லேயுயிர்க்கு
வீடியல் வாய்க்கும் விதம்",கள்ளப் புலம் புறத்துக் காண்போன் ஆர் என்று உசாஅய்த் துள்ளும் அகந்தைத் துடுக்கு அறத் தான் உள்ளத்து நீடிய மெய்ஞ் ஞான பர நிட்டை உறலே உயிர்க்கு வீடு இயல் வாய்க்கும் விதம்
"நானா ரெனத்தன்மெய் நாடுமுயிர் நானறுமெய்
யானவான் மாவா வறும்",நான் ஆர் எனத் தன் மெய் நாடும் உயிர் நான் அறு மெய் ஆன ஆன்மாவா அறும்
"மதியைவெளிச் செல்லாது மாற்றித்தன் மூல
இதயமெனு மான்மா விடத்தே சததமுற
யானெனும்பா ழெண்ண மெழவொட்டா தூன்றலே
ஆன்ம விசாரத் தடைவு",மதியை வெளிச் செல்லாது மாற்றித் தன் மூல இதயம் எனும் ஆன்மா இடத்தே சததம் உற யான் எனும் பாழ் எண்ணம் எழ ஒட்டாது ஊன்றலே ஆன்ம விசாரத்து அடைவு
"உள்ளத் துணர்வா யொளிரும் பரம்பொருளை
மெள்ளத் தனித்திருந்து மேவாமற் பொள்ள
வெளித்தேடி யெங்கும் விசாரித்தல் கீழ்நீர்க்
குளித்தானைத் தீத்துரீஇ யற்று",உள்ளத்து உணர்வாய் ஒளிரும் பரம்பொருளை மெள்ளத் தனித்து இருந்து மேவாமல் பொள்ள வெளித்தேடி எங்கும் விசாரித்தல் கீழ் நீர்க் குளித்தானைத் தீத்துரீஇ அற்று
"பஞ்சகோ சத்துட் படிந்துளதம் மான்மாவை
நெஞ்சத் தலம்புக்கு நேர்படார் விஞ்சையா
நூன்முயலுங் கேள்விச்சீர் நூலுசா வல்லான்மற்
றான்ம விசாரமோ வன்று",பஞ்ச கோசத்துள் படிந்து உள தம் ஆன்மாவை நெஞ்சத் தலம் புக்கு நேர்படார் விஞ்சைஆம் நூல் முயலும் கேள்விச் சீர் நூல் உசா அல்லால் மற்று ஆன்ம விசாரமோ அன்று
"நெஞ்சி லுயிரை நிறுவும் மனோலயத்தாற்
சஞ்சலந்தீர்ந் துண்டான சாந்தியிலே அஞ்சுணர்வொன்
றான வகத்தூ டறிவாலே கூர்த்தாராய்ந்
தூனமில்சச் சித்தை யுணர்",நெஞ்சில் உயிரை நிறுவும் மனோலயத்தால் சஞ்சலம் தீர்ந்து உண்டான சாந்தியிலே அஞ்சு உணர்வு ஒன்று ஆன அகத்து ஊடு அறிவாலே கூர்த்து ஆராய்ந்து ஊனம் இல் சத் சித்தை உணர்
"மிக்கஞா னான்ம விசாரமாஞ் செந்நெறிவாய்ப்
புக்கார் வழிமாறிப் போதலிலை அர்க்கனென
நேரிதா மந்த நெறியேதன் னேர்மையைத்தற்
சாரு மவர்க்குணர்த்துந் தான்",மிக்க ஞான ஆன்ம விசாரமாம் செம் நெறிவாய்ப் புக்கார் வழி மாறிப் போதல் இலை அர்க்கன் என நேரிது ஆம் அந்த நெறியே தன் நேர்மையைத் தன் சாரும் அவர்க்கு உணர்த்தும் தான்
"சாவசா வேயாய தன்மையா லச்சங்கூர்
சாவைக் கடக்கத் தலைப்பட்டார்க் கோவா
தசாவொழிக்க வேண்டு மவசியத்தா லான்ம
விசாரணைக்கு வேண்டா விதி",சாவு அசாவே ஆய தன்மையால் அச்சம் கூர் சாவைக் கடக்கத் தலைப்பட்டார்க்கு ஓவாது அசா ஒழிக்க வேண்டும் அவசியத்தால் ஆன்ம விசாரணைக்கு வேண்டா விதி
"நினைவெழுந்தோ றந்த நினைவைநிறை வேற்றத்
தினையளவுஞ் சிந்தை செயாதே அனைய
நினைவுதா னார்க்கு நிகழ்ந்ததென முன்னம்
தனைவிசா ரித்த றகும்",நினைவு எழுந்தோறு அந்த நினைவை நிறைவேற்றத் தினை அளவும் சிந்தை செயாதே அனைய நினைவுதான் ஆர்க்கு நிகழ்ந்தது என முன்னம் தனை விசாரித்தல் தகும்
"எனக்கன்றோ தோன்றிற்றிவ் வெண்ணமினி நானார்
எனத்தன்னு எளாழ்ந்துவிசா ரிக்க மனதும்
தனது பிறப்பிடம்போய்த் தாழு மெழுந்த
நினைவுமே நீங்கி விடும்",எனக்கு அன்றோ தோன்றிற்று இவ் எண்ணம் இனி நான் ஆர் எனத் தன்னுள் ஆழ்ந்து விசாரிக்க மனதும் தனது பிறப்பிடம் போய்த் தாழும் எழுந்த நினைவுமே நீங்கி விடும்
"பரிசிதுவா நாளும் பயிலப் பயிலத்
துரிசறலாற் சித்தமிகத் தூய்தாய்த் தருமுசாத்
தொட்டவுட னவ்விதயந் தோயுமா றவ்வளவு
மெத்தவெளி தாகி விடும்",பரிசு இதுவா நாளும் பயிலப் பயிலத் துரிசு அறலால் சித்தம் மிகத் தூய்து ஆய்த் தரும் உசாத் தொட்ட உடன் அவ் இதயம் தோயுமாறு அவ்வளவு மெத்த எளிது ஆகி விடும்
"தழலுற்ற கானத் தவிப்பாற்றா துய்தற்
கெழலுற்ற செந்துக்க ளென்றே அழியும்
வளரான்ம சிந்தை வலியாற்றா துள்ளம்
கிளர்வா தனையனைத்துங் கெட்டு",தழல் உற்ற கானத் தவிப்பு ஆற்றாது உய்தற்கு எழலுற்ற செந்துக்கள் என்றே அழியும் வளர் ஆன்ம சிந்தை வலி ஆற்றாது உள்ளம் கிளர் வாதனை அனைத்தும் கெட்டு
"யானா ரெனக்கருது மெண்ணம் பிறவாய
நானா நினைவு நசிப்பித்துத் தானும்
சவஞ்சுடுத லுற்றநெடுந் தண்டம்போற் பின்னர்
அவிந்து முழுமோன மாம்",யான் ஆர் எனக் கருதும் எண்ணம் பிற ஆய நானா நினைவு நசிப்பித்துத் தானும் சவம் சுடுதல் உற்ற நெடும் தண்டம் போல் பின்னர் அவிந்து முழு மோனம் ஆம்
"அளவில்பே ரின்ப வறிவொளியாந் தன்னைக்
களவுகொண்ட மோகக் கருத்துத் தெளிவுபட
நானாரென் றாய நசித்தலாற் றன்சொருப
வானாக வைகுமதன் மாண்பு",அளவு இல் பேர் இன்ப அறிவு ஒளி ஆம் தன்னைக் களவு கொண்ட மோகக் கருத்துத் தெளிவுபட நான் ஆர் என்று ஆய நசித்தலால் தன் சொருப வான் ஆக வைகும் அதன் மாண்பு
"அங்கிசுடப் பெற்ற வயப்பிண்ட மவ்வாற்றால்
அங்கிப் பிழம்பா வவிர்வதுபோற் றுங்கமுறும்
ஆன்மவிசா ராங்கிசுடப் பெற்றவழுக் காருயிரவ்
வான்ம சொரூபமே யாம்",அங்கி சுடப் பெற்ற அயப் பிண்டம் அவ் ஆற்றால் அங்கிப் பிழம்பா அவிர்வது போல் துங்கம் உறும் ஆன்ம விசார அங்கி சுடப் பெற்ற அழுக்கு ஆர் உயிர் அவ் ஆன்ம சொரூபமே ஆம்
"அலக்கண்கூர் மோகிநா னாரெனவுள் எளாராய்ந்
திலக்கமா வுண்மை யிசைவாற் கலக்கங்
கரத்தலாய் ஞானங் கதிர்த்தலான் மோனஞ்
சுரத்தலே சாந்த சுகம்",அலக்கண் கூர் மோகி நான் ஆர் என உள் ஆராய்ந்து இலக்கமா உண்மை இசைவால் கலக்கம் கரத்தல் ஆய் ஞானம் கதிர்த்தலால் மோனம் சுரத்தலே சாந்த சுகம்
"அல்லாப் புழத்தலுயி ரான்ம சொரூபவுண்மை
கல்லாத மோகக் கலக்கமே அல்லாப்
புழக்குந்தா னாரென் றுசாவுறுமெய்ஞ் ஞானப்
பழக்கமகத் தென்றும் பழகு",அல்லாப்பு உழத்தல் உயிர் ஆன்ம சொரூப உண்மை கல்லாத மோகக் கலக்கமே அல்லாப்பு உழக்கும் தான் ஆர் என்று உசா உறும் மெய்ஞ் ஞானப் பழக்கம் அகத்து என்றும் பழகு
"அசாவாது நாளு மடைவாக வாற்றும்
உசாவாய வேதி யுறவாற் பசாசவுயிர்
சுத்தசிவ மாகத் துலங்கும் பசாசியல்பாம்
சித்த மலக்களிம்பு தீர்ந்து",அசாவாது நாளும் அடைவு ஆக ஆற்றும் உசா ஆய வேதி உறவால் பசாச உயிர் சுத்தசிவம் ஆகத் துலங்கும் பசாசு இயல்பு ஆம் சித்த மலக் களிம்பு தீர்ந்து
"தேவ குமாரனாஞ் சீவன் சொரூபமறந்
தாவவென் றேங்கி யழுங்குந்தான் யாவனென்றுள்
ஆர்வமொடாய்ந் தார்ந்தாலவ் வான்ம பிதாவொடுதான்
தேர்வனவ ஸஜனொன்றாஞ் சிறப்பு",தேவ குமாரன் ஆம் சீவன் சொரூபம் மறந்து ஆவ என்று ஏங்கி அழுங்கும் தான் யாவன் என்று உள் ஆர்வமொடு ஆய்ந்து ஆர்ந்தால் அவ் ஆன்ம பிதாவொடு தான் தேர்வன் அவன் ஒன்று ஆம் சிறப்பு
"எவ்வுயிருக் குள்ளு மியல்பாக வென்றென்றும்
செவ்வியமெய்ஞ் ஞானத் திருவருட்சீர் ஒவ்வியதோர்ந்
தாற்ற வநுபவித்தற் கன்றி யதைப்புதிதாத்
தோற்றுவித்தற் கன்று தவம்",எவ் உயிருக்கு உள்ளும் இயல்பாக என்றென்றும் செவ்விய மெய்ஞ் ஞானத் திரு அருள் சீர் ஒவ்வியது ஓர்ந்து ஆற்ற அநுபவித்தற்கு அன்றி அதைப் புதிதாத் தோற்றுவித்தற்கு அன்று தவம்
"மத்தவகங் கார மனத்தைப் பொறிகளோ
டொத்துழலா துள்ளத் தொடுக்கியே சுத்த
சிவத்திலொன் றாகச் செறித்தலா முண்மைத்
தவத்திறனென் பார்மெய்த் தவர்",மத்த அகங்கார மனத்தைப் பொறிகளோடு ஒத்து உழலாது உள்ளத்து ஒடுக்கியே சுத்த சிவத்தில் ஒன்று ஆகச் செறித்தல் ஆம் உண்மைத் தவத்திறன் என்பார் மெய்த் தவர்
"துன்று மயல்விகற்பத் தோற்றமெலாந் தன்மயமா
வென்றுவிளங் கான்ம விருத்தியொழுக் கென்றும்
அவிச்சின்ன மாதலே யாயுங்கா லான்ற
தவச்சின்ன மாகுந் தனித்து",துன்று மயல் விகற்பத் தோற்றம் எலாம் தன் மயமா வென்று விளங்கு ஆன்ம விருத்தி ஒழுக்கு என்றும் அவிச்சின்னம் ஆதலே ஆயுங்கால் ஆன்ற தவச் சின்னம் ஆகும் தனித்து
"இன்பப் பெருவாரி யெங்கும் பரந்திருக்கத்
துன்பக் கொடுங்கனல்வாய்த் தோய்ந்தழுங்கல் என்ப
கடமையாச் செய்தவத்தைக் காதலித்துச் செய்யா
மடமையா லாய மயல்",இன்பப் பெருவாரி எங்கும் பரந்து இருக்கத் துன்பக் கொடும் கனல்வாய்த் தோய்ந்து அழுங்கல் என்ப கடமையாச் செய்தவத்தைக் காதலித்துச் செய்யா மடமையால் ஆய மயல்
"சிற்பரமாத் துன்று சிவானுபவ மோனமே
தற்பரமா முண்மைத் தவம்",சித் பரமாத் துன்று சிவானுபவ மோனமே தத்பரமாம் உண்மைத் தவம்
"பாய விசும்பிற் பறைநெறியு நீர்வாழ்வ
போய நெறியும் புலப்படா வாறுபோல்
ஆன்மாவை நோக்கி யடைந்தோர்தாஞ் சென்றநெறி
தானும் புலப்பட லின்று",பாய விசும்பில் பறை நெறியும் நீர் வாழ்வ போய நெறியும் புலப்படாவாறு போல் ஆன்மாவை நோக்கி அடைந்தோர் தாம் சென்ற நெறி தானும் புலப்படல் இன்று
"உயிர்ச்சேட்டை பொன்று முடையான்றாட் பத்தி
மயச்சேர்க்கை சித்தாந்த மார்க்கம் உயிர்ப்போதம்
நட்டமா மான்மபர ஞானசொரூ பானந்த
நிட்டைவே தாந்த நெறி",உயிர்ச் சேட்டை பொன்றும் உடையான் தாள் பத்தி மயச் சேர்க்கை சித்தாந்த மார்க்கம் உயிர்ப் போதம் நட்டம் ஆம் ஆன்மபர ஞான சொரூப ஆனந்த நிட்டை வேதாந்த நெறி
"பகுத்தறிவு தன்னாற் பரமோர்ந் தபரத்
தகத்துறவு பூண்ட வடைவால் அகத்தறவே
யானோ டெனதற் றியங்கலே மெய்ஞ்ஞான
வானாடர் வாழ்க்கை வழி",பகுத்தறிவு தன்னால் பரம் ஓர்ந்து அபரத்து அகத்துறவு பூண்ட அடைவால் அகத்து அறவே யானோடு எனது அற்று இயங்கலே மெய்ஞ்ஞான வான் நாடர் வாழ்க்கை வழி
"சிரமத்திற் பட்டுழலுஞ் சீவன் சிவத்தோ
டிரமித்தற் கேற்றநெறி கேளாய் பிரமத்திற்
சிப்பியிடை வெள்ளிபோற் சீவேச் சுரசகங்கள்
கற்பிதமா மென்றே கழி",சிரமத்தில் பட்டு உழலும் சீவன் சிவத்தோடு இரமித்தற்கு ஏற்ற நெறி கேளாய் பிரமத்தில் சிப்பியிடை 0 வள்ளிபோல் சீவ ஈச்வர சகங்கள் கற்பிதம் ஆம் என்றே கழி
"அறிவெனும்பொற் கோயி லகத்தே விசுத்த
அறிவுருவ மாக வரனை அறிவால்
அறியாநிற் கின்றார்மெய் யாராதிக் கின்றார்
அறிவே பரமார்த்த மாம்",அறிவு எனும் பொன் கோயில் அகத்தே விசுத்த அறிவு உருவமாக அரனை அறிவால் அறியா நிற்கின்றார் மெய் ஆராதிக்கின்றார் அறிவே பரமார்த்தம் ஆம்
"அறிவை யறிவா லறிவதே யுண்மை
நிறைவறிந்த ஞான நிவப்பாம் அறிவா
லறிவறியுங் காறவ் வறிவுக் கமைதி
யிறையளவு மில்லை யறி",அறிவை அறிவால் அறிவதே உண்மை நிறைவு அறிந்த ஞான நிவப்பு ஆம் அறிவால் றிவு அறியுங் காறு அவ் அறிவுக்கு அமைதி இறை அளவும் இல்லை அறி
"பொன்னணிகள் போலப் புலப்பொருள்கள் பற்பலவாம்
என்னினுமப் பொன்னறிவோ வேகமாம் பொன்றான்
சிறப்பாய சுட்டறிவிற் நீர்ந்தொளிருஞ் சித்தத்
திறப்பாய வெற்றறிவே தேர்",பொன் அணிகள் போலப் புலப் பொருள்கள் பற்பல ஆம் என்னினும் பொன் அறிவோ ஏகம் ஆம் பொன் தான் சிறப்பு ஆய சுட்டு அறிவில் தீர்ந்து ஒளிரும் சித்தத்து இறப்பு ஆய வெற்று அறிவே தேர்
"காணறிவாந் தன்னைவிட்டுக் காண்புலமே மெய்போலப்
பேணறிவே பொய்மாயப் பேதைமைகாண் வேணதெலாங்
கற்றிடினுந் தன்சொருபக் காட்சியிலக் கற்பனைச்சுட்
டற்றிடலே யுண்மை யறிவு",காண் அறிவு ஆம் தன்னை விட்டுக் காண் புலமே மெய்போலப் பேண் அறிவே பொய்மாயப் பேதைமை காண் வேணது எலாம் கற்றிடினும் தன் சொருபக் காட்சியில் அக்கற்பனைச் சுட்டு அற்றிடலே உண்மை அறிவு
"சுத்தவறி வுண்மைத் துலக்கமொன் றேயுளதாம்
மெய்த்திறமே போலதன்கண் மேவலுறும் மற்றை
அறிவனைத்தும் போலி யகக்கற் பிதக்கா
ரறிவவற்றை நம்பலிழுக் காம்",சுத்த அறிவு உண்மைத் துலக்கம் ஒன்றே உளது ஆம் மெய்த்திறமே போல் அதன்கண் மேவல் உறும் மற்றை அறிவு அனைத்தும் போலி அகக் கற்பிதக் கார் அறிவு அவற்றை நம்பல் இழுக்கு ஆம்
"ஏனையறி வெல்லா மிளிவரல்சே ரிட்டறிவே
மோனவுணர் வேமெய்யா முற்றறிவு ஞான
சொரூபமா மான்மாவிற் சுட்டியல்பல் பேத
மரோபமே மெய்யன் றறி",ஏனை அறிவு எல்லாம் இளிவரல் சேர் இட்டு அறிவே மோன உணர்வே மெய் ஆம் முற்று அறிவு ஞான சொரூபம் ஆம் ஆன்மாவில் சுட்டு இயல் பல் பேதம் அரோபமே மெய் அன்று அறி
"சொத்தை யுடலகந்தைச் சுட்டறிவு மோரறிவா
நத்துவரோ மெய்ஞ்ஞான நாட்டமுளோர் சுத்த
அறிவை யறிவ தறிவாவ தன்றிப்
பிறிதை யறிவதெலாம் பேது",சொத்தை உடல் அகந்தைச் சுட்டு அறிவும் ஓர் அறிவா நத்துவரோ மெய்ஞ்ஞான நாட்டம் உளோர் சுத்த அறிவை அறிவது அறிவு ஆவது அன்றிப் பிறிதை அறிவது எலாம் பேது
"அறியலா காதபல வற்புதநுட் பந்தான்
அறிவனா மேனு மவற்றை அறியும்
அறிவை யறியு மளவுமவ னுண்மை
அறிவனோ வாகா னறி",அறியல் ஆகாத பல அற்புத நுட்பம் தான் அறிவன் ஆமேனும் அவற்றை அறியும் அறிவை அறியும் அளவும் அவன் உண்மை அறிவனோ ஆகான் அறி
"வெறிகொண்டாற் போன்று விரையு மனமே
பிறிதொன்றி னின்றும் பிறவா அறிவொன்றே
அல்லாமல் வேறுண்டோ வாய சராசரங்கள்
எல்லாமே தோற்றற் கிடம்",வெறி கொண்டால் போன்று விரையும் மனமே பிறிது ஒன்றின் நின்றும் பிறவா அறிவு ஒன்றே அல்லாமல் வேறு உண்டோ ஆய சர அசரங்கள் எல்லாமே தோற்றற்கு இடம்
"எதற்கெடுத்தா லும்மறிவை யேயிடனென் றேோதும்
அதற்கடுத்த ஞாய மறியின் உதிக்கும்
அனைத்துக்கு மான்ற நிலைக்களனா மந்தத்
தனக்கு நிலைக்களனுந் தான்",எதற்கு எடுத்தாலும் அறிவையே இடன் என்று ஓதும் அதற்கு அடுத்த ஞாயம் அறியின் உதிக்கும் அனைத்துக்கும் ஆன்ற நிலைக்களன் ஆம் அந்தத் தனக்கு நிலைக்களனும் தான்
"அசத்தாஞ் சடத்துக்கே யாலம்ப மாக
விசுத்தசச் சித்தொன்று வேண்டும் அசுத்தமாம்
சித்த மயலேசச் சித்தாய தான்பிறிதோர்
சித்தை யவாவுந் திறம்",அசத்து ஆம் சடத்துக்கே ஆலம்பம் ஆக விசுத்த சத் சித் ஒன்று வேண்டும் அசுத்தம் ஆம் சித்த மயலே சத் சித்து ஆய தான் பிறிது ஓர் சித்தை அவாவும் திறம்
"அன்னியங்கள் போற்றா னசத்தன்றி யெக்காலும்
தன்னியல்பு சத்தாமத் தன்மையால் மன்னி
நிகழுமறி வுக்கு நிலைக்களனுந் தானே
திகழவ் வறிவென்ற றேர்",அன்னியங்கள் போல் தான் அசத்து அன்றி எக்காலும் தன் இயல்பு சத்து ஆம் அத் தன்மையால் மன்னி நிகழும் அறிவுக்கு நிலைக்களனும் தானே திகழ் அவ் அறிவு என்றல் தேர்
"அவ்வறிவா மெய்யேநீ யாயிருக்க வவ்வறிவால்
அவ்வறிவே நீயா வமையாமல் அவ்வறிவாம்
உன்னின் றெழுந்த வுலகியலை யோர்ந்தழிதல்
என்னென் றுரைப்பே னியான்",அவ் அறிவு ஆம் மெய்யே நீ ஆய் இருக்க அவ் அறிவால் அவ் அறிவே நீயா அமையாமல் அவ் அறிவு ஆம் உன் நின்று எழுந்த உலகியலை ஓர்ந்து அழிதல் என் என்று உரைப்பேன் யான்
"இயல்சொருப வுண்மை யினைத்தெனவுய்த் தோரா
ரயல்வடிவா மோகித் தழிவார் மயல்படா
வேகசச் சித்தா வியல்வதன்றி மற்றனைத்துஞ்
சாகசமா மாயைத் தரம்",இயல் சொருப உண்மை இனைத்து என உய்த்து ஓரார் அயல் வடிவா மோகித்து அழிவார் மயல்படா ஏக சத் சித்தா இயல்வது அன்றி மற்று அனைத்தும் சாகச மா மாயைத் தரம்
"உணரப் படூஉம்பொருட்க ணூற்றொழிய யாவர்க்
குணர்வு தனிலேயுஞ் சற்றுமிலை யந்த
மனித்த வுருச்சமைந்த மண்ணீட்டை ஞானம்
நுனித்துணர்த்த வல்லதோ நூல்",உணரப்படூஉம் பொருட்கண் ஊற்று ஒழிய யாவர்க்கு உணர்வு தனிலேயும் சற்றும் இலை அந்த மனித்த உருச் சமைந்த மண் ஈட்டை ஞானம் நுனித்து உணர்த்த வல்லதோ நூல்
"அறிவேநீ யாக வமைந்துளதா லன்றோ
அறியாநின் றாயிவ் வகிலம் அறிவாம்
குறிநிற்கின் ஞான குருவதுவே யாக
அறிவிக்கு முண்மை யறி",அறிவே நீ ஆக அமைந்து உளதால் அன்றோ அறியா நின்றாய் இவ் அகிலம் அறிவு ஆம் குறி நிற்கின் ஞான குரு அதுவே ஆக அறிவிக்கும் உண்மை அறி
"ஓர்த்துணரத் தக்கதுதன் னுண்மையே யுள்ளத்திற்
கூர்த்தறிய வேண்டுங் குறிக்கொண்டு வேர்த்தழுங்குஞ்
சித்தக் கலக்கமறத் தெள்ளிதா மோனஞ்சேர்
புத்திக்கே தோன்றும் புலம்",ஓர்த்து உணரத் தக்கது தன் உண்மையே உள்ளத்தில் கூர்த்து அறிய வேண்டும் குறிக் கொண்டு வேர்த்து அழுங்கும் சித்தக் கலக்கம் அறத் தெள்ளிதாம் மோனம் சேர் புத்திக்கே தோன்றும் புலம்
"ஞானத் தொகைசுத்த ஞானமாந் தன்சொருப
மோனத் தறவே முடிவனகாண் ஏனைநிலை
யாவும்பே ரின்ப வியற்பரமாந் தன்னிலையின்
மேவுஞ்சிற் சத்திவிலா சம்",ஞானத் தொகை சுத்த ஞானம் ஆம் தன் சொருப மோனத்து அறவே முடிவன காண் ஏனை நிலை யாவும் பேர் இன்ப இயல் பரம் ஆம் தன் நிலையில் மேவும் சித் சத்தி விலாசம்
"அயலா மவற்றை யறியப்போ காமெய்
இயல்பா மறிவே யிதயம் செயல்போம்
அறிவுக்குத் தன்மெய் யவிர்தலா லத்தற்
குறிநிற்கு மஃதே குலா",அயல் ஆம் அவற்றை அறியப்போகா மெய் இயல்பு ஆம் அறிவே இதயம் செயல் போம் அறிவுக்குத் தன் மெய் அவிர்தலால் அத் தன் குறி நிற்கும் அஃதே குலா
"அறிவா மெலாமவ் வறிவளவே யாயவ்
வறிவாய தன்னி லடங்கச் செறிவால்
விகற்பமறக் கெட்டு விளங்குறுதன் மெய்யே
யகற்பமா முத்தி யறி",அறிவு ஆம் எலாம் அவ் அறிவு அளவே ஆய் அவ் அறிவு ஆய தன்னில் அடங்கச் செறிவால் விகற்பம் அறக் கெட்டு விளங்கு உறு தன் மெய்யே அகற்பம் ஆம் முத்தி அறி
"உண்மையொன் றன்றி யுபயமல்லாத் தன்மையால்
உண்மை யுணர்வுமற்றொன் றோர்த்தலன்று கண்மயலாஞ்
சித்தக் கலக்கமறச் சித்தோப சாந்திசே
ரத்தகவே யுண்மை யறிவு",உண்மை ஒன்று அன்றி உபயம் அல்லாத் தன்மையால் உண்மை உணர்வு மற்று ஒன்று ஓர்த்தல் அன்று கண் மயல் ஆம் சித்தக் கலக்கம் அறச் சித்த உபசாந்தி சேர் அத்தகவே உண்மை அறிவு
"அறிவே யசங்க மறிவே யமலம்
அறிவே கடவு எணுக்கம் மறவா
அறிவே யபய மறிவே யமுதம்
அறிவே யனைத்து மறி",அறிவே அசங்கம் அறிவே அமலம் அறிவே கடவுள் அணுக்கம் மறவா அறிவே அபயம் அறிவே அமுதம் அறிவே அனைத்தும் அறி
"சற்றுங் கவற்சியறச் சட்டை கழற்றலுடைப்
புற்றரவு போலும் புணர்ப்பினாற் பற்றும்
அழற்சிசேர் மோகவடி வாம்பஞ்ச கோசக்
கழற்சியே யாற்றல் கடன்",சற்றும் கவற்சி அறச் சட்டை கழற்றல் உடைப் புற்று அரவு போலும் புணர்ப்பினால் பற்றும் அழற்சி சேர் மோக வடிவு ஆம் பஞ்ச கோசக் கழற்சியே ஆற்றல் கடன்
"ஞானவா னாமான்ம நாதனருட் பேறாய
மோனவா ஸந்த முழுதெய்த மானம்
தருகோச மைந்துந் தணத்தலே சீவ
நிருவாண மென்னு நிலை",ஞான வான் ஆம் ஆன்ம நாதன் அருட்பேறு ஆய மோன ஆனந்தம் முழுது எய்த மானம் தரு கோசம் ஐந்தும் தணத்தலே சீவ நிருவாணம் என்னும் நிலை
"ஏய்சகசூன் யத்துமச ரீரியா யெஞ்சியொளிர்
ஆசகச மாந்தன் னநுபவத்தாற் கோச
உருவவகங் காரமற வோய்தலே யான்ம
சொருபவடை வென்று துணி",ஏய் சக சூன்யத்தும் அசரீரியா எஞ்சி ஒளிர் ஆ சகசம் ஆம் தன் அநுபவத்தால் கோச உருவ அகங்காரம் அற ஓய்தலே ஆன்ம சொருப அடைவு என்று துணி
"பொய்க்கனாப் பொன்றநனாப் புக்காங் ககந்தையழிந்
தர்க்கநான் மெய்யா யவிர்தலாற் றக்கஞா
னான்மவிசா ரத்தா லகந்தை யழிவதே
ஆன்மவடை வாமென் றறி",பொய்க் கனாப் பொன்ற நனாப் புக்கு ஆங்கு அகந்தை அழிந்து அர்க்கநான் மெய் ஆய் அவிர்தலால் தக்க ஞான ஆன்ம விசாரத்தால் அகந்தை அழிவதே ஆன்ம அடைவு ஆம் என்று அறி
"பொய்யுலகு தன்னிற் பொருந்திக் கிடப்பினுமே
ஐயுணர்வு நீங்கி யறத்தெளிந்த மெய்யுணர்வால்
யானென தென்னு மிரண்டு மழிவதே
தானதுவா நிற்குந் தரம்",பொய் உலகு தன்னில் பொருந்திக் கிடப்பினுமே ஐ உணர்வு நீங்கி அறத் தெளிந்த மெய் உணர்வால் யான் எனது என்னும் இரண்டும் அழிவதே தான் அதுவா நிற்கும் தரம்
"சால நுனித்துணரத் தக்கதாய்த் தம்மகத்து
மூலமா முண்மை முயங்கலாற் றூல
வுலக்கைக் கழுந்தா முணர்வோரா லந்த
விலக்கை யடைத லரிது",சால நுனித்து உணரத் தக்கதாய்த் தம் அகத்து மூலம் ஆம் உண்மை முயங்கலால் தூல உலக்கைக் கழுந்து ஆம் உணர்வோரால் அந்த இலக்கை அடைதல் அரிது
"மோன முழுமுதற்கண் முன்னலெழா வாற்றானும்
ஆனவிட மெண்ணமட்டா மாற்றானும் ஏனையிடம்
தன்மை யெழுந்தபின்பே தாமெழூஉ மாற்றானும்
தன்மையே யாதி யிடம்",மோன முழு முதல்கண் முன்னல் எழா ஆற்றானும் ஆன இடம் எண்ணம் மட்டு ஆம் ஆற்றானும் ஏனை இடம் தன்மை எழுந்த பின்பே தாம் எழூஉம் ஆற்றானும் தன்மையே ஆதி இடம்
"யானென் றுடற்கணெழல் யாதோ வதேமனமாம்
யாளென்னு மவ்வெண்ண மிவ்வுடல்வாய்த் தானெழன்முன்
பெவ்விடமென் றாயி னிதயத்தே சேருமதால்
அவ்விடநின் றேமனமுண் டாம்",யான் என்று உடல் கண் எழல் யாதோ அதே மனம் ஆம் யான் என்னும் அவ் எண்ணம் இவ் உடல் வாய்த் தான் எழல் முன்பு எவ் இடம் என்று ஆயின் இதயத்தே சேரும் அதால் அவ் இடம் நின்றே மனம் உண்டு ஆம்
"திடமாக வுட்செறிந்தார் தம்மையே யல்லால்
இடமாக மற்றெதையு மோரார் படமா
இருந்தொளிர்மெய் யாந்தம் மிடத்துமற் றெல்லாம்
பொருந்தவிடந் தந்தொளிர்விப் பார்",திடம் ஆக உள் செறிந்தார் தம்மையே அல்லால் இடம் ஆக மற்று எதையும் ஓரார் படமா இருந்து ஒளிர் மெய்யாம் தம் இடத்து மற்று எல்லாம் பொருந்த இடம் தந்து ஒளிர்விப்பார்
"எவ்வளவிற் றாக விதயத்தே யாழ்வார்மற்
றவ்வளவிற் றாக வநுபவிப்பார் செவ்வி
விரூபமா நின்று விளங்குமகண் டான்ம
சொரூபமாத் துன்னு சுகம்",எவ்வளவிற்று ஆக இதயத்தே ஆழ்வார் மற்று அவ்வளவிற்று ஆக அநுபவிப்பார் செவ்வி விரூபமா நின்று விளங்கும் அகண்ட ஆன்ம சொருூபமாத் துன்னு சுகம்
"இதயத்தி லுன்னையினி தேற்பித்து விட்டால்
உதயமா முண்மை யுணர்ச்சி அதன்பின்
சதோதயமெய்ஞ் ஞானமார்த் தாண்டனா வாழ்வாய்
சதாசிவசாந் தாநுபவஞ் சார்ந்து",இதயத்தில் உன்னை இனிது ஏற்பித்து விட்டால் உதயம் ஆம் உண்மை உணர்ச்சி அதன் பின் சதோதய மெய்ஞ்ஞான மார்த்தாண்டனா வாழ்வாய் சதாசிவ சாந்த அநுபவம் சார்ந்து
"எண்ணியாங் கெண்ணநிறை வேறுமனந் தன்மூலம்
நண்ணியான் மானந்த மேநண்ணும் மண்ணில்
அனிச்சைக்கே டிச்சைப்பே றான்மநிலை மூர்ச்சை
இனிச்சதுயிற் கும்பொருந்து மீது",எண்ணி ஆங்கு எண்ணம் நிறைவேறும் மனம் தன் மூலம் நண்ணி ஆன்ம ஆனந்தமே நண்ணும் மண்ணில் அனிச்சைக் கேடு இச்சைப் பேறு ஆன்மநிலை மூர்ச்சை இனிச்ச துயிற்கும் பொருந்தும் ஈது
"சித்தசங் கோசச் சிறுமைசேர் புன்மதியின்
மத்தவகங் காரமயல் வாழ்விலே சித்தமொன்
றுள்ளலற் றுள்ளதோ ரொட்பங்கூ ர௬ுண்மைமகிழ்
வுள்ளவர் யாரே யுரை",சித்த சங்கோசச் சிறுமை சேர் புன் மதியின் மத்த அகங்காரமயல் வாழ்விலே சித்தம் ஒன்று உள்ளல் அற்று உள்ளது ஓர் ஒட்பம் கூர் உண்மை மகிழ்வு உள்ளவர் யாரே உரை
"வேற்றுப் பொருளொன்றும் மேவா விழுத்துயில்வாய்
ஆற்றப்பே ரின்ப மநுபவித்தோர் போற்றா
துறுதியென வெண்ணி யுறுதுயர்க்குக் கந்தாப்
பிறிதை யவாவுறல் பேது",வேற்றுப் பொருள் ஒன்றும் மேவா விழுத் துயில் வாய் ஆற்றப் பேர் இன்பம் அனுபவித்தோர் போற்றாது உறுதி என எண்ணி உறு துயர்க்குக் கந்தாப் பிறிதை அவா உறல் பேது
"உறக்கமொடு மூர்ச்சை யொழிந்தபிற வற்றின்
றிறத்துமறி யாமைநனி சேர்தல் வெறித்த
அகந்தையறி வுற்ற வயல்விடய மாட்டே
திகழ்ந்திடுமான் மாவினன்று தேர்",உறக்கமொடு மூர்ச்சை ஒழிந்த பிறவற்றின் திறத்தும் அறியாமை நனி சேர்தல் வெறித்த அகந்தை அறிவு உற்ற அயல் விடயம் மாட்டே திகழ்ந்திடும் ஆன்மாவின் அன்று தேர்
"உறக்கமொரு கோசமா வோதல் விழிப்பைப்
பிறக்கமெனுந் தன்மறதிப் பேதே சிறக்குமொரு
மெய்த்திறமா மந்த விழிப்பெனல்போ னாலுறக்கம்
அத்துவிதக் கேவலமெய் யாம்",உறக்கம் ஒரு கோசமா ஓதல் விழிப்பைப் பிறக்கம் எனும் தன் மறதிப் பேதே சிறக்கும் ஒரு மெய்த்திறம் ஆம் அந்த விழிப்பு எனல் போனால் உறக்கம் அத்துவிதக் கேவல மெய் ஆம்
"காண்பதின் றாயிற்றுக் கண்டுயில்கா லென்றெண்ணி
மாண்பழிந்து சிந்தை மயங்கறான் காண்பவனான்
என்றெண்ணி முன்னை யிரண்டவத்தைக் கண்ணுந்தான்
கன்றியவாங் காரக் கரு",காண்பது இன்று ஆயிற்றுக் கண் துயில்கால் என்று எண்ணி மாண்பு அழிந்து சிந்தை மயங்கல் தான் காண்பவன் நான் என்று எண்ணி முன்னை இரண்டு அவத்தைக் கண்ணும் தான் கன்றிய ஆங்காரக் ௧௫
"அடியாய மூட வகந்தை யழிவாற்
புடியாய மூன்றும் புலம்ப முடிவாய்ச்
சகலமற வேதான் சதோதயமாஞ்் சுத்தப்
பகலே சிவராத் திரி",அடி ஆய மூட அகந்தை அழிவால் புடி ஆய மூன்றும் புலம்ப முடிவாய்ச் சகலம் அறவே தான் சதோதயம் ஆம் சுத்தப் பகலே சிவ ராத்திரி
"கனாநனாக் கட்குத்தான் காரணமா நின்ற
அனாதிமல வாதனைபோ யற்றால் இனாத
கதிபடரக் கூட்டும்பாழ்ங் கண்ணுறக்க மூடம்
அதீததுரி யாவத்தை யாம்",கனா நனாக்கட்குத் தான் காரணமா நின்ற அனாதி மல வாதனை போய் அற்றால் இனாத கதி படரக் கூட்டும் பாழ்ங் கண் உறக்க மூடம் அதீத துரிய அவத்தை ஆம்
"இன்பமயங் கோசமா யேய்தல் விழிப்புநிலைக்
கன்பமர்விஞ் ஞானமயற் காதலால் மொய்ம்புறுமவ்
விஞ்ஞான கோசமறின் மிஞ்சும்பே ரின்பமயம்
அஞ்ஞான கோசவியல் பற்று",இன்ப மயம் கோசமாய் ஏய்தல் விழிப்பு நிலைக்கு அன்பு அமர் விஞ்ஞான மயல் காதலால் மொய்ம்பு உறும் அவ் விஞ்ஞான கோசம் அறின் மிஞ்சும் பேர் இன்பமயம் அஞ்ஞான கோச இயல்பு அற்று
"உறக்கங் கவர்வரைதன் னுண்மை யுணர்ச்சிப்
பிறக்கங் கலங்காமை பெற்றால் மறக்கமாம்
மைத்துயில்வந் தென்னை மயக்கிற்றே யென்றுள்ளம்
எய்த்தலுற வேண்டா விடைந்து",உறக்கம் கவர் வரை தன் உண்மை உணர்ச்சிப் பிறக்கம் கலங்காமை பெற்றால் மறக்கம் ஆம் மைத் துயில் வந்து என்னை மயக்கிற்றே என்று உள்ளம் எய்த்தல் உற வேண்டா இடைந்து
"காணா விடத்துளதாய்க் காணுங்கா லில்லாத
மாணா மனத்தின் மயற்பாம்பு காணாது
பொன்றுங்கா லஃது புதையுநிச போதத்தாம்
பொன்றுங்கா ணுண்மைப் பொருள்",காணா இடத்து உளதாய்க் காணுங்கால் இல்லாத மாண் ஆம் மனத்தின் மயல் பாம்பு காணாது பொன்றுங்கால் அஃது புதையும் நிச போதத் தாம்பு ஒன்றும் காண் உண்மைப் பொருள்
"எவ்விழைவு மின்றி யியங்கு மியல்பினாற்
செவ்விய சிந்தைச் செறிவிலே எவ்வித
பேதமு மின்றிப் பிறங்குபே ரானந்த
போதமே யுண்மைப் பொருள்",எவ் விழைவும் இன்றி இயங்கும் இயல்பினால் செவ்விய சிந்தைச் செறிவிலே எவ்வித பேதமும் இன்றிப் பிறங்கு பேர் ஆனந்த போதமே உண்மைப் பொருள்
"என்றென்று மொன்றாக வெங்கெங்கு மொன்றாகத்
தொன்றுதொட் டொன்றே தொடர்தலால் என்றுமெங்கும்
கற்பனைக ளாகக் கழிவனகாண் தன்னுருவாத்
தப்பருமவ் வொன்றைத் தவிர்த்து",என்று என்றும் ஒன்றாக எங்கு எங்கும் ஒன்றாகத் தொன்று தொட்டு ஒன்றே தொடர்தலால் என்றும் எங்கும் கற்பனைகளாகக் கழிவன காண் தன் உருவாத் தப்பு அரும் அவ் ஒன்றைத் தவிர்த்து
"கர்த்தவிய புத்தி கழன்றோர்க்கே யுள்ளூறச்
சுத்தவுப சாந்த சுகந்துலங்கும் மத்தவுணர்
வாமதுவே யெல்லா வனர்த்தமுந்தான் மேல்விளைப்ப
தாமொருதீ வித்தாக லான்",கர்த்தவிய புத்தி கழன்றோர்க்கே உள்ஊறச் சுத்த உபசாந்த சுகம் துலங்கும் மத்த உணர்வு ஆம் அதுவே எல்லா அனர்த்தமும் தான் மேல் விளைப்பதாம் ஒரு தீ வித்து ஆகலான்
"கயக்கமறா தேய்ந்தசங் கற்பவிகற் பங்கள்
செயற்குரிய வாகச் செயாதே உயிர்க்குயிராம்
ஈசனரு ளெவ்வா றியக்குமவ் வாறியங்கல்
பூசனையி னுண்மைப் புலன்",கயக்கம் அறாது ஏய்ந்த சங்கற்ப விகற்பங்கள் செயற்கு உரிய ஆகச் செயாதே உயிர்க்கு உயிர் ஆம் ஈசன் அருள் எவ்வாறு இயக்கும் அவ்வாறு இயங்கல் பூசனையின் உண்மைப் புலன்
"தன்பிடிபோய்த் தஞ்சமெனத் தான்றொழுதே தானையுரி
மொய்ம்புடைய தூர்த்தர் முடங்கிவிழ அம்புவியில்
மாயனா ரின்னருளால் மானத் துகில்வளர
லாயினாள் பத்தினி யாள்",தன் பிடி போய்த் தஞ்சம் எனத் தான் தொழுதே தானை உரி மொய்ம்பு உடைய தூர்த்தர் முடங்கி விழ ௮ம் புவியில் மாயனார் இன் அருளால் மானத் துகில் வளரல் ஆயினாள் பத்தினியாள்
"சேயை நிகர்த்துறுதி தேறாதே சிற்சத்தித்
தாயைமுன் னிட்டிறைவன் றாளடைந்தோர் மாயைக்
கறைபடு தேகோகங் காரச் செயன்மாய்ந்
திறைபணி நிற்ற லியைபு",சேயை நிகர்த்து உறுதி தேறாதே சித் சத்தித் தாயை முன்னிட்டு இறைவன் தாள் அடைந்தோர் மாயைக் கறை படு தேக அகங்காரச் செயல் மாய்ந்து இறைபணி நிற்றல் இயைபு
"இன்றைக் குனக்குப் படியளந்த வீசன்மற்
றென்றைக்கு மாங்கே யினிதளப்பான் பின்றைக்கு
நாளைக் கெனுஞ்சிந்தை நண்ணாது பாரமவன்
றாளுக்கே யாகச் சரி",இன்றைக்கு உனக்குப் படி அளந்த ஈசன் மற்று என்றைக்கும் ஆங்கே இனிது அளப்பான் பின்றைக்கு நாளைக்கு எனும் சிந்தை நண்ணாது பாரம் அவன் தாளுக்கே ஆகச் சரி
"சிவன்கருவி யாகநான் சேர்கென்று செம்மைத்
தவங்கருது யோகநிட்டை தானும் நிவந்தநிலை
ஆன விறைபனணியா மான்ம சமர்ப்பணத்துக்
கூன மெனவே யுணர்",சிவன் கருவியாக நான் சேர்க என்று செம்மைத் தவம் கருது யோக நிட்டை தானும் நிவந்த நிலை ஆன இறைபணி ஆம் ஆன்ம சமர்ப்பணத்துக்கு ஊனம் எனவே உணர்
"ஆளா வொழிந்ததா னாளென்னு மந்நினைப்பும்
மூளா தகந்தையற மோனமாய் வாளாதான்
சும்மா விருக்கை சொரூபநிட்டை யாகவிளங்
கம்மா வறிவே யறிவு",ஆளா ஒழிந்த தான் ஆள் என்னும் அந்நினைப்பும் மூளாது அகந்தை அற மோனமாய் வாளா தான் சும்மா இருக்கை சொரூபநிட்டையாக விளங்கு அம் மா அறிவே அறிவு
"இதயத்தே யீச னிதயமாய் நின்று
விதிவழியே யாவுஞ்செய் விப்பான் அதனால்
நழுவாது நம்மிடத்து நாமொன்றி நின்றால்
வழுவா தெலாநடக்க வற்று",இதயத்தே ஈசன் இதயமாய் நின்று விதி வழியே யாவும் செய்விப்பான் அதனால் நழுவாது நம் இடத்து நாம் ஒன்றி நின்றால் வழுவாது எலாம் நடக்க அற்று
"மரம்வைத் தவன்தண்ணீர் வார்ப்பா னெனுமவ்
வுரமுடையோ ருள்ளங் கவலார் மரமுலரப்
பார்ப்பா னெனினப் பரிதாபக் காட்சியுமப்
பார்ப்பான் றனக்கே பரம்",மரம் வைத்தவன் தண்ணீர் வார்ப்பான் எனும் அவ் உரம் உடையோர் உள்ளம் கவலார் மரம் உலரப் பார்ப்பான் எனின் அப் பரிதாபக் காட்சியும் அப் பார்ப்பான் தனக்கே பரம்
"ஈசனே மூலமா யாவைக்கு மேய்தலால்
ஈசனுக் கர்ப்பிக்கு மெல்லாமே ஈசனாம்
மூலத்தி னின்று முளைத்த வுலகுயிராம்
ஆலமர முற்றுக்கு மாம்",ஈசனே மூலமா யாவைக்கும் ஏய்தலால் ஈசனுக்கு அர்ப்பிக்கும் எல்லாமே ஈசன் ஆம் மூலத்தின் நின்று முளைத்த உலகு உயிர் ஆம் ஆலமரம் முற்றுக்கும் ஆம்
"இயற்றினுங் கன்ம மியற்றா விடினும்
இயற்றும் வினைமுதனா னென்னும் மயற்றகைசேர்
ஜீவவகங் காரமறச் செத்தொழிகை நிட்கன்ம
மாவதாஞ் சித்தி யறி",இயற்றினும் கன்மம் இயற்றாவிடினும் இயற்றும் வினை முதல் நான் என்னும் மயல்தகை சேர் ஜீவ அகங்காரம் அறச் செத்து ஒழிகை நிட்கன்மம் ஆவது ஆம் சித்தி அறி
"பொருவிலா வீசனடிப் புந்திவலி யாற்றன்
உருவா மகந்தையுணர் வோய்வாற் றிருவடியிற்
றன்னிழப்பாஞ் சீவ சமர்ப்பணமே காணுங்காற்
பன்னுழைப்பாம் பத்திப் பயன்",பொரு இலா ஈசன் அடிப் புந்தி வலியால் தன் உரு ஆம் அகந்தை உணர்வு ஓய்வால் திரு அடியில் தன் இழப்பு ஆம் சீவ சமர்ப்பணமே காணும்கால் பன் உழைப்பு ஆம் பத்திப் பயன்
"எல்லாமா நின்ற விறைவற் கயலாக
நில்லாத் தனித்தன்மை நீக்குக பொல்லாச்
சலவகங்கா ரான்ம சமர்ப்பணமே சாந்தங்
குலவுபரா பத்திக் குறி",எல்லாமா நின்ற இறைவற்கு அயல் ஆக நில்லாத் தனித் தன்மை நீக்குக பொல்லாச் சல அகங்கார ஆன்ம சமர்ப்பணமே சாந்தம் குலவு பராபத்திக் குறி
"எனதுகருத் தாக வியலவொன் றில்லை
நினதுதிரு வுள்ள நிகழ்க எனவே
திருவுளப் பாங்கு திளைப்பவன் சித்தம்
வெருவுறக் காரண மின்று",எனது கருத்து ஆக இயல ஒன்று இல்லை நினது திரு உள்ளம் நிகழ்க எனவே திரு உளப் பாங்கு திளைப்பவன் சித்தம் வெரு உறக் காரணம் இன்று
"ஈச சொரூப மெனுமான்ம சிந்தையாம்
நேசமுறப் பெற்றதன் னெஞ்சின்௧ண் வாசனையால்
ஏவியவே றெண்ண மிடம்பெறநல் காமையே
ஆவியையீ சற்களித்த லாம்",ஈச சொரூபம் எனும் ஆன்ம சிந்தை ஆம் நேசம் உறப் பெற்ற தன் நெஞ்சின்கண் வாசனையால் ஏவிய வேறு எண்ணம் இடம் பெற நல்காமையே ஆவியை ஈசற்கு அளித்தல் ஆம்
"நின்னிட்ட மென்னிட்ட மென்னுமனப் பான்மையாற்
றன்னிட்ட முற்றத் தணத்தலே முன்னிட்டு
நிற்குமூ லாவரண நீச வகந்தையறப்
பெற்ற சமர்ப்பணமாப் பேண்",நின் இட்டம் என் இட்டம் என்னும் மனப்பான்மையால் தன் இட்டம் முற்றத் தணத்தலே முன் இட்டு நிற்கும் மூல ஆவரண நீச அகந்தை அறப் பெற்ற சமர்ப்பணமாப் பேண்
"தானந்த மில்லாச் சருவேசன் சொத்தையது
யானென்று மன்றி யெனதென்றும் மானங்கொண்
டெண்ணியபி மானங்கொண் டிச்சித்த வச்சூதன்
உண்ணினையி னெங்கே யுளான்",தான் அந்தம் இல்லாச் சருவேசன் சொத்தை அது யான் என்றும் அன்றி எனது என்றும் மானம் கொண்டு எண்ணி அபிமானம் கொண்டு இச்சித்த அச்சூதன் உள் நினையின் எங்கே உளான்
"சேட்டையறச் சாமோ சிவசத்திக் கூணாகக்
காட்டையா நிட்டையிலெக் காலகந்தை வாட்டமறத்
தான்மகிழ் சாந்தி தழைத்தலா லக்காலே
யான்ம சமர்ப்பணம்மெய் யாம்",சேட்டை அறச் சாமோ சிவ சத்திக்கு ஊண் ஆகக் காட்டை ஆம் நிட்டையில் எக்கால் அகந்தை வாட்டம் அறத் தான் மகிழ் சாந்தி தழைத்தலால் அக்காலே ஆன்ம சமர்ப்பணம் மெய் ஆம்
"பிள்ளையார் தன்னையே பிட்டந்த வெல்லத்தீம்
பிள்ளையார்க் கர்ப்பிக்கும் பெட்பேயாம் தெள்ளிதாம்
ஆவிவடி வாக வமரிறைக்கு நாமுவந்தவ்
வாவியையே நல்கு மது",பிள்ளையார் தன்னையே பிட்டு அந்த வெல்லத் தீம் பிள்ளையார்க்கு அர்ப்பிக்கும் பெட்பே ஆம் தெள்ளிது ஆம் ஆவிவடிவு ஆக அமர் இறைக்கு நாம் உவந்து அவ் ஆவியையே நல்கும் அது
"யாதோர் நிபந்தனையு மில்லாதே நும்மனத்தை
மாதோர்பா கன்பதத்தில் வைத்திடீர் சூதோரும்
யானெனது மாய வெழில்சேர் பரசொருபம்
தானினிது வோங்குந் தழைத்து",யாதோர் நிபந்தனையும் இல்லாதே நும்மனத்தை மாது ஓர் பாகன் பதத்தில் வைத்திடீர் சூது ஓரும் யான் எனது மாய எழில் சேர் பரசொருபம் தான் இனிது ஓங்கும் தழைத்து
"எத்துணைதா ஸனேதிலா ரின்னாரே யென்றாலும்
உத்தமர்தஞ் சிந்தை யுவர்ப்புற்றுச் சற்றும்
வெறுக்கத் தகாது வெறுப்புவிருப் புப்போல்
ஒறுக்கப் படற்கே யுரித்து",எத்துணைதான் ஏதிலார் இன்னாரே என்றாலும் உத்தமர் தம் சிந்தை உவர்ப்பு உற்றுச் சற்றும் வெறுக்கத் தகாது வெறுப்பு விருப்புப் போல் ஒறுக்கப் படற்கே உரித்து
"யானன் றெனத்தா னிகழ்வதையே தாமுமிக
ழாநின் றொழுகு மதனாலே ஊனமில்பொற்்
கொல்லற்குப் பட்டடையாங் கொள்கைத்தே கொல்வாற்குப்
பல்லாற்றாற் றூற்றும் பகை",யான் அன்று எனத் தான் இகழ்வதையே தாமும் இகழாநின்று ஒழுகும் அதனாலே ஊனம் இல் பொன் கொல்லற்குப் பட்டடை ஆம் கொள்கைத்தே கொல்வாற்குப் பல் ஆற்றால் தூற்றும் பகை
"அன்பால் வெறுப்பை யடர்க்கும்வல் லாண்மைசேர்
மொய்ம்பனே யுண்மை முனி",அன்பால் வெறுப்பை அடர்க்கும் வல் ஆண்மை சேர் மொய்ம்பனே உண்மை முனி
"ஆடம் பரவாழ்வை யாதரஞ்செய் யாதுசில
நீடுந் தனவந்தர் நீக்கினால் வாடிப்
பரிதபித்துச் சோரும் பலசீவ கோடி
பெருமிதத்து வாழப் பெறும்",ஆடம்பர வாழ்வை ஆதரம் செய்யாது சில நீடும் தனவந்தர் நீக்கினால் வாடிப் பரிதபித்துச் சோரும் பல சீவ கோடி பெருமிதத்து வாழப் பெறும்
"இறைஞ்சிநடக் கின்ற வியல்னைள வானே
நிறைஞ்சுவரு மாந்தர் நிலைமை மறந்தும்
மலகுமகங் காரமெழா மாண்பே யிறைவற்
குலகடங்கத் தாழு முயர்வு",இறைஞ்சி நடக்கின்ற இயல்பின் அளவானே நிறைஞ்சு வரும் மாந்தர் நிலைமை மறந்தும் மலகும் அகங்காரம் எழா மாண்பே இறைவற்கு உலகு அடங்கத் தாழும் உயர்வு
"தன்னிழப்பு முற்றச் சமையளவுந் தான்வணக்கம்
அன்னியர்க்கு நல்கலினி தல்லாமே உன்னதந்தான்
நாடறிஞ னுக்கந் நமஸ்கார மன்னியர்பாற்
கோடலோ வம்மா கொடிது",தன் இழப்பு முற்றச் சமை அளவும் தான் வணக்கம் அன்னியர்க்கு நல்கல் இனிது அல்லாமே உன்னதம்தான் நாடு அறிஞ கோடலோ அம்மா கொடிது
"ஏவல்பூண் டாற்போன் றெவற்றையுந்தா னெக்காலும்
ஆவலாய்த் தாழ்ந்தொழுகாற் றாலன்றே யாவுலகும்
ஏற்றமொடு நாளு மியற்றுமுயர் பூசனைகட்
கேற்றவனா னானவ் விறை",ஏவல் பூண்டால் போன்று எவற்றையும் தான் எக்காலும் ஆவலாய்த் தாழ்ந்து ஒழுகு ஆற்றால் அன்றே யா உலகும் ஏற்றமொடு நாளும் இயற்றும் உயர் பூசனைக்கு ஏற்றவன் ஆனான் அவ் இறை
"தன்னையெவைக் குள்ளுந் தரிசித் தெவைக்குந்தாழ்
தன்னடியார்க் கேயுந்தான் றாழ்ந்தோனாய்த் தன்னைவிட
நொய்தற்ற தன்னியல்பா நொய்ம்மையுயர் வாலன்றே
எய்திற் றிறைமை யிறைக்கு",தன்னை எவைக்கு உள்ளும் தரிசித்து எவைக்கும் தாழ் தன் அடியார்க்கேயும் தான் தாழ்ந்தோனாய்த் தன்னைவிட நொய்து அற்ற தன் இயல்பு ஆம் நொய்ம்மை உயர்வால் அன்றே எய்திற்று இறைமை இறைக்கு
"அணுவு மகத்துமொருங் காமனத்துக் கப்பால்
அணைவதா லம்மெய் யதீதம் உணர்வில்
அணையு மகத்தினுமே யால மகத்தும்
அணுவினுமே சிற்றணுவு மாம்",அணுவும் மகத்தும் ஒருங்கு ஆம் மனத்துக்கு அப்பால் அணைவதால் அம் மெய் அதீதம் உணர்வில் அணையும் மகத்தினுமே ஆல மகத்தும் அணுவினுமே சிற்றணுவும் ஆம்
"வீர மிலாத்துரும்பு மேன்மிதப்ப வாழிவாய்ப்
பாரதர எளங்கீழ்ப் படிதலாற் பாரகத்து
மேலிருந்து மேலல்லார் மேலல்லர் கீழிருந்தும்
கீழல்லார் கீழல் லவர்",வீரம் இலாத் துரும்பு மேல் மிதப்ப ஆழிவாய்ப் பார தரளம் கீழ்ப் படிதலால் பார் அகத்து மேல் இருந்தும் மேல் அல்லார் மேல் அல்லர் கீழ் இருந்தும் கீழ் அல்லார் கீழ் அல்லவர்
"அடுக்கத் தகுவதுஞா னான்ம விசாரம்
மடுக்கத் தகுவதுதன் மாட்சி விடுக்கத்
தகுவ தகந்தைமதி சஞ்சலங்கள் போகப்
புகுவதுதன் மூலப் புலம்",அடுக்கத் தகுவது ஞான ஆன்ம விசாரம் மடுக்கத் தகுவது தன் மாட்சி விடுக்கத் தகுவது அகந்தை மதி சஞ்சலங்கள் போகப் புகுவது தன் மூலப் புலம்
"நண்ணக் கடவதுமெய்ஞ் ஞானமாஞ்் சித்தத்தா
லெண்ணக் கடவ திறைகழலாம் திண்ணமாச்
சாரக் கடவதுசற் சங்கமாஞ் சாந்தமா
மூரக் கடவ துளத்து",நண்ணக் கடவது மெய்ஞ் ஞானம் ஆம் சித்தத்தால் எண்ணக் கடவது இறைகழல் ஆம் திண்ணமாச் சாரக் கடவது சத் சங்கம் ஆம் சாந்தம் ஆம் ஊரக் கடவது உளத்து
"நிலைத்தே யுளமுடையா னீதவுரை யன்பர்
மலைத்தே கலங்கு மனம்புன் புலத்தா
றொழுகோட்ட மோய்ந்துள் ளுறுகதிக்கு நல்ல
வழிகாட்டி யாக மதி",நிலைத்தே உளம் உடையான் நீத உரை அன்பர் மலைத்தே கலங்கும் மனம் புன் புலத்து ஆறு ஒழுகு ஓட்டம் ஓய்ந்து உள் உறு கதிக்கு நல்ல வழிகாட்டி ஆக மதி
"அவலோ கனவுரையா லன்பரகத் தான்ம
சிவரூப மாந்தே சிகன்றத் துவமசியென்
றோயா துரைக்கு முபதேச சாரமுளத்
தாயா துதியா தறிவு",அவலோகன உரையால் அன்பர் அகத்து ஆன்ம சிவரூபம் ஆம் தேசிகன் தத்துவம் அசி என்று ஓயாது உரைக்கும் உபதேச சாரம் உளத்து ஆயாது உதியாது அறிவு
"தேவனா மான்மாசற் சீடர்க் குபதேசம்
ஓவலறச் செய்யு முளவென்ப நீவா
துயிர்க்குயிராய் நானானென் றுள்ளத்தி னுள்ளே
இயற்கையுணர் வாய வியல்பு",தேவன் ஆம் ஆன்மா சத் சீடர்க்கு உபதேசம் ஓவல் அறச் செய்யும் உளவு என்ப நீவாது உயிர்க்கு உயிராய் நான் நான் என்று உள்ளத்தின் உள்ளே இயற்கை உணர்வு ஆய இயல்பு
"மடந்தவிரு மாறு வழங்குபல வார்த்தை
அடர்ந்தமறை நான்க னகத்தும் கடைந்த
பரமார்த்த பாவம் பரசீ வயிக்க
ஒருவார்த்தை மோன முணர்",மடம் தவிருமாறு வழங்கு பல வார்த்தை அடர்ந்த மறை நான்கன் அகத்தும் கடைந்த பரமார்த்த பாவம் பர சீவ அயிக்க ஒரு வார்த்தை மோனம் உணர்
"வெம்பவசந் தாபத்தின் வீடுறமெய்ஞ் ஞானசுகச்
செம்பொருளை நாடுமதி தீவிரர்க்குத் தொம்பதமாம்
சீவ சொரூபத்திற் செய்யுமுசா வொன்றானே
சேர்வதா முத்திச் சிறப்பு",வெம் பவ சந்தாபத்தின் வீடு உற மெய்ஞ்ஞான சுகச் செம்பொருளை நாடும் அதி தீவிரர்க்குத் த்வம் பதம் ஆம் சீவ சொரூபத்தில் செய்யும் உசா ஒன்றானே சேர்வது ஆம் முத்திச் சிறப்பு
"அந்த வுசாவுக் கநுகூல மாமதியை
அந்தர் முகப்படுத்தற் காகவே சிந்தை
ஒசியு மிதரர்க் குறுதற் பதத்தோ
டசிபதமுங் கூறிற் றறி",அந்த உசாவுக்கு அநுகூலமா மதியை அந்தர்முகப்படுத்தற்கு ஆகவே சிந்தை ஒசியும் இதரர்க்கு உறு தத் பதத்தோடு அசி பதமும் கூறிற்று அறி
"எதார்த்தமாத் தன்னு ளியற்றப் பெறுதொம்
பதார்த்தபரி சோதனையின் பாங்கே பதார்த்தபரி
சோதனையா லேளையிரு சொற்களினார் நற்பொருடேர்
போதமெய்யாத் துய்க்கும் புலம்",எதார்த்தமாத் தன்னுள் இயற்றப்பெறு தொம் பத அர்த்த பரிசோதனையின் பாங்கே பதார்த்த பரிசோதனையால் ஏனை இரு சொற்களின் ஆர் நல் பொருள் தேர் போதம் மெய்யாத் துய்க்கும் புலம்
"விஞ்ஞான மென்னும் வெறிபிடித்த வீணகந்தை
அஞ்ஞான மோரா வருளிறைவன் மெய்ஞ்ஞான
வேதிகைமேற் போதுகழன் மேவு முபநிடப்பொற்
பாதுகையேற் பஃதே பணி",விஞ்ஞானம் என்னும் வெறி பிடித்த வீண் அகந்தை அஞ்ஞானம் ஓரா அருள் இறைவன் மெய்ஞ்ஞான வேதிகை மேல் போது கழல் மேவும் உபநிடப் பொன் பாதுகை ஏற்பு அஃதே பணி
"மாசு படுமசுப வாதனைதா மாய்தலுறத்
தேசுமலி ஞானந் திகழ்வரகத் தீசன்
பரிசுத்த மாகவொளிர் பங்கயப்பூம் பாதம்
தரிசித்த பாக்கியவந் தர்",மாசுபடும் அசுப வாதனைதாம் மாய்தல் உறத் தேசு மலி ஞானம் திகழ்வர் அகத்து ஈசன் பரிசுத்தமாக ஒளிர் பங்கயப் பூம் பாதம் தரிசித்த பாக்கியவந்தர்
"ஆசுரசம் பத்தா லனர்த்தம் விளைவறிந்து
நீசுரசம் பத்தே நிகழ்த்தகத்து மீசுரமாத்
தெய்வசம் பத்தொளிரச் செய்யு முபாசனையே
உய்திதர வல்ல துயிர்க்கு",ஆசுர சம்பத்தால் அனர்த்தம் விளைவு அறிந்து நீ சுர சம்பத்தே நிகழ்த்து அகத்து மீசுரமாத் தெய்வ சம்பத்து ஒளிரச் செய்யும் உபாசனையே உய்தி தர வல்லது உயிர்க்கு
"அத்துவித ஞான மரிதெனினு மெய்யன்பாம்
பத்தியரன் றாளிற் பதிந்துவிடின் மித்தையறத்
தேற்றுமொளி யாமெய்த் திருவருளின் சார்பதுகொண்
டாற்றவெளி தாகு மது",அத்துவித ஞானம் அரிது எனினும் மெய் அன்பு ஆம் பத்தி அரன் தாளில் பதிந்துவிடின் மித்தை அறத் தேற்றும் ஒளி ஆம் மெய்த் திரு அருளின் சார்பு அது கொண்டு ஆற்ற எளிது ஆகும் அது
"ஈசன் கழலை யிதயத் துறுதிபெற
நேசமா யென்று நிறுத்தியே பாசமால்
பாற்றலாம் பாற்றிப் பரஞான வுண்மையொளி
தேற்றலா முள்ளந் திறந்து",ஈசன் கழலை இதயத்து உறுதிபெற நேசமாய் என்றும் நிறுத்தியே பாசமால் பாற்றலாம் பாற்றிப் பரஞான உண்மை ஒளி தேற்றலாம் உள்ளம் திறந்து
"ஜீவனது சென்னி சிவன்பதத்தோ டொன்றுபடில்
ஜீவன் சிவமயமே சேர்ந்தொளிர்வன் தாவரமா
அற்ப வகந்தையழிந் தான்ம சொரூபமா
நிற்பதா லுண்மை நிலை",ஜீவனது சென்னி சிவன் பதத்தோடு ஒன்றுபடில் ஜீவன் சிவமயமே சேர்ந்து ஒளிர்வன் தாவரமா அற்ப அகந்தை அழிந்து ஆன்ம சொரூபமா நிற்பதால் உண்மை நிலை
"பூண்டவன்பொய்ப் பாசம் பொடுக்கென் றெறிந்துய்ய
மூண்டவன்பிற் சிந்தை முடுகியே ஆண்டவன்பொற்்
பாதவம் போருகத்தின் பாவனைநீ யெக்காலும்
போதவம்போ காது புரி",பூண்ட வன் பொய்ப் பாசம் பொடுக்கு என்று எறிந்து உய்ய மூண்ட அன்பில் சிந்தை முடுகியே ஆண்டவன் பொன் பாத அம்போருகத்தின் பாவனை நீ எக்காலும் போது அவம் போகாது புரி
"நிட்டையிலே தானழுந்தி நின்றநெஞ்சி லன்றிமற்
றெட்டுவதன் றுண்மை யிறைவடிவு பட்டியாச்
சுற்றுவதுஞ் சோர்ந்தே லயிப்பதும்விட் டோர்குறிமேற்
பற்றுவதா நெஞ்சைப் பயிற்று",நிட்டையிலே தான் அழுந்தி நின்ற நெஞ்சில் அன்றி மற்று எட்டுவது அன்று உண்மை இறை வடிவு பட்டியாச் சுற்றுவதும் சோர்ந்தே லயிப்பதும் விட்டு ஓர் குறிமேல் பற்றுவதா நெஞ்சைப் பயிற்று
"ஊனமா மோக வுணர்ச்சியாற் புன்புலஞ்சே
ரேனையபற் றெல்லா மிகந்தொழிமின் மோன
மனந்தானே சுத்த மணிலிங்கம் போற்றி
லனந்தசுக நல்கு மது",ஊனம் ஆம் மோக உணர்ச்சியால் புன் புலம் சேர் ஏனைய பற்று எல்லாம் இகந்து ஒழிமின் மோன மனம் தானே சுத்த மணி லிங்கம் போற்றில் அனந்த சுகம் நல்கும் அது
"என்றுமே நன்னாளா மென்றுமே நற்கோளாம்
என்றுமே மிக்கசுப யோகமாம் என்றுமே
மங்கலறு தெய்வ வழிபாட்டுக் கேற்றதாம்
பொங்குசுப வோரைப் பொழுது",என்றுமே நல் நாள் ஆம் என்றுமே நல் கோள் ஆம் என்றுமே மிக்க சுப யோகம் ஆம் என்றுமே மங்கல் அறு தெய்வ வழிபாட்டுக்கு ஏற்றது ஆம் பொங்கு சுப ஓரைப் பொழுது
"விசுவாச மொன்றில் விளைவரிதால் யார்க்கும்
விசுவாச மொன்றில் விளையிற் சிசுவாம்
விசுவாசந் தன்னை விதிராதே தெய்வப்
பசுவாகக் காக்க பரிந்து",விசுவாசம் ஒன்றில் விளைவு அரிதால் யார்க்கும் விசுவாசம் ஒன்றில் விளையின் சிசு ஆம் விசுவாசம் தன்னை விதிராதே தெய்வப் பசுவாகக் காக்க பரிந்து
"இதயத் தவிசி லிறையை யிருத்தி
மதியொத் தொருதன் மயமாப் பதிய
இடையறா வுண்மை யியல்பான பூஜை
நடைபெறல்காண் மோன நலன்",இதயத் தவிசில் இறையை இருத்தி மதி ஒத்து ஒரு தன்மயமாப் பதிய இடையறா உண்மை இயல்பு ஆன பூஜை நடைபெறல் காண் மோன நலன்
"பற்றொன் றிலாதவருட் பற்றான சுத்தமே
மற்றொன் றிலாத்தன் மவுனபதம் கற்றென்றுந்
தானதுவே யாகத் தலைப்பட் டொழுகலே
மானதமெய்ப் பூஜை மதி",பற்று ஒன்று இலாத அருள் பற்று ஆன சுத்தமே மற்று ஒன்று இலாத் தன் மவுன பதம் கற்று என்றும் தான் அதுவே ஆகத் தலைப்பட்டு ஒழுகலே மானத மெய்ப் பூஜை மதி
"ஊழொ டுறுமுயற்சி யொன்றினூங் கேனையது
தாழப் பெரிதேறத் தக்கதெனக் காழாய
சொற்போர் தொடுக்குமவர் தோற்ற வொடுக்கநிலை
சற்றுமே தாமறியா தார்",ஊழொடு உறு முயற்சி ஒன்றின் ஊங்கு ஏனையது தாழப் பெரிது ஏறத் தக்கது எனக் காழ் ஆய சொல் போர் தொடுக்கும் அவர் தோற்ற ஒடுக்க நிலை சற்றுமே தாம் அறியாதார்
"உள்ள பொருளை யுசாவியுளத் துய்த்துணர்ந்து
தெள்ளிதா மோனநிலை சேராதே துள்ளிமதக்
கண்டனமும் மண்டனமுங் கண்டோத்தி யாகமட்டில்
விண்டெழுவார் சில்லோர் வியர்த்து",உள்ள பொருளை உசாவி உளத்து உய்த்து உணர்ந்து தெள்ளிதாம் மோனநிலை சேராதே துள்ளி மதக் கண்டனமும் மண்டனமும் கண்ட உத்தி ஆக மட்டில் விண்டு எழுவார் சில்லோர் வியர்த்து
"தருக்க மதியாற் றலையடித்துக் கொண்டவ்
வருக்கனை யாரு மறியார் தருக்கமே
யுண்மை விளக்க மொழிகற் பனையாகக்
கண்ணைச் சுழற்றுவது காண்",தருக்க மதியால் தலை அடித்துக் கொண்டு அவ் அருக்கனை யாரும் அறியார் தருக்கமே உண்மை விளக்கம் ஒழி கற்பனையாகக் கண்ணைச் சுழற்றுவது காண்
"சொற்கள் பொருளைத் துலக்கற்கு நேர்மாறாப்
புற்கென் றதனைப் புதைப்பனவாம் சொற்களாற்
றான்புதையுஞ் செம்பொருளே தானாத் துலங்கவுளத்
தோம்புதிசொற் சிந்தை யொருங்கு",சொற்கள் பொருளைத் துலக்கற்கு நேர்மாறாப் புற்கு என்று அதனைப் புதைப்பன ஆம் சொற்களால் தான் புதையும் செம்பொருளே தானாத் துலங்க உளத்து ஓம்புதி சொல் சிந்தை ஒருங்கு
"சத்தங் களுக்குந் தருக்கங் களுக்குநின்
புத்தி தனையடிமை போக்காதே சுத்தக்
கருத்தா லகம்புக்குக் கற்பனைதீர்ந் துன்மெய்
யுருத்தனையோர்ந் துண்மை யுணர்",சத்தங்களுக்கும் தருக்கங்களுக்கும் நின் புத்திதனை அடிமை போக்காதே சுத்தக் கருத்தால் அகம் புக்குக் கற்பனை தீர்ந்து உன் மெய் உருத்தனை ஓர்ந்து உண்மை உணர்
"அளப்பா னளவை யளக்கப் படுவ
அளத்தலா மிந்த வனைத்தும் உளத்தே
எதன்விளக் கத்தா லிலங்குபவோ சச்சித்
த௲தனை யிலக்களவை யாது",அளப்பான் அளவை அளக்கப்படுவ அளத்தல் ஆம் இந்த அனைத்தும் உளத்தே எதன் விளக்கத்தால் இலங்குபவோ சத் சித்து அதனை இலக்கு அளவை யாது
"அளப்பா னுளனா மளவே யளவை
அளப்பனவு மெய்போன் றடைதல் அளப்பான்
தனைத்தரிசித் துள்ளதனி லற்றா லவனோ
டனைத்துநசித் தொக்க விழும்",அளப்பான் உளனாம் அளவே அளவை அளப்பனவும் மெய்போன்று அடைதல் அளப்பான் தனைத் தரிசித்து உள்ள தனில் அற்றால் அவனோடு அனைத்தும் நசித்து ஒக்க விழும்
"மத்தமன வாதனைதா மாண்டவப ரோக்கான்ம
சுத்தஞா னத்தாற் றொலைவதலால் மெய்த்தாபம்
கானலினீ ராலே கழியினுயிர்த் தாபமும்பொய்
ஆனபரோக் கத்தா லறும்",மத்த மன வாதனை தாம் மாண்ட அபரோக்க ஆன்ம சுத்த ஞானத்தால் தொலைவது அலால் மெய்த் தாபம் கானலின் நீராலே கழியின் உயிர்த் தாபமும் பொய் ஆன பரோக்கத்தால் அறும்
"சுத்தபர மான்ம சொரூபாது பூதியாம்
அத்துவித ஞானமப ரோக்கமாப் பொய்த்த
பரோக்கவிசே டத்தாற் படைத்துமொழி ஞானம்
இராக்கதநல் லோரென்ற லேய்த்து",சுத்த பரமான்ம சொரூப அநுபூதி ஆம் அத்துவித ஞானம் அபரோக்கமாப் பொய்த்த பரோக்க விசேடத்தால் படைத்து மொழி ஞானம் இராக்கத நல்லோர் என்றல் ஏய்த்து
"உள்ளமுறு முண்மை யுசாவி லுதிப்பதாம்
கள்ளமயல் போக்குங் கனஞானம் தெள்ளுகலை
ஏட்டுச் சரக்குசா வின்னடிசிற் காகாத
ஏட்டுச் சுரைக்காயென் றெண்",உள்ளம் உறும் உண்மை உசாவில் உதிப்பது ஆம் கள்ள மயல் போக்கும் கன ஞானம் தெள்ளு கலை ஏட்டுச் சரக்கு உசா இன் அடிசிற்கு ஆகாத ஏட்டுச் சுரைக்காய் என்று எண்
"ஓவியமுற் றோங்கெரியா லுண்டிசமைத் துண்டதனால்
ஆவிபசி யாறி யமையுமோ மேவியகம்
ஓய்ஞானத் தல்லாற்றுன் போய்ந்தான்ம சாந்திசுகம்
வாய்ஞானத் தில்லை மதி",ஓவியம் உற்று ஓங்கு எரியால் உண்டி சமைத்து உண்டதனால் ஆவி பசி ஆறி அமையுமோ மேவி அகம் ஓய் ஞானத்து அல்லால் துன்பு ஓய்ந்து ஆன்ம சாந்தி சுகம் வாய் ஞானத்து இல்லை மதி
"மதியையொளிர் வித்தம் மதிக்குளொளிர் தெய்வப்
பதிசொருப மாகப் பயிலும் இதயமுறு
போதத்தா லன்றிப் புரணபர மான்மசுகம்
வாதத்தா லென்றும் வராது",மதியை ஒளிர்வித்து அம் மதிக்குள் ஒளிர் தெய்வப் பதி சொருபம் ஆகப் பயிலும் இதயம் உறு போதத்தால் அன்றிப் புரண பரம ஆன்ம சுகம் வாதத்தால் என்றும் வராது
"ஏகனே சீவ னெனக்கொண் டிதயத்துள்
ஊகமுள தீர னுறைத்திடுக ஊகம்
மலராத மாந்தர் மனங்கொள்ளச் சீவர்
பலராவ ரென்னவுடன் பட்டு",ஏகனே சீவன் எனக் கொண்டு இதயத்து உள் ஊகம் உள தீரன் உறைத்திடுக ஊகம் மலராத மாந்தர் மனம் கொள்ளச் சீவர் பலர் ஆவர் என்ன உடன்பட்டு
"பிறந்தார்கள் யாரோ பிறப்புவலை பீறிச்
சிறந்தார்கள் யாரோ சிறக்க அறிந்தீமின்
ஊனொணன்றி நின்றா ரொழிந்தா ௬ளரேயோ
யானொன் றெழாஅ விடத்து",பிறந்தார்கள் யாரோ பிறப்பு வலை பீறிச் சிறந்தார்கள் யாரோ சிறக்க அறிந்து ஈமின் ஊன் ஒன்றி நின்றார் ஒழிந்தார் உளரேயோ யான் ஒன்று எழாஅ இடத்து
"ஒன்றன்மே லொன்றை யுறுதியென மேன்மேலும்
சென்றோடி நாடுஞ் செகத்தீரே ஒன்றாய
எப்பொருளை யாய்ந்தால்வே றெப்பொருளு மின்றாமோ
அப்பொருளை யாய்த லறிவு",ஒன்றன் மேல் ஒன்றை உறுதி என மேல்மேலும் சென்று ஓடி நாடும் செகத்தீரே ஒன்று ஆய எப்பொருளை ஆய்ந்தால் வேறு எப்பொருளும் இன்று ஆமோ அப்பொருளை ஆய்தல் அறிவு
"நுட்பப் பொருளை நுனித்துணர வல்லார்க்குத்
திட்பப் பொருளுணர்வாற் சேர்பயனென் கட்புலனால்
ஆயு மறிவி னழிவிலா வுட்புலனால்
ஆயு மறிவே தலை",நுட்பப் பொருளை நுனித்து உணர வல்லார்க்குத் திட்பப் பொருள் உணர்வால் சேர் பயன் என் கண் புலனால் ஆயும் அறிவின் அழிவு இலா உள் புலனால் ஆயும் அறிவே தலை
"ஆன்ம சொரூபத்தை யாற்றவுணர்ந் தன்னியத்தைச்
சூனியமாக் கையிகந்து சோர்தலே ஞானமாம்
காலமொடு தேயங் கடந்தவுமற் றோர்கருத்தும்
சாலவுணர் வன்று சதுர்",ஆன்ம சொரூபத்தை ஆற்ற உணர்ந்து அன்னியத்தைச் சூனியமாகக் கை இகந்து சோர்தலே ஞானம் ஆம் காலமொடு தேயம் கடந்தவும் மற்று ஓர் கருத்தும் சால உணர்வு அன்று சதுர்
"சத்தி விலாசமெதுஞ் சத்தனா மான்மசொரூ
பத்தினும்வே றல்லாமெய்ப் பான்மையாற் சித்துலகை
வேறுபோ லெண்ணி வெருளுமனப் பான்மையே
மாறுபா டாம்பொய்ம் மயல்",சத்தி விலாசம் எதும் சத்தன் ஆம் ஆன்ம சொருூபத்தினும் வேறு அல்லா மெய்ப் பான்மையால் சித்து உலகை வேறு போல் எண்ணி வெருளும் மனப் பான்மையே மாறுபாடு ஆம் பொய்ம் மயல்
"உடலேநா னென்னு முணர்வே யொருவற்
கடல்சேரு மோக வவிச்சை விடலருமெய்
ஆன்மசொரு பத்தை யகன்றின்றஃ தென்னுமதே
தான்மருவு ஞானச் சதுர்",உடலே நான் என்னும் உணர்வே ஒருவற்கு அடல் சேரும் மோக அவிச்சை விடல் அரு மெய் ஆன்ம சொரூபத்தை அகன்று இன்று அஃது என்னும் அதே தான் மருவும் ஞானச் சதுர்
"அற்பமதி மாந்த ரபின்னாகா யத்தைவெறுங்
கற்பனையாற் பல்வகையாக் காண்டல்போற் சொற்பால்
அநேகமாக் காண்ட லகண்டேகான் மாவை
விநோதமா மாயை விளைவு",அற்ப மதி மாந்தர் அபின்ன ஆகாயத்தை வெறும் கற்பனையால் பல்வகையாக் காண்டல் போல் சொல் பால் அநேகமாக் காண்டல் அகண்ட ஏக ஆன்மாவை விநோதம் ஆம் மாயை விளைவு
"சூதலா வான்ம சொரூபமா மெய்யைப்பல்
பேதமாக் காண்டலே பேதைமையாம் ஆதலால்
எப்பொரு ளெத்தன்மைத் தாயினு மப்பொருள்
மெய்ப்பொருள் காண்ப தறிவு",சூது அலா ஆன்ம சொரூபம் ஆம் மெய்யைப் பல் பேதமாக் காண்டலே பேதைமை ஆம் ஆதலால் எப்பொருள் எத்தன்மைத்து ஆயினும் அப்பொருள் மெய்ப்பொருள் காண்பது அறிவு
"இரண்டறுதன் மெய்யோ டியைந்தவுப சாந்தம்
திரண்டவெறு முண்மைத் தெளிவால் இரண்டுற்
றுணர்தலுண ராமையென வுண்மையிலொன் நறின்றென்
றுணர்தலே யுண்மை யுணர்வு",இரண்டு அறு தன் மெய்யோடு இயைந்த உப சாந்தம் திரண்ட வெறும் உண்மைத் தெளிவால் இரண்டு உற்று உணர்தல் உணராமை என உண்மையில் ஒன்று இன்று என்று உணர்தலே உண்மை உணர்வு
"உன்னு முணர்வோ டுணராமை யென்றிரண்டு
துன்ன லயல்விடயச் சுட்டிடமே தன்னியல்பால்
உற்றொளிரு மெய்யி லுறாமையா லன்னவிரண்
டற்றதுவே யுண்மை யறிவு",உன்னும் உணர்வோடு உணராமை என்று இரண்டு துன்னல் அயல் விடயச் சுட்டு இடமே தன் இயல்பால் உற்று ஒளிரும் மெய்யில் உறாமையால் அன்ன இரண்டு அற்றதுவே உண்மை அறிவு
"தம்மை யறிகவெனச் சாற்றுவார் சிற்சிலவர்
தம்மை யறியாதார் தாமுளரோ தம்மை
அறியாமை போலே யறிவுடைமை தானும்
அறியாமை யன்றோ வறை",தம்மை அறிக எனச் சாற்றுவார் சிற்சிலவர் தம்மை அறியாதார் தாம் உளரோ தம்மை அறியாமை போலே அறிவு உடைமை தானும் அறியாமை அன்றோ அறை
"அன்னியத்தைத் தானறிவ தாநினைக்குங் காறுமே
என்னியல்பை யானறியே ஜனென்னுமயல் தன்னியல்பின்
நித்தாப ரோக்கத்தா னீங்கினா லந்நினைவு
பொய்த்தொழியு மந்தப் புலம்பு",அன்னியத்தைத் தான் அறிவதா நினைக்கும் காறுமே என் இயல்பை யான் அறியேன் என்னும் மயல் தன் இயல்பின் நித்த அபரோக்கத்தால் நீங்கினால் அந்நினைவு பொய்த்து ஒழியும் அந்தப் புலம்பு
"அன்னியமொன் நின்றி யனைத்துமே தானாகும்
தன்னியல்பாம் பூன்றத் தலைப்பாட்டால் என்னியல்பே
தென்னத்தன் னுள்ளத் தியையா துணர்வுநூஉம்
பின்னவுணர் வெல்லாம் பிழை",அன்னியம் ஒன்று இன்றி அனைத்துமே தான் ஆகும் தன் இயல்பாம் பூன்றத் தலைப்பாட்டால் என் இயல்பு ஏது என்னத் தன் உள்ளத்து இயையாது உணர்வு உறூஉம் பின்ன உணர்வு எல்லாம் பிழை
"மனவெளியின் கண்ணம் மனக்கற் பனையாற்
கனவெனவந் தெய்துவதோர் காட்சி எனவே
திடங்கொண்டு சுட்டறிவைச் செற்றுவிட யாசை
மடங்கொன்று நிற்றலே மாண்பு",மனவெளியின் கண் அம் மனக் கற்பனையால் கனவு என வந்து எய்துவது ஓர் காட்சி எனவே திடம் கொண்டு சுட்டு அறிவைச் செற்று விடய ஆசை மடம் கொன்று நிற்றலே மாண்பு
"உள்ளமாஞ் செம்பொருளை யோர்த்துணராப் பேதையரே
கள்ளமா யத்துட் கலங்குவார் வெள்ளமா
விஞ்சுபே ரின்ப வியன்பரந்தேர்ந் தொட்பங்கூர்
விஞ்சையார் நெஞ்சமஞ் சார்",உள்ளம் ஆம் செம்பொருளை ஓர்த்து உணராப் பேதையரே கள்ள மாயத்துள் கலங்குவார் வெள்ளமா விஞ்சு பேர் இன்ப வியன் பரம் தேர்ந்து ஒட்பம் கூர் விஞ்சையார் நெஞ்சம் அஞ்சார்
"இருமையிலா வொன்றா விருந்தொளிரு மெய்யின்
ஒருமையுணர் வற்றுழலுன் மத்தர் கருமைசேர்
மாலைக்கண் ணாலே மயங்கும்பல் பேதத்தர்
பாலைக்கண் ஸணீர்பலகாண் பார்",இருமை இலா ஒன்றா இருந்து ஒளிரும் மெய்யின் ஒருமை உணர்வு அற்று உழல் உன்மத்தர் கருமை சேர் மாலைக் கண்ணாலே மயங்கும் பல் பேதத்தர் பாலைக்கண் நீர் பல காண்பார்
"ஞானநாட் டத்தோர் நனாக்கனா நாடுங்கால்
ஊனத் தொருங்கொப்பா வோதுவார் மான
நனாவுலகு தானு நழுவுவதே யன்றோ
கனாவுலகு போலக் கழன்று",ஞான நாட்டத்தோர் நனாக்கனா நாடுங்கால் ஊனத்து ஒருங்கு ஒப்பா ஓதுவார் மான நனா உலகு தானும் நழுவுவதே அன்றோ கனா உலகு போலக் கழன்று
"கனவிற்றாஞ் செய்ததாக் கண்டவினை யாதும்
நனவிற்பற் றாதே நழுவும் நனவெனும்புன்
ஜீவபோ தக்கலக்கிற் செய்ததுமாங் கேசொருப
தேவபோ தத்தொழியுந் தீர்ந்து",கனவில் தாம் செய்ததாக் கண்ட வினை யாதும் நனவில் பற்றாதே நழுவும் நனவு எனும் புன் ஜீவ போதக் கலக்கில் செய்ததும் ஆங்கே சொருப தேவ போதத்து ஒழியும் தீர்ந்து
"கனாநனா வென்ப கலங்குற்ற சிந்தை
தனாது படைப்பென்ப சான்றோர் கனாநனா
என்னு மிரண்டிடத்து மெண்ணமொடு பேருருத்தாம்
துன்னலொருங் கென்றே துணி",கனா நனா என்ப கலங்கு உற்ற சிந்தை தனாது படைப்பு என்ப சான்றோர் கனா நனா என்னும் இரண்டு இடத்தும் எண்ணமொடு பேர் உருத்தாம் துன்னல் ஒருங்கு என்றே துணி
"அகந்தை விரிந்த தரைகுறையா மென்றால்
முகந்தகனாத் தோற்ற முயங்கும் அகந்தைதான்
முற்ற விரிந்தான் முயங்கு மவிச்சைசேர்
வுற்றநனாத் தோற்ற வுலகு",அகந்தை விரிந்தது அரைகுறை ஆம் என்றால் முகந்த கனாத் தோற்றம் முயங்கும் அகந்தைதான் முற்ற விரிந்தால் முயங்கும் அவிச்சை சேர்வுற்ற நனாத் தோற்ற உலகு
"நனவகத்துப் போலக் கனவகத்துஞ் சேர
மனம்பிறிதோர் தேக மடுக்கும் நனவுக்
கனுகுணமாங் கன்ம மழிவுற்று மற்றைக்
கனவணுகுங் கன்மமுற்றக் கால்",நனவு அகத்துப் போலக் கனவு அகத்தும் சேர மனம் பிறிது ஓர் தேகம் அடுக்கும் நனவுக்கு அனுகுணம் ஆம் கன்மம் அழிவு உற்று மற்றைக் கனவு அணுகும் கன்மம் உற்றக் கால்
"கனவுடலான் மாதைக் கலவிசெயக் கண்டோன்
நனவுடலின் விந்து நழுவல் வினவிற்
கனவுடலி னின்று கருத்துத்தா னேனை
நனவுடலிற் பாயும் விசை",கனவு உடலால் மாதைக் கலவி செயக் கண்டோன் நனவு உடலின் விந்து நழுவல் வினவில் கனவு உடலினின்று கருத்துத்தான் ஏனை நனவு உடலில் பாயும் விசை
"தோன்றுங் கனவுவெறுஞ் சிந்தைச் சுழற்சியெனில்
ஏன்றநனா வும்மவ் வியல்பிற்றே ஏன்ற
நனவுண்மை யென்ன நடைபெறலக் காலே
கனவுண்மை தானு மது",தோன்றும் கனவு வெறும் சிந்தைச் சுழற்சி எனில் ஏன்ற நனாவும் அவ் இயல்பிற்றே ஏன்ற நனவு உண்மை என்ன நடைபெறல் அக்காலே கனவு உண்மை தானும் அது
"வினாவிடுகேள் விக்கு விடையிறுக்கு மாற்றாற்
கனாநொடியாத் தோன்றிக் கழிய நனாநெடிதா
மன்னலாக் கூறுமறு மாற்ற மனமாயைத்
துன்னலாற் போந்தவினைச் சூது",வினாவிடு கேள்விக்கு விடை இறுக்கும் ஆற்றால் கனா நொடியாத் தோன்றிக் கழிய நனா நெடிதா மன்னலாக் கூறும் மறுமாற்றம் மனமாயைத் துன்னலால் போந்த வினைச் சூது
"கற்பகா லத்தைக் கணப்பொழுதா வோர்கணத்தைக்
கற்பமாக் காட்டிக் கலக்குவதே தப்பாம்
இருட்டுவளர் சூனியத்துள் யாவையுங்கநற் பித்து
மருட்டலுறு மாயமன மாண்பு",கல்ப காலத்தைக் கணப் பொழுதா ஓர் கணத்தைக் கல்பமாக் காட்டிக் கலக்குவதே தப்பு ஆம் இருட்டு வளர் சூனியத்து உள் யாவையும் கற்பித்து மருட்டல் உறும் மாய மன மாண்பு
"காரணமெய்ஞ் ஞானவொளிக் கண்ணான தன்சொருபப்
பூரணமே யென்றுமெண்ணும் புந்தியால் காரணவுங்
கற்பனா பேதங் கலக்குமகங் காரமுறு
சொப்பனா வத்தை துரத்து",காரண மெய்ஞ்ஞான ஒளிக் கண்ணான தன் சொருபப் பூரணமே என்றும் எண்ணும் புந்தியால் கார் அணவும் கற்பனா பேதம் கலக்கும் அகங்காரம் உறு சொப்பன அவத்தை துரத்து
"கனவுலகு காணுந்தற் காணாவஞ் ஞானம்
எனுமயலார் தன்னாய் விசைந்து னைமாம்
மனோதர்ம மாய்ந்த மனமேமெய்ஞ் ஞான
கனோதயமா மீசனடிக் கண்",கனவு உலகு காணும் தன் காணா அஞ்ஞானம் எனும் மயல் ஆர் தன் ஆய்வு இசைந்து பினம் ஆம் மனோதர்மம் மாய்ந்த மனமே மெய்ஞ்ஞான கன உதயம் ஆம் ஈசன் அடிக் கண்
"சொப்பனமா யத்துட் சுழன்றுசுழன் றெய்த்துப்பின்
பொய்ப்படவவ் வெல்லாம் புலம்புறவே மெய்ப்படமென்
பாயலிடை முன்னாட் படுத்தமக னாமசங்க
னாயுணர்வு தன்மெய் யறிவு",சொப்பன மாயத்துள் சுழன்று சுழன்று எய்த்துப் பின் பொய்ப்பட அவ் எல்லாம் புலம்பு உறவே மெய்ப்பட மென் பாயல் இடை முன் நாள் படுத்த மகன் ஆம் அசங்கன் ஆய் உணர்வு தன் மெய் அறிவு
"கனாவி லொருவன் கருத்தறவே மாழ்கி
இனாதவெம் பாலைவனத் தேங்கித் தனாதுபதி
தேடியடைந் தாங்கே தெளிதல் சமுசாரத்
தூடுழன்று முத்தி யுறல்",கனாவில் ஒருவன் கருத்து அறவே மாழ்கி இனாத வெம் பாலைவனத்து ஏங்கித் தனாது பதி தேடி அடைந்து ஆங்கே தெளிதல் சமுசாரத்து ஊடு உழன்று முத்தி உறல்
"தன்னை மறந்து தனுவேதா னாவெண்ணி
யெண்ணில் பிறவி யெடுத்திறுதி தன்னை
யுணர்ந்துதா னாத லுலகசஞ் சாரக்
கனவின் விழித்தலே காண்",தன்னை மறந்து தனுவே தானா எண்ணி எண் இல் பிறவி எடுத்து இறுதி தன்னை உணர்ந்து தான் ஆதல் உலக சஞ்சாரக் கனவின் விழித்தலே காண்
"மீதலமா நின்ற விசும்பை விடுத்திதர
பூதமெலா மெய்யாப் பொருந்துமேல் ஏதமறும்
அத்துரீ யத்துக் கயலா நனாமுதன்மூன்
றொத்தேமெய் யாக வுறும்",மீ தலமா நின்ற விசும்பை விடுத்து இதர பூதம் எலாம் மெய்யாப் பொருந்துமேல் ஏதம் அறும் அத் துரீயத்துக்கு அயலா நனா முதல் மூன்று ஒத்தே மெய்யாக உறும்
"சுழுத்திமயல் பீறிச் சுடர்துரியந் தோய்ந்தங்
கழுத்தமுற நிற்கலா தார்க்கே கொழுத்த
முதன்மூன் றவத்தை முயக்கமொடு நாலைந்
ததன்வேறு பாடு மறி",சுழுத்தி மயல் பீறிச் சுடர் துரியம் தோய்ந்து அங்கு அழுத்தம் உற நிற்கலாதார்க்கே கொழுத்த முதல் மூன்று அவத்தை முயக்கமொடு நாலு ஐந்து அதன் வேறுபாடும் அறி
"அவத்தையபி மானியுள னாங்காறு மேபல்
அவத்தைபுல னாத லறிவாய் பவித்த
அவத்தையபி மானி யகத்தையாய்ந் தற்றால்
அவத்தைவிகற் பங்க எறும்",அவத்தை அபிமானி உளன் ஆம் காறுமே பல் அவத்தை புலன் ஆதல் அறிவாய் பவித்த அவத்தை அபிமானி அகத்தை ஆய்ந்து அற்றால் அவத்தை விகற்பங்கள் அறும்
"பராபத்தி தன்னாற் பரசொரு பத்திற்
பராவத்தை யாட்சி படைத்தோன் பராவத்தைக்
கன்னியமா வேறோ ரவத்தை யிருப்பதாத்
தன்னியல்பாற் றான்காண் கலான்",பராபத்தி தன்னால் பர சொரூபத்தில் பராவத்தை ஆட்சி படைத்தோன் பராவத்தைக்கு அன்னியமா வேறு ஓர் அவத்தை இருப்பதாத் தன் இயல்பால் தான் காண்கலான்
"யானென் றொருவ னிருக்கின்ற தாவொருவன்
தானினையுங் காறுமத் தன்மையோன் மான
அகந்தையாற் கன்மமிரண் டாற்றிப் பயனை
முகந்து நுகர்தன் முறை",யான் என்று ஒருவன் இருக்கின்றதா ஒருவன் தான் நினையும் காறும் அத் தன்மையோன் மான அகந்தையால் கன்மம் இரண்டு ஆற்றிப் பயனை முகந்து நுகர்தல் முறை
"அகந்தையெனும் பேயை யருங்காவ லாவைத்
துகந்தா னுயிருக் குடையோன் முகந்தவினை
ஊட்டும் பயனெஞ்சா துண்டொழியுங் காறுடலை
நீட்டும் படிக்கு நினைந்து",அகந்தை எனும் பேயை அரும் காவலா வைத்து உகந்தான் உயிருக்கு உடையோன் முகந்த வினை ஊட்டும் பயன் எஞ்சாது உண்டு ஒழியுங் காறு உடலை நீட்டும் படிக்கு நினைந்து
"ஒருவன்முன் செய்த விருவினைக டாமே
மருவு மவனுலக வாழ்விற் பெருகு
நலமொடுதீ தாயுமவை நல்குறுநட் போடு
வலியபகை யாயும் வரும்",ஒருவன் முன் செய்த இரு வினைகள் தாமே மருவும் அவன் உலக வாழ்வில் பெருகும் நலமொடு தீது ஆயும் அவை நல்கு உறும் நட்போடு வலிய பகை ஆயும் வரும்
"செய்வினையா லெய்துபயன் செவ்விதேற் சாலுமென
எவ்வழியா லேனு மியற்றற்க அவ்வழியும்
தீதாயிற் றீவினையே சேருநெறி தானுமிகத்
தூய்தாக வேண்டுந் துணி",செய் வினையால் எய்து பயன் செவ்விதேல் சாலும் என எவ்வழியாலேனும் இயற்றற்க அவ்வழியும் தீது ஆயில் தீ வினையே சேரும் நெறி தானும் மிகத் தூய்து ஆக வேண்டும் துணி
"சித்தத் தமைதியொடு செம்மையாந் தூய்மையொடு
நத்தி நடப்பனவே நல்வினையாம் சித்தத்
தடரும் பரபரப்போ டாசையழுக் கோடு
படர்பவெலாந் தீவினையின் பால்",சித்தத்து அமைதியொடு செம்மை ஆம் தூய்மையொடும் நத்தி நடப்பனவே நல் வினை ஆம் சித்தத்து அடரும் பரபரப்போடு ஆசை அழுக்கோடு படர்ப எலாம் தீ வினையின் பால்
"இலகு மநான்ம விலக்கணமோ வென்னின்
மலகுமிரட் டைக்கிடனா மன்னும் நிலையில்
புரட்டாய சிந்தைப் புலக்கற் பனையாம்
இரட்டையிலை யான்மா விடத்து",இலகும் அநான்ம இலக்கணமோ என்னில் மலகும் இரட்டைக்கு இடனா மன்னும் நிலையில் புரட்டு ஆய சிந்தைப் புலக்கற்பனை ஆம் இரட்டை இலை ஆன்மா இடத்து
"அறிபடுத லெல்லை யறுக்கப் படூஉம்
குறியா மிலக்கணங் கூடல் குறியோ
அளவு படலா மதீதமா மான்மா
அளவு படாஅ தது",அறிபடுதல் எல்லை அறுக்கப்படூஉம் குறி ஆம் இலக்கணம் கூடல் குறியோ அளவு படல் ஆம் அதீதம் ஆம் ஆன்மா அளவு படாஅதது
"தன்னினிரண் டற்றொளிருந் தன்மையா லான்மாவுக்
கன்னியநாட் டந்தா னசங்கதமாம் அன்னதாற்
காண்பானா ரென்னத்தற் கண்டக்கான் முப்புடிதாம்
சேண்பாயுஞ் சிந்தை திறந்து",தன்னின் இரண்டு அற்று ஒளிரும் தன்மையால் ஆன்மாவுக்கு அன்னிய நாட்டம்தான் அசங்கதம் ஆம் அன்னதால் காண்பான் ஆர் என்னத் தன் கண்டக்கால் முப்புடிதாம் சேண் பாயும் சிந்தை திறந்து
"விளங்குவதாந் தன்சொருப விஞ்ஞான மொன்றே
யுளங்கொள்ள வேண்டுவதோ ருண்மை களங்கமனக்
கற்பனையா வெள்ளிக் கழிந்தொழிக காண்புடிகள்
சொப்பனமே யாகத் துணிந்து",விளங்குவது ஆம் தன் சொருப விஞ்ஞானம் ஒன்றே உளம் கொள்ள வேண்டுவது ஓர் உண்மை களங்கமனக் கற்பனையா எள்ளிக் கழிந்து ஒழிக காண்புடிகள் சொப்பனமே ஆகத் துணிந்து
"மன்னுசொரு பாத்துவித மாட்சியால் வேறுகதி
தன்னைத் தவிர்த்தில்லாத் தன்மையால் துன்னு
முபேயமுந் தானே யுபாயமுந் தானே
யபேதமாக் காண்க வவை",மன்னு சொரூப அத்துவித மாட்சியால் வேறு கதி தன்னைத் தவிர்த்து இல்லாத் தன்மையால் துன்னும் உபேயமும் தானே உபாயமும் தானே அபேதமாக் காண்க அவை
"ஏகசச் சித்தா மிறைபதத்திற் பேதங்காண்
மோகமனம் மூழ்கி முடிந்தொழியில் மோகஞ்சேர்
பேத மனைத்தும் பிரம்ம சொரூபசற்
போதமய மாகப் புகும்",ஏக சத் சித்து ஆம் இறைபதத்தில் பேதம் காண் மோக மனம் மூழ்கி முடிந்து ஒழியில் மோகம் சேர் பேதம் அனைத்தும் பிரம்ம சொரூப சத் போத மயம் ஆகப் புகும்
"அயிராணி தன்பா லடைமகவான் போகம்
மயர்சேர் சுணங்கன் மனைமாட் டியல்பாகத்
தான்மருவு மஃதென்றான் றத்தியங்கா தர்வணன்முன்
ஆன்மபர மாநுபவ மார்ந்து",அயிராணி தன்பால் அடை மகவான் போகம் மயர் சேர் சுணங்கன் மனைமாட்டு இயல்பாகத் தான் மருவும் அஃது என்றான் தத்தியங்காதர்வணன் முன் ஆன்ம பரம அநுபவம் ஆர்ந்து
"கல்லு முதரக் கடும்பசிக்குக் கஞ்சியொடு
புல்லரிசிக் கூழுமரும் போனகமாம் தொல்லுலகில்
வேட்கும் விடயவியன் மேற்றன் றதனிடத்து
வேட்கையே யின்ப விளைவு",கல்லும் உதரக் கடும் பசிக்குக் கஞ்சியொடு புல் அரிசிக் கூழும் அரும் போனகம் ஆம் தொல் உலகில் வேட்கும் விடய இயல் மேற்று அன்று அதனிடத்து வேட்கையே இன்ப விளைவு
"உளதே யுணர்வவ் வுணர்வே மகிழ்வு
களவே யயலாற் களித்தல் தெளிவாரும்
உண்மையாந் தன்னை யொழிகற் பனாவிடயத்
துண்மைமகிழ் வுண்டோ வுரை",உளதே உணர்வு அவ் உணர்வே மகிழ்வு களவே அயலால் களித்தல் தெளிவு ஆரும் உண்மை ஆம் தன்னை ஒழி கற்பனா விடயத்து உண்மை மகிழ்வு உண்டோ உரை
"வறட்டெலும்பு கவ்வித்தன் வாய்நனிபுண் ணாகப்
பறட்டுப் பறட்டெனத்தன் பல்லாற் கறித்துமகிழ்ந்
தென்புபோ லின்சுவைவே றின்றெனவப் புண்ணீராற்
புன்புலநாய் போற்றும் புகழ்ந்து",வறட்டு எலும்பு கவ்வித் தன் வாய் நனி புண் ஆகப் பறட்டுப் பறட்டு எனத் தன் பல்லால் கறித்து மகிழ்ந்து என்பு போல் இன் சுவை வேறு இன்று என அப் புண் நீரால் புன்புல நாய் போற்றும் புகழ்ந்து
"அறிவின்பங் கண்டிலா வாதர்புன் மாதர்
குறியின்ப மாதியாக் கூறும் பிறிதின்பந்
தன்னை மதித்துத் தடுமாறிச் சாம்பொழுதும்
அந்நினைவா லேங்கியழி வார்",அறிவு இன்பம் கண்டிலா வாதர் புன் மாதர் குறி இன்பம் ஆதியாக் கூறும் பிறிது இன்பம் தன்னை மதித்துத் தடுமாறிச் சாம் பொழுதும் அந்நினைவால் ஏங்கி அழிவார்
"கண்டு களிக்கக் கடவதா வுள்ளத்து
மண்டுபெரு வாழ்வை மறந்துபோய் விண்ட
தினைத்துணையும் பற்றாச் சிறுவிடயத் தேனை
நினைத்துருகும் பேதையர் நெஞ்சு",கண்டு களிக்கக் கடவதா உள்ளத்து மண்டு பெரு வாழ்வை மறந்துபோய் விண்ட தினைத்துணையும் பற்றாச் சிறு விடயத் தேனை நினைத்து உருகும் பேதையர் நெஞ்சு
"கொழுப்புநீ ரூற்றுக் குழியைக் குறுகி
விழுப்பமிலா நெஞ்சத்து வீணர் பழிப்புறவே
பட்டுக் கிடப்பர் பரசிவபோ காம்புதியிற்
பெட்டுத் திளையார் பிரிந்து",கொழுப்பு நீர் ஊற்றுக் குழியைக் குறுகி விழுப்பம் இலா நெஞ்சத்து வீணர் பழிப்பு உறவே பட்டுக் கிடப்பர் பரசிவ போக அம்புதியில் பெட்டுத் திளையார் பிரிந்து
"எண்ணுக் கடங்காப்பே ரின்பச் செழுங்கனியை
உண்ணுமுயர் நாட்டநனி யுற்றார்க்குக் கண்ணிழந்த
ஏமரா மாக்களே யெய்தக் கடவதாம்
காமருசிற் றின்பங் கடை",எண்ணுக்கு அடங்காப் பேர் இன்பச் செழும் கனியை உண்ணும் உயர் நாட்டம் நனி உற்றார்க்குக் கண் இழந்த ஏமரா மாக்களே எய்தக் கடவது ஆம் காமரு சிற்றின்பம் கடை
"அன்னமே தானா வமைந்திருக்க வஃதறியா
தன்னத்தைத் தான்புசிப்ப தாநினைந்தால் அன்னமே
தன்னைப் புசித்துத் தணியாப் பெரும்பசிக்குப்
பின்னையுமா எளாக்கி விடும்",அன்னமே தானா அமைந்து இருக்க அஃது அறியாது அன்னத்தைத் தான் புசிப்பதா நினைந்தால் அன்னமே தன்னைப் புசித்துத் தணியாப் பெரும் பசிக்குப் பின்னையும் ஆள் ஆக்கி விடும்
"உண்கின்ற தோறுமவ் வுண்டியே தம்முயிரை
உண்கின்ற வுண்மை யுணராரே மண்ணிற்
புசிக்கப் படுவதாப் போகத்தை யெண்ணிப்
பசித்துப்பின் பற்று பவர்",உண்கின்ற தோறும் அவ் உண்டியே தம் உயிரை உண்கின்ற உண்மை உணராரே மண்ணில் புசிக்கப்படுவதாப் போகத்தை எண்ணிப் பசித்துப் பின்பற்றுபவர்
"நிமிர்ந்தெழுத லன்றி நெருப்புநெய் யாலே
அமர்ந்துதணி வெய்தாத வாறே சமைந்ததம்
காமங்கை கூடுங் களிப்பானே காமத்தீ
ஏமங் கொடுதணித லின்று",நிமிர்ந்து எழுதல் அன்றி நெருப்பு நெய்யாலே அமர்ந்து தணிவு எய்தாதவாறே சமைந்த தம் காமம் கை கூடும் களிப்பானே காமத் தீ ஏமம் கொடு தணிதல் இன்று
"அமுதத் துவவாழ் வடைவா ரறிவுக்
கெமதத் துவமறப்பா யேய்வால் தமவியல்சே
ரஞ்சுமொருங் குற்றதோ ரவ்விடயம் பாழ்த்தகொடு
நஞ்சினு மிக்க நவை",அமுதத்துவ வாழ்வு அடைவார் அறிவுக்கு எம தத்துவ மறப்பு ஆய் ஏய்வால் தம இயல் சேர் அஞ்சும் ஒருங்கு உற்றது ஓர் அவ்விடயம் பாழ்த்த கொடு நஞ்சினும் மிக்க நவை
"தீண்டலா லொன்றோ செகுத்தலுயிர் தேருங்காற்
காண்டலான் மற்றுங் கருதலால் மாண்டிடச்செய்
ஐவாய வேட்கை யராப்போல யாங்காணேம்
பைவாய மாம்பிற் பழுது",தீண்டலால் ஒன்றோ செகுத்தல் உயிர் தேருங்கால் காண்டலால் மற்றும் கருதலால் மாண்டிடச் செய் ஐவாய வேட்கை அராப்போல யாம் காணேம் பை வாய பாம்பில் பழுது
"உண்மையிலே யில்லாப்பொய் யொன்றுதா னுள்ளதுபோல்
வண்மைசே ரொட்பமதி மக்களையும் திண்மையான்
முற்ற மயக்கி முறுவலிக்குந் தன்னுட்டன்
வெற்றியைத் தானே வியந்து",உண்மையிலே இல்லாப் பொய் ஒன்று தான் உள்ளதுபோல் வண்மை சேர் ஒட்ப மதி மக்களையும் திண்மையால் முற்ற மயக்கி முறுவலிக்கும் தன் உள் தன் வெற்றியைத் தானே வியந்து
"அங்காந் தகல்விசும்பை யாரவிழுங் கிக்கொதுகு
பின்கான்ற தென்றலின்மீப் பேதுடைத்தாம் மங்கும்
அசச்சடமா மாயை யறிவொளியான் மாவை
வசப்படுமா கட்டியோ வல்",அங்காந்து அகல் விசும்பை ஆர விழுங்கிக் கொதுகு பின் கான்றது என்றலின் மீப் பேது உடைத்து ஆம் மங்கும் அசத் சடம் ஆம் மாயை அறிவு ஒளி ஆன்மாவை வசப்படுமா கட்டி ஓவல்
"உள்ளதே பூன்ற வுணர்வா முளமென்றாற்
கள்ளமே யன்றோ கனமாயை கள்ளமாம்
அந்தமன மாயை யராத்தீண்ட லாலென்ன
விந்தையுயிர் மாழ்கும் விதம்",உள்ளதே பூன்ற உணர்வு ஆம் உளம் என்றால் கள்ளமே அன்றோ கன மாயை கள்ளம் ஆம் அந்த மன மாயை அராத் தீண்டலால் என்ன விந்தை உயிர் மாழ்கும் விதம்
"தாமதுவா ஞானச் சதுரரைக்கண் டத்துவிதம்
ஆமதுவே லாற்றலச னாதியெவன் ஓர்மென்
றுடலுணர்வோ ரான்ற வுணர்வுரைப்பார் போற்றம்
சடவுணர்வு சாற்றுவார் தாம்",தாம் அது ஆம் ஞானச் சதுரரைக் கண்டு அத்துவிதம் ஆம் அதுவேல் ஆற்றல் அசனாதி எவன் ஓர்ம் என்று உடல் உணர்வோர் ஆன்ற உணர்வு உரைப்பார் போல் தம் சட உணர்வு சாற்றுவார் தாம்
"கண்ணாலந் தானே கலவி யநுபவமா
எண்ணாநின் றோர்பேதை யின்புறுவாள் உண்ணாடி
உய்த்துணர்த லில்லா ர௬ுளறுவாய் வேதாந்தம்
அத்துவித ஞானமென் பார்",கண்ணாலம் தானே கலவி அநுபவமா எண்ணாநின்று ஓர் பேதை இன்பு உறுவாள் உள் நாடி உய்த்து உணர்தல் இல்லார் உளறு வாய் வேதாந்தம் அத்துவித ஞானம் என்பார்
"சாத்திரத்தா லான்மபர தத்துவங்கேட் டான்றமதி
மாத்திரத்தாற் றம்மை மதித்தோராய் ஓர்த்ததமைச்
சோதனைசெய் தோய்ந்துசுகந் தோயாதம் மோனியரைச்
சோதனைசெய் பேதைமையென் சொல்",சாத்திரத்தால் ஆன்ம பரதத்துவம் கேட்டு ஆன்ற மதி மாத்திரத்தால் தம்மை மதித்தோராய் ஓர்த்த தமைச் சோதனை செய்து ஓய்ந்து சுகம் தோயாது ௮ம் மோனியரைச் சோதனை செய் பேதைமை என் சொல்
"தம்மை யறியுந் தரமுமே யில்லாதார்
அம்மையோ டும்மை யமைதிகளைச் சும்மையாய்ப்
பாவித் தறிதல் பசுங்குழவி தன்னிழலைத்
தாவிப் பிடிக்குந் தகைத்து",தம்மை அறியும் தரமுமே இல்லாதார் அம்மையோடு உம்மை அமைதிகளைச் சும்மையாய்ப் பாவித்து அறிதல் பசும் குழவி தன் நிழலைத் தாவிப் பிடிக்கும் தகைத்து
"நடுநாளே தந்நிலையை நாடறியா தாற்றத்
தடுமாறும் புந்தியார் தாமே முடியோ
டடிநாளுந் தங்க ளவத்தைகளை யெண்ணி
நெடிதாக நிண்ணயிப் பார்",நடு நாளே தம் நிலையை நாட அறியாது ஆற்றத் தடுமாறும் புந்தியார் தாமே முடியோடு அடி நாளும் தங்கள் அவத்தைகளை எண்ணி நெடிது ஆக நிண்ணயிப்பார்
"இன்றுநா மெவ்வா நறிருக்கின்றோ மென்றுணர
நன்றுதாஞ் சற்று நயக்கலார் பொன்றுவதன்
பின்னும் பிறந்ததன் முன்னுமுள தம்முண்மை
உன்னியுழல் வாருணர்வென் னோ",இன்று நாம் எவ்வாறு இருக்கின்றோம் என்று உணர நன்று தாம் சற்றும் நயக்கலார் பொன்றுவதன் பின்னும் பிறந்ததன் முன்னும் உள தம் உண்மை உன்னி உழல்வார் உணர்வு என்னோ
"பிறந்தநா ளேதோ பெருவிழாச் செய்வீர்
பிறந்ததெவ ணாமென்று பேணிப் பிறந்திறத்த
லின்றென்று மொன்றா யிலகுபொரு எிற்பிறந்த
வன்றே பிறந்தநா ளாம்",பிறந்த நாள் ஏதோ பெரு விழாச் செய்வீர் பிறந்தது எவண் நாம் என்று பேணிப் பிறந்து இறத்தல் இன்று என்றும் ஒன்றாய் இலகு பொருளில் பிறந்த அன்றே பிறந்த நாள் ஆம்
"பிறந்தநா ளேனும் பிறப்புக் கழாது
பிறந்தநா ளுற்சவமே பேணல் இறந்த
பிணத்திற் கலங்கரிக்கும் பெட்பென்றே தன்னை
யுணர்ந்தொடுங்கல் தானே யுணர்வு",பிறந்த நாள் ஏனும் பிறப்புக்கு அழாது பிறந்த நாள் உற்சவமே பேணல் இறந்த பிணத்திற்கு அலங்கரிக்கும் பெட்பு என்றே தன்னை உணர்ந்து ஒடுங்கல் தானே உணர்வு
"நாமன்றி நாளேது நாநம்மை நாடாது
நாமுடலென் றெண்ணினமை நாளுண்ணு நாமுடம்போ
நாமின்று சென்றவரு நாளென்று மொன்றதனா
னாமுண்டு நாளுண்ட நாம்",நாம் அன்றி நாள் ஏது நாம் நம்மை நாடாது நாம் உடல் என்று எண்ணில் நமை நாள் உண்ணும் நாம் உடம்போ நாம் இன்று சென்ற வரு நாள் என்றும் ஒன்று அதனால் நாம் உண்டு நாள் உண்ட நாம்
"சிவன்சேர்வ தாலே தெளிவதோ சித்தத்
தவன்சேர்வ தத்தெளிவி னாலோ அவலஞ்செய்
பேதமறு மொன்றையிரு வேறாகப் பேதுறுவார்க்
கோதமறு மாற்றமில் லோம்",சிவன் சேர்வதாலே தெளிவதோ சித்தத்து அவன் சேர்வது அத் தெளிவினாலோ அவலம் செய் பேதம் அறும் ஒன்றை இரு வேறு ஆகப் பேது உறுவார்க்கு ஓத மறு மாற்றம் இல்லோம்
"ஐம்புலத்தை யாற்ற வடர்த்தொழுகு மவ்வினத்தோ
டென்பொருட்டுக் கூடியொருங் கேய்கின்றார் புன்புலத்துக்
கெண்பதத்தா லேங்கி யிளகிக் கரைந்தொழுகும்
பண்படா வுள்ளத் தவர்",ஐம்புலத்தை ஆற்ற அடர்த்து ஒழுகும் அவ் இனத்தோடு என் பொருட்டுக் கூடி ஒருங்கு ஏய்கின்றார் புன் புலத்துக்கு எண் பதத்தால் ஏங்கி இளகிக் கரைந்து ஒழுகும் பண்படா உள்ளத்தவர்
"அற்புதமா யுள்ளசிற் றம்பலமாந் தந்நிலையில்
உற்பவமாய்ச் சீவித் தொடுங்குகனாக் கற்பிதரே
தந்த மிருவினையாற் றாக்குண் டுழல்கின்ற
இந்த விவகா ரிகள்",அற்புதமாய் உள்ள சித் அம்பலமாம் தம் நிலையில் உற்பவமாய்ச் சீவித்து ஒடுங்கு கனாக் கற்பிதரே தம் தம் இரு வினையால் தாக்குண்டு உழல்கின்ற இந்த விவகாரிகள்
"அச்சமறு மான்மநிலை தன்னி னகன்றன்றோ
துச்சவுயி ராய்ப்பிறவித் துன்புற்றார் உச்சந்
தலையி ஸிழிந்த மயிரனையர் மாந்தர்
நிலையி ஸிழிந்தக் கடை",அச்சம் அறும் ஆன்மநிலை தன்னின் அகன்று அன்றோ துச்ச உயிராய்ப் பிறவித் துன்பு உற்றார் உச்சம் தலையின் இழிந்த மயிர் அனையர் மாந்தர் நிலையின் இழிந்தக் கடை
"மலையிலக்கா நின்ற மகிமைசா லான்ம
நிலையினைக்கண் டந்நிலைக்கே நில்லா தலைவதுதான்
தன்னைத் தவிர்ந்தோரைத் தானெண்ணி மூலமாம்
தன்னை மறந்த தகைத்து",மலை இலக்கா நின்ற மகிமை சால் ஆன்ம நிலையினைக் கண்டு அந்நிலைக்கே நில்லாது அலைவது தான் தன்னைத் தவிர்ந்தோரைத் தான் எண்ணி மூலம் ஆம் தன்னை மறந்த தகைத்து
"எண்ண முதிக்கு மிதயத்தே தான்றானா
நண்ணு சிவப்பொருளை நானாரென் றுண்ணுணுகி
யோர்ந்தொடுங்கித் தானதுவா வொன்றலன்றித் தன்சொருபம்
பேர்ந்தொழிதல் புத்திப் பிழை",எண்ணம் உதிக்கும் இதயத்தே தான் தானா நண்ணு சிவப்பொருளை நான் ஆர் என்று உள் நுணுகி ஓர்ந்து ஒடுங்கித் தான் அதுவா ஒன்றல் அன்றித் தன் சொருபம் பேர்ந்து ஒழிதல் புத்திப் பிழை
"மோனையா யுள்ள முழுமுதலாய்த் தாமிருந்தால்
ஏனையார் தம்மா லிழிவடைதல் ஏனோ
தலையி னிழிந்த மயிரனையர் மாந்தர்
நிலையி னிழிந்தக் கடை",மோனையாய் உள்ள முழு முதலாய்த் தாம் இருந்தால் ஏனையார் தம்மால் இழிவு அடைதல் ஏனோ தலையின் இழிந்த மயிர் அனையர் மாந்தர் நிலையின் இழிந்தக் கடை
"மயல்கொண்ட வாற்றான் மனோமயத்தை நம்பி
இயலுண்மை யாக வெதிர்ந்தே வியன்முதலாம்
சுத்தஞா னான்ம சொரூபத்தைச் சோர்ந்தானுன்
மத்தனா கின்றான் மதி",மயல் கொண்ட ஆற்றால் மனோமயத்தை நம்பி இயல் உண்மை ஆக எதிர்ந்தே வியன் முதல் ஆம் சுத்த ஞான ஆன்ம சொரூபத்தைச் சோர்ந்தான் உன்மத்தன் ஆகின்றான் மதி
"பின்னையெவை சாரினும் பேரினும் பேதுபட்டுத்
தன்னையிமை யாது சதாவுணர்க என்னை
அறிவாய தன்னை யயர்த்தபிர மாதஞ்
சிறிதேனும் பீழை பெரிது",பின்னை எவை சாரினும் பேரினும் பேது பட்டுத் தன்னை இமையாது சதா உணர்க என்னை அறிவு ஆய தன்னை அயர்த்த பிரமாதம் சிறிதேனும் பீழை பெரிது
"நினைப்புமறப் பாநிகழு நீச மனமே
ஜனிப்புமரிப் பாயசமு சாரம் நினைப்புமறப்
பாமுயிர்ப்புச் செத்த வகமே ஜனிப்புமரிப்
பாமயர்ப்பில் சுத்தமுத்தி யாம்",நினைப்பு மறப்பா நிகழும் நீச மனமே ஜனிப்பு மரிப்பு ஆய சமுசாரம் நினைப்பு மறப்பு ஆம் உயிர்ப்புச் செத்த அகமே ஜனிப்பு மரிப்பு ஆம் அயர்ப்பு இல் சுத்த முத்தி ஆம்
"உண்மையள வாவொளிர்தன் னுண்மையைவிட் டூனுடலாய்
விண்மையே போன்ற விடயத்தைக் கண்மயலாய்க்
கண்டு கலங்கலே காரவிச்சை துன்றுமனம்
மண்டுசமு சார மயல்",உண்மை அளவா ஒளிர் தன் உண்மையை விட்டு ஊன் உடல் ஆய் விண்மையே போன்ற விடயத்தைக் கண் மயல் ஆய்க் கண்டு கலங்கலே கார் அவிச்சை துன்று மனம் மண்டு சமுசார மயல்
"உண்மையிலே தானலதின் றேனுமுட லேதானா
உண்மயலா லெண்ணு முயக்கமே திண்மையாம்
அத்துவிதா னந்த வமுதத் துவங்கழன்று
செத்துப் பிறக்குந் திறம்",உண்மையிலே தான் அலது இன்றேனும் உடலே தானா உள் மயலால் எண்ணும் முயக்கமே திண்மை ஆம் அத்துவித ஆனந்த அமுதத்துவம் கழன்று செத்துப் பிறக்கும் திறம்
"சமுசார மென்பதுதஞ் சித்தமே யந்தச்
சமுசார மற்றுச் சரிப்போர் சமுசாரந்
தன்னி லுடல்வினையாற் சாரினுமெய்ஞ் ஞானவெளி
தன்னி லுலாவுகின் றார்",சமுசாரம் என்பது தம் சித்தமே அந்தச் சமுசாரம் அற்றுச் சரிப்போர் சமுசாரம் தன்னில் உடல் வினையால் சாரினும் மெய்ஞ்ஞான வெளி தன்னில் உலாவு கின்றார்
"இடியேறு போற்பல் லிடையூறு செம்மா
ணடியாரை யாற்ற வடர்த்தல் ஒடியா
நிலைநிறுத்தற் கன்றியந் நின்மலர்தந் நெஞ்சை
உலைவுறுத்தற் கன்றென் றுணர்",இடி ஏறு போல் பல் இடையூறு செம்மாண் அடியாரை ஆற்ற அடர்த்தல் ஒடியா நிலை நிறுத்தற்கு அன்றி அந் நின்மலர் தம் நெஞ்சை உலைவு உறுத்தற்கு அன்று என்று உணர்
"மேதகுதன் னெஞ்சம் விதிராதே யூழாற்சேர்
நோதகவு முற்றுந்தா னோன்றிடுக நீதவுயிர்க்
குய்வைத் தரவஃ துளத்தை யுரம்பெறுத்தும்
தெய்வத் திருவருளாத் தேர்ந்து",மேதகு தன் நெஞ்சம் விதிராதே ஊழால் சேர் நோதகவு முற்றும் தான் நோன்றிடுக நீத உயிர்க்கு உய்வைத் தர அஃது உளத்தை உரம் பெறுத்தும் தெய்வத் திரு அருளாத் தேர்ந்து
"கடைவா லலதுசுரங் கத்துமணி சோபை
படையாத வந்தப் பரிசே தடையாய
சோதனையா லன்றிச் சுடரா தொருவன்செய்
சாதனையா முண்மைத் தவம்",கடைவால் அலது சுரங்கத்து மணி சோபை படையாத அந்தப் பரிசே தடை ஆய சோதனையால் அன்றிச் சுடராது ஒருவன் செய் சாதனை ஆம் உண்மைத் தவம்
"உருள்பெருந்தேர் வீதிவழி யோடிநிலை சேர
அரியவச் சாணியே யன்றி இருமருங்கும்
சென்றுமடுக் காதுதடை செய்ம்முட்டுக் கட்டையுந்தான்
இன்றி யமையாத தே",உருள் பெரும் தேர் வீதி வழி ஓடி நிலை சேர அரிய அச்சாணியே அன்றி இரு மருங்கும் சென்று மடுக்காது தடை செய்ம் முட்டுக்கட்டையும் தான் இன்றி அமையாததே
"ஒன்றே பலவாக வுற்பவியா துற்பவித்து
நன்றோடு தீது நயந்தாற்போற் றொன்றாதி
இன்றளவு மென்றுநா லேழ்பிறப்பு மெய்திமுத்தி
வென்றடைவ தென்ன வியப்பு",ஒன்றே பலவாக உற்பவியாது உற்பவித்து நன்றோடு தீதும் நயந்தால் போல் தொன்று ஸி இன்று அளவும் என்றும் நால் ஏழ் பிறப்பும் எய்தி முத்தி வென்று அடைவது என்ன வியப்பு
"தானதுவா யென்றுந் தனித்திருந்தே தானதனை
ஏனையது போலே யிசைந்திடுதற் கானமுறை
மேற்கொண் டுழைக்கு மிறைபோலே காணுங்கால்
ஏற்குமிறும் பூதோன் றிலை",தான் அதுவா என்றும் தனித்து இருந்தே தான் அதனை ஏனையது போலே இசைந்திடுதற்கு ஆன முறை மேற்கொண்டு உழைக்கும் மிறை போலே காணுங்கால் ஏற்கும் இறும்பூது ஒன்று இலை
"பரமாய தன்னைவெறும் பாழுடல மாகப்
பிரமாத மாற்றும் பிழையால் உரன்மேற்கொண்
டாற்ற வெறுத்தக்க தன்றி யறிஞராற்
போற்றத் தகாது புகழ்",பரம் ஆய தன்னை வெறும் பாழ் உடலம் ஆகப் பிரமாதம் ஆற்றும் பிழையால் உரன் மேற்கொண்டு ஆற்ற வெறுத்தக்கது அன்றி அறிஞரால் போற்றத் தகாது புகழ்
"யாவனே தன்னை யிலக்கும் பிறர்சுட்டுக்
காவலா லன்னோனவ் வாயிலாற் காவலறக்
கொன்னேதா ஸனேற்படுத்திக் கொள்கின்றான் மேற்கொண்ட
தன்சா தனைக்குத் தடை",யாவனே தன்னை இலக்கும் பிறர் சுட்டுக்கு ஆவலால் அன்னோன் அவ் வாயிலால் காவல் அறக் கொன்னே தான் ஏற்படுத்திக் கொள்கின்றான் மேற்கொண்ட தன் சாதனைக்குத் தடை
"நிட்டா பரர்முன் னிமிர்ந்துதா முட்கார்ந்து
கொட்டாவி விட்டுங் குறோட்டைவிட்டுங் கெட்ட
அனந்தலையாள் கின்ற வடாப்பயிற்சி யிந்த
நனந்தலைஞா லத்தோர் நவை",நிட்டாபரர் முன் நிமிர்ந்து தாம் உட்கார்ந்து கொட்டாவி விட்டும் குறோட்டை விட்டும் கெட்ட அனந்தலை ஆள்கின்ற அடாப் பயிற்சி இந்த நனந்தலை ஞாலத்தோர் நவை
"இன்பமய மாந்தன் னியல்வேறாய்த் தான்பிறவித்
துன்பவெயி லாலே துடிப்பதெலாம் வம்பால்
அறிவு தொழிற்பட் டலமருமா மோக
வெறிசே ரகந்தை விளைவு",இன்பமயம் ஆம் தன் இயல் வேறாய்த் தான் பிறவித் துன்ப வெயிலாலே துடிப்பது எலாம் வம்பால் அறிவு தொழிற்பட்டு அலமரும் மா மோக வெறி சேர் அகந்தை விளைவு
"ஆசுரசம் பத்துக் கடிப்படைதே கத்தோடு
காசுறுசம் பந்தவகங் காரமே பாச
மமதையுற வாற்கொழுக்கு மாயவகங் காரர்
அமைதியுற லம்மா வரிது",ஆசுர சம்பத்துக்கு அடிப்படை தேகத்தோடு காசு உறு சம்பந்த அகங்காரமே பாச மமதை உறவால் கொழுக்கும் மாய அகங்காரர் அமைதி உறல் அம்மா அரிது
"வேனில்வா யோடி வெதும்புவதுந் தண்ணிழல்வாய்த்
தானெய்தி வெப்பந் தணிவதும்போல் ஈனவுயிர்
இவ்வுலகத் தோடி யிளைப்பதுமீண் டுண்ணாடி
அவ்விதயத் தாறுவது மாம்",வேனில்வாய் ஓடி வெதும்புவதும் தண் நிழல்வாய்த் தான் எய்தி வெப்பம் தணிவதும் போல் ஈன உயிர் இவ் உலகத்து ஓடி இளைப்பதும் மீண்டு உள் நாடி அவ் இதயத்து ஆறுவதும் ஆம்
"வேனிலெறி யுண்ட விவேகி நிழல்விட்டு
வேனிலுற மீளா விதம்போல வேனில்
உலகடுமுத் தாபமுழந் தோரு முளம்விட்
டுலகடைய மீள வொணாது",வேனில் எறி உண்ட விவேகி நிழல் விட்டு வேனில் உற மீளா விதம் போல வேனில் உலகு அடும் முத்தாபம் உழந்தோரும் ௨ ளம்விட்டு உலகு அடைய மீள ஒணாது
"உண்மைப் பொருளி னுதித்த வுடலுயிரவ்
வுண்மைப் பொருளி னொடுங்களவும் திண்ணமாய்
எத்தடைக்கு நில்லா திருவிசும்பிற் சேர்பறவைக்
கித்தரைக்க ணன்றிநிலை யின்று",உண்மைப் பொருளின் உதித்த உடல் உயிர் அவ் உண்மைப் பொருளின் ஒடுங்கு அளவும் திண்ணமாய் எத்தடைக்கும் நில்லாது இரு விசும்பில் சேர் பறவைக்கு இத்தரைக்கண் அன்றி நிலை இன்று
"வந்த வழியே மறித்துயிர்மூ லம்புக்காற்
சொந்த சொரூபமுறத் தோய்தலாற் புந்திக்கச்
சொச்சொருபா னந்தந் துளங்கி விளங்கவே
நிச்சலமா நிற்கு நிலை",வந்த வழியே மறித்து உயிர் மூலம் புக்கால் சொந்த சொரூபம் உறத் தோய்தலால் புந்திக்கு அச் சொச்சொருப ஆனந்தம் துளங்கி விளங்கவே நிச்சலமா நிற்கும் நிலை
"தெய்வத் திருவருளைச் சிந்தியா தேசிந்தித்
துய்வதன்றி நானென் றுருத்தெழுந்து செய்வதெவன்
நானெனுமப் பேயகந்தை நாட்டமற நாடியகந்
தானதுவா மோனந் தரி",தெய்வத் திரு அருளைச் சிந்தியாதே சிந்தித்து உய்வது அன்றி நான் என்று உருத்து எழுந்து செய்வது எவன் நான் எனும் அப் பேய் அகந்தை நாட்டம் அற நாடி அகம் தான் அது ஆம் மோனம் தரி
"இருள்சே ருலகத் திறைவனது சுத்த
வருளொளியா லன்றித்தம் மாலே மருள்சே
ரிருளின் கணுமொளியா யேய்ந்தமெய்ஞ் ஞானப்
பொருளின்பந் துய்த்த லரிது",இருள் சேர் உலகத்து இறைவனது சுத்த அருள் ஒளியால் அன்றித் தம்மாலே மருள் சேர் இருளின்கணும் ஒளியாய் ஏய்ந்த மெய்ஞ்ஞானப் பொருள் இன்பம் துய்த்தல் அரிது
"காணு முலகுதனைக் காண்பானைக் கண்டெள்ளி
நாணத்தன் னுள்ளே நகைப்பதாம் காணுமதற்
கின்றியமை யாத்தன் னியல்புண்மை காணான்மெய்
யென்றதனைக் காணு மிடத்து",காணும் உலகு தனைக் காண்பானைக் கண்டு எள்ளி நாணத் தன் உள்ளே நகைப்பதாம் காணும் அதற்கு இன்றி அமையாத் தன் இயல்பு உண்மை காணான் மெய் என்று அதனைக் காணும் இடத்து
"ஒளியினுக் குள்ளே யுறும்பொருள்க என்றி
வெளியிலுள சற்றும் விளங்கா உளத்து
நினைப்புமறப் பாக நிகழறிவுட் பட்டே
யனைத்து மறிபடுப வாம்",ஒளியினுக்கு உள்ளே உறும் பொருள்கள் அன்றி வெளியில் உள சற்றும் விளங்கா உளத்து நினைப்பு மறப்பு ஆக நிகழ் அறிவு உட்பட்டே அனைத்தும் அறிபடுப ஆம்
"எதிர்வதனால் யாதொன் நிருக்கின்ற தென்னு
மதுவமைவ தன்றி யதன்மேற் கதுவுபுலன்
தோற்றுமதே யுள்ளவதன் சொந்த சொரூபமாத்
தேற்ற மமையாது தேர்",எதிர்வதனால் யாது ஒன்று இருக்கின்றது என்னும் அது அமைவது அன்றி அதன்மேல் கதுவு புலன் தோற்றும் அதே உள்ள அதன் சொந்த சொரூபமாத் தேற்றம் அமையாது தேர்
"நோக்காலே சுட்டி யெதனையுநீ நோக்காது
நோக்காலந் நோக்கையே நோக்குவையேல் நோக்கமாந்
தன்மாத் திரமாத் தழைப்பதனா லெல்லாம்பின்
னுன்மாத மாஞ்சுட் டுணர்வு",நோக்காலே சுட்டி எதனையும் நீ நோக்காது நோக்கால் அந் நோக்கையே நோக்குவையேல் நோக்கம் ஆம் தன் மாத்திரமாத் தழைப்பதனால் எல்லாம் பின் உன்மாதம் ஆம் சுட்டு உணர்வு
"காண்பவனுங் காண்பொருளும் வெவ்வேறு சத்தையேற்
காண்பதொரு காலுங் கடவதன்றாம் காண்ப
தியல்வதா லன்ன விரண்டுமே காணிற்
பயிலு மொரேசத்தை பார்",காண்பவனும் காண் பொருளும் வெவ்வேறு சத்தையேல் காண்பது ஒரு காலும் கடவது அன்று ஆம் காண்பது இயல்வதால் அன்ன இரண்டுமே காணில் பயிலும் ஒரே சத்தை பார்
"சும்மா விருக்கத் துலங்கும்பே ரின்பத்துக்
கம்மாதா னாற்ற வலைந்திடுதல் செம்மாப்பப்
போக்குவர வில்லாப் பொருளாகத் தன்னையாய்ந்
தூக்கமிகு மின்ப முறற்கு",சும்மா இருக்கத் துலங்கும் பேர் இன்பத்துக்கு அம்மா தான் ஆற்ற அலைந்திடுதல் செம்மாப்பப் போக்கு வரவு இல்லாப் பொருளாகத் தன்னை ஆய்ந்து ஊக்கம் மிகும் இன்பம் உறற்கு
"தானேதா னாகச் சமைந்திருக்க வன்னியம்போற்
றானே தனைத்தேரிச் சார்ந்திடுதல் தானேதில்
அன்னியம்போற் றோன்றிடினு மத்தா னனனியமென்
றுன்னியுணர் வோய்ந்து விடற்கு",தானே தான் ஆகச் சமைந்து இருக்க அன்னியம் போல் தானே தனைத் தேடிச் சார்ந்திடுதல் தான் ஏது இல் அன்னியம் போல் தோன்றிடினும் அத்தான் அனனியம் என்று உன்னி உணர்வு ஓய்ந்து விடற்கு
"தன்னையே யல்லால்வே றாகாத தத்துவத்தைத்
தன்னிலே வேறாகத் தானினைந்து தன்னுஞற்றால்
உற்றிடுவான் வேண்டி யுழைத்திடுதல் தன்னிழலைப்
பற்றிடுவா னோடிவிட் டற்று",தன்னையே அல்லால் வேறு ஆகாத தத்துவத்தைத் தன்னிலே வேறு ஆகத் தான் நினைந்து தன் உஞற்றால் உற்றிடுவான் வேண்டி உழைத்திடுதல் தன் நிழலைப் பற்றிடுவான் ஓடிவிட்டு அற்று
"உள்ளதாந் தானே யுணர்வொளியா யுள்ளத்துட்
டெள்ளென் றகமாத் தெரிதலாற் கள்ளமிலாக்
கண்ணாமச் செம்பொருளே கண்கூடாங் கட்புலத்து
நண்ணும் விடயமன்று நாடு",உள்ளது ஆம் தானே உணர்வு ஒளியாய் உள்ளத்து உள் தெள் என்று அகமாத் தெரிதலால் கள்ளம் இலாக் கண் ஆம் அச் செம்பொருளே கண்கூடு ஆம் கண் புலத்து நண்ணும் விடயம் அன்று நாடு
"நீக்கமற நெஞ்சகத்தே நின்றொளிர்சச் சித்துருவைச்
சூக்கமா நோக்கித் துலங்காதோர் தாக்குமதி
மோகவகங் கார முனைப்பான சுட்டறிவால்
மாழ்கலுற்றார் மாயா மயத்து",நீக்கம் அற நெஞ்சு அகத்தே நின்று ஒளிர் சத் சித்து உருவைச் சூக்கமா நோக்கித் துலங்காதோர் தாக்கும் அதி மோக அகங்கார முனைப்பு ஆன சுட்டு அறிவால் மாழ்கல் உற்றார் மாயா மயத்து
"தன்மெய் யறியநூல் சாற்றுவதன் றாற்பரியம்
அன்னியச்சுட் டாம்பொய் யறிவறலாம் என்னை
இருக்கின்றேன் யானென் றியார்க்குமே தன்மெய்
யருக்கன்றான் போலவிர்த லால்",தன் மெய் அறிய நூல் சாற்றுவதன் தாத்பரியம் அன்னியச் சுட்டு ஆம் பொய் அறிவு அறல் ஆம் என்னை இருக்கின்றேன் யான் என்று யார்க்குமே தன் மெய் அருக்கன் தான் போல் அவிர்தலால்
"சுட்டறிவு நோக்கத் துலங்கா வருள்விளக்கம்
சுட்டறிவு கெட்டாற் றுலங்குவதாம் பெட்டுமிக
யானோக்குங் காலை நிலனோக்கு நோக்காக்காற்
றானோக்கி மெல்ல நகும்",சுட்டு அறிவு நோக்கத் துலங்கா அருள் விளக்கம் சுட்டு அறிவு கெட்டால் துலங்குவது ஆம் பெட்டு மிக யான் நோக்குங்காலை நிலன் நோக்கும் நோக்காக்கால் தான் நோக்கி மெல்ல நகும்
"அதனைநோக் காதே யிதனைநோக் காதே
யெதனையுநீ நோக்கா திருப்பின் மதன்சே
ரிருப்புநோக் காலே யெலையில்சிதா காசப்
பரப்புநோக் காம்பொருளா வாய்",அதனை நோக்காதே இதனை நோக்காதே எதனையும் நீ நோக்காது இருப்பின் மதன் சேர் இருப்பு நோக்காலே எலை இல் சிதாகாசப் பரப்பு நோக்கு ஆம் பொருள் ஆவாய்
"ஆர்வமொடு தன்னையடிக் கர்ப்பணஞ்செய் தால்வெளியாம்
தேவனரு ளாலே தெரிவதலாற் சீவ
மதியூக்கங் கொண்டு மதித்துணர லாகா
அதிசூக் குமமெய் யறி",ஆர்வமொடு தன்னை அடிக்கு அர்ப்பணம் செய்தால் வெளி ஆம் தேவன் அருளாலே தெரிவது அலால் சீவ மதி ஊக்கம் கொண்டு மதித்து உணரல் ஆகா அதி சூக்குமம் மெய் அறி
"கலையனைத்துங் கேள்வியொடு கற்றுணர்ந்துங் கேட்டும்
நிலையெனைத்துந் தேராது நேடி அலையன்மின்
அற்பே வடிவா வமர்ந்த பொருண்மயமாய்
நிற்பே பரம நிலை",கலை அனைத்தும் கேள்வியொடு கற்று உணர்ந்தும் கேட்டும் நிலை எனைத்தும் தேராது நேடி அலையன்மின் அற்பே வடிவா அமர்ந்த பொருள் மயமாய் நிற்பே பரம நிலை
"ஏழா வதுருசியா வெண்ணுவார் மற்றெதற்கும்
தாழாத வார்வருசி தாமுணரார் ஊழானே
பேதருசி யாய பிறருசிக்குப் பெட்பளிக்கும்
ஆதிருசி யாகுமவ் வன்பு",ஏழாவது ருசியா எண்ணுவார் மற்று எதற்கும் தாழாத ஆர்வ ருசி தாம் உணரார் ஊழானே பேத ருசியாய பிற ருசிக்குப் பெட்பு அளிக்கும் ஆதி ருசி ஆகும் அவ் அன்பு
"நன்சுவையே ழென்ன நவில்வார் நவிலருமன்
பின்சுவைதாந் தேறாத வேழையார் நன்சுவையாம்
அன்புருசி நன்கறிந்தோ மாதலினவ் வொன்றேதான்
இன்பருசி யென்போ மியாம்",நன் சுவை ஏழு என்ன நவில்வார் நவில் அரும் அன்பின் சுவை தாம் தேறாத ஏழையார் நன் சுவை ஆம் அன்பு ருசி நன்கு அறிந்தோம் ஆதலின் அவ் ஒன்றேதான் இன்ப ருசி என்போம் யாம்
"அன்புண்மை தன்னை யறிந்தாலே வாழ்வினது
மொய்ம்புடைய சிக்கன் முடிச்சவிழும் அன்னைது
மேதகவு சேர்ந்தாலே வீடுபெற வெய்தியதாம்
ஓதுசம யத்தி னுளம்",அன்பு உண்மை தன்னை அறிந்தாலே வாழ்வினது மொய்ம்பு உடைய சிக்கல் முடிச்சு அவிழும் அன்பினது மேதகவு சேர்ந்தாலே வீடுபெற எய்தியது ஆம் ஓது சமயத்தின் உளம்
"தெள்ளியமெய்ஞ் ஞானத் திருவினர்ச்சேர் வார்மெய்யன்
புள்ளங் கொளவேண்டு முண்மையே விள்ளுவதாம்
கையுறையோ டன்றிவெறுங் கையொடுகா ணற்கவென
மெய்யுறுசான் றோர்சொல் விதி",தெள்ளிய மெய்ஞ் ஞானத் திருவினர்ச் சேர்வார் மெய் அன்பு உள்ளம் கொள வேண்டும் உண்மையே விள்ளுவது ஆம் கை உறையோடு அன்றி வெறும் கையொடு காணற்க என மெய் உறு சான்றோர் சொல் விதி
"அன்பை யடக்கலா லொன்றோ விபரீத
வம்பினா லத்தை வழங்கலாற் றுன்பம்
எனப்படுவ யாவற்றா லேயுமுயிர் பற்றித்
தினப்படுவ தாகுஞ் செறுத்து",அன்பை அடக்கலால் ஒன்றோ விபரீத வம்பினால் அத்தை வழங்கலால் துன்பம் எனப்படுவ யாவற்றாலேயும் உயிர் பற்றித் தினப்படுவது ஆகும் செறுத்து
"அன்பையே காண்பதா யன்பையே கேட்பதாய்
அன்பையே தானுற் றறிவதாய் இன்பமாம்
அன்பையே யுண்பதா யன்பையே மோப்பதாம்
அன்பேயான் மாநு பவம்",அன்பையே காண்பதாய் அன்பையே கேட்பதாய் அன்பையே தான் உற்று அறிவதாய் இன்பம் ஆம் அன்பையே உண்பதாய் அன்பையே மோப்பது ஆம் அன்பே ஆன்மாநுபவம்
"உண்மை தனக்கோ ருருவிலையென் றோதுவார்
உண்மை யதனை யுணராதார் விண்மெய்யா
முண்மைதனை யுள்ளபடி யோர்ந்துணர்ந்த நிட்டனுரு
வுண்மையுரு வென்றே யுணர்",உண்மை தனக்கு ஓர் உருவு இலை என்று ஓதுவார் உண்மை அதனை உணராதார் விண் மெய் ஆம் உண்மைதனை உள்ளபடி ஓர்ந்து உணர்ந்த நிட்டன் உரு உண்மை உரு என்றே உணர்
"உருவவகங் கார மொழிந்தமனத் தோர்க்கே
அருவவழி பாடியல்வ தாகும் மருவும்
உருவவகங் காரமனத் தோர்வழிபா டெல்லாம்
உருவவழி பாடே யுணர்",உருவ அகங்காரம் ஒழிந்த மனத்தோர்க்கே அருவ வழிபாடு இயல்வது ஆகும் மருவும் உருவ அகங்கார மனத்தோர் வழிபாடு எல்லாம் உருவ வழிபாடே உணர்
"நினையா நினைவாலே நிட்களமா முண்மை
தனையாரா தித்தலே சால்பாம் முனைவன்
அகளவழி பாட்டுக் கருகதையில் லாக்காற்
சகளவழி பாடே தகும்",நினையா நினைவாலே நிட்களம் ஆம் உண்மை தனை ஆராதித்தலே சால்பு ஆம் முனைவன் அகள வழிபாட்டுக்கு அருகதை இல்லாக்கால் சகள வழிபாடே தகும்
"இயற்கையொளி யாந்தம் மிருக்கையுணர் வின்றி
மயக்கவினைப் பட்டுழலு மாந்தர் நயக்குறுதம்
மூர்த்தி யுபாசனையான் மோகமொழிந் தான்மபர
மார்த்த மடைவா ரறி",இயற்கை ஒளியாம் தம் இருக்கை உணர்வு இன்றி மயக்க வினைப்பட்டு உழலும் மாந்தர் நயக்கு உறு தம் மூர்த்தி உபாசனையால் மோகம் ஒழிந்து ஆன்ம பரமார்த்தம் அடைவார் அறி
"அகத்தும் புறத்து மரன்சகள பூசை
நிகழ்த்துசிவ நேயமுறு நெஞ்சே மிகுத்துணர்வாய்
எல்லா விடத்து மிறைவ ஸிருப்புமறப்
பில்லா வுணர்வோ டியற்று",அகத்தும் புறத்தும் அரன் சகள பூசை நிகழ்த்து சிவநேயம் உறு நெஞ்சே மிகுத்து உணர்வாய் எல்லா இடத்தும் இறைவன் இருப்பு மறப்பு இல்லா உணர்வோடு இயற்று
"சிவயோகி தன்னையுபா சித்தொழுக நாளும்
பவரோக மாயம் பறக்கும் அவதானம்
ஒன்றேயா யுள்ளத் துசாவுதித்து வெற்றுணர்வாய்
நின்றேயான் மாவி னிலைத்து",சிவயோகி தன்னை உபாசித்து ஒழுக நாளும் பவ ரோக மாயம் பறக்கும் அவதானம் ஒன்றே ஆய் உள்ளத்து உசா உதித்து வெற்று உணர்வாய் நின்றே ஆன்மாவில் நிலைத்து
"இறைவனடிக் குண்மையா மேகாந்த நேயம்
குறைவறநிற் கஃது கொடாதேல் மறையின்
இழைத்தவிதி கோடா தியற்றுமநுட் டானத்
துழைப்புமுழு தும்பா முணர்",இறைவன் அடிக்கு உண்மை ஆம் ஏகாந்த நேயம் குறைவு அற நிற்கு அஃது கொடாதேல் மறையின் இழைத்த விதி கோடாது இயற்றும் அநுட்டானத்து உழைப்பு முழுதும் பாழ் உணர்
"அல்லாவை நாளு மடிதொழுவா ரின்பஞ்சேர்
எல்லா நலனுமொருங் கெய்துவார் பொல்லாப்
பழிபாவத் தாலே பரிதபிக்குஞ் சிந்தைத்
தழல்வாழ் வுபசமனஞ் சார்ந்து",அல்லாவை நாளும் அடி தொழுவார் இன்பம் சேர் எல்லா நலனும் ஒருங்கு எய்துவார் பொல்லாப் பழி பாவத்தாலே பரிதபிக்கும் சிந்தைத் தழல் வாழ்வு உபசமனம் சார்ந்து
"மறுமையோ டிம்மை மறந்திடையூ றெல்லாம்
பொறுமையொடு சாலப் பொறுத்து வறுமை
எதுவரினுஞ் சற்று மிளகாது நெஞ்சம்
பதியருளின் பாங்கே பயில்",மறுமையோடு இம்மை மறந்து இடையூறு எல்லாம் பொறுமையொடு சாலப் பொறுத்து வறுமை எதுவரினும் சற்றும் இளகாது நெஞ்சம் பதி அருளின் பாங்கே பயில்
"குலவுமரன் பாதங் குறிக்கொண்டு வாழும்
தலைமைதரு சாது சனத்தோர்க் குலக
அரங்கத் தழுக்காற்றுக் காளா தலின்மிக்
கிரங்கற்கா ளாகை யினிது",குலவும் அரன் பாதம் குறிக்கொண்டு வாழும் தலைமை தரு சாது சனத்தோர்க்கு உலக அரங்கத்து அழுக்காற்றுக்கு ஆளாதலின் மிக்கு இரங்கற்கு ஆளாகை இனிது
"இட்டமா யீச னியற்றுஞ் செயலைந்தும்
சட்டமா யொவ்வோர் சராசரத்தும் திட்டமாய்
ஒவ்வோர் கணமு மொழியாது நாணாளும்
செவ்வே நடக்குமெனத் தேர்",இட்டமாய் ஈசன் இயற்றும் செயல் ஐந்தும் சட்டமாய் ஒவ்வோர் சராசரத்தும் திட்டமாய் ஒவ்வோர் கணமும் ஒழியாது நாள் நாளும் செவ்வே நடக்கும் எனத் தேர்
"ஒவ்வோ ரணுவு மொழிந்தவுட னுக்குடன்மற்
றொவ்வோ ரணுப்புதிதா யுண்டாமால் இவ்வா
றிடைவிடா தேய்தலால் யாவுமவை யேயா
நடைபெறுதல் போல்வனவா நாடு",ஒவ்வோர் அணுவும் ஒழிந்த உடனுக்கு உடன் மற்று ஒவ்வோர் அணுப் புதிதாய் உண்டாமால் இவ்வாறு இடைவிடாது ஏய்தலால் யாவும் அவையேயா நடைபெறுதல் போல்வனவாம் நாடு
"ஜீவச் செயல்கள் சிவச்செயலென் றொப்புங்காற்
சீவன்வே றாமோ சிவத்தினின் றாவனேற்
சீவச் செயலுஞ் சிவச்செயலன் றாவொழிந்து
சீவன் சுதந்தரனாந் தேர்",ஜீவச் செயல்கள் சிவச் செயல் என்று ஒப்புங்கால் சீவன் வேறு ஆமோ சிவத்தினின்று ஆவனேல் சீவச் செயலும் சிவச் செயல் அன்றா ஒழிந்து சீவன் சுதந்தரன் ஆம் தேர்
"தேவனது சிட்டிபந் திப்பதன்று ஜீவமனோ
பாவனையாஞ்் சிட்டியே பந்தமாம் நாவலோ
செத்தமகன் றந்தைமகிழ் சேர வுயிர்த்தமகற்
கத்தனழல் சான்றா மதற்கு",தேவனது சிட்டி பந்திப்பது அன்று ஜீவ மனோ பாவனையாம் சிட்டியே பந்தம் ஆம் நாவலோ செத்த மகன் தந் ைத மகிழ் சேர உயிர்த்த மகற்கு அத்தன் அழல் சான்று ஆம் அதற்கு
"போதகுரு தன்னைப் புலப்படுத்தி வாதனையாம்
ஏதமறு ஞானநிட்டைக் கேதுவாம் ஆதலால்
நீடுமரன் சிட்டி நிகழ்ச்சிமுறை முத்திபெறக்
கூடுமநு கூலங் குறி",போத குரு தன்னைப் புலப்படுத்தி வாதனை ஆம் ஏதம் அறு ஞான நிட்டைக்கு ஏது ஆம் ஆதலால் நீடும் அரன் சிட்டி நிகழ்ச்சி முறை முத்தி பெறக் கூடும் அநுகூலம் குறி
"ஊன வுடல முயிர்பொறிக ஞுள்ளம்விஞ்
ஞானமகங் காரமுமே நானல்லேன் ஆன
செயல்விடயந் தீர்ந்து செறிவா தனைசேர்
மயல்வடிவு மல்லேனான் மற்று",ஊன உடலம் உயிர் பொறிகள் உள்ளம் விஞ்ஞானம் அகங்காரமுமே நான் அல்லேன் ஆன செயல் விடயம் தீர்ந்து செறி வாதனை சேர் மயல் வடிவும் அல்லேன் நான் மற்று
"மெய்யாய வென்னோடு மேவாக்கா லிவ்வனைத்தும்
பொய்யாகப் போந்து புலம்பலால் மெய்க்கயலாய்
உள்ளவுணர் வொன்றுமிலா வுண்மையாற் பொய்ம்மடமென்
நறெள்ளுமிவை யாவுமலேன் யான்",மெய் ஆய என்னோடு மேவாக்கால் இவ் அனைத்தும் பொய் ஆகப் போந்து புலம்பலால் மெய்க்கு அயலாய் உள்ள உணர்வு ஒன்றும் இலா உண்மையால் பொய்ம்மடம் என்று எள்ளும் இவை யாவும் அலேன் யான்
"அவற்றையக மாகவபி மானித்த வாதித்
தவற்றைவிவே கத்தாற் றடிந்து கவற்றுலக
ஊன முராத்துனைத்தேர்த் தாகத் தனித்தொளிர்மெய்ஞ்
ஞான சொரூபமே நான்",அவற்றை அகம் ஆக அபிமானித்த ஆதித் தவற்றை விவேகத்தால் தடிந்து கவற்று உலக ஊனம் உராத்துனைத்தேர்த்து ஆகத் தனித்து ஒளிர் மெய்ஞ் ஞான சொரூபமே நான்
"எவ்வெது வெவ்வா நியங்கினு நீபிரிந்
தவ்வதன் சான்றா யமர்",எவ் எது எவ்வாறு இயங்கினும் நீ பிரிந்து அவ் அதன் சான்று ஆய் அமர்
"வேளைக்கு வேளையெனல் விட்டு நிரந்தரமா
நீளச் செயுமான்ம நிட்டையால் மூளை
யுழித்தரா தூர்வா தனையுரோ மத்தை
மழித்தலே முண்டன மாண்பு",வேளைக்கு வேளை எனல் விட்டு நிரந்தரமா நீளச் செயும் ஆன்ம நிட்டையால் மூளை உழித் தராது ஊர் வாதனை உரோமத்தை மழித்தலே முண்டன மாண்பு
"உள்ளங்கா லுள்ளே யுறத்தைத் துடற்றுங்கூர்
முள்ளின் பகைகீண்ட முட்போல உள்ளத்
தீசுத்த நினைவை யகழ்ந்ததற்பின் பந்த
விசுத்த நினைவும் மிகை",உள்ளங்கால் உள்ளே உறத் தைத்து உடற்றும் கூர் முள்ளின் பகை கீண்ட முள் போல உள்ளத்து அசுத்த நினைவை அகழ்ந்ததன் பின்பு அந்த விசுத்த நினைவும் மிகை
"குலவுசுப வாதனையாற் கூடுமநு கூலம்
மலவசுப வாதனைமாய் மட்டே மலியும்
இருவா தனையு மிறந்தபரி சுத்த
நிருவா தனையே நிலை",குலவு சுப வாதனையால் கூடும் அநுகூலம் மல அசுப வாதனை மாய் மட்டே மலியும் இரு வாதனையும் இறந்த பரிசுத்த நிருவாதனையே நிலை
"நள்ளாமே போக நசையாதுந் தன்மனத்தால்
விள்ளாமே யான்மநிட்டை மேவலே தெள்ளியோர்
உண்ணா விரத வுபவாசத் துண்மையெனக்
கண்ணாநின் றாசரிப்பர் காண்",நள்ளாமே போக நசை யாதும் தன் மனத்தால் விள்ளாமே ஆன்மநிட்டை மேவலே தெள்ளியோர் உண்ணா விரத உபவாசத்து உண்மை எனக் கண்ணா நின்று ஆசரிப்பர் காண்
"ஆதிகுண மேம்படலா லான்மவிசா ரத்துக்கு
நீதமா முண்டி நெடுந்துணையாம் ஆதலால்
ஏனோ கலங்கித்தா மேங்க லுணாநியமம்
தானேயுஞ் சாலுந் தகைத்து",ஆதி குணம் மேம்படலால் ஆன்ம விசாரத்துக்கு நீதம் ஆம் உண்டி நெடும் துணை ஆம் ஆதலால் ஏனோ கலங்கித் தாம் ஏங்கல் உணா நியமம் தானேயும் சாலும் தகைத்து
"உறுத்த வுறுத்தமல வூனுடற்குத் தூய்மை
மறித்துமறித் தும்மலமே வாய்தல் குறித்து
வெறுத்துடல வேட்கையற வீடற்கே நூல்வற்
புறுத்துவது தூய்மை யுடற்கு",உறுத்த உறுத்த மல ஊன் உடற்குத் தூய்மை மறித்தும் மறித்தும் மலமே வாய்தல் குறித்து வெறுத்து உடல வேட்கை அற வீடற்கே நூல் வற்புறுத்துவது தூய்மை உடற்கு
"மாதொருத்தி தன்னை மணக்கெனலப் புன்போக
மீதருத்தி விட்டொழிகை மேற்றன்றோ வேதம்
சொலான்மகத்தை யேத்துவிதி சொர்க்காதி போகம்
எலாமுவர்த்தற் கன்றோ வியம்பு",மாது ஒருத்தி தன்னை மணக்க எனல் அப் புன் போகம் மீது அருத்தி விட்டு ஒழிகை மேற்று அன்றோ வேதம் சொலால் மகத்தை ஏத்து விதி சொர்க்க ஆதி போகம் எலாம் உவர்த்தற்கு அன்றோ இயம்பு
"தூய வுணவையெலாந் தோய்ந்த சிறுபொழுதிற்
றீயமல மாகச் செயுந்தேகம் ஆயபாழ்
ஊத்தைமலந் தாமா வுவப்பார் மலந்தின்னும்
பாழ்த்த விலங்குதனிற் பாழ்",தூய உணவை எலாம் தோய்ந்த சிறு பொழுதில் தீய மலம் ஆகச் செயும் தேகம் ஆய பாழ் ஊத்தை மலம் தாமா உவப்பார் மலம் தின்னும் பாழ்த்த விலங்குதனில் பாழ்
"தின்றமல மாக்குமல தேகோகர் பவ்வீதின்
பன்றியினுங் கேடாப் பகர்",தின்று அமலம் ஆக்கும் மல தேகோகர் பவ்வீ தின் பன்றியினுங் கேடாப் பகர்
"கோரிக்கை முன்னிட்டுக் கொண்டிறையைக் கும்பிடலக்
கோரிக்கை தன்னையே கும்பிடலாம் கோரிக்கை
எண்ணமற மாய்வதுமுன் னின்றியமை யாதுசிவ
வண்ணமுற வெண்ணு மனத்து",கோரிக்கை முன்னிட்டுக்கொண்டு இறையைக் கும்பிடல் அக் கோரிக்கை தன்னையே கும்பிடலாம் கோரிக்கை எண்ணம் அற மாய்வது முன் இன்றி அமையாது சிவ வண்ணம் உற எண்ணும் மனத்து
"உயிர்க்குறுதி யாற்று முயர்தவத்தைச் சற்றும்
மயக்கிறுதி யாக்கவிட மாட்டார் மயக்கமர
வாழ்வுக்குக் காமியஞ்செய் வார்செயல்செம் மாமணியைக்
கூழுக்கு மாறல் குறி",உயிர்க்கு உறுதி ஆற்றும் உயர் தவத்தைச் சற்றும் மயக்கு இறுதி ஆக்க விடமாட்டார் மயக்கு அமர வாழ்வுக்குக் காமியம் செய்வார் செயல் செம் மாமணியைக் கூழுக்கு மாறல் குறி
"உள்ளும் புறமு முளவாங் கரணங்கள்
அல்லும் பகலு மடங்கினால் விள்ளும்
சொலப்படுத லாகாத் துரிய நிலைக்கே
புலப்படுத லாகும் பொருள்",உள்ளும் புறமும் உளஆம் கரணங்கள் அல்லும் பகலும் அடங்கினால் விள்ளும் சொலப்படுதல் ஆகாத் துரிய நிலைக்கே புலப்படுதல் ஆகும் பொருள்
"பூத வுடலகந்தை பொன்றலா லவ்வுடன்மேற்
பூதங்க ளாலே பொருந்துபவாம் ஏதங்கள்
உள்ளதன்மேற் கொள்ளா துதாசீன மாயவற்றைத்
தள்ளுதலே பூத சயம்",பூத உடல் அகந்தை பொன்றலால் அவ் உடல் மேல் பூதங்களாலே பொருந்துப ஆம் ஏதங்கள் உள்ள தன்மேல் கொள்ளாது உதாசீனமாய் அவற்றைத் தள்ளுதலே பூத சயம்
"மீதலமெய்ஞ் ஞான விசும்பாய தன்னையே
ஆதனமாச் சார்ந்த தகிலமெனும் போதம்
நலியா துரம்பெறலே நல்லசமா திக்குச்
சலியாத் திரவா தனம்",மீதல மெய்ஞ்ஞான விசும்பு ஆய தன்னையே ஆதனமாச் சார்ந்தது அகிலம் எனும் போதம் நலியாது உரம் பெறலே நல்ல சமாதிக்குச் சலியாத் திர ஆதனம்
"துள்ளு மகந்தைமனச் சுட்டுணர்வின் சேட்டையறக்
கள்ளப் புலன்காண் கருத்தடங்கி உள்ளத்
தொளிய லொளியை யொலிய லொலியைத்
தெளியலே யோகத் திறன்",துள்ளும் அகந்தை மனச் சுட்டு உணர்வின் சேட்டை அறக் கள்ளப் புலன் காண் கருத்து அடங்கி உள்ளத்து ஒளி அல் ஒளியை ஒலி அல் ஒலியைத் தெளியலே யோகத் திறன்
"முன்னேதான் செய்த முயற்சியே பக்குவத்தாற்
பின்னேதா னூழுருவாப் பேர்தலால் முன்னதனை
ஆற்றியதன் னாலே யரிதுமுயன் றவ்வூழை
மாற்றலுமா மென்றே மதி",முன்னே தான் செய்த முயற்சியே பக்குவத்தால் பின்னே தான் ஊழ் உருவாப் பேர்தலால் முன் அதனை ஆற்றிய தன்னாலே அரிது முயன்று அவ் ஊழை மாற்றலும் ஆம் என்றே மதி
"எந்தநற் றீவினைக ளின்பமொடு துன்பமாம்
தந்தம் பயனைத் தருகினுமே சொந்த
சொருபமாஞ் செம்பொருளைத் தோய்ந்தமனத் தாலவ்
விருவினையின் கொற்றமுநீ யெற்று",எந்த நல் தீ வினைகள் இன்பமொடு துன்பம் ஆம் தம் தம் பயனைத் தருகினுமே சொந்த சொருபம் ஆம் செம்பொருளைத் தோய்ந்த மனத்தால் அவ் இருவினையின் கொற்றமும் நீ எற்று
"உலகியலின் கண்ணு முழைப்னைது வெற்றி
குலவுஞ் சிரத்தையின்றிக் கூடா அலகில்
பரத்தையொன்று மட்டும் பயிற்சியிலோர் காலுஞ்
சிரத்தைகுன்ற லாகாது தேர்",உலகியலின் கண்ணும் உழைப்பினது வெற்றி குலவும் சிரத்தை இன்றிக் கூடா அலகு இல் பரத்தை ஒன்றும் மட்டும் பயிற்சியில் ஓர் காலும் சிரத்தை குன்றல் ஆகாது தேர்
"எனைத்தானு முன்பாவம் யான்பாவி யென்ன
எனைத்தானு மெண்ணித்தா னேங்கா தனைத்தானும்
ஊக்கமொடு சொச்சொருபத் துண்மூழ்கு வார்விரைவிற்
றேக்குவா ரின்பந் திளைத்து",எனைத்தானும் முன் பாவம் யான் பாவி என்ன எனைத்தானும் எண்ணித் தான் ஏங்காது அனைத்தானும் ஊக்கமொடு சொச்சொருபத்து உள் மூழ்குவார் விரைவில் தேக்குவார் இன்பம் திளைத்து
"ஈசனருட் பூட்கையா லெம்முயல்வு மின்றியே
மாசறுமார்ச் சால மரபினாற் பாசமற
இம்மையிலே ஞானசித்தி யெய்தினோர் மர்க்கடம்போ
லம்மையிலே யாட்செய் தவர்",ஈசன் அருள் பூட்கையால் எம்முயல்வும் இன்றியே மாசு அறு மார்ச்சால மரபினால் பாசம் அற இம்மையிலே ஞான சித்தி எய்தினோர் மர்க்கடம் போல் அம்மையிலே ஆள் செய்தவர்
"தடைபடா தெங்குந் தழைத்தவிரு வானத்
தடைபடாச் சிற்றம் பலத்தை இடைவிடா
தெண்ணுறுவார்க் கூழ்வினையின் றெட்டுணையு மென்றதே
விண்ணுறுவார்க் கில்லை விதி",தடைபடாது எங்கும் தழைத்த இரு வானத்து அடைபடாச் சிற்றம்பலத்தை இடைவிடாது எண் உறுவார்க்கு ஊழ்வினை இன்று எள் துணையும் என்றதே விண் உறுவார்க்கு இல்லை விதி
"மாறாம லூன மனத்தை மறுகலுறச்
சூறா வளியாய்ச் சுழற்றுமூழ் தேறும்
விசுத்தவெளி யாக விளங்கு மனத்தை
அசைக்கவல தாகா தறி",மாறாமல் ஊன மனத்தை மறுகல் உறச் சூறாவளியாய்ச் சுழற்றும் ஊழ் தேறும் விசுத்த வெளியாக விளங்கும் மனத்தை அசைக்க வலது ஆகாது அறி
"கன்மக் கடலடிக்கே யாழ்த்துங்கர்த் தத்துவமாம்
துன்மதியைச் சுட்டெரிக்குஞ் சூழ்ச்சிதான் தன்மயமாய்த்
துன்னகண்டா கார சொரூபத் தியானமலா
தென்னகண்டாய் நெஞ்சே யியம்பு",கன்மக் கடல் அடிக்கே ஆழ்த்தும் கர்த்தத்துவம் ஆம் துன் மதியைச் சுட்டு எரிக்கும் சூழ்ச்சி தான் தன்மயமாய்த் துன் அகண்டாகார சொரூபத் தியானம் அலாது என்ன கண்டாய் நெஞ்சே இயம்பு
"இருத்த லிலகுத லின்பாத னாமம்
உருமயமாத் தோற்று முலகின் உருநாமம்
தீரவிடல் ரேசகஞ்சற் சிற்சுகத்தைத் தேர்தனிலை
பூரகங் கும்பகமாப் புல்",இருத்தல் இலகுதல் இன்பு ஆதல் நாமம் உரு மயமாத் தோற்றும் உலகின் உரு நாமம் தீர விடல் ரேசகம் சத் சித் சுகத்தைத் தேர்தல் நிலை பூரகம் கும்பகமாப் புல்
"ஆகமக மன்றென் றறவிடலே ரேசகமற்
நூகமொடு நானாரென் றுட்செறிவே பூரகமற்
றேகமாய் நானதுவென் றேய்தலே கும்பகமென்
றாக வுயிரொருக்க மாம்",ஆகம் அகம் அன்று என்று அற விடலே ரேசகம் மற்று ஊகமொடு நான் ஆர் என்று உள் செறிவே பூரகம் மற்று ஏகமாய் நான் அது என்று ஏய்தலே கும்பகம் என்று ஆக உயிர் ஒருக்கம் ஆம்
"மனோமயனாத் தன்னை மயங்கித் திரிவோன்
கனாமயலாங் காட்சி கடிந்து தனாஅ௮
துயிர்நிலைக்கே புக்கவ் வுயிராய் நிலைப்பே
உயிரொருக்க வுண்மை யுணர்",மனோமயன் ஆகத் தன்னை மயங்கித் திரிவோன் கனா மயல் ஆம் காட்சி கடிந்து தனாஅது உயிர் நிலைக்கே புக்கு அவ் உயிராய் நிலைப்பே உயிர் ஒருக்க உண்மை உணர்
"வினையும் விபத்தி வியோகமஞ் ஞானம்
இனையவையார்க் கென்றாய்ந் திடலே வினைபத்தி
யோகமுணர் வாய்ந்திடநா னின்றியவை யென்றுமில்தா
னாகமன லேயுண்மை யாம்",வினையும் விபத்தி வியோகம் அஞ்ஞானம் இனையவை யார்க்கு என்று ஆய்ந்திடலே வினை பத்தி யோகம் உணர்வு ஆய்ந்திட நான் இன்றி அவை என்றும் இல் தான் ஆக மனலே உண்மை ஆம்
"கன்மமியற் றத்தொடங்குங் கத்தனா னாரென்னத்
தன்மெயறி வேகன்ம தத்துவமாம் கன்மமுதல்
ஆந்தன்னை யாய்ந்தறிந்தற் றாலன்றிக் கன்மமுடி
வார்ந்தவுப சாந்த மரிது",கன்மம் இயற்றத் தொடங்கும் கத்தன் நான் ஆர் என்னத் தன் மெய் அறிவே கன்ம தத்துவம் ஆம் கன்ம முதல் ஆம் தன்னை ஆய்ந்து அறிந்து அற்றால் அன்றிக் கன்ம முடிவு ஆர்ந்த உபசாந்தம் அரிது
"கத்தனாந் தன்னுண்மை கண்டோனே கன்மவிதி
அத்தனையு மொன்றொழியா தாற்றினோன் நித்தமுஞ்செய்
கன்மாநுட் டானக் கடுந்தவத்தாற் காண்பயன்பே
ரின்பவுப சாந்தமலா தென்",கத்தன் ஆம் தன் உண்மை கண்டோனே கன்ம விதி அத்தனையும் ஒன்று ஒழியாது ஆற்றினோன் நித்தமும் செய் கன்ம அநுட்டானக் கடும் தவத்தால் காண் பயன் பேர் இன்ப உபசாந்தம் அலாது என்
"ஞானத்து ணானாருந் தானமுறார் வாக்பரையார்
தானந்தேர் தல்சபத்திற் சால்பு",ஞானத்து உள் நான் ஆரும் தானம் உறார் வாக்பரை ஆர் தானம் தேர்தல் சபத்தில் சால்பு
"யானென் றெழுமிடமே தென்னத்தந் நுண்ணறிவாம்
மோனத்தா லுண்மூழ்க மாட்டாதார் மானதத்தாற்
பண்ணுஞ் செபத்திற் பராவாக்கு யாண்டிருந்து
நண்ணுமென் றாய்த னலம்",யான் என்று எழும் இடம் ஏது என்னத் தம் நுண் அறிவு ஆம் மோனத்தால் உள் மூழ்க மாட்டாதார் மானதத்தால் பண்ணும் செபத்தில் பராவாக்கு யாண்டு இருந்து நண்ணும் என்று ஆய்தல் நலம்
"நீயே செபவடிவா நிற்றலா லுன்னியல்பை
நீயா ரெனவினவி நிச்சயித்தால் ஏயே
முயற்சியுற லின்றி முனைந்தசெப முள்ளத்
தயர்ச்சியற மேவு மறி",நீயே செப வடிவா நிற்றலால் உன் இயல்பை நீ யார் என வினவி நிச்சயித்தால் ஏயே முயற்சி உறல் இன்றி முனைந்த செபம் உள்ளத்து அயர்ச்சி அற மேவும் அறி
"விடயங்கத் தாவில் விளியுங்கா றான்ம
திடவுண்மை யிற்றெனத்தான் றேருங்கா றந்த
இறைநா னிறைநா னெனவாளா வாயாற்
பறைதலா லென்னோ பயன்",விடயம் கத்தாவில் விளியுங்காறு ஆன்ம திட உண்மை இற்று எனத் தான் தேருங்காறு அந்த இறை நான் இறை நான் என வாளா வாயால் பறைதலால் என்னோ பயன்
"யானே பரமென் நியம்பித் திரியாமல்
தானே பரமாத் தரித்திடுக தானதுவாய்
நிற்றலா லன்றி நெடுங்குரலாற் பற்பலகாற்
சொற்றதனாற் போமோ துயர்",யானே பரம் என்று இயம்பித் திரியாமல் தானே பரமாத் தரித்திடுக தான் அதுவாய் நிற்றலால் அன்றி நெடுங்குரலால் பற்பலகால் சொற்றதனால் போமோ துயர்
"அருந்தலா லன்றி யரும்பிணிகள் சற்றும்
மருந்துநா மத்தாலே மாயா பொருந்து
சிவோக முதற்பல் செபத்தாலே மட்டும்
தவாதே பிறவித் தளை",அருந்துதலால் அன்றி அரும்பிணிகள் சற்றும் மருந்து நாமத்தாலே மாயா பொருந்து சிவோகம் முதல் பல் செபத்தாலே மட்டும் தவாதே பிறவித் தளை
"சீவன் றனக்குஞ் செகத்துக்கு மீசனே
கோவிலா குந்திறங் கூர்த்தறியான் ஆவரண
மேன்றதொரு கோவி லெடுத்திறையைத் தான்குறுக்கி
யான்றவழி பாடுசெய் வான்",சீவன் தனக்கும் செகத்துக்கும் ஈசனே கோவில் ஆகும் திறம் கூர்த்து அறியான் ஆவரணம் ஏன்றது ஒரு கோவில் எடுத்து இறையைத் தான் குறுக்கி ஆன்ற வழிபாடு செய்வான்
"உள்ளமெனு மெய்ப்பொருடா னுள்ளத்தி னின்றுணர்வாய்
மெள்ளவெளி வந்து விரியுங்கால் உள்ளபொருட்
கானவபி தானம்பல் லாயிரத்து ளாயுங்கால்
நானென்ப தேமுதலா நாடு",உள்ளம் எனும் மெய்ப் பொருள் தான் உள்ளத்தில் நின்று உணர்வு ஆய் மெள்ள வெளி வந்து விரியுங்கால் உள்ள பொருட்கு ஆன அபிதானம் பல் ஆயிரத்துள் ஆயும்கால் நான் என்பதே முதல் ஆம் நாடு
"முதன்மை யுறுபெயரா முன்சொனவவ் யானோ
டதன்மெய்ப் பொருள்விளக்க மாக நிதநான்
இருக்கின்றே னென்ன வியைதலா லந்த
இருக்கின்றே னென்பெயரு மாம்",முதன்மை உறு பெயரா முன் சொன அவ் யானோடு அதன் மெய்ப்பொருள் விளக்கம் ஆக நிதம் நான் இருக்கின்றேன் என்ன இயைதலால் அந்த இருக்கின்றேன் என் பெயரும் ஆம்
"இந்தப்பேர் போலா யிரக்கணக்காம் பல்பெயருள்
எந்தப்பே ரும்முண்மை யேற்புடைத்தாய்ச் சிந்தை
கழிய வுளஞ்சேர் கடவுட்கு மெய்ம்மை
அழகு பெறவமைந்த தன்று",இந்தப் பேர் போல் ஆயிரக்கணக்கு ஆம் பல்பெயருள் எந்தப் பேரும் உண்மை ஏற்பு உடைத்தாய்ச் சிந்தை கழிய உளம் சேர் கடவுட்கு மெய்ம்மை அழகு பெற அமைந்தது அன்று
"அகமுகநாட் டத்தோர்க் கறிபடும்யா வற்றும்
அகமகமென் றாண்டான் பெயரே அகந்தையழி
வானவித யாகாயத் தார்ந்து முழங்குமே
மோனபரா வாக்காய் முனைந்து",அகமுக நாட்டத்தோர்க்கு அறிபடும் யாவற்றும் அகம் அகம் என்று ஆண்டான் பெயரே அகந்தை அழிவு ஆன இதய ஆகாயத்து ஆர்ந்து முழங்குமே மோன பரா வாக்காய் முனைந்து
"நானா னெனவகத்து நாட்டமா யப்பேரை
ஆனா தநுசந்தித் தாலுமே ஊனார்
கருவகந்தை மாயக் கருத்துதிக்கு மூலத்
தொருவனைக்கொண் டுய்த்து விடும்",நான் நான் என அகத்து நாட்டமாய் அப்பேரை ஆனாது அநுசந்தித்தாலுமே ஊன் ஆர் கரு அகந்தை மாயக் கருத்து உதிக்கும் மூலத்து ஒருவனைக் கொண்டு உய்த்து விடும்
"நானென் றுரைக்கு நவிற்சிக்கு நேர்பொருளாம்
ஊனுயிர்தான் றோன்றி யொடுங்கலால் ஊனுயிருக்
கார்ந்தவதிட் டானமா மான்மாவே யாயுங்காற்
றீர்ந்நபொரு ளாகத் தெளி",நான் என்று உரைக்கும் நவிற்சிக்கு நேர் பொருள் ஆம் ஊன் உயிர் தான் தோன்றி ஒடுங்கலால் ஊன் உயிருக்கு ஆர்ந்த அதிட்டானம் ஆம் ஆன்மாவே ஆயுங்கால் தீர்ந்த பொருள் ஆகத் தெளி
"சொற்பதமாந் தொம்பொருளாய்ச் சூனியமாந் தன்னையொளிர்
தற்பதமா நின்ற சதாசிவமாம் சிற்பதத்தே
ஆனவுப சாந்த வசிபதத்தான் மாய்க்கும்பு
மானே சிறந்தபத்தி மான்",சொல் பதம் ஆம் தொம் பொருளாய்ச் சூனியம் ஆம் தன்னை ஒளிர் தத் பதமா நின்ற சதாசிவம் ஆம் சித் பதத்தே ஆன உபசாந்த அசி பதத்தால் மாய்க்கும் புமானே சிறந்த பத்திமான்
"நீர்க்குமிழி போன்ற நினைவுருவா மத்தன்னை
ஓர்த்துணர லாகா வுபசாந்த நீர்க்கடல்வாய்
யானா போலி யியலழிய மாய்க்கும்பு
மானே சிறந்தபத்தி மான்",நீர்க்குமிழி போன்ற நினைவு உரு ஆம் அத்தன்னை ஓர்த்து உணரல் ஆகா உபசாந்த நீர்க்கடல்வாய் யான் ஆய போலி இயல் அழிய மாய்க்கும் புமானே சிறந்த பத்திமான்
"பத்தியா லுற்ற பரிபாக சித்தத்தாற்
பத்திரச மாற்றப் பருகினோர் புத்தமுதாம்
பத்தியே பத்திப் பயனாக வோங்குபர
பத்தியே காதலிப் பார்",பத்தியால் உற்ற பரிபாக சித்தத்தால் பத்தி ரசம் ஆற்றப் பருகினோர் புத்து அமுது ஆம் பத்தியே பத்திப் பயனாக ஓங்கு பர பத்தியே காதலிப்பார்
"முனைத்த வகந்தைதீர் மோனமே முத்தி
அனர்த்த வயர்ப்பே விபத்தி மனத்தா
லவிபத்த மாக வடங்கித்தா னொன்றல்
சிவபத்தி யுண்மை தெளி",முனைத்த அகந்தை தீர் மோனமே முத்தி அனர்த்த அயர்ப்பே விபத்தி மனத்தால் அவிபத்தம் ஆக அடங்கித் தான் ஒன்றல் சிவபத்தி உண்மை தெளி
"பரபத்தி ஞானம் பரிசோதிக் குங்காற்
சொருபத்தி லொன்றாத் துலங்கும் இருவிதத்து
ளொன்றுமற் றொன்றுக் குபாயமே யாமெனலவ்
வொன்றன்மெய் யோராமை யாம்",பரபத்தி ஞானம் பரிசோதிக்குங்கால் சொருபத்தில் ஒன்றாத் துலங்கும் இருவிதத்துள் ஒன்று மற்றொன்றுக்கு உபாயமே ஆம் எனல் அவ் ஒன்றன் மெய் ஓராமை ஆம்
"அறிந்தாரு மந்த வதிகாரம் பற்றிச்
சிறந்ததா வொன்றைத்தாந் தேர்தல் சிறந்ததா
வொன்றுபற்றிச் சென்றார்மற் றொன்றுநத்தித் தாம்பயின்ற
வொன்றையெற்றிப் போகாமை யோர்",அறிந்தாரும் அந்த அதிகாரம் பற்றிச் சிறந்ததா ஒன்றைத் தாம் தேர்தல் சிறந்ததா ஒன்று பற்றிச் சென்றார் மற்றொன்று நத்தித் தாம் பயின்ற ஒன்றை எற்றிப் போகாமை ஓர்
"உயிர்க்குயிரா நிற்குந்தன் னுண்மையா மீசன்
பயக்குந் திருவருளின் பாங்கே நயக்குமெய்ஞ்
ஞான விசார நடைகடைபோ யுள்ளநிலை
ஆன சமாதி யடைவு",உயிர்க்கு உயிரா நிற்கும் தன் உண்மை ஆம் ஈசன் பயக்கும் திரு அருளின் பாங்கே நயக்கும் மெய்ஞ் ஞான விசார நடை கடைபோய் உள்ளநிலை ஆன சமாதி அடைவு
"உள்ளே யிருக்கு முடையா னருள்வலத்தால்
உள்ளே யிழுத்தா லொழியத்தம் கள்ளமனச்
சேட்டைவலத் தாலுளத்துட் சேர்ந்தமைதிச் சால்பெய்த
மாட்டுநரார் போக்கை மறித்து",உள்ளே இருக்கும் உடையான் அருள் வலத்தால் உள்ளே இழுத்தால் ஒழியத் தம் கள்ள மனச் சேட்டை வலத்தால் உளத்துள் சேர்ந்து அமைதிச் சால்பு எய்த மாட்டுநர் ஆர் போக்கை மறித்து
"குருவருளா லல்லாமற் கூடற் கரிதாம்
இருநா லுருவத் திறைவன் திருவருடான்
வித்தையிலும் வாராது வேறெதிலும் வாராது
பத்தியினாற் றானே வரும்",குரு அருளால் அல்லாமல் கூடற்கு அரிது ஆம் இரு நால் உருவத்து இறைவன் திரு அருள் தான் வித்தையிலும் வாராது வேறு எதிலும் வாராது பத்தியினால் தானே வரும்
"களைகணா மீசன் கனவருட்சீர் தன்பால்
விளைவுவிளை யாமையுள்ள வேண்டா தளையின்
விடுதலைதான் வேண்டி விசாரத்திற் சிந்தை
கடுகியதே சாலுங் கரி",களைகண் ஆம் ஈசன் கன அருள் சீர் தன்பால் விளைவு விளையாமை உள்ள வேண்டா தளையின் விடுதலை தான் வேண்டி விசாரத்தில் சிந்தை கடுகியதே சாலும் கரி
"இறைவன் றிருவருளும் யானாரென் நாய்ந்துள்
உறையுங் கருவி யுசாவும் பறையுங்கால்
ஒன்றுக்கொன் றுற்ற வுதவிகளா யான்மபரத்
தொன்றுநிலை யுய்ப்ப வொருங்கு",இறைவன் திரு அருளும் யான் ஆர் என்று ஆய்ந்து உள் உறையும் கருவி உசாவும் பறையுங்கால் ஒன்றுக்கு ஒன்று உற்ற உதவிகளாய் ஆன்மபரத்து ஒன்றும் நிலை உய்ப்ப ஒருங்கு
"மெய்ப்பொருளே யுள்ளத்து விண்டாலல் லாதுலகச்
சொப்பனமா மாயை தொலையாது சொப்பனநோக்
குள்ளதா னாரென் றுசாவு முபாசனையே
விள்ளுமா றாற்றும் விதம்",மெய்ப்பொருளே உள்ளத்து விண்டால் அல்லாது உலகச் சொப்பனமாம் மாயை தொலையாது சொப்பனநோக்கு உள்ள தான் ஆர் என்று உசாவும் உபாசனையே விள்ளுமாறு ஆற்றும் விதம்
"தனாது சொரூபத்தைத் தானநுசந் தித்தல்
மனாதிகளுக் கெட்டா மகேசன் றனாது
பராபத்தி யென்ப பகருமிரு வோரும்
சொரூபத்தி லொன்றாத லால்",தனாது சொரூபத்தைத் தான் அநுசந்தித்தல் மன ஆதிகளுக்கு எட்டா மகேசன் தனாது பராபத்தி என்ப பகரும் இருவோரும் சொரூபத்தில் ஒன்று ஆதலால்
"அறிவுநெறி யன்புநெறி யான விரண்டு
முறவுநெறி யாக வுணர்க பிறிவிலா
வவ்விரண்டு ளொன்றினின் றொன்றை யகற்றாம
லொவ்வவொருங் குள்ளத் தொழுகு",அறிவுநெறி அன்புநெறி ஆன இரண்டும் உறவு நெறி ஆக உணர்க பிறிவு இலா அவ் இரண்டுள் ஒன்றினின்று ஒன்றை அகற்றாமல் ஒவ்வ ஒருங்கு உள்ளத்து ஒழுகு
"ஆன்மாநு சந்தான மஃதுபர மீசபத்தி
ஆன்மாவா யீசனுள் னால்",ஆன்ம அநுசந்தானம் அஃது பரம ஈச பத்தி ஆன்மாவாய் ஈசன் உளனால்
"தாணுவருள் வேட்டடையுந் தானா ரெனக்காணின்
ஆணவம்போ யாண்டா னருள்வெளியாம் தாணுவாம்
அந்த வருள்வெளிக்கே யாணவம்போ யற்றதற்பின்
பெந்த மலத்தொடர்பு மின்று",தாணு அருள் வேட்டு அடையும் தான் ஆர் எனக் காணின் ஆணவம் போய் ஆண்டான் அருள் வெளி ஆம் தாணு ஆம் அந்த அருள்வெளிக்கே ஆணவம் போய் அற்றதன் பின்பு எந்த மலத் தொடர்பும் இன்று
"மற்றை யிரண்டு மலமுமொருங் காணவமாம்
பற்றையே பற்றிப் படர்வனவாம் பற்றாகும்
அவ்வா ணவந்தா னழிந்ததே லவ்விரண்டும்
எவ்வாறு முய்த லிலை",மற்றை இரண்டு மலமும் ஒருங்கு ஆணவம் ஆம் பற்றையே பற்றிப் படர்வன ஆம் பற்று ஆகும் அவ் ஆணவம் தான் அழிந்ததேல் அவ் இரண்டும் எவ்வாறும் உய்தல் இலை
"ஊசிக்காந் தம்வடக் கொன்றலென வீசனடி
நேசித் தொழுகுமொரே நெஞ்சத்தார் பாசக்
கடலா முலகிற் கருத்துத் திகைத்துத்
தடுமாறு வாரலர் தாம்",ஊசிக் காந்தம் வடக்கு ஒன்றல் என ஈசன் அடி நேசித்து ஒழுகும் ஒரே நெஞ்சத்தார் பாசக் கடல் ஆம் உலகில் கருத்துத் திகைத்துத் தடுமாறுவார் அலர் தாம்
"தாணுவைநெஞ் சத்தாற் றழுவியுல கிற்சரிப்போர்
தூணையிறு கப்பற்றிச் சுற்றுவோர் மாணசல
ஆலம் பனத்தரவ ராணவரா காமையினால்
மாலம் புவியின் மடார்",தாணுவை நெஞ்சத்தால் தழுவி உலகில் சரிப்போர் தூணை இறுகப் பற்றிச் சுற்றுவோர் மாண் அசல ஆலம்பனத்தர் அவர் ஆணவர் ஆகாமையினால் மால் அம் புவியில் மடார்
"எவ்விவகா ரங்களினும் யாதொன் றியைந்துளதோ
செவ்வியவம் மாண்பொருளிற் சிந்தையுறிற் செய்வனவாம்
அந்தவிவ காரம்பல் லாயிரத்தா லும்மன்னார்
சிந்தா குலமுறார் தேர்",எவ் விவகாரங்களினும் யாது ஒன்று இயைந்துளதோ செவ்விய அம் மாண் பொருளில் சிந்தை உறில் செய்வன ஆம் அந்த விவகாரம் பல் ஆயிரத்தாலும் அன்னார் சிந்தாகுலம் உறார் தேர்
"துன்று மரிசித் தொகையுள்ளே சுற்றுமுற்றும்
சென்றுழல்வ தாமே திரிகையாற் பொன்ற
அரைபட் டழிபவலா லச்சடிவிட் டேகா
அரைபடுப வாகா வறி",துன்றும் அரிசித் தொகையுள்ளே சுற்று முற்றும் சென்று உழல்வதாமே திரிகையால் பொன்ற அரைபட்டு அழிப அலால் அச்சு அடி விட்டு ஏகா அரை படுப ஆகா அறி
"மெய்யுணர்வின் பாக விளங்கும் பரம்பொருளாச்
செய்யுமனோ பாவனையே சிந்தனையாம் பொய்யாம்
மயல்வித்து மாள மனத்தையான் மாவிற்
பயில்வித்த லென்பவுசாப் பண்பு",மெய் உணர்வு இன்பு ஆக விளங்கும் பரம் பொருளாச் செய்யும் மனோ பாவனையே சிந்தனை ஆம் பொய் ஆம் மயல் வித்து மாள மனத்தை ஆன்மாவில் பயில்வித்தல் என்ப உசாப் பண்பு
"எவ்வாற்றா லெவ்வெவ ரெண்ணினா ரவ்வவர்மற்
றவ்வாற்றாற் றன்னை யடைகின்றார் எவ்வாற்று
மெண்ணமமற்றுச் சும்மா வியல்சாந்த ரெய்துகின்றார்
வண்ணமில்சீர்க் கைவல் லியம்",எவ் ஆற்றால் எவ் எவர் எண்ணினார் அவ் அவர் மற்று அவ் ஆற்றால் தன்னை அடைகின்றார் எவ் ஆற்றும் எண்ணம் அற்றுச் சும்மா இயல் சாந்தர் எய்துகின்றார் வண்ணம் இல் சீர்க் கைவல்லியம்
"அகந்தையாந் தன்னை யறவழித்த பின்பே
முகந்துகொள லாந்தன் முதலை அகந்தையால்
யானதுவென் றெண்ணலெவன் யானழிந்து தன்னகத்தே
மோனமாய் நிற்கை முறை",அகந்தை ஆம் தன்னை அற அழித்த பின்பே முகந்து கொளல் ஆம் தன் முதலை அகந்தையால் யான் அது என்று எண்ணல் எவன் யான் அழிந்து தன் அகத்தே மோனமாய் நிற்கை முறை
"அறிவா வொளிரு மரூப சிவத்தைப்
பொறியா லுணர்புன் புலம்போற் குறியா
இனைத்தென் றிரங்கலகத் தியானா ரெனவே
தனைத்துருவி யோராத் தவறு",அறிவா ஒளிரும் அரூப சிவத்தைப் பொறியால் உணர் புன் புலம் போல் குறியா இனைத்து என்று இரங்கல் அகத்து யான் ஆர் எனவே தனைத் துருவி ஓராத் தவறு
"அறிவாத் தனைநன் கனுசந்திக் கிற்போன்
செறிவா னகமாஞ் சிவத்து",அறிவாத் தனை நன்கு அனுசந்திக்கிற்போன் செறிவான் அகம் ஆம் சிவத்து
"எய்த நினைந்த விரும்பெருமை யத்தனையும்
எய்த நினைந்தாங் கெளிதுறவே எய்துவிக்கும்
ஆயப் படாத வருமைசா லவ்வகண்டா
காயத் தலத்தின் கருத்து",எய்த நினைந்த இரும் பெருமை அத்தனையும் எய்த நினைந்த ஆங்கு எளிது உறவே எய்துவிக்கும் ஆயப் படாத அருமை சால் அவ் அகண்ட ஆகாயத் தலத்தின் கருத்து
"காயத் தலத்தைக் கருதிப்பின் னவ்வகண்டா
காயக் கருத்துங் கழன்றோரே காயம்
பிறவாப் பெருஞ்சிறப்புப் பெற்றாரா மற்றோர்
இறவாப் பிறக்கு மிழிபு",காயத் தலத்தைக் கருதிப் பின் அவ் அகண்ட ஆகாயக் கருத்தும் கழன்றோரே காயம் பிறவாப் பெரும் சிறப்புப் பெற்றார் ஆம் மற்றோர் இறவாப் பிறக்கும் இழிபு
"ஞான சொரூபான்ம நம்பனைப் பற்றியுளத்
தூனமறு நிட்டை யுறப்பயின்றே தானறிவு
மத்த முறக்கலங்கி மாழ்கலமு துண்டொருவன்
செத்தொழித லேயாந் தெரி",ஞான சொரூப ஆன்ம நம்பனைப் பற்றி உளத்து ஊனம் அறு நிட்டை உறப் பயின்றே தான் அறிவு மத்தம் உறக் கலங்கி மாழ்கல் அமுது உண்டு ஒருவன் செத்து ஒழிதலே ஆம் தெரி
"செத்துப் பிறக்குஞ் சிறுமையறச் சாவாத
நித்தப் பெருமை நினைதிரேல் எத்துணையும்
தோற்ற வொடுக்கத் துளக்கமிலாக் காலமதை
ஆற்ற நினைத லடைவு",செத்துப் பிறக்கும் சிறுமை அறச் சாவாத நித்தப் பெருமை நினைதிரேல் எத்துணையும் தோற்ற ஒடுக்கத் துளக்கம் இலாக் காலம் அதை ஆற்ற நினைதல் அடைவு
"காலமே தாமாகக் கண்டந்தக் காட்சியையும்
ஏலவே விட்ட வியல்னைரே ஞாலமேற்
சாவாமை பெற்ற சதுரர்மற் றெல்லோரும்
வீவாரவ் வாளின்கண் வீழ்ந்து",காலமே தாம் ஆகக் கண்டு அந்தக் காட்சியையும் ஏலவே விட்ட இயல்பினரே ஞாலம் மேல் சாவாமை பெற்ற சதுரர் மற்று எல்லோரும் வீவார் அவ்வாளின்கண் வீழ்ந்து
"ஏலவே தந்நிலையி லெய்தினார் தம்மையலாற்
காலமென வோர்பொருளுங் காண்கிலார் காலமென
முற்றுமொரு தத்துவத்தை மூன்றாக வோர்ந்திடுதல்
மற்றதனின் மேலு மிலர்",ஏலவே தம் நிலையில் எய்தினார் தம்மை அலால் காலம் என ஓர் பொருளும் காண்கிலார் காலம் என முற்றும் ஒரு தத்துவத்தை மூன்றாக ஓர்ந்திடுதல் மற்று அதனின் மேலும் இலர்
"ஓரா விடத்துளதா யோர்க்குமிடத் தில்லாத
பாராதி யாய பகிரண்டம் ஓராதே
ஓர்த்துள்ள முள்ள துணரி னொருதலையாப்
பேர்த்துள்ள வேண்டா பிறப்பு",ஓரா இடத்து உளதாய் ஓர்க்கும் இடத்து இல்லாத பார் ஆதி ஆய பகிர் அண்டம் ஓராதே ஓர்த்து உள்ளம் உள்ளது உணரின் ஒருதலையாப் பேர்த்து உள்ள வேண்டா பிறப்பு
"யாவ னெதனை யிடைவிடா தெண்ணுவான்
ஆவனது வாகவத னாற்றலால் ஆர்வமொடு
சார்புணர்ந்து சார்பு கெடவொழுகின் மற்றழித்துச்
சார்தரா சார்தரு நோய்",யாவன் எதனை இடைவிடாது எண்ணுவான் ஆவன் அதுவாக அதன் ஆற்றலால் ஆர்வமொடு சார்பு உணர்ந்து சார்பு கெட ஒழுகின் மற்று அழித்துச் சார்தரா சார்தரும் நோய்
"நிறைந்தவுப சாந்தத்தெண் ணீர்மையே வேதம்
அறைந்தமுடி வாந்தவப்பே றாகும் செறிந்த
அபரிமித நன்மை யடையினுஞ்சற் றேனும்
சபலமுறு மாயிற் றவிர்",நிறைந்த உபசாந்தத் தெள் நீர்மையே வேதம் அறைந்த முடிவு ஆம் தவப்பேறு ஆகும் செறிந்த அபரிமித நன்மை அடையினும் சற்றேனும் சபலம் உறுமாயில் தவிர்
"இன்றியமை யாதென்னு மெண்ணமுதிக் குங்காறும்
துன்றி யொருவனொன்றைத் துய்த்தலாம் கன்றி
வரைந்துகொளு மெண்ண மனத்துதித்தா லாங்கே
விரைந்துகை சோர விடல்",இன்றி அமையாது என்னும் எண்ணம் உதிக்குங்காறும் துன்றி ஒருவன் ஒன்றைத் துய்த்தல் ஆம் கன்றி வரைந்துகொளும் எண்ணம் மனத்து உதித்தால் ஆங்கே விரைந்து கை சோர விடல்
"அறப்பாலாம் பஃறிருப்பேற் றான்மட்டு மீசன்
சிறப்பாந் திருவருடே றாதே மறப்பால்
அணவு மனக்கவலை யற்றவுப சாந்த
உணர்வின் றெளிவா லொழிந்து",அறப்பால் ஆம் பல் திருப் பேற்றால் மட்டும் ஈசன் சிறப்பு ஆம் திரு அருள் தேறாதே மறப்பால் அணவும் மனக்கவலை அற்ற உபசாந்த உணர்வின் தெளிவால் ஒழிந்து
"எண்ணியவை யெண்ணியாங் கெய்தப் பெறுவிக்கும்
திண்மைகெழு சங்கற்ப சித்தியினும் உண்மையுணர்
வூன்றுதலா லோர்நினைவு மூர்தலிலா வுள்ளமைதி
சான்றநிலை தானே தலை",எண்ணியவை எண்ணி ஆங்கு எய்தப் பெறுவிக்கும் திண்மை கெழு சங்கற்ப சித்தியினும் உண்மை உணர்வு ஊன்றுதலால் ஓர் நினைவும் ஊர்தல் இலா உள் அமைதி சான்ற நிலை தானே தலை
"மிக்க விசாரணையை விட்டான் மனமடக்கத்
தக்கபிற சாதனங்கள் சற்றுமிலை மற்றவற்றால்
ஆளப் படினஃ தடங்கினாற் போன்றிருந்து
மீளக் கிளம்பி விடும்",மிக்க விசாரணையை விட்டால் மனம் அடக்கத் தக்க பிற சாதனங்கள் சற்றும் இலை மற்றவற்றால் ஆளப்படின் அஃது அடங்கினால் போன்று இருந்து மீளக் கிளம்பி விடும்
"வளியடக்கத் தாலு மனமடங்கு மானால்
வளியடங்கி நிற்குமம் மட்டே வளிதான்
கழல்வாய் மனமுங் கழன்றுபுறஞ் சுற்றும்
பழவா தனைவயப் பட்டு",வளி அடக்கத்தாலும் மனம் அடங்கும் ஆனால் வளி அடங்கி நிற்கும் அம்மட்டே வளிதான் கழல்வாய் மனமும் கழன்று புறம் சுற்றும் பழ வாதனை வயப்பட்டு
"காண்பானுங் காணப் படுபொருளுங் காட்சியுமாய்ச்
சேண்பாயுஞ் சிந்தைச் செயலொடுக்க மாண்பாகும்
மார்க்கமா மந்த மனந்தான் றனைத்தன்னாற்
பார்க்கவே செய்யும் பரிசு",காண்பானும் காணப்படு பொருளும் காட்சியுமாய்ச் சேண்பாயும் சிந்தைச் செயல் ஒடுக்க மாண்பு ஆகும் மார்க்கம் ஆம் அந்த மனம் தான் தனைத் தன்னால் பார்க்கவே செய்யும் பரிசு
"தன்னிலே தானாத் தழைத்தொளிர்வ தாலுண்மை
தன்னையே தான்காணத் தக்கதாம் தன்னுருவை
யுள்ளபடி யுள்ளத் துசாவற் குறுதுணையத்
தள்ளருமெய் யான்மவொளி தான்",தன்னிலே தானாத் தழைத்து ஒளிர்வதால் உண்மை தன்னையே தான் காணத் தக்கது ஆம் தன் உருவை உள்ளபடி உள்ளத்து உசாவற்கு உறுதுணை அத் தள் அரு மெய் ஆன்ம ஒளி தான்
"எண்ண மிரண்டற் கிடையிலே சித்தமுள
வண்ணமெவ் வண்ணமவ் வண்ணமே நண்ணுபர
மார்த்த சொரூபமென் றாய்ந்தறிந் துள்ளத்து
நேர்த்திபெற நிற்கை நிலை",எண்ணம் இரண்டற்கு இடையிலே சித்தம் உள வண்ணம் எவ்வண்ணம் அவ்வண்ணமே நண்ணு பரமார்த்த சொரூபம் என்று ஆய்ந்து அறிந்து உள்ளத்து நேர்த்திபெற நிற்கை நிலை
"மண்டுசெபத் தோடு மகிழ்ச்சிதரு மூர்த்திநினை
வுண்டிநிய மத்தோ டொழிவறத்தாம் கொண்டுபுரி
சாதனையாற் சிந்தையொரு தன்மைத்தாய்ப் பண்டையுள
வாதனைபோ யெய்தும் வலி",மண்டு செபத்தோடு மகிழ்ச்சிதரு மூர்த்தி நினைவு உண்டி நியமத்தோடு ஒழிவு அறத் தாம் கொண்டு புரி சாதனையால் சிந்தை ஒரு தன்மைத்தாய்ப் பண்டை உள வாதனை போய் எய்தும் வலி
"யானையெளி தேந்து மிருப்புத் தொடராற்கைக்
கானசல னம்போகு மாறேபோல் ஈன
மலினமனத் துக்குருநா மத்தாலே மாயச்
சலனந் தவிர்ந்தொழியுந் தான்",யானை எளிது ஏந்தும் இருப்புத் தொடரால் கைக்கு ஆன சலனம் போகுமாறே போல் ஈன மலின மனத்துக்கு உரு நாமத்தாலே மாயச் சலனம் தவிர்ந்து ஒழியும் தான்
"இவ்வாறுள் ளேகாக் கிரவுரஞ்சேர் சிந்தைக்கே
செவ்வே விசாரந்தான் சித்திக்கும் ஒவ்வாத
மிச்சைமன ஞான விசாரநெருப் புக்கீந்த
பச்சை விறகின் பரிசு",இவ்வாறு உள் ஏகாக்கிர உரம் சேர் சிந்தைக்கே செவ்வே விசாரம்தான் சித்திக்கும் ஒவ்வாத மிச்சை மனம் ஞான விசார நெருப்புக்கு ஈந்த பச்சை விறகின் பரிசு
"வேட்கையான் மேன்மேல் விழுமம் விளைவறிந்தவ்
வேட்கையற விட்ட விழுமியோர் மேற்கொளுநே
ரான்மவிசா ரத்தா லடைவரகத் தந்தமில்பே
ரான்ம ரசாநு பவம்",வேட்கையால் மேல்மேல் விழுமம் விளைவு அறிந்து அவ் வேட்கை அற விட்ட விழுமியோர் மேற்கொளும் நேர் ஆன்மவிசாரத்தால் அடைவர் அகத்து அந்தம் இல் பேர் ஆன்ம ரச அநுபவம்
"முப்புடியின் பேத முயங்களவுஞ் சாதனைதான்
எப்படியு மின்றி யமையாது கற்பனையாம்
மோகவகங் கார முசியாமை முப்புடியால்
ஊகமுற லாகு முணர்",முப்புடியின் பேதம் முயங்கு அளவும் சாதனைதான் எப்படியும் இன்றி அமையாது கற்பனை ஆம் மோக அகங்காரம் முசியாமை முப்புடியால் ஊகம் உறல் ஆகும் உணர்
"எதுவரையி லேனை யிரண்டுடலின் கண்ணும்
கதுவுபுடி மூவேறாக் காணும் அதுவரையில்
காரணமா மோகவுடற் கட்டழிந்த தின்றெனவே
பேரலிலை மாயப் பிறப்பு",எதுவரையில் ஏனை இரண்டு உடலின் கண்ணும் கதுவு புடி மூ வேறு ஆகக் காணும் அது வரையில் காரணம் ஆம் மோக உடல் கட்டு அழிந்தது இன்று எனவே பேரல் இலை மாயப் பிறப்பு
"சாதனையா லவ்வகந்தை சாய்ந்தா லதன்பின்னர்
ஏதிலென யாது மெதிர்வதிலை சூதுலாம்
அன்னியமா முன்ன மறிந்தவெலா மத்துவிதம்
பன்னியஞா னான்மசொரு பம்",சாதனையால் அவ் அகந்தை சாய்ந்தால் அதன்பின்னர் ஏதில் என யாதும் எதிர்வது இலை சூது உலாம் அன்னியமா முன்னம் அறிந்த எலாம் அத்துவிதம் பன்னிய ஞான ஆன்ம சொருபம்
"உருவெளிய தாவுலகை யோர்வ ரகந்தைக்
கருவிளிய நின்றுண்மை கண்டோர் பெருவெளியே
தாமாக நின்றிலகுந் தன்மையாற் றன்மயமே
தீர்மானஞ் சின்மாத் திரம்",உருவெளி அதா உலகை ஓர்வர் அகந்தைக் கரு விளிய நின்று உண்மை கண்டோர் பெரு வெளியே தாம் ஆக நின்று இலகும் தன்மையால் தன்மயமே தீர்மானம் சின் மாத்திரம்
"அனாமயமாத் தானொளிரு மான்மநிட்டை யொன்றே
அனான்மபந்த மெல்லா மறுக்கும் தனாதியல்பாம்
மெய்யொடுபொய் வேறு படுக்கும் விவேகமோ
துய்யநிரா சைக்குத் துணை",அனாமயமாத் தான் ஒளிரும் ஆன்மநிட்டை ஒன்றே அனான்ம பந்தம் எல்லாம் அறுக்கும் தனாது இயல்பு ஆம் மெய்யொடு பொய் வேறு படுக்கும் விவேகமோ துய்ய நிராசைக்குத் துணை
"கேவல வுண்மைக் கிடக்கையிலே யன்றிமற்
றியாவதன் கண்ணுநிலை யின்றெனவோர்ந் தாவலறக்
கெட்டெவற்றின் கண்ணுமக் கேவலசச் சிற்பரத்தே
நிட்டுரமற் றார்கவுயிர் நெஞ்சு",கேவல உண்மைக் கிடக்கையிலே அன்றி மற்று யாவதன்கண்ணும் நிலை இன்று என ஓர்ந்து ஆவல் அறக் கெட்டு எவற்றின் கண்ணும் அக் கேவல சத் சித் பரத்தே நிட்டுரம் அற்று ஆர்க உயிர் நெஞ்சு
"அறிவுத் தெளிவா லவிச்சையற நிட்டை
செறிவுற்றுச் சிந்தையறச் செத்தோர் பிறிவற்றுச்
சித்தஞ் சிவபதத்தே ஜீவ சமாதியாய்
நித்தமுத்த ராவுயிர்ப் பார்",அறிவுத் தெளிவால் அவிச்சை அற நிட்டை செறிவு உற்றுச் சிந்தை அறச் செத்தோர் பிறிவு அற்றுச் சித்தம் சிவபதத்தே ஜீவ சமாதியாய் நித்த முத்தரா உயிர்ப்பார்
"செம்மா தவத்திறனாச் சிந்தை கடைப்பிடிக்க
எம்மா னியம்புறுதி யிவ்வளவே சும்மா
விருத்தலே யன்றிமற் றெண்ணலிலை யாதும்
கருத்தினாற் செய்யுங் கடன்",செம் மா தவத் திறனாச் சிந்தை கடைப்பிடிக்க எம்மான் இயம்பு உறுதி இவ்வளவே சும்மா இருத்தலே அன்றி மற்று எண்ணல் இலை யாதும் கருத்தினால் செய்யும் கடன்
"சும்மா விருந்தொளிருஞ் சோம்பல் சொரூபநிலை
அம்மா நிலையதுதா னானநிலை செம்மாண்
அருந்தவத்தா லன்றி யடைவருமச் சோம்பல்
பொருந்தினோர் புண்ணியராப் போற்று",சும்மா இருந்து ஒளிரும் சோம்பல் சொரூபநிலை அம் மா நிலை அது தான் ஆன நிலை செம் மாண் அரும் தவத்தால் அன்றி அடைவு அரும் அச் சோம்பல் பொருந்தினோர் புண்ணியராப் போற்று
"நானேநா னென்றமெய்ஞ் ஞானமின்றி யின்னானென்
றூனுடலே தானா வொழுகுவோன் ஊனமுற
நாசமாய் வீணே நலிவான் கனாப்போலும்
பாசமோ கத்துட் படிந்து",நானே நான் என்ற மெய்ஞ்ஞானம் இன்றி இன்னான் என்று ஊன் உடலே தானா ஒழுகுவோன் ஊனம் உற நாசமாய் வீணே நலிவான் கனாப்போலும் பாச மோகத்துள் படிந்து
"பழுதறுமெய்ஞ் ஞானப் பரம்பொருடா னேக
முழுமுதலா நிற்கு முறையாற் நறொழுதற்
கினைத்தென்ற லாகா விறையிற்றான் வேறாய்த்
தனித்தன்மை யாகை தவறு",பழுது அறு மெய்ஞ்ஞானப் பரம்பொருள் தான் ஏக முழுமுதலா நிற்கும் முறையால் தொழுதற்கு இனைத்து என்றல் ஆகா இறையில் தான் வேறாய்த் தனித் தன்மை ஆகை தவறு
"அகண்டமெய்ஞ் ஞானவெளி யாம்பொருளின் வேறாய்
உகண்டுழல்பொய்ந் நானா வுதித்தல் வகிர்ந்துநல்
லாறுபா ழாக வதனையிரு கூறாகக்
கோறலாம் பாவங் குறி",அகண்ட மெய்ஞ் ஞான வெளி ஆம் பொருளின் வேறு ஆய் உகண்டு உழல் பொய்ந் நானா உதித்தல் வகிர்ந்து நல் ஆறு பாழ் ஆக அதனை இரு கூறு ஆகக் கோறலாம் பாவம் குறி
"உணர்வசைவற் றொன்றா யொளிர்மெய் யுலகத்
தணவலெவன் வேற்றியற்கை யாட்சி புணர்வதாம்
வெற்றுநினைப் பாலிறையின் வேறாய் மனவுலகத்
துற்றொருவ னிற்ற லொழிந்து",உணர்வு அசைவு அற்று ஒன்றாய் ஒளிர் மெய் உலகத்து அணவல் எவன் வேற்று இயற்கை ஆட்சி புணர்வது ஆம் வெற்று நினைப்பால் இறையின் வேறாய் மன உலகத்து உற்று ஒருவன் நிற்றல் ஒழிந்து
"உண்மையைவிட் டுத்தா னொழிந்துளதாத் தோற்றும்பாழ்
எண்ணமே பந்தத் தியல்பதனாற் றிண்ணமாய்
உண்மையைவிட் டுத்தா னொழிய வொணாமையினவ்
வெண்ணமெழுங் காலதனை யெற்று",உண்மையைவிட்டுத் தான் ஒழிந்து உளதாத் தோற்றும் பாழ் எண்ணமே பந்தத்து இயல்பு அதனால் திண்ணமாய் உண்மையைவிட்டுத் தான் ஒழிய ஒணாமையின் அவ் எண்ணம் எழுங்கால் அதனை எற்று
"தன்னிலைவிட் டெந்நினைவுஞ் சாரற்க சார்வானேற்
பின்னிரங்கி மீட்டேயும் பேதுறற்க என்னைபின்
எற்றென் றிரங்குவமுன் செய்யற்க செய்வானேல்
மற்றன்ன செய்யாமை நன்று",தன் நிலை விட்டு எந்நினைவும் சாரற்க சார்வானேல் பின் இரங்கி மீட்டேயும் பேது உறற்க என்னை பின் எற்று என்று இரங்குவ முன் செய்யற்க செய்வானேல் மற்று அன்ன செய்யாமை நன்று
"என்றுநா னான்மநிலை யென்னும்யோ கானந்தம்
ஒன்றுவே னென்ன வுயங்கற்க என்றுமொன்றாம்
உண்மைஞா னான்மநிலை யோர்கால முஞ்சேய்மை
அண்மையாந் தேயமுமின் றாங்கு",என்று நான் ஆன்ம நிலை என்னும் யோக ஆனந்தம் ஒன்றுவேன் என்ன உயங்கற்க என்றும் ஒன்று ஆம் உண்மை ஞான ஆன்மநிலை ஓர் காலமும் சேய்மை அண்மை ஆம் தேயமும் இன்று ஆங்கு
"யாங்கள் பிறந்த விடமே தெனவறிந்து
தாங்கள் பிறந்தவிடஞ் சார்வதே தாங்கள்
புகுந்தவிடத் தன்றியிலாப் புன்கண் களையத்
தகுந்தநெறி தம்மிற் றலை",யாங்கள் பிறந்த இடம் ஏது என அறிந்து தாங்கள் பிறந்த இடம் சார்வதே தாங்கள் புகுந்த இடத்து அன்றி இலாப் புன்கண் களையத் தகுந்த நெறி தம்மில் தலை
"வந்த வழியே மறிந்தாயே லவ்வழியால்
அந்தமிலாப் பேரின்ப வீடடைவாய் சொந்த
உரிமையுள வீட்டுநிலை யோராது தேடித்
திரிந்துழலும் புந்தியே தேர்",வந்த வழியே மறிந்தாயேல் அவ்வழியால் அந்தம் இலாப் பேர் இன்ப வீடு அடைவாய் சொந்த உரிமை உள வீட்டு நிலை ஓராது தேடித் திரிந்து உழலும் புந்தியே தேர்
"மைய வுளத்து மடுக்கு முணர்வுறுங்கா
றையுணர்வு சற்று மடங்காது மையலாம்
ஐயுணர்வு முற்று மவியுங்கா றெய்தாது
மெய்யுணர்வா மின்ப விளைவு",மைய உளத்து மடுக்கும் உணர்வு உறுங்காறு ஐ உணர்வு சற்றும் அடங்காது மையல் ஆம் ஐ உணர்வு முற்றும் அவியுங்காறு எய்தாது மெய் உணர்வு ஆம் இன்ப விளைவு
"கற்பிதத்தைச் சுட்டிக் கலங்காது நெஞ்சேநின்
னுற்பவத்தைச் சுட்டி யுளம்புகுதாய் சிற்பரத்தில்
யாவுமே தானா வியல்கேவ லாத்துவிதம்
மேவுமே நின்சொருப மெய்",கற்பிதத்தைச் சுட்டிக் கலங்காது நெஞ்சே நின் உற்பவத்தைச் சுட்டி உளம் புகுதாய் சித்பரத்தில் யாவுமே தானா இயல் கேவல அத்துவிதம் மேவுமே நின் சொருப மெய்
"தங்கருமஞ் செய்யத் தலைப்பட்டார்க் கத்துவிதத்
துங்கமுறு மான்மநிலை சோர்தலே பங்கமாம்
என்றாற் பிறர்கா ரியத்துத் தலையிடுதல்
ஒன்றுமோ வுள்ளப் பெறின்",தம் கருமம் செய்யத் தலைப்பட்டார்க்கு அத்துவிதத் துங்கம் உறும் ஆன்மநிலை சோர்தலே பங்கம் ஆம் என்றால் பிறர் காரியத்துத் தலையிடுதல் ஒன்றுமோ உள்ளப் பெறின்
"செயிராந் திறமொன்றுந் தேறாது நாளும்
அயலா ரிடங்குணமே யாயின் உயிர்வாழ்
வனாதரமே செய்தற் கவகாச மின்றி
மனோகரமா மென்றே மதி",செயிர் ஆம் திறம் ஒன்றும் தேறாது நாளும் அயலாரிடம் குணமே ஆயின் உயிர் வாழ்வு அனாதரமே செய்தற்கு அவகாசம் இன்றி மனோகரம் ஆம் என்றே மதி
"திருத்தத் தகுவதுதன் சித்தமே யென்னுங்
கருத்தைக் கடைப்பிடிக்கி லன்றி யொருத்தன்
பிறர்தங் குறைகளே பேணு மனத்தாற்
கறைபடுமேன் மேற்றன் கருத்து",திருத்தத் தகுவது தன் சித்தமே என்னும் கருத்தைக் கடைப்பிடிக்கில் அன்றி ஒருத்தன் பிறர்தம் குறைகளே பேணும் மனத்தால் கறைபடும் மேன்மேல் தன் கருத்து
"அக்காரம் போலகந்தீ ரக்குணத்தா லன்றுநெஞ்சே
மிக்காருன் மேலன்பு மேவியது தொக்கவாம்
உன்குற்ற மெல்லாமவ் வுத்தமருட் கொள்ளாது
மன்னித்த மாண்பா மதி",அக்காரம் போல் அகம் தீர் அக்குணத்தால் அன்று நெஞ்சே மிக்கார் உன்மேல் அன்பு மேவியது தொக்க ஆம் உன் குற்றம் எல்லாம் அவ் உத்தமர் உட்கொள்ளாது மன்னித்த மாண்பு ஆம் மதி
"இழுக்கன் மனித்த வியல்பே யெனினும்
ஒழுக்கமுளங் கொண்டவுர வோரவ் விழுக்கை
மதமானத் தாலே மறையா துடன்பட்
டிதமாய்த் திருந்த லியைபு",இழுக்கல் மனித்த இயல்பே எனினும் ஒழுக்கம் உளம் கொண்ட உரவோர் அவ் இழுக்கை மத மானத்தாலே மறையாது உடன்பட்டு இதமாய்த் திருந்தல் இயைபு
"தொக்க நியமநெடுந் தூரந் துணைசெயலால்
ஒக்கவநுட் டித்தற் குரியனவே மிக்கமெய்ஞ்
ஞான விசார நடையைத் தடுப்னைவை
ஊனமென் றப்போ தொழி",தொக்க நியமம் நெடும் தூரம் துணை செயலால் ஒக்க அநுட்டித்தற்கு உரியனவே மிக்க மெய்ஞ் ஞான விசார நடையைத் தடுப்பின் அவை ஊனம் என்று அப்போது ஒழி
"வேண்டியதான் வேண்டியவா றெய்தினது செய்தவத்தால்
ஈண்டியதன் சத்தியினென் றெண்ணாதே மூண்ட
இறைவன் றிருவருளா லென்றுணர்ந்து மேன்மேல்
இறைவன்றாள் காமுறுக வேற்று",வேண்டியதான் வேண்டியவாறு எய்தினது செய் தவத்தால் ஈண்டிய தன் சத்தியின் என்று எண்ணாதே மூண்ட இறைவன் திரு அருளால் என்று உணர்ந்து மேன்மேல் இறைவன் தாள் காமுறுக ஏற்று
"நடக்கும் படியே நடப்ப நடக்க
கடக்கறீ சற்றுங் கருதேல் தொடக்கமென்
றொன்றுநீ யாற்றா துபசாந்த மாகவுளத்
தொன்றுங்கண் காணியோ டொன்று",நடக்கும் படியே நடப்ப நடக்க கடக்க நீ சற்றும் கருதேல் தொடக்கம் என்று ஒன்றும் நீ ஆற்றாது உபசாந்தமாக உளத்து ஒன்றும் கண்காணியோடு ஒன்று
"ஆண்டான் றிருவருளா லன்றித்தன் னாள்வினையால்
ஈண்டாது சித்தி யெனவறிவித் தாண்டான்செய்
தண்ணருளை நாடத் தயாரிப்பே தோல்வியுண்டு
பண்ணு முயற்சிப் பயன்",ஆண்டான் திரு அருளால் அன்றித் தன் ஆள்வினையால் ஈண்டாது சித்தி என அறிவித்து ஆண்டான் செய் தண் அருளை நாடத் தயாரிப்பே தோல்வி உண்டு பண்ணும் முயற்சிப் பயன்
"அத்திரிசேய் போல வனைத்திலுமொவ் வோருறுதி
யுய்த்துணர்கிற் போரா வொழுகுவோர்க் குத்தித்
திருகிலா நீர்மையாற் சேருலக வாழ்வே
குருகுல வாசங் குறி",அத்திரி சேய் போல அனைத்திலும் ஒவ்வோர் உறுதி உய்த்து உணர்கிற்போரா எற்கு வரகு உத்தித் திருகு இலா நீர்மையால் சேர் உலக வாழ்வே குருகுலவாசம் குறி
"என்றாலுஞ் சீடர்தமை யேற்ற குணமென்னும்
குன்றேறி நின்ற குரவோர்தம் பொன்றா
அனுபூதி யாற்சொனநல் லாற்றின்க ஹணூன்றிக்
கனவேயு நிற்றல் கடன்",என்றாலும் சீடர்தமை ஏற்ற குணம் என்னும் குன்று ஏறி நின்ற குரவோர்தம் பொன்றா அனுபூதியால் சொன்ன நல் ஆற்றின் கண் ஊன்றிக் கனவேயும் நிற்றல் கடன்
"மறதியா லோமற் றெதனாலோ வேத
நெறிதவறிச் செல்லநேர்ந் தாலும் உறுதிபட
உய்யுநெறி மேற்கொண் டொழுகுவோ ராசான்சொல்
கைகடக்க லாகாது காண்",மறதியாலோ மற்று எதனாலோ வேத நெறி தவறிச் செல்ல நேர்ந்தாலும் உறுதிபட உய்யும் நெறி மேற்கொண்டு ஒழுகுவோர் ஆசான் சொல் கைகடக்கல் ஆகாது காண்
"பரன்பா லபசாரப் பட்டா லொருவன்
குரவனான் மாற்றிக் கொளலாம் குரவன்பாற்
பட்டவப சாரம் பரனாலே மாற்றரிதென்
றொட்டுவதாஞ் சான்றோ ருரை",பரன்பால் அபசாரப் பட்டால் ஒருவன் குரவனால் மாற்றிக் கொளலாம் குரவன்பால் பட்ட அபசாரம் பரனாலே மாற்ற அரிது என்று ஒட்டுவது ஆம் சான்றோர் உரை
"செய்தொழுக வென்றுந்தன் சிந்தனையி லத்துவிதம்
செய்கையிலோர் காலுமது செய்யற்க உய்தலுற
மூன்றுலகி னோடும் முயங்கலா மத்துவிதம்
ஆன்றகுரு வோடே யடாது",செய்து ஒழுக என்றும் தன் சிந்தனையில் அத்துவிதம் செய்கையில் ஓர் காலும் அது செய்யற்க உய்தல் உற மூன்று உலகினோடும் முயங்கல் ஆம் அத்துவிதம் ஆன்ற குருவோடே அடாது
"அத்துவித மென்று மகத்துறுக வோர்போதும்
அத்துவிதஞ் செய்கையி லாற்றற்க புத்திரனே
அத்துவித மூவுலகோ டாகுங் குருவினோ
டத்துவித மாகா தறி",அத்துவிதம் என்றும் அகத்து உறுக ஓர்போதும் அத்துவிதம் செய்கையில் ஆற்றற்க புத்திரனே அத்துவிதம் மூ உலகோடு ஆகும் குருவினோடு அத்துவிதம் ஆகாது அறி
"தன்னையே தானுய்யக் கொண்ட தபோதனனே
மன்னுயிர்க்கு நன்மைசெய மாட்டுவான் துன்னும்
குருடர்க் குதவுங் குருடனே யாந்தன்
இருடீர் கலாவன் ஸியன்",தன்னையே தான் உய்யக் கொண்ட தபோதனனே மன் உயிர்க்கு நன்மை செய மாட்டுவான் துன்னும் குருடர்க்கு உதவும் குருடனே ஆம் தன் இருள் தீர்கலா அன்னியன்
"உய்ந்தான்றான் மன்னுயிர்க ளுய்விப்பா னன்னியனோ
அந்தனுக்கந் தன்றுணையா மாறு",உய்ந்தான்தான் மன் உயிர்கள் உய்விப்பான் அன்னியனோ அந்தனுக்கு அந்தன் துணை ஆம் ஆறு
"ஞானமாந் தன்னிலைக்கே நானழிந்து நிற்குறுமெய்ஞ்
ஞானி நலிந்தடைந்து நம்பினோர்க் கூன
மயக்கொழியு மாற்றாலான் மாநுபவங் கூட்டல்
உயிர்க்கருணை யூனம் பிற",ஞானம் ஆம் தன் நிலைக்கே நான் அழிந்து நிற்குறும் மெய்ஞ் ஞானி நலிந்து அடைந்து நம்பினோர்க்கு ஊன மயக்கு ஒழியும் ஆற்றால் ஆன்மாநுபவம் கூட்டல் உயிர்க் கருணை ஊனம் பிற
"தமக்கு மருத்துவர் தாமென்ப தாலே
எமக்கு மருத்துவ மெண்ணி யமைக்க
மருத்துவ வெம்பால் வருமுன் னுனக்கு
மருத்துவங் கண்டுபின் வா",தமக்கு மருத்துவர் தாம் என்பதாலே எமக்கு மருத்துவம் எண்ணி அமைக்க மருத்துவ எம்பால் வருமுன் உனக்கு மருத்துவம் கண்டு பின் வா
"எற்றே யுலகத் தியற்கை யிருந்தவா
பெற்றோ ருயிர்வாழ்வும் பேணார்முன் மற்றோ
பெருமிதம்பின் செய்வர் திரர் கடனாத்
தரும துரைமக்க டாம்",எற்றே உலகத்து இயற்கை இருந்தவா பெற்றோர் உயிர் வாழ்வும் பேணார் முன் மற்றோ பெருமிதம் பின் செய்வர் பிதிரர் கடனாத் தருமதுரை மக்கள் தாம்
"ஏதிலரை வஞ்சித் தியல்வோன் றனக்கேதா
னேதிலனாக் கேடுசெய் வோன்",ஏதிலரை வஞ்சித்து இயல்வோன் தனக்கே தான் ஏதிலனாக் கேடு செய்வோன்
"அயலார்க் கொருவ ளளிக்கின்ற வெல்லாம்
நயமாத் தனக்கேதா னல்கும் இயல்புணரின்
ஊராண்மை யென்னு முபகாரம் யாவரே
சீராள ராகச் செயார்",அயலார்க்கு ஒருவன் அளிக்கின்ற எல்லாம் நயமாத் தனக்கே தான் நல்கும் இயல்பு உணரின் ஊராண்மை என்னும் உபகாரம் யாவரே சீராளராகச் செயார்
"தன்சொருப மாகத் தழைத்தலால் யாவனெவர்க்
கென்செயினுஞ் செய்கைதனக் கே",தன் சொருபமாகத் தழைத்தலால் யாவன் எவர்க்கு என் செயினும் செய்கை தனக்கே
"பாதலத்தே புக்குப் படிந்தாலு மாவலிதான்
சீதரனுக் கீந்து சிறப்புற்றான் ஆதலால்
ஒப்புரவி னால்வருங் கேடெனி னஃதொருவன்
விற்றுக்கோட் டக்க துடைத்து",பாதலத்தே புக்குப் படிந்தாலும் மாவலிதான் சீதரனுக்கு ஈந்து சிறப்பு உற்றான் ஆதலால் ஒப்புரவினால் வரும் கேடு எனின் அஃது ஒருவன் விற்றுக்கோள் தக்கது உடைத்து
"ஓருயிருந் தன்னைக்கண் டுட்கலற வோம்படைசொற்
றியாருவகை பொங்க வியங்குவான் சாருஞ்
சமநிலையின் மன்னியவத் தன்மயநோக் கத்தா
னெமனையுங்கண் டஞ்ச லிலன்",ஓர் உயிரும் தன்னைக் கண்டு உட்கல் அற ஓம்படை சொற்று யார் உவகை பொங்க இயங்குவான் சாரும் சமநிலையில் மன்னிய அத் தன்மய நோக்கத்தான் எமனையும் கண்டு அஞ்சல் இலன்
"வலியா ரெளியரைத்தம் வல்லாண்மை யாலே
நலியாநின் றாலதனை நாடிச் சலியா
தெளியார்க் கிரங்குமிறை யேற்பவொறுப் பானென்
றளியார்ந் தொழுக லறன்",வலியார் எளியரைத் தம் வல் ஆண்மையாலே நலியா நின்றால் அதனை நாடிச் சலியாது எளியார்க்கு இரங்கும் இறை ஏற்ப ஒறுப்பான் என்று அளி ஆர்ந்து ஒழுகல் அறன்
"ஆகத்தி னின்றகன்ற வாருயிரை மீட்டுமவ்
வாகத் தினிற்சேர்க்கு மாற்றலிலார் சாகத்தான்
எந்தவுயிர் தன்னையுமெவ் வேதுகொண்டு மாகத்தின்
உந்துமதி கார முறார்",ஆகத்தினின்று அகன்ற ஆர் உயிரை மீட்டும் அவ் ஆகத்தினில் சேர்க்கும் ஆற்றல் இலார் சாகத்தான் எந்த உயிர் தன்னையும் எவ் ஏது கொண்டும் ஆகத்தின் உந்தும் அதிகாரம் உறார்
"ஊறுபடும் பொல்லா வொழுக்கத்தாற் செம்மையொடு
மாறுபடும் பாழ்த்தமட மாக்களந்தோ சீறுவிடப்
பாம்புபோ லெற்றும் பழிபாவஞ் செற்றவுயிர்
தாம்பொடிப்பர் நெஞ்சந் தகர்ந்து",ஊறுபடும் பொல்லா ஒழுக்கத்தால் செம்மையொடு மாறுபடும் பாழ்த்த மட மாக்கள் அந்தோ சீறு விடப் பாம்பு போல் எற்றும் பழி பாவம் செற்ற உயிர் தாம் பொடிப்பர் நெஞ்சம் தகர்ந்து
"மருவுந் தமர்பிறர்கள் வன்கணுழக் கும்போ
துருகி யுருகி யுகுமே மருவும்
தொடையாகத் தன்மேற்சேர் துன்பங்கட் கெல்லாம்
உடையாத சிந்தை யுரன்",மருவும் தமர் பிறர்கள் வன்கண் உழக்கும் போது உருகி உருகி உகுமே மருவும் தொடையாகத் தன்மேல் சேர் துன்பங்கட்கு எல்லாம் உடையாத சிந்தை உரன்
"நல்லா ரெனத்தா நடப்பார் நடுநிலைவிட்
டெல்லார் தமக்கு மியன்றபொது அல்லாத
சிற்சில் லுரிமை சிறப்பாகத் தங்கட்கே
பற்றிக் கொளுதல் பழுது",நல்லார் எனத் தாம் நடப்பார் நடு நிலை விட்டு எல்லார் தமக்கும் இயன்ற பொது அல்லாத சிற்சில் உரிமை சிறப்பாகத் தங்கட்கே பற்றிக் கொளுதல் பழுது
"உரிமைசில மற்றார்க் குளவென்னி னந்த
உரிமையெலாந் தங்கட்கு முண்டாம் உரிமைசில
மற்றா ரிடத்து மறுப்பா ரவற்றைத்தாம்
உற்றாற் பழுதே யுறும்",உரிமை சில மற்றார்க்கு உள என்னின் அந்த உரிமை எலாம் தங்கட்கும் உண்டாம் உரிமை சில மற்றார் இடத்து மறுப்பார் அவற்றைத் தாம் உற்றால் பழுதே உறும்
"நடுவுநிலை மாறி நடப்போர் சமமாங்
கடவுளுக்கு மாறாக் கழிவோர் கடவுளைநன்
காராதித் தாலு மழியமறுக் கின்றாரவ்
வாரா தனையை யவர்",நடுவுநிலை மாறி நடப்போர் சமம் ஆம் கடவுளுக்கு மாறாக் கழிவோர் கடவுளை நன்கு ஆராதித்தாலும் அழிய மறுக்கின்றார் அவ் ஆராதனையை அவர்
"ஏயமனச் சான்றுக் கிசையொழுக்கே நல்லினந்தான்
மேயதனை யோர்கால் விலக்குமேற் றூய
மனச்சான் றதனை மறுத்தங்கு வாழ்விற்
றனிச்சார்ந்து வாழ்வே தலை",ஏய மனச் சான்றுக்கு இசை ஒழுக்கே நல் இனம் தான் மேய அதனை ஓர்கால் விலக்குமேல் தூய மனச் சான்று அதனை மறுத்து அங்கு வாழ்வில் தனிச் சார்ந்து வாழ்வே தலை
"ஆன்மபர வுண்மை யநதிகா ரிக்குவந்து
தானுரைத்த றன்னிற் றவறாகும் தான்முன்
மொழிந்தவத னோடு முரண்பட்டு வாய்மை
அழிந்து மறுக்கு மது",ஆன்ம பர உண்மை அநதிகாரிக்கு உவந்து தான் உரைத்தல் தன்னில் தவறாகும் தான் முன் மொழிந்த அதனோடு முரண்பட்டு வாய்மை அழிந்து மறுக்கும் அது
"நாயகமா யார்க்கு நடுநின்ற செம்பொருளே
தாயகமா மெய்யுருவாச் சார்தலால் வீயும்
தலைபோகத் தக்க சமயத்துஞ் சொன்ன
சொலைமீற லுய்யாத் துயர்",நாயகமா யார்க்கும் நடு நின்ற செம்பொருளே தாயகம் ஆம் மெய் உருவாச் சார்தலால் வீயும் தலைபோகத் தக்க சமயத்துஞ் சொன்ன சொலை மீறல் உய்யாத் துயர்
"நீரிற் படகு நிகழ்வதலா னீர்படகில்
ஊரிற் பெருத்தவிடை யூறேயாம் வாரிதிசூழ்
பாரில் வதிவதலாற் பார்மனித ஸனுள்ளத்துட்
சேரிலுயிர் வாழ்வுமுற்றுந் தீங்கு",நீரில் படகு நிகழ்வது அலால் நீர் படகில் ஊரில் பெருத்த இடையூறே ஆம் வாரிதி சூழ் பாரில் வதிவது அலால் பார் மனிதன் உள்ளத்துள் சேரில் உயிர் வாழ்வு முற்றும் தீங்கு
"கொள்ளுங் குடமன்றிக் கொள்ளா மரக்கட்டை
வெள்ளத் தமிழ்தல் விதியன்றே உள்ளத்துட்
பற்றாநின் றாரன்றிப் பற்றா ௬லகியல்வாய்
உற்றாலு மாழ்க லுறார்",கொள்ளும் குடம் அன்றிக் கொள்ளா மரக்கட்டை வெள்ளத்து அமிழ்தல் விதி அன்றே உள்ளத்துள் பற்றாநின்றார் அன்றிப் பற்றார் உலகியல்வாய் உற்றாலும் மாழ்கல் உறார்
"யாவற்றி னோடு மியல்வா னெனினுமுளத்
தோர்பற்று மில்லா தொழுகுவோன் ஆபத்துச்
சேரா னொருகாலுஞ் சிந்தை சிவமயமாய்
ஊராநிற் குந்தெளிவா லோர்",யாவற்றினோடும் இயல்வான் எனினும் உளத்து ஓர் பற்றும் இல்லாது ஒழுகுவோன் ஆபத்துச் சேரான் ஒருகாலும் சிந்தை சிவமயமாய் ஊராநிற்கும் தெளிவால் ஓர்
"விஞ்சையாத் தோன்றும் வெறும்பொய் யுலகத்தைத்
தஞ்சமாத் தான்பற்றித் தாழாது நெஞ்சாற்
றுறந்து புளிம்பழத் தோடுபோற் றோய்ந்து
மறந்து கிடப்பே மதி",விஞ்சையாத் தோன்றும் வெறும் பொய் உலகத்தைத் தஞ்சமாத் தான் பற்றித் தாழாது நெஞ்சால் துறந்து புளிம் பழத்து ஓடு போல் தோய்ந்து மறந்து கிடப்பே மதி
"அழுத்தமுறக் கட்டா வடிப்படைமேற் பாரம்
பழித்தலுறக் கீழ்வீழ்ந்து பாழாம் உழைத்தலுறு
சாதகர்தா முன்பு சசியையையெவ் வாற்றானும்
மேதகவே காத்தல் விதி",அழுத்தம் உறக் கட்டா அடிப்படைமேல் பாரம் பழித்தல் உறக் கீழ் வீழ்ந்து பாழ் ஆம் உழைத்தல் உறு சாதகர் தாம் முன்பு சரியையை எவ் ஆற்றானும் மேதகவே காத்தல் விதி
"உண்மைப் பொருளை யொழியா தொருவனுளந்
திண்மையுறப் பற்றித் தெளிந்ததேல் விண்மைபோ
லத்தியா சத்தா லடைவிடயப் பற்றுக்கள்
சுத்தியாந் தாமே துறந்து",உண்மைப் பொருளை ஒழியாது ஒருவன் உளம் திண்மை உறப் பற்றித் தெளிந்ததேல் விண்மைபோல் அத்தியாசத்தால் அடை விடயப் பற்றுக்கள் சுத்தி ஆம் தாமே துறந்து
"வழுக்குநிலஞ் சேர்துறவு மார்க்கம் மனத்தா
லிழுக்குறினுங் கேடுவந் தெய்தும் வழுக்குநிலந்
தன்னிற் படர்வோன் சதிமறதி தன்னகத்திற்
கன்னமிடா தோம்பல் கடன்",வழுக்கு நிலம் சேர் துறவு மார்க்கம் மனத்தால் இழுக்கு உறினும் கேடு வந்து எய்தும் வழுக்கு நிலம் தன்னில் படர்வோன் சதி மறதி தன் அகத்தில் கன்னம் இடாது ஓம்பல் கடன்
"உடலி னுலகி னுவர்ப்பெப்போழ் துண்டாம்
உடனே துறத்த லுறுதி அடல்சேர்
உறுதிமேற் கொண்ட வுயிர்க்குத்தம் வாணாள்
அறுதி யிடலருமை யால்",உடலின் உலகின் உவர்ப்பு எப்போழ்து உண்டாம் உடனே துறத்தல் உறுதி அடல் சேர் உறுதி மேற்கொண்ட உயிர்க்குத் தம் வாழ்நாள் அறுதி இடல் அருமையால்
"பாதவத்தி னின்று பழநழுவும் பான்மையே
சாதகனும் பக்குவந்தான் சார்பொழுதிற் பாதகமா
வூழ்குறுக்கிட் டாலொழிய வுப்பில்கூ ழாக்குடும்ப
வாழ்வுதுறந் தேவிடு வான்",பாதவத்தில் நின்று பழம் நழுவும் பான்மையே சாதகனும் பக்குவம் தான் சார் பொழுதில் பாதகமா ஊழ் குறுக்கிட்டால் ஒழிய உப்பு இல் கூழாக் குடும்ப வாழ்வு துறந்தேவிடுவான்
"சொப்பனமாத் தம்மிடத்துத் தோற்றும் பலபலவும்
கற்பனையா வெண்ணிக் கழன்றோரே சற்பனையாம்
மாயச் சழக்கறுப்பார் மற்றையார் தாமறியார்
ஆய சழக்கொழிக்கு மாறு",சொப்பனமாத் தம்மிடத்துத் தோற்றும் பலபலவும் கற்பனையா எண்ணிக் கழன்றோரே சற்பனை ஆம் மாயச் சழக்கு அறுப்பார் மற்றையார் தாம் அறியார் ஆய சழக்கு ஒழிக்கும் ஆறு
"அத்துவித மாமெய்ஞ்ஞா னான்ம சொரூபத்தை
யுய்த்துணர்ந்த சுத்த வுணர்வோர்மற் றித்துவிதக்
காட்சிமெய் யாகக் கலங்கார் வறுமாயச்
சூழ்ச்சியாத் தாந்துறப் பார்",அத்துவிதம் ஆம் மெய்ஞ்ஞான ஆன்ம சொரூபத்தை உய்த்து உணர்ந்த சுத்த உணர்வோர் மற்று இத்துவிதக் காட்சி மெய்யாகக் கலங்கார் வறு மாயச் சூழ்ச்சியாத் தாம் துறப்பார்
"நிலையாமை கண்டறிந்த நெஞ்சத்தாற் புத்தன்
றொலையாத செல்வந் துறந்தான் புலனா
முலகநிலை யாமை யுணர்ந்த வுளத்தோ
னிலவுகிக னாத லரிது",நிலையாமை கண்டு அறிந்த நெஞ்சத்தால் புத்தன் தொலையாத செல்வம் துறந்தான் புலன் ஆம் உலகம் நிலையாமை உணர்ந்த உளத்தோன் இலவுகிகன் ஆதல் அரிது
"அச்சமே காணாப்பே ராண்மையா லிவ்வுலகைத்
துச்சமா வெண்ணித் துறந்தோரே நிச்சயமாய்
மெய்ப்பொருள் காண்கிற்கும் வித்தகர்மற் றேோனையரோ
பொய்ப்பொருள்காண் புல்லறிவி னார்",அச்சமே காணாப் பேர் ஆண்மையால் இவ் உலகைத் துச்சமா எண்ணித் துறந்தோரே நிச்சயமாய் மெய்ப்பொருள் காண்கிற்கும் வித்தகர் மற்று ஏனையரோ பொய்ப் பொருள் காண் புல் அறிவினார்
"இல்லாம லுள்ள வுலகை யிருந்துமே
இல்லாத தாக்கை யிகத்தலே இல்லாது
போன்றொளிரும் போதப் பொருளாய தன்னிலையை
ஆன்றோ ரடைதலென் பார்",இல்லாமல் உள்ள உலகை இருந்துமே இல்லாததாக் கை இகத்தலே இல்லாது போன்று ஒளிரும் போதப் பொருள் ஆய தன் நிலையை ஆன்றோர் அடைதல் என்பார்
"விடற்கியல்ப வெல்லாம் விடப்பட்ட பின்னர்
விடற்கியல்வ தன்றியெது விஞ்சும் விடற்கியலா
வுள்ளமா வுள்ளத் தொளிர்சொருப வுண்மையே
வெள்ளமா மின்ப விளைவு",விடற்கு இயல்ப எல்லாம் விடப்பட்ட பின்னர் விடற்கு இயல்வது அன்றி எது விஞ்சும் விடற்கு இயலா உள்ளமா உள்ளத்து ஒளிர் சொருப உண்மையே வெள்ளம் ஆம் இன்ப விளைவு
"அகந்தைத் தியாக மரிதிற் புரிந்தோ
ரிகந்தொழிய மற்றொன்று மின்று",அகந்தைத் தியாகம் அரிதில் புரிந்தோர் இகந்து ஒழிய மற்றொன்றும் இன்று
"சாதுவர்தஞ் சித்தஞ் சதாசிவமா நின்றொளிரவ்
வேதுவால் வேண்டலுமொன் நின்று",சாதுவர்தம் சித்தம் சதாசிவமா நின்று ஒளிர் அவ் ஏதுவால் வேண்டலும் ஒன்று இன்று
"இலாதொன்றுந் தன்பா லெதுவும்வேண் டாமென்
றுலாவுங்கம் பீர வுளத்தான் சுலாவுஞ்சிந்
தாகுலங்க ளான்மிக் களித்தக்க கோவறிவை
ஆகலங்க லாற்றுகின் றான்",இலாது ஒன்றும் தன்பால் எதுவும் வேண்டாம் என்று உலாவும் கம்பீர உளத்தான் சுலாவும் சிந்தாகுலங்களால் மிக்கு அளித்தக்க கோ அறிவை ஆ கலங்கல் ஆற்றுகின்றான்
"நானனைத்தும் விட்டு நழுவினோ னென்றுளத்துட்
டானினைத்த றன்னிற் றலைத்துறவாம் ஊனக்
குடும்பமாம் பந்தத்துட் கோத்தோனாத் தன்னை
உடம்பளவா வுன்னாமை யோர்",நான் அனைத்தும் விட்டு நழுவினோன் என்று உளத்துள் தான் நினைத்தல் தன்னில் தலைத் துறவு ஆம் ஊனக் குடும்பம் ஆம் பந்தத்துள் கோத்தோனாத் தன்னை உடம்பு அளவா உன்னாமை ஓர்
"ஓதலிரண் டாமனத்தை யூர்ந்த சுபாசுபமாம்
வாதனையைக் கொண்டே வழங்கலாற் பேதமுறு
நன்றொடுதீ தாக நடக்குமன முள்ளபடி
ஒன்றே யுணர்வார்க் குணர்",ஓதல் இரண்டா மனத்தை ஊர்ந்த சுப அசுபம் ஆம் வாதனையைக் கொண்டே வழங்கலால் பேதம் உறு நன்றொடு தீது ஆக நடக்கும் மனம் உள்ளபடி ஒன்றே உணர்வார்க்கு உணர்
"என்றன் மனமென்று முன்றன் மனமென்றும்
துன்றகமே பாசத் தொடக்காகும் மன்றவே
தெள்ளும் பரமான்ம சிற்சத்தி யாயுளவா
றுள்ளமன மொன்றே யுணர்",என்றன் மனம் என்றும் உன்றன் மனம் என்றும் துன்று அகமே பாசத் தொடக்கு ஆகும் மன்றவே தெள்ளும் பரமான்ம சித் சத்தியாய் உளவாறு உள்ள மனம் ஒன்றே உணர்
"பலபலநான் போலவுடற் பார்வையாற் றோற்றல்
குலவுமொரே மெய்ந்நான் குறியாய் தொலைவிலா
வேகசச் சித்தா வியல்சொருப திட்டியா
லோர்கவவை யாவுமொருங் கொன்று",பலபல நான் போல உடல் பார்வையால் தோற்றல் குலவும் ஒரே மெய்ந்நான் குறியாய் தொலைவு இலா ஏக சத் சித்தா இயல் சொருப திட்டியால் ஓர்க அவை யாவும் ஒருங்கு ஒன்று
"அரந்தைசேர் மோக வகந்தையைநன் காராய்ந்
தரிந்திடாய் கூர்த்த வறிவால் கிரந்தி
யகழ்ச்சியுறப் பெற்ற வகத்திலன்றி யுண்மை
மகிழ்ச்சிசேர் சாந்தி மடாது",அரந்தை சேர் மோக அகந்தையை நன்கு ஆராய்ந்து அரிந்திடாய் கூர்த்த அறிவால் கிரந்தி அகழ்ச்சி உறப் பெற்ற அகத்தில் அன்றி உண்மை மகிழ்ச்சி சேர் சாந்தி மடாது
"ஞான விசார நடத்தலா லுள்ளஞ்சேர்
மோன வருள்வாள் முனையாலே ஊன
வகந்தைக் கிழங்கை யகழ்ந்தெறிதல் சாந்த
சுகந்ததும்பச் சூழுந் திறன்",ஞான விசாரம் நடத்தலால் உள்ளம் சேர் மோன அருள் வாள் முனையாலே ஊன அகந்தைக் கிழங்கை அகழ்ந்து எறிதல் சாந்த சுகம் ததும்பச் சூழும் திறன்
"உடலுணர்வை மாய்க்க லுறுவதன்றி மெய்யாந்
திடமுயற்சி மற்றெதுவுஞ் செய்யேல் உடலகந்தை
தானே யகில சமுசார துக்கத்துக்
கானதோ ரேது வறி",உடல் உணர்வை மாய்க்கல் உறுவது அன்றி மெய் ஆம் திட முயற்சி மற்று எதுவும் செய்யேல் உடல் அகந்தை தானே அகில சமுசார துக்கத்துக்கு ஆனதோர் ஏது அறி
"மேவலரும் பேரின்ப வீடு விழுத்துறவு
சாவகலுஞ் சாவு சதுரப்பா டியாவும்
மருளுடனா னென்ற மயக்கமற லென்னும்
ஒருபொருள வேயென் றுணர்",மேவல் அரும் பேர் இன்ப வீடு விழுத் துறவு சாவு அகலும் சாவு சதுரப்பாடு யாவும் மருள் உடல் நான் என்ற மயக்கம் அறல் என்னும் ஒரு பொருளவே என்று உணர்
"கற்றலொடு கேட்டல் கருதலொடு நிற்றலருள்
பற்றலொடு மோனம் பரந்தாமம் மற்றுமுப
சாந்த மகம்பத்தி தானந் தவந்தன்மம்
ஆர்ந்தயோ கெல்லா மவை",கற்றலொடு கேட்டல் கருதலொடு நிற்றல் அருள் பற்றலொடு மோனம் பரந்தாமம் மற்றும் உபசாந்தம் அகம் பத்தி தானம் தவம் தன்மம் ஆர்ந்த யோகு எல்லாம் அவை
"தானந் தவம்வேள்வி தன்மம்யோ கம்பத்தி
வானம் பொருள்சாந்தி வாய்மையருள் மோனநிலை
சாகாமற் சாவறிவு சார்துறவு வீடின்பம்
தேகான்ம பாவமறல் தேர்",தானம் தவம் வேள்வி தன்மம் யோகம் பத்தி வானம் பொருள் சாந்தி வாய்மை அருள் மோனநிலை சாகாமல் சாவு அறிவு சார்துறவு வீடு இன்பம் தேகான்ம பாவம் அறல் தேர்
"செப்பமுடைத் தன்மத் திறங்கடாம் பற்பலவாப்
பொற்பணிகள் போலப் புலப்படினும் அப்பணிகட்
குண்மையாம் பொன்னேபோ லொன்றாந் தியாகமே
உண்மையா மவ்வறங்கட் கோர்",செப்பம் உடைத் தன்மத் திறங்கள் தாம் பற்பலவாப் பொன் பணிகள் போலப் புலப்படினும் அப்பணிகட்கு உண்மை ஆம் பொன்னே போல் ஒன்று ஆம் தியாகமே உண்மை ஆம் அவ் அறங்கட்கு ஓர்
"வயாவடிவாந் துன்ப வழியா மமதைத்
தியாகமொருங் குற்றவதி தீரன் உசாவால்
அசேட வகந்தைத் தியாக வடைவே
விசேடமாந் தன்ம விளைவு",வயா வடிவு ஆம் துன்ப வழி ஆம் மமதைத் தியாகம் ஒருங்கு உற்ற அதி தீரன் உசாவால் அசேட அகந்தைத் தியாக அடைவே விசேடம் ஆம் தன்ம விளைவு
"யானென் நிறுமாந் தெழுந்திறைமெய்ப் பூரணத்தை
ஊனஞ் செயாதுள் ளொடுங்கலே ஞான
சிவசந் நிதியாந் திருமூலட் டானத்
தவநன் னியமந் தரி",யான் என்று இறுமாந்து எழுந்து இறை மெய்ப் பூரணத்தை ஊனம் செயாது உள் ஒடுங்கலே ஞான சிவசந்நிதியாம் திருமூலட்டானத் தவ நல் நியமம் தரி
"பரற்குரிய தாமெய்ப் பரிபூர ணத்தைச்
சுருக்குமகங் காரந் துரப்பே பரற்குப்
பிழைபா டிலாது பிறங்கலுறு முண்மை
வழிபா டறிஞர் மதிக்கு",பரற்கு உரியது ஆம் மெய்ப் பரிபூரணத்தைச் சுருக்கும் அகங்காரம் துரப்பே பரற்குப் பிழைபாடு இலாது பிறங்கல் உறும் உண்மை வழிபாடு அறிஞர் மதிக்கு
"இறைக்குத்தா மூணாத லின்றித் தமக்கவ்
விறையையூ ஸணாக்கவுளத் தெண்ணும் வெறியர்
அகந்தையே வாயிலா வந்தகனுக் கூணா
முகந்து கொளப்படு வார்",இறைக்குத் தாம் ஊண் ஆதல் இன்றித் தமக்கு அவ் இறையை ஊண் ஆக்க உளத்து எண்ணும் வெறியர் அகந்தையே வாயிலா அந்தகனுக்கு ஊணா முகந்து கொளப்படுவார்
"சுட்டுணர்வா லானபுலத் தோற்றங்க ளோடவைதேர்
துட்டவகங் காரியாந் தோன்றலுமே கெட்டுணவாச்
சிற்பரமாத் துன்று சிவபதத்தே துஞ்சிலன்றித்
தற்பரந்தான் சார்த லரிது",சுட்டு உணர்வால் ஆன புலத் தோற்றங்களோடு அவை தேர் துட்ட அகங்காரி ஆம் தோன்றலுமே கெட்டு உணவாச் சிற்பரமாத் துன்று சிவபதத்தே துஞ்சில் அன்றித் தற்பரம் தான் சார்தல் அரிது
"நிச்சலமாத் துன்று நிஜான்ம சொரூபநிலை
துச்சமனத் துக்குத் துலங்குமோ சிச்சடமாப்
பூண்டவகங் காரப் புலங்கெட் டழியிலன்றி
யீண்டுவதன் றுண்மை யியல்",நிச்சலமாத் துன்றும் நிஜ ஆன்ம சொரூபநிலை துச்ச மனத்துக்குத் துலங்குமோ சித் சடமாப் பூண்ட அகங்காரப் புலம் கெட்டு அழியில் அன்றி ஈண்டுவது அன்று உண்மை இயல்
"நானென்னு மொன்று நடுவே முளைத்தன்றோ
தானொன்று சாந்தியறச் சாய்ந்ததுதான் யானெனுமவ்
வீணகங் கார விருத்திரனைக் கொன்றன்றிக்
காணரிது கைவல் லியம்",நான் என்னும் ஒன்று நடுவே முளைத்து அன்றோ தான் ஒன்று சாந்தி அறச் சாய்ந்தது தான் யான் எனும் அவ் வீண் அகங்கார விருத்திரனைக் கொன்று அன்றிக் காண் அரிது கைவல்லியம்
"செத்தாலே வீட்டுலகஞ் சேரலா மன்றிமற்
றெத்தாலுஞ் சேர லியையாதே செத்தொழிகை
எவ்வதெனின் யானெனதை மாய்த்தலே யன்றிமற்
றிவ்வுடம்பை மாய்த்த லிழுக்கு",செத்தாலே வீட்டு உலகம் சேரல் ஆம் அன்றி மற்று எத்தாலும் சேரல் இயையாதே செத்து ஒழிகை எவ்வது எனின் யான் எனதை மாய்த்தலே அன்றி மற்று இவ் உடம்பை மாய்த்தல் இழுக்கு
"வித்தார மோக விலாசத்தில் வேட்கையறச்
செத்தாரே வாழ்க்கை சிவப்படுவர் புத்தான்ம
சுத்தானு பூதித் துலக்கத்தா லன்றிமற்
றெத்தாலு மில்லைமெய் யின்பு",வித்தார மோக விலாசத்தில் வேட்கை அறச் செத்தாரே வாழ்க்கை சிவப்படுவர் புத்தான்ம சுத்தானுபூதித் துலக்கத்தால் அன்றி மற்று எத்தாலும் இல்லை மெய் இன்பு
"இறப்போ டியைந்த விரும்பிறவி மாய்க்கும்
பிறப்போ டியையாப் பெரும்பே ரிறப்பே
தெனநீர் வினாவி னிருளியைந்த யானோ
டெனது மிறந்து விடல்",இறப்போடு இயைந்த இரும் பிறவி மாய்க்கும் பிறப்போடு இயையாப் பெரும் பேர் இறப்பு ஏது என நீர் வினாவின் இருள் இயைந்த யானோடு எனதும் இறந்து விடல்
"நானா ரெனுந்தன்மெய்ந் நாட்டத்தாற் பொன்றுவதாம்
ஊனா ரகந்தை யுயிர்ப்பு",நான் ஆர் எனும் தன் மெய்ந் நாட்டத்தால் பொன்றுவது ஆம் ஊன் ஆர் அகந்தை உயிர்ப்பு
"அறிவிலே தன்பொய் யகந்தையை மாய்த்துச்
செறிவதே யுண்மைத் தெளிவு",அறிவிலே தன் பொய் அகந்தையை மாய்த்துச் செறிவதே உண்மைத் தெளிவு
"நானெனும்பொய்ம் மோகமதி நாசத்தா லன்றிமெய்ஞ்
ஞானவனு பூதியில்லை நாடு",நான் எனும் பொய்ம் மோக மதி நாசத்தால் அன்றி மெய்ஞ் ஞான அனுபூதி இல்லை நாடு
"ஒடுங்கியே யாவனுணர் வுண்மையூ டொன்றா
வடங்கினான் மோக வகந்தை தொடங்கு
முயற்சியோய்ந் துள்ளத்து மூண்டொளிர்வன் சாந்த
வியற்கைசே ரின்பப் பதம்",ஒடுங்கியே யாவன் உணர்வு உண்மை ஊடு ஒன்றா அடங்கினான் மோக அகந்தை தொடங்கும் முயற்சி ஓய்ந்து உள்ளத்து மூண்டு ஒளிர்வன் சாந்த இயற்கை சேர் இன்பப் பதம்
"அதிகார மாகவல் லாண்மைபல வாற்றும்
சதிகார மாயை தனிலே உதிசீவ
போதாகங் காரமயல் போயே பரமான்ம
போதானு பூதியுண் டாம்",அதிகாரமாக வல் ஆண்மை பல ஆற்றும் சதிகார மாயை தனிலே உதி சீவ போத அகங்கார மயல் போயே பரமான்ம போத அனுபூதி உண்டாம்
"ஆகத் தகம்புத்தி யற்றா லலமரல்சேர்
மோகக் கலக்கம் முடிந்தொழியும் ஆகா
நிருவிகற்ப மாக நிகழ்சிற் பரமே
துருவகத்துத் தோன்று மகம்",ஆகத்து அகம் புத்தி அற்றால் அலமரல் சேர் மோகக் கலக்கம் முடிந்து ஒழியும் ஆகா நிருவிகற்பம் ஆக நிகழ் சித் பரமே துருவு அகத்துத் தோன்றும் அகம்
"இல்லதுபோல் கின்ற விறையே யுளனன்றி
உள்ளதுபோ லுந்தா ளொருவனென்றும் இல்லையெனத்
தன்னுடைய சூனியத்தைத் தானுணருந் தன்மையையே
பன்னுபர ஞானமென் பார்",இல்லது போல்கின்ற இறையே உளன் அன்றி உள்ளது போலும் தான் ஒருவன் என்றும் இல்லை எனத் தன்னுடைய சூனியத்தைத் தான் உணரும் தன்மையையே பன்னு பரஞானம் என்பார்
"மாணுஞ் சிதாகாய மார்த்தாண்டான் மாவுக்குக்
காணுந்தன் மங்கல்லார் கற்பனையே தாணுவாம்
ஆன்மா விடத்துப்பா ழாயவிருண் மாயையிலை
ஆன்மா விரண்டற் றது",மாணும் சிதாகாய மார்த்தாண்ட ஆன்மாவுக்குக் காணும் தன்மம் கல்லார் கற்பனையே தாணு ஆம் ஆன்மா இடத்துப் பாழ் ஆய இருள் மாயை இலை ஆன்மா இரண்டு அற்றது
"யானுலகைக் காண்கின்றே னென்னி னதன்மன்மம்
ஊனமறு முண்மை யொளியாய ஞானபரி
பூன்றவா னென்னுட் புலவுலகுங் காண்பானும்
தோன்றலா மென்றே துணி",யான் உலகைக் காண்கின்றேன் என்னின் அதன் மன்மம் ஊனம் அறும் உண்மை ஒளி ஆய ஞான பரி பூன்ற வான் என்னுள் புல உலகும் காண்பானும் தோன்றல் ஆம் என்றே துணி
"தோற்றமே மெய்யாத் துணிவிக்கு மிந்திரியத்
தேற்றம் விபரீதத் தேற்றமாம் தோற்றத்தைத்
தேரிந் திரியமுந் தேர்வானுந் தோற்றத்தோ
டோருருவிற் றாக வுணர்",தோற்றமே மெய்யாத் துணிவிக்கும் இந்திரியத் தேற்றம் விபரீதத் தேற்றம் ஆம் தோற்றத்தைத் தேர் இந்திரியமும் தேர்வானும் தோற்றத்தோடு ஓர் உருவிற்று ஆக உணர்
"கண்காணி தன்னையெவன் காண்பா னவனந்தக்
கண்காணி தானேயாக் கண்டொளிர்வான் கண்காணி
வேறாகத் தானொருவன் வேறென்னும் பேதமதி
யீறாகத் தன்சொருப மேய்ந்து",கண்காணி தன்னை எவன் காண்பான் அவன் அந்தக் கண்காணி தானேயாக் கண்டு ஒளிர்வான் கண்காணி வேறாகத் தான் ஒருவன் வேறு என்னும் பேதமதி ஈறு ஆகத் தன் சொருபம் ஏய்ந்து
"கண்காணி கன்மபந்தங் காணான் பரவொளிசேர்
விண்காணி யாட்சியா மேவுவான் கண்காணுங்
காட்சிகளைத் தன்சொருபக் காட்சியாற் றன்மயமா
வாட்சிகொள வல்லா னறி",கண்காணி கன்ம பந்தம் காணான் பர ஒளி சேர் விண் காணி ஆட்சியா மேவுவான் கண்காணும் காட்சிகளைத் தன் சொருபக் காட்சியால் தன் மயமா ஆட்சி கொள வல்லான் அறி
"பரவெளியாந் தன்சொருபப் பார்வையாற் பார்க்கில்
உருவெளியே யாம்பொய் யுலகில் மருவும்
உடலோ டொருப்பட் டொழுகுமகங் கார
மடமையே மாயப் பிறப்பு",பரவெளி ஆம் தன் சொருபப் பார்வையால் பார்க்கில் உரு வெளியே ஆம் பொய் உலகில் மருவும் உடலோடு ஒருப்பட்டு ஒழுகும் அகங்கார மடமையே மாயப் பிறப்பு
"அற்பவக மல்லா வகண்டத்தால் யாவையுமம்
மெய்ப்பரமாந் தன்னுள்ளே மேவுவன சொப்பனத்தே
துன்னியபல் வேறுவகைத் தோற்றம்போ லான்மாவே
அன்னியம்போற் காண்ப தறி",அற்ப அகம் அல்லா அகண்டத்தால் யாவையும் அம் மெய்ப்பரம் ஆம் தன் உள்ளே மேவுவன சொப்பனத்தே துன்னிய பல்வேறு வகைத் தோற்றம்போல் ஆன்மாவே அன்னியம்போல் காண்பது அறி
"பொய்யா மராத்தோற்றம் போங்காறு மாதார
மெய்யாம் பழுதை விளங்காது பொய்யா
மருவுமுல கத்தோற்ற மாறளவு முண்மைச்
சொருபவதிட் டானமுந்தோற் றாது",பொய் ஆம் அராத் தோற்றம் போம்காறும் ஆதார மெய் ஆம் பழுதை விளங்காது பொய்யா மருவும் உலகத் தோற்றம் மாறு அளவும் உண்மைச் சொருப அதிட்டானமும் தோற்றாது
"உலக வுணர்ச்சி யொழிந்த பொழுதே
குலவுபர மான்மவொளி கூடும் குலவான்ம
சோதிசேர் வாழ்வே சுபாவவாழ் வாருயிர்க்கு
மீதியுள் வெல்லா மிறை",உலக உணர்ச்சி ஒழிந்த பொழுதே குலவு பரம ஆன்ம ஒளி கூடும் குலவு ஆன்ம சோதி சேர் வாழ்வே சுபாவ வாழ்வு ஆர் உயிர்க்கு மீதி உள எல்லாம் இறை
"ஆன்மாவே யுண்மைவிழி யாதலா லஃதறியும்
ஆன்மாவே யுண்மை யபரோக்கம் ஆன்மநோக்
கற்றசடர் தாமே யபரோக்க மென்பரயல்
உற்றவிட யம்புலனா வோர்ந்து",ஆன்மாவே உண்மை விழி ஆதலால் அஃது அறியும் ஆன்மாவே உண்மை அபரோக்கம் ஆன்ம நோக்கு அற்ற சடர்தாமே அபரோக்கம் என்பர் அயல் உற்ற விடயம் புலனா ஓர்ந்து
"எல்லையிலாக் கண்ணா யிருந்தொளிரான் மாவுக்குப்
புல்லுவதா மோமுப் புடித்தோற்றம் வல்லமைசேர்
ஞானத் தழல்விழிசெய் நாட்டத்தாற் றன்மயமாம்
ஏனையெதிர் யாவு மெரிந்து",எல்லை இலாக் கண்ணாய் இருந்து ஒளிர் ஆன்மாவுக்குப் புல்லுவது ஆமோ முப்புடித் தோற்றம் வல்லமை சேர் ஞானத் தழல் விழி செய் நாட்டத்தால் தன்மயம் ஆம் ஏனை எதிர் யாவும் எரிந்து
"தீதுநல மாந்தொந்த திட்டியொடு காலமிடம்
ஏதுபலங் கன்மமிவை யின்றியே யாதும்
பிறிதா வறியவொரு பின்னமிலா வுண்மை
அறிவே யனந்தவிழி யாம்",தீது நலம் ஆம் தொந்த திட்டியொடு காலம் இடம் ஏது பலம் கன்மம் இவை இன்றியே யாதும் பிறிதா அறிய ஒரு பின்னம் இலா உண்மை அறிவே அனந்த விழி ஆம்
"உள்ளுசா வாலே யுளதாம் பயன்முழுதும்
கள்ளநா னென்னுங் கருத்தழிவே தெள்ளிதாய்
நித்தசித்த மாக நிகழான்ம தத்துவத்தை
மெத்தலெனக் கூறன் மிகை",உள் உசாவாலே உளது ஆம் பயன் முழுதும் கள்ள நான் என்னும் கருத்து அழிவே தெள்ளிது ஆய் நித்த சித்தம் ஆக நிகழ் ஆன்ம தத்துவத்தை மெத்தல் எனக் கூறல் மிகை
"சுத்தாப ரோக்கத் துலக்கமாந் தன்சொருபம்
பத்தா மவன்றன் பரிசுபோற் பொய்த்த
மறதிநீக் கத்தான் மடுப்பதலாற் கண்ட
உறுதி புதிதன் றுணர்",சுத்த அபரோக்கத் துலக்கம் ஆம் தன் சொருபம் பத்தாமவன் தன் பரிசுபோல் பொய்த்த மறதி நீக்கத்தால் மடுப்பது அலால் கண்ட உறுதி புதிது அன்று உணர்
"பூணுருவங் கெட்ட பொழுதோபொற் பூண்பொன்னாம்
பூணுருவாத் தோன்றுழியும் பொன்னன்றோ பூண்போலச்
சித்தங் குயிற்றுந் திரிபதார்த் தங்களுஞ்சச்
சித்தளவாத் தேர்க தெளிந்து",பூண் உருவம் கெட்ட பொழுதோ பொன் பூண் பொன் ஆம் பூண் உருவாத் தோன்று உழியும் பொன் அன்றோ பூண் போலச் சித்தம் குயிற்றும் திரி பதார்த்தங்களும் சத் சித்து அளவாத் தேர்க தெளிந்து
"கழுத்தணிதா னந்தக் கழுத்திலுறச் செய்தே
வழுக்கினாள் போலே மயங்கிக் கழுத்திற்
றடவிப்பார்த் தத்தைத் தலைப்படலே தன்னைத்
தடவியுளத் தெய்துந் தரம்",கழுத்து அணி தான் அந்தக் கழுத்தில் உறச்செய்தே வழுக்கினாள் போலே மயங்கிக் கழுத்தில் தடவிப்பார்த்து அத்தைத் தலைப்படலே தன்னைத் தடவி உளத்து எய்தும் தரம்
"மன்மப் புலந்துருவு மார்க்கமொழிந் தெஞ்சியவாம்
கன்மமுத லாய கடப்பாட்டால் என்முயற்சி
செய்துமித யத்துத் திகழான்ம வைப்பைத்தாம்
எய்துவித் தின்புறுத்த லின்று",மன்மப் புலம் துருவும் மார்க்கம் ஒழிந்து எஞ்சியவாம் கன்மம் முதலாய கடப்பாட்டால் என் முயற்சி செய்தும் இதயத்துத் திகழ் ஆன்ம வைப்பைத் தாம் எய்துவித்து இன்புறுத்தல் இன்று
"சமாதிவடி வாய தவத்தா லினிமேற்
றமாலனுப விக்கப் படூஉம் சமானமறு
மப்பதமெய் யாக வமையுமே லஃதப்போ
தொப்பவிப் போது முளது",சமாதி வடிவு ஆய தவத்தால் இனிமேல் தமால் அனுபவிக்கப்படூஉம் சமானம் அறும் அப்பதம் மெய்யாக அமையுமேல் அஃது அப்போது ஒப்ப இப்போதும் உளது
"அந்தநிலை யிப்போதின் றாகிமற் றப்போதே
வந்தடைவ தாமேலவ் வந்தநிலை சொந்தமுள
தம்மியல்பல் லாமையாற் றம்மி னகல்வதன்றித்
தம்மிடநில் லாது தரித்து",அந்த நிலை இப்போது இன்று ஆகி மற்று அப்போதே வந்து அடைவதாமேல் அவ் வந்த நிலை சொந்தம் உள தம் இயல்பு அல்லாமையால் தம்மின் அகல்வது அன்றித் தம்மிடம் நில்லாது தரித்து
"பூரணமே யாமதுவும் பூரணமே யாமிதுவும்
பூரணத்தோ டும்புணர்ந்தும் பூரணமப் பூரணமே
பூரணத்தி னின்றுபரி பூரணமே போயினுமப்
பூரணமே மிஞ்சுவ தாம்",பூரணமே ஆம் அதுவும் பூரணமே ஆம் இதுவும் பூரணத்தோடும் புணர்ந்தும் பூரணம் அப் பூரணமே பூரணத்தில் நின்று பரிபூரணமே போயினும் அப் பூரணமே மிஞ்சுவது ஆம்
"அத்துவித பூரணத்தை யன்றி யதுவிதுவாத்
தொத்துவிவ காரத் தொகையனைத்தும் சத்தியமன்
றற்பமுமென் பஃதே யதனிடத்தவ் யாவுமுழுக்
கற்பனையென் பஃதே கருத்து",அத்துவித பூரணத்தை அன்றி அது இதுவாத் தொத்து விவகாரத் தொகை அனைத்தும் சத்தியம் அன்று அற்பமும் என்பஃதே அதனிடத்து அவ் யாவும் முழுக் கற்பனை என் பஃதே கருத்து
"ஒன்றே பலவாக வுற்பவித்து முற்பவியா
தென்றியம்ப வேண்டி யிருத்தலாற் றொன்றேயவ்
வேகமா யாரு மியைதலான் மெய்ஞ்ஞான
யோகமே முத்தி யுணர்",ஒன்றே பலவாக உற்பவித்தும் உற்பவியாது என்று இயம்ப வேண்டி இருத்தலால் தொன்றே அவ் ஏகமாய் ஆரும் இயைதலால் மெய்ஞ்ஞான யோகமே முத்தி உணர்
"ஆன்ம சொரூபமிரண் டற்றமையாய்ந் தம்மெய்யைத்
தான்மருவ லுற்றுத் தடுமாறி மேன்மேல்
அலங்குமுயிர்ச் சேட்டை யடங்குழியவ் வுள்ளத்
திலங்குமுணர் வம்மெய் யியல்பு",ஆன்ம சொரூபம் இரண்டு அற்றமை ஆய்ந்து அம்மெய்யைத் தான் மருவல் உற்றுத் தடுமாறி மேல்மேல் அலங்கும் உயிர்ச் சேட்டை அடங்கு உழி அவ் உள்ளத்து இலங்கும் உணர்வு அம்மெய் இயல்பு
"புறத்தில் விகற்பம் புலப்படா மையே
திறத்த நிருவிகற்பச் சீரன் றிறக்கும்
மனத்தில் விகற்ப மருவாமை தானே
கனத்த நிருவிகற்பங் காண்",புறத்தில் விகற்பம் புலப்படாமையே திறத்த நிருவிகற்பச் சீர் அன்று இறக்கும் மனத்தில் விகற்பம் மருவாமை தானே கனத்த நிருவிகற்பம் காண்
"இருக்கின்றே னென்னு மியற்கை யுணர்வாய்த்
தரிக்கின் றதுவே சமாதி செருக்கொன்
றுபாதியோ டேய்ந்த வுணர்வி னொழிந்தவ்
வபார நிலைக்கே யமர்",இருக்கின்றேன் என்னும் இயற்கை உணர்வாய்த் தரிக்கின்றதுவே சமாதி செருக்கு ஒன்று உபாதியோடு ஏய்ந்த உணர்வின் ஒழிந்து அவ் அபார நிலைக்கே அமர்
"நானென்ப தற்ற நடுநிலையே ஞானாந்த
மோன சமாதியென்பர் மூதறிஞர் தானதுவாம்
மோன சமாதி முயங்கும் பரியந்தம்
நானறலே நாட்டமா நாடு",நான் என்பது அற்ற நடுநிலையே ஞான அந்த மோன சமாதி என்பர் மூது அறிஞர் தான் அது ஆம் மோன சமாதி முயங்கும் பரியந்தம் நான் அறலே நாட்டமா நாடு
"யானென்ற தன்மை யெழுந்தழிதல் போலன்றித்
தானென்று நின்று தரித்தலால் யானென்ற
பொய்த்தன்மை பொன்றப் புறக்கணித்துத் தானென்ற
மெய்த்தன்மை நீயா விளங்கு",யான் என்ற தன்மை எழுந்து அழிதல் போல் அன்றித் தான் என்றும் நின்று தரித்தலால் ர என்ற பொய்த்தன்மை பொன்றப் புறக்கணித்துத் தான் என்ற மெய்த்தன்மை நீயா விளங்கு
"யானுயிரென் றெண்ணி யியலழிந்த வென்னெஞ்சே
யானிறையென் றேமாந்து போதியால் மேனிலையில்
யானென்ப தேதுமே யில்லை யிதயமாம்
தானென்ப தொன்றைத் தவிர்த்து",யான் உயிர் என்று எண்ணி இயல் அழிந்த என் நெஞ்சே யான் இறை என்று ஏமாந்து போதியால் மேல் நிலையில் யான் என்பது ஏதுமே இல்லை இதயம் ஆம் தான் என்பது ஒன்றைத் தவிர்த்து
"அமைந்தமனத் தாலே யகண்டானு பூதி
சமைந்தநிலை தானே சமாதி அமர்ந்த
பரிச்சின்ன மற்ற பரமான்ம சித்தி
தரிச்சமனந் தான்கடவுட் சத்து",அமைந்த மனத்தாலே அகண்ட அனுபூதி சமைந்த நிலை தானே சமாதி அமர்ந்த பரிச்சின்னம் அற்ற பரம ஆன்ம சித்தி தரிச்ச மனம் தான் கடவுள் சத்து
"அறிவுக் கறிவா யறிவுட் செறிமெய்க்
குறியைப் பொருந்துங் குறிகேள் குறிசுட்
டறிவா லதனையே யாய்ந்தறித லஃதுட்
செறிவதற் கான திறம்",அறிவுக்கு அறிவாய் அறிவு உள் செறி மெய்க் குறியைப் பொருந்தும் குறி கேள் குறி சுட்டு அறிவால் அதனையே ஆய்ந்து அறிதல் அஃது உள் செறிவதற்கான திறம்
"அறிவு கலங்கா தமைந்துதான் றானாச்
செறிவே சிவத்துவ சித்தி அறிவிற்
பிறிதொன்று மின்றாய்ப் பிறங்குமத னுண்மைச்
செறிவன்றோ சுத்த சிவம்",அறிவு கலங்காது அமைந்து தான் தானாச் செறிவே சிவத்துவ சித்தி அறிவில் பிறிது ஒன்றும் இன்றாய்ப் பிறங்கும் அதன் உண்மைச் செறிவு அன்றோ சுத்த சிவம்
"உள்ளும் புறமு மொருமித் துணர்வுருவாய்
விள்ளுசிதா னந்த விளக்கமே தள்ளருமெய்ஞ்
ஞானமுடி வாவறிஞர் நாட்டுபரா னந்தமய
மோனவடி வான முதல்",உள்ளும் புறமும் ஒருமித்து உணர்வு உருவாய் விள்ளு சிதானந்த விளக்கமே தள் அரு மெய்ஞ் ஞான முடிவா அறிஞர் நாட்டு பர ஆனந்தமய மோன வடிவு ஆன முதல்
"மோனமய மாக முடிந்த முழுமுதலை
நானதுவென் றெண்ணி நலிதலெவன் மோனமயம்
நண்ணுவதே நிட்டையது நானறலே நானறவே
எண்ணுவதற் கெங்கே யிடம்",மோனமயம் ஆக முடிந்த முழுமுதலை நான் அது என்று எண்ணி நலிதல் எவன் மோனமயம் நண்ணுவதே நிட்டை அது நான் அறலே நான் அறவே எண்ணுவதற்கு எங்கே இடம்
"ஆற்றப் பெரிய வரும்புலவீர் யாவற்றுத்
தோற்ற மறைவுந் தொடர்ச்சியாத் தேற்றியே
போதுகின்ற தாமோ புலப்பட் டழிவனவோ
யாதோ விகாரத் திடம்",ஆற்றப் பெரிய அரும் புலவீர் யாவற்றுத் தோற்றம் மறைவும் தொடர்ச்சியாத் தேற்றியே போதுகின்றது ஆமோ புலப்பட்டு அழிவனவோ யாதோ விகாரத் திடம்
"ஊனமா மூத்தை யுடலின் பிறப்பிறப்பால்
ஊனமாந் தோற்ற வொடுக்கங்கள் ஞானவான்
ஆன்மாவுக் காமென்ன லம்புதோற் பத்திலயம்
வான்மேவு மென்னு மயக்கு",ஊனம் ஆம் ஊத்தை உடலின் பிறப்பு இறப்பால் ஊனம் ஆம் தோற்ற ஒடுக்கங்கள் ஞான வான் ஆன்மாவுக்கு ஆம் என்னல் அம்புத உற்பத்தி லயம் வான் மேவும் என்னும் மயக்கு
"படலா முலகைப் படாதாய் முழுதும்
விடலாய தன்னை விகாரப் படலாய்
மயங்கி யுழலு மயக்கத்தின் மேலும்
மயக்கு முளவோ பிற",படல் ஆம் உலகைப் படாது ஆய் முழுதும் விடல் ஆய தன்னை விகாரப் படலாய் மயங்கி உழலும் மயக்கத்தின் மேலும் மயக்கும் உளவோ பிற
"விவகாரத் தால்விளையும் வில்லங்கஞ் சற்றும்
அவிகாரான் மாவை யடையா தவகாச
வானங் கதுவாது மண்ணீர்தீக் காலவற்றின்
ஊனந் தினைத்துணையு மோர்",விவகாரத்தால் விளையும் வில்லங்கம் சற்றும் அவிகார ஆன்மாவை அடையாது அவகாச வானம் கதுவாது மண் நீர் தீக் கால் அவற்றின் ஊனம் தினைத்துணையும் ஓர்
"மனைவியொடு நாத்தூண் மருகியொடு மச்சான்
மனையோ டனையாயு மற்றோர் நினைவால்
ஒருத்தியே தோன்றுவா ளுண்மையிலே யன்னாள்
உருத்திரிதல் சற்று முறாள்",மனைவியொடு நாத்தூண் மருகியொடு மச்சான் மனையோடு அனை ஆயும் மற்றோர் நினைவால் ஒருத்தியே தோன்றுவாள் உண்மையிலே அன்னாள் உருத் திரிதல் சற்றும் உறாள்
"உலையாத முத்தி யுறுவோர்க்கு வேண்டும்
பலவாங் குணத்துள்ளும் பார்க்கின் நிலையாம்
தனிமை தனையுகக்குஞ் சால்பே மனத்தில்
இனிதமைய வேண்டு மியல்பு",உலையாத முத்தி உறுவோர்க்கு வேண்டும் பலவாம் குணத்து உள்ளும் பார்க்கின் நிலை ஆம் தனிமைதனை உகக்கும் சால்பே மனத்தில் இனிது அமைய வேண்டும் இயல்பு
"நெஞ்சமே நின்சந் நிதிமாண்பாற் றத்துவங்கள்
கொஞ்சித்தம் முட்குலவிக் கூத்தாடில் விஞ்சு
மசங்க சொரூபஞா னானுபவத் தாலுட்
கசங்காது சான்றாகக் காண்",நெஞ்சமே நின் சந்நிதி மாண்பால் தத்துவங்கள் கொஞ்சித் தம்முள் குலவிக் கூத்து ஆடில் விஞ்சும் அசங்க சொரூபஞான அனுபவத்தால் உள் கசங்காது சான்றாகக் காண்
"எவ்வெவையெவ் வெத்துணைவந் தெய்திடினும் போயிடினும்
அவ்வவற்றைக் காணுந்தா னன்னியனாய் அவ்வவற்றாற்
காற்றிற் றுரும்பிற் கலங்காமே யவ்வவற்றை
ஆற்றி யிருப்ப தறிவு",எவ் எவை எவ் எத்துணை வந்து எய்திடினும் போயிடினும் அவ் அவற்றைக் காணும் தான் அன்னியன் ஆய் அவ் அவற்றால் காற்றில் துரும்பில் கலங்காமே அவ் அவற்றை ஆற்றி இருப்பது அறிவு
"உள்ளும் புறம்புமனைத் தூடுமளைந் தும்மவற்றோ
டெள்ளளவும் பற்றா தியல்விசும்பை எள்ளும்
அசங்களாத் தன்னையறிந் தாலன்றி மோக
வசங்கதனா காமை யரிது",உள்ளும் புறம்பும் அனைத்து ஊடும் அளைந்தும் அவற்றோடு எள் அளவும் பற்றாது இயல் விசும்பை எள்ளும் அசங்கனாத் தன்னை அறிந்தால் அன்றி மோக வசங்கதன் ஆகாமை அரிது
"உள்ளத்து வாதனைதா முள்ளபடி சங்கமென்
றெள்ளத் தகுவனவா வேய்தலாற் கள்ள
மனமடங்கப் பெற்றாலம் மாண்புடையோ ரெந்த
இனமுறைந்தா லும்மின் நிழுக்கு",உள்ளத்து வாதனைதாம் உள்ளபடி சங்கம் என்று எள்ளத் தகுவனவா ஏய்தலால் கள்ள மனம் அடங்கப் பெற்றால் அம் மாண்பு உடையோர் எந்த இனம் உறைந்தாலும் இன்று இழுக்கு
"எங்குமே போக வியலா திருக்குமுழுப்
பங்குபோ லாகப் பவனனுட்க எங்குமே
மேவா தலைமனத்தை வீட்டலே மெய்ம்மையாச்
சாவாமை யெய்துஞ் சதுர்",எங்குமே போக இயலாது இருக்கும் முழுப் பங்கு போல் ஆகப் பவனன் உட்க எங்குமே மேவாது அலை மனத்தை வீட்டலே மெய்ம்மையாச் சாவாமை எய்தும் சதுர்
"களைக்கு நிகர்த்தெழுஉங் காமாதி மூன்றும்
முளைக்கு முனதாகக் கீண்டு வளிக்கு
நடுங்கி யெழாத நளிகடல்போற் சிந்தை
ஒடுங்கி யிருப்ப துணர்வு",களைக்கு நிகர்த்து எழூஉம் காம ஆதி மூன்றும் முளைக்கும் முனதாகக் கீண்டு வளிக்கு நடுங்கி எழாத நளி கடல்போல் சிந்தை ஒடுங்கி இருப்பது உணர்வு
"எற்றுந் துயருக் கிடமாக வெப்புலத்தும்
சற்றுங் கருத்துச் சலியாமை முற்றும்
மடங்கி யவிந்த மறிகடல்போற் சிந்தை
அடங்கி யிருப்ப தறிவு",எற்றும் துயருக்கு இடமாக எப்புலத்தும் சற்றும் கருத்துச் சலியாமை முற்றும் மடங்கி அவிந்த மறி கடல்போல் சிந்தை அடங்கி இருப்பது அறிவு
"மங்குற் படலஞ்சேர் வானத்திற் கண்காணச்
செங்கதிரோன் றோன்றாத் திறமேபோற் கங்குல்செய்
சிந்தைப் படலஞ் செறிந்தமனா காயத்துஞ்
சொந்தசொரு பங்காண் பரிது",மங்குல் படலம் சேர் வானத்தில் கண்காணச் செம்கதிரோன் தோன்றாத் திறமேபோல் கங்குல் செய் சிந்தைப் படலம் செறிந்த மன ஆகாயத்தும் சொந்த சொருபம் காண்பு அரிது
"கருத்தைக் கடிந்தோன் கனஞான யானை
யெருத்தத் தரசா விவர்வான் கருத்தாங்
கலக்கமே பொல்லாக் கடும்பிறவித் துன்ப
மலக்கமா மன்ற மதி",கருத்தைக் கடிந்தோன் கன ஞான யானை எருத்தத்து அரசா இவர்வான் கருத்து ஆம் கலக்கமே பொல்லாக் கடும் பிறவித் துன்ப மலக்கம் ஆம் மன்ற மதி
"மனக்கலக்கந் தீர்நிம் மதித்தெளிவே முத்தி
தனக்குறுதி யான சமாதி முனைக்கமுயன்
றுள்ளத் தெளிவா முபசாந்த போதமாய்க்
கள்ளக் கலக்கமறக் காண்",மனக் கலக்கம் தீர் நிம்மதித் தெளிவே முத்தி தனக்கு உறுதியான சமாதி முனைக்க முயன்று உள்ளத் தெளிவு ஆம் உபசாந்த போதமாய்க் கள்ளக் கலக்கம் அறக் காண்
"ஆன்மாவ லோகனத்தா லல்லா தகங்காரம்
தான்மாய்த லில்லாத் தகைமைபோல் ஆன்ற
மனவிளிவா லல்லாது மாயாதே துன்பக்
கனவுலகக் காட்சியுங் காண்",ஆன்ம அவலோகனத்தால் அல்லாது அகங்காரம் தான் மாய்தல் இல்லாத் தகைமைபோல் ஆன்ற மன விளிவால் அல்லாது மாயாதே துன்பக் கனவு உலகக் காட்சியும் காண்
"இயற்கையை மாய்க்க லியல்வதன்று யார்க்கு
மியற்கைபொரு என்றென் றிகழாய் இயற்கைக்
கடிப்படையாந் தன்னை யறிந்துணர்ந்து நிற்கிற்
படிப்படியா வேகம் கெடும்",இயற்கையை மாய்க்கல் இயல்வது அன்று யார்க்கும் இயற்கை பொருள் அன்று என்று இகழாய் இயற்கைக்கு அடிப்படை ஆம் தன்னை அறிந்து உணர்ந்து நிற்கில் படிப்படியா வேகம் கெடும்
"மனத்தைச் செயலறவே மாய்க்கு முபாயம்
எனைத்தானுந் தாந்தெரியா தேங்கி இனைவீர்காள்
காணப் படுபொருளுங் காண்பானுந் தானேயா
மாணவே காண்டல் வழி",மனத்தைச் செயல் அறவே மாய்க்கும் உபாயம் எனைத்தானும் தாம் தெரியாது ஏங்கி இனைவீர்காள் காணப்படு பொருளும் காண்பானும் தானேயா மாணவே காண்டல் வழி
"பொன்னிற் றொடிபோற் புனல்போன் மசரதத்திற்
றுன்னுகனாப் பட்டினத்தைச் சூழரண்போற் றன்மயமே
காணப் படுபவெலாங் காண்பானி லன்னியமாப்
பேணப் படுதல் பிழை",பொன்னில் தொடிபோல் புனல்போல் மசரதத்தில் துன்னு கனாப் பட்டினத்தைச் சூழ் அரண்போல் தன்மயமே காணப்படுப எலாம் காண்பானில் அன்னியமாப் பேணப்படுதல் பிழை
"எண்ணமாச் சிந்தை யியங்கா தொழிந்தாலும்
திண்ணமா வுண்டென்று செப்புவேன் உண்மையாம்
காலமே யாகக் கரந்தொழுகி ஞானானந்
தாலயமாய் நிற்கு மது",எண்ணமாச் சிந்தை இயங்காது ஒழிந்தாலும் திண்ணமா உண்டு என்று செப்புவேன் உண்மை ஆம் காலமே ஆகக் கரந்து ஒழுகி ஞான ஆனந்த ஆலயம் ஆய் நிற்கும் அது
"தன்னைத் தவிரமற்றோர் சத்தையைக்கா ணாமையினாற்
பின்ன மறப்பிறங்கும் பேரறிவே உன்னதமாம்
முற்றுணர்வா மல்லாது முக்கா லமுமுணரும்
மற்றுணர்வோ வல்ல மதி",தன்னைத் தவிர மற்று ஓர் சத்தையைக் காணாமையினால் பின்னம் அறப் பிறங்கும் பேர் அறிவே உன்னதம் ஆம் முற்று உணர்வு ஆம் அல்லாது முக்காலமும் உணரும் மற்று உணர்வோ அல்ல மதி
"உற்றமயற் பீழையொருங் குள்ளமொடுங் காதார்க்குச்
சிற்றுணர்வு தன்னானே சேர்ந்திருக்க முற்றுணர்வான்
முன்புள்ள மோகவிருண் முற்றப் பெறுவதலால்
என்பயனு மில்லை யுயிர்க்கு",உற்ற மயல் பீழை ஒருங்கு உள்ளம் ஒடுங்காதார்க்குச் சிற்று உணர்வு தன்னானே சேர்ந்து இருக்க முற்று உணர்வால் முன்பு உள்ள மோக இருள் முற்றப் பெறுவது அலால் என்பயனும் இல்லை உயிர்க்கு
"அறிவோனாத் தன்னை யலமந்த போதே
அறிவுசிறி யேனென் றழுங்கல் அறிவளவிற்
சிற்றுணர்வு போலே சிதைவுண் டொழிந்திடுமம்
முற்றுணர்வு மொக்க முடிந்து",அறிவோனாத் தன்னை அலமந்த போதே அறிவு சிறியேன் என்று அழுங்கல் அறிவு அளவில் சிற்று உணர்வு போலே சிதைவு உண்டு ஒழிந்திடும் அம் முற்று உணர்வும் ஒக்க முடிந்து
"முற்றுணர்வோ னாக முழங்குமறை யீசனைத்தாம்
சிற்றுணர்வோ ராகத் தியங்குநர்க்கே உற்றுணரின்
என்று மிறைதன் னியல்பாமெய்ப் பூரணத்தால்
ஒன்று முணர்த லிலை",முற்று உணர்வோன் ஆக முழங்கும் மறை ஈசனைத் தாம் சிற்று உணர்வோர் ஆகத் தியங்குநர்க்கே உற்று உணரின் என்றும் இறை தன் இயல்பு ஆம் மெய்ப் பூரணத்தால் ஒன்றும் உணர்தல் இலை
"காட்சி யனுபவங்கள் காணுங்கா லொன்றாய
மாட்சியா லம்முத்த மாந்தர்க்குக் காட்சியாற்
றோற்றும் பலபேதந் துய்க்கு மனுபவத்தாற்
போற்று மபேதமெனல் பொய்",காட்சி அனுபவங்கள் காணுங்கால் ஒன்று ஆய மாட்சியால் அம்முத்த மாந்தர்க்குக் காட்சியால் தோற்றும் பல பேதம் துய்க்கும் அனுபவத்தால் போற்றும் அபேதம் எனல் பொய்
"பிரமித்த நோக்காற்பல் பேதங்காண் குற்ற
பரர்திட்டி யாலே பலவாம் உருவத்தைக்
காண்பான்போன் முத்தனுங் காணப் படுவதலாற்
காண்பா னவனலன் காண்",பிரமித்த நோக்கால் பல் பேதம் காண்குற்ற பரர் திட்டியாலே பலவாம் உருவத்தைக் காண்பான் போல் முத்தனும் காணப்படுவது அலால் காண்பான் அவன் அலன் காண்
"சிற்றுணர்வோ னாத்தான் றெருமரன் முன்னிலையைப்
பற்றுணர்வாற் போந்த பழுதேயாம் மற்றுணர்வு
விட்டுவிசா ரத்தாற்றன் மெய்யுணரச் சிற்றுணர்வு
கெட்டுமுழு தாகுங் கிளர்ந்து",சிற்று உணர்வோனாத் தான் தெருமரல் முன்னிலையைப் பற்று உணர்வால் போந்த பழுதே ஆம் மற்று உணர்வு விட்டு விசாரத்தால் தன் மெய் உணரச் சிற்று உணர்வு கெட்டு முழுது ஆகும் கிளர்ந்து
"குற்றநோக் காலேது கோலம் பலகோலும்
முற்றுமாந் தோற்ற முயங்குமோ அற்றாய
அத்துவிதான் மாவை யபரோக்க மாவுணர்தல்
முற்றுணர்வா மல்ல பிற",குற்ற நோக்கால் ஏது கோலம் பல கோலும் முற்றும் ஆம் தோற்றம் முயங்குமோ அற்று ஆய அத்துவித ஆன்மாவை அபரோக்கமா உணர்தல் முற்று உணர்வு ஆம் அல்ல பிற
"கனாவி லனைத்துந்தன் கற்பனையாத் தன்னுட்
டுனாவிடத்துத் தோன்றாத் துணிவால் நனாவில்
அனைத்துமா வொன்றுமான் மானுபவ மெய்தல்
அனைத்தே யனைத்து மறிவு",கனாவில் அனைத்தும் தன் கற்பனையாத் தன்னுள் துனா இடத்துத் தோன்றாத் துணிவால் நனாவில் அனைத்துமா ஒன்றும் ஆன்ம அனுபவம் எய்தல் அனைத்தே அனைத்தும் அறிவு
"நவநா கரிகமய னண்ணாது ஞால
அவஞான வார்வ மகற்றிச் சிவனான்ம
பேதமதி பேர்க்கிற் பிறங்குஞ் சிவஞான
போதமதி னுண்மைப் பொருள்",நவ நாகரிக மயல் நண்ணாது ஞால அவ ஞான ஆர்வம் அகற்றிச் சிவன் ஆன்ம பேத மதி பேர்க்கில் பிறங்கும் சிவஞான போதம் அதின் உண்மைப் பொருள்
"ஆணவத்தைக் கொன்ற வறிஞர்பான் மூன்றாகக்
காணவத்தை யாவுங் கழலவே மாணவத்தை
ஆய துரீய மதீதமா யன்னார்பால்
மேயது வாகு மிகுந்து",ஆணவத்தைக் கொன்ற அறிஞர்பால் மூன்று ஆகக் காண் அவத்தை யாவும் கழலவே மாண் அவத்தை ஆய துரீயம் அதீதமாய் அன்னார்பால் மேய அது ஆகும் மிகுந்து
"சுத்தசச் சித்தாந் துர்ய சொரூபநிலை
அத்துவித மான வதீதங்காண் முத்திறமாத்
துன்று மவத்தைவெறுந் தோற்றமாத் தானவற்றுக்
கொன்றுமதிட் டானமா மோர்",சுத்த சத் சித்து ஆம் துரீய சொரூபநிலை அத்துவிதமான அதீதம் காண் முத்திறமாத் துன்றும் அவத்தை வெறும் தோற்றமாத் தான் அவற்றுக்கு ஒன்றும் அதிட்டானமாம் ஓர்
"ஏனையமூன் றுண்மையா வேய்ந்தாலன் றோசுத்த
ஞான நனாத்துயினான் காவதாம் ஏனையவை
துன்றலாற் பொய்யாத் துரீயத்தின் முன்னேயஃ
தொன்றா மதீத முணர்",ஏனைய மூன்று உண்மையா ஏய்ந்தால் அன்றோ சுத்த ஞான நனாத் துயில் நான்காவது ஆம் ஏனையவை துன்றலால் பொய்யாத் துரீயத்தின் முன்னே அஃது ஒன்றாம் அதீதம் உணர்
"நனவு கனவுதுயி னாடுவார்க் கப்பால்
நனவு துயிற்றுரிய நாமத் தெனுமத்
துரிய மதேயுளதாற் றோன்றுமூன் நின்றாற்
றுரிய வதீதந் துணி",நனவு கனவு துயில் நாடுவார்க்கு அப்பால் நனவு துயில் துரிய நாமத்து எனும் அத்துரியம் அதே உளதால் தோன்றும் மூன்று இன்றால் துரிய அதீதம் துணி
"விழித்தலே யில்லா விழுத்துயிலென் றாலும்
தொழத்தகுமெய்ஞ் ஞானத் துரீயம் வழுக்கும்
உறக்கத்தோ டொட்டா வொரேவிழிப்பென் றாலும்
சிறக்கப் பொருந்துந் தெரி",விழித்தலே இல்லா விழுத்துயில் என்றாலும் தொழத்தகும் மெய்ஞ்ஞானத் துரீயம் வழுக்கும் உறக்கத்தோடு ஒட்டா ஒரே விழிப்பு என்றாலும் சிறக்கப் பொருந்தும் தெரி
"விருத்தியெலாங் கண்டமெனின் வீறு மகண்டம்
நிருவிருத்தி யான நிலையாம் பரத்து
விரவுமகண் டாகார மேவும் விருத்தி
பரவையுரு மேவுநதிப் பண்பு",விருத்தி எலாம் கண்டம் எனின் வீறும் அகண்டம் நிரு விருத்தி ஆன நிலை ஆம் பரத்து விரவும் அகண்டாகாரம் மேவும் விருத்தி பரவை உரு மேவும் நதிப் பண்பு
"உற்றநோய்க் குள்ள முளையாமே யின்பத்தும்
சித்தமொரு சற்றுந் திளையாமே ஒத்தாங்
குலவுமுதா சீன வுபசாந்த நீர்மை
குலவுகந்தி பேதக் குறி",உற்ற நோய்க்கு உள்ளம் உளையாமே இன்பத்தும் சித்தம் ஒரு சற்றும் திளையாமே ஒத்து ஆங்கு உலவும் உதாசீன உபசாந்த நீர்மை குலவு கந்தி பேதக் குறி
"கடந்ததையுஞ் சிந்திக் கலாதேமே லெய்தக்
கிடந்ததையுஞ் சிந்திக் கிலாதே படர்ந்து
நிகழ்வதற்குஞ் சான்றேயா நின்றுபசாந் தத்தால்
மகிழ்வதுபே தித்தகந்தி மாண்பு",கடந்ததையும் சிந்திக்கலாதே மேல் எய்தக் கிடந்ததையும் சிந்திக்கிலாதே படர்ந்து நிகழ்வதற்கும் சான்றேயா நின்று உபசாந்தத்தால் மகிழ்வது பேதித்த கந்தி மாண்பு
"என்னென்ன சிந்தை யியைந்திடினு மின்றமையாத்
தன்னொழிந்து சாரவொணாத் தன்மையால் அன்னோ
இடைநழுவிற் றான்மநிலை யென்றபிர மாதம்
அடையாமை தானு மது",என்னென்ன சிந்தை இயைந்திடினும் இன்று அமையாத் தன் ஒழிந்து சாரவொணாத் தன்மையால் அன்னோ இடை நழுவிற்று ஆன்மநிலை என்ற பிரமாதம் அடையாமை தானும் அது
"எவ்வெப் பொருள்களா லெவ்வெவர்க ளெங்கெங்கே
எவ்வெவ் வனுபவங்க ளெய்திடினும் அவ்வவ்
வனுபவங்க ளெல்லா மறியுங்கா லான்ம
அனுபவத்தின் கூறுகளே யாம்",எவ் எப் பொருள்களால் எவ் எவர்கள் எங்கு எங்கே எவ் எவ் அனுபவங்கள் எய்திடினும் அவ் அவ் அனுபவங்கள் எல்லாம் அறியுங்கால் ஆன்ம அனுபவத்தின் கூறுகளே ஆம்
"துய்த்தலுள வுஞ்சென்னி தூக்கவிடா தம்முதலை
உய்த்துக்கொண் டுள்ளமீ தூர்தலாற் சுத்த
சுகாதீத மான்ம சொரூபமலா லான்மா
சுகசொருப மென்றுரைத்தல் சூது",துய்த்தல் உளவும் சென்னி தூக்க விடாது அம் முதலை உய்த்துக்கொண்டு உள்ளம் மீது ஊர்தலால் சுத்த சுகாதீதம் ஆன்ம சொரூபம் அலால் ஆன்மா சுக சொரூபம் என்று உரைத்தல் சூது
"அன்னதே தானென்றவ் வான்மாவை யாய்ந்துணர்ந்தாற்
பின்னுமே யந்தமெய்ப் பேரறிஞன் பின்னமாம்
எந்த நுகர்ச்சியை யாருக்கா விச்சித்துச்
சிந்தைப் பரிவெய்து வான்",அன்னதே தான் என்று அவ் ஆன்மாவை ஆய்ந்து உணர்ந்தால் பின்னுமே அந்த மெய்ப் பேர் அறிஞன் பின்னம் ஆம் எந்த நுகர்ச்சியை யாருக்கா இச்சித்துச் சிந்தைப் பரிவு எய்துவான்
"மைதவழ்கர்த் தத்துவந்தான் மாண்டமெய்ஞ் ஞானிபாற்
செய்தியெனு மோத்துவிதி செல்லாதாம் வைதிக
தன்மபரி பாலனார்த் தப்பொருட்டே மெய்ஞ்ஞான
கன்ம சமுச்சயச்சொல் காண்",மை தவழ் கர்த்தத்துவம்தான் மாண்ட மெய்ஞ்ஞானிபால் செய்தி எனும் ஓத்து விதி செல்லாதாம் வைதிக தன்ம பரிபாலனார்த்தப் பொருட்டே மெய்ஞ்ஞான கன்ம சமுச்சயச் சொல் காண்
"பெற்றவப் பேற்றின்மேற் பேறுவே றின்மையால்
அற்றவகங் காரசுகா தீதர்க்கு மற்றும்
செயக்கடவ தில்லாத் திறத்தாலன் னோரே
இயற்றிமுடித் தீடேறி யார்",பெற்ற அப் பேற்றின் மேல் பேறு வேறு இன்மையால் அற்ற அகங்கார சுகாதீதர்க்கு மற்றும் செயக்கடவது இல்லாத் திறத்தால் அன்னோரே இயற்றி முடித்து ஈடேறியார்
"தன்சொரூப மான சதாசிவத்தே தன்மயமாய்த்
தன்செயலொன் றின்றியே தானடங்கிற் பின்செயவொன்
றின்றியெலா முன்பே யியற்றி முடித்தோனாய்த்
துன்றுவான் சாந்த சுகம்",தன் சொரூபம் ஆன சதாசிவத்தே தன்மயம் ஆய்த் தன் செயல் ஒன்று இன்றியே தான் அடங்கில் பின் செய ஒன்று இன்றி எலாம் முன்பே இயற்றி முடித்தோனாய்த் துன்றுவான் சாந்த சுகம்
"பூன்றமா மான்மானு பூதி புணர்ந்தவவ்
வான்றோ ரயலொன் றறிவரோ தோன்றும்
இரண்டற்ற வன்னார்பே ரின்பமெண லாமோ
மருண்டபரிச் சின்ன மதிக்கு",பூன்றம் ஆம் ஆன்ம அனுபூதி புணர்ந்த அவ் ஆன்றோர் அயல் ஒன்று அறிவரோ தோன்றும் இரண்டு அற்ற அன்னால் பேர் இன்பம் எணல் ஆமோ மருண்ட பரிச்சின்ன மதிக்கு
"உள்ளமென யாவர்க் குளுமொளிர்தம் முண்மையே
கள்ளமறு மின்பக் கடலதனாற் கள்ளமுறு
விண்மையே போல வெறுங்கற் பிதத்தன்றி
உண்மையிலே துன்ப முறாது",உள்ளம் என யாவர்க்கு உளும் ஒளிர் தம் உண்மையே கள்ளம் அறும் இன்பக் கடல் அதனால் கள்ளம் உறு விண்மையே போல வெறும் கற்பிதத்து அன்றி உண்மையிலே துன்பம் உறாது
"மைம்மயல்சே ராஞான மார்த்தாண்ட னாந்தமது
மெய்ம்மையே யின்பா விளங்கலாற் பொய்ம்மையாம்
சீவபோ தத்தாற் றெருமரலாந் துன்பலதொன்
றியாவருமே யெய்திற் றிலர்",மைம் மயல் சேரா ஞான மார்த்தாண்டனாம் தமது மெய்ம்மையே இன்பா விளங்கலால் பொய்ம்மை ஆம் சீவ போதத்தால் தெருமரல் ஆம் துன்பு அலது ஒன்று யாவருமே எய்திற்று இலர்
"சுமங்களமாந் தன்சொருபஞ் சோதிக்கில் வாழ்வூ
டமங்களமங் கில்லை யறவே தமங்கமென்று
மல்லா ததனூ டகம்புத்தி யாலழுங்கல்
பொல்லாத மோகப் புணர்ப்பு",சுமங்களம் ஆம் தன் சொருபம் சோதிக்கில் வாழ்வு ஊடு அமங்களம் அங்கு இல்லை அறவே தம் அங்கம் என்றும் அல்லாததன் ஊடு அகம் புத்தியால் அழுங்கல் பொல்லாத மோகப் புணர்ப்பு
"ஒருவனாத் தம்மை யுணராதார் வீணில்
வெருவலாய் நாளும் விளிவார் கருவா
முடலகந்தை யான வுணர்வொழியத் தன்மெய்த்
திடவுணர்வா லத்துவிதஞ் சேர்",ஒருவனாத் தம்மை உணராதார் வீணில் வெருவல் ஆய் நாளும் விளிவார் கரு ஆம் உடல் அகந்தை ஆன உணர்வு ஒழியத் தன்மெய்த் திட உணர்வால் அத்துவிதம் சேர்
"போதமே யுண்மைப் புகலாகப் பற்றிலறும்
பேதைமைசேர் துன்பப் பிறப்பு",போதமே உண்மைப் புகல் ஆகப் பற்றில் அறும் பேதைமை சேர் துன்பப் பிறப்பு
"கனவிற் சுழுத்தி கலந்திலதென் றெண்ணி
மனவுரங் கெட்டுமதி மாழ்கேல் அணவும்
நனவிற் சுழுத்திவலி நண்ணுமே னண்ணும்
கனவிற் சுழுத்திக் கலப்பு",கனவில் சுழுத்தி கலந்திலது என்று எண்ணி மன உரம் கெட்டு மதி மாழ்கேல் அணவும் நனவில் சுழுத்தி வலி நண்ணுமேல் நண்ணும் கனவில் சுழுத்திக் கலப்பு
"நனவிற் சுழுத்தி நடைகாறுந் தன்னை
வினவு முசாக்கை விடாமை எனவே
கனவிற் சுழுத்தி கலந்தொளிருங் காறவ்
வினவுசா வாற்றல் விதி",நனவில் சுழுத்தி நடைகாறும் தன்னை வினவும் உசாக் கை விடாமை எனவே கனவில் சுழுத்தி கலந்து ஒளிருங்காறு அவ் வினவு உசா ஆற்றல் விதி
"னவிற் சுழுத்தி நடையென்றுந் தன்னை
வினவு முசாவால் விளையும் நனவிற்
கனவிற் சுழுத்தி கலந்தொளிருங் காறும்
அனவரத மவ்வுசா வாற்று",நனவில் சுழுத்தி நடை என்றும் தன்னை வினவும் உசாவால் விளையும் நனவில் கனவில் சுழுத்தி கலந்து ஒளிருங்காறும் அனவரதம் அவ் உசா ஆற்று
"பாரின் படுவலையிற் பட்டுக் கொடுந்துயரக்
கூரம்பு தைத்துக் குலைகுலைந்து பேரின்ப
ஆக்கமே நாடி யலைவீ ரறிவழியாத்
தூக்கமே பொன்றாச் சுகம்",பாரின் படுவலையில் பட்டுக் கொடும் துயரக் கூர் அம்பு தைத்து குலைகுலைந்து பேர் இன்ப ஆக்கமே நாடி அலைவீர் அறிவு அழியாத் தூக்கமே பொன்றாச் சுகம்
"வஞ்சப் புலத்து வழக்கற்றுக் கஞ்சமலர்
நெஞ்சத் தலத்து நிலைபெற்றுத் துஞ்சுவோர்
மெய்ஞ்ஞான வீட்டில் விழித்தார்மற் றோர்துயின்றார்
பொய்ஞ்ஞால வல்லிருள்வாய்ப் புக்கு",வஞ்சப் புலத்து வழக்கு அற்றுக் கஞ்ச மலர் நெஞ்சத் தலத்து நிலைபெற்றுத் துஞ்சுவோர் மெய்ஞ்ஞான வீட்டில் விழித்தார் மற்றோர் துயின்றார் பொய்ஞ் ஞால வல் இருள் வாய்ப் புக்கு
"சிவாயநம வென்னவகஞ் செத்தெரிய லுற்ற
தவாதசெழும் பத்தித் தழலின் சுவாலைச்
சுவானுபவத் தின்கட் சுடர்வதே தோலாச்
சிவோகமெனு முண்மைத் தெளிவு",சிவாயநம என்ன அகம் செத்து எரியல் உற்ற தவாத செழும் பத்தித் தழலின் சுவாலைச் சுவானுபவத்தின் கண் சுடர்வதே தோலாச் சிவோகம் எனும் உண்மைத் தெளிவு
"கள்ளமறச் சித்தங் கடைப்பிடித்து நானாரென்
றுள்ளமெனுங் கல்லூ டுராய்ந்துராய்ந் துள்ளுட்
கனலக் கடைந்த கதிரொளியே காண்டி
அனல்ஹக் கெனுமெய் யறிவு",கள்ளம் அறச் சித்தம் கடைப்பிடித்து நான் ஆர் என்று உள்ளம் எனும் கல் ஊடு உராய்ந்து உள் உள் கனலக் கடைந்த கதிர் ஒளியே காண்டி அனல்ஹக் எனும் மெய் அறிவு
"அத்துவித ஞான வழுத்தமே யாண்மையலாற்
பொய்த்துவித ஞாலப் புரளியிலே எய்த்துமதி
தெவ்வர்மே லாண்மை செலுத்தலுமே தேருங்காற்
கவ்வுபே ரச்சமே காண்",அத்துவித ஞான அழுத்தமே ஆண்மை அலால் பொய்த் துவித ஞாலப் புரளியிலே எய்த்து மதி தெவ்வர் மேல் ஆண்மை செலுத்தலுமே தேருங்கால் கவ்வு பேர் அச்சமே காண்
"அளைந்தமா மோக வகந்தைசேர் பேதங்
களைந்ததே கைவல்யக் காட்சி துளைந்த
வதீதமா மோன வருட்சிற் பரமே
ததீயர்தேர் தாமப் பரம்",அளைந்த மா மோக அகந்தை சேர் பேதம் களைந்ததே கைவல்யக் காட்சி துளைந்த அதீதமாம் மோன அருள் சித்பரமே ததீயர் தேர் தாமம் பரம்
"தன்னைநினைத் தோரரடிநீ சார்ந்தா லதற்கீடா
வன்னையினு மிக்கவவ் வாண்டானும் உன்னை
நினைத்துத்தா னொன்பதடி நீளவந் தேற்பா
னனைத்துக்கா ணன்னோ னருள்",தன்னை நினைத்து ஓர் அடி நீ சார்ந்தால் அதற்கு ஈடா அன்னையினும் மிக்க அவ் ஆண்டானும் உன்னை நினைத்துத் தான் ஒன்பது அடி நீள வந்து ஏற்பான் அனைத்துக் காண் அன்னோன் அருள்
"அறிவுண் முகமா யகந்தை யடங்கிச்
செறிவுண் மிகவொளிர்சச் சித்தே குறிகுணந்தீர்
தான்மனா தீதமாய்ச் சார்ந்தே குருவாய்த்தோன்
றான்மனா மீச னருள்",அறிவு உள் முகமாய் அகந்தை அடங்கிச் செறிவுள் மிக ஒளிர் சத் சித்தே குறி குணம் தீர் தான் மன அதீதமாய்ச் சார்ந்தே குருவாய்த் தோன்று ஆன்மன் ஆம் ஈசன் அருள்
"அருள்வண்ணங் கண்டமெய் யன்ப ரகஞ்செம்
பொருள்வண்ண மாகப் பொலியும் மருள்வண்ணச்
சிந்தா குலந்தருபொய்ச் சிச்சடக்கட் டாமகந்தை
யுந்தா தழியு முளத்து",அருள் வண்ணம் கண்ட மெய் அன்பர் அகம் செம் பொருள் வண்ணம் ஆகப் பொலியும் மருள் வண்ணச் சிந்தாகுலம் தரு பொய்ச் சித் சடக் கட்டு ஆம் அகந்தை உந்தாது அழியும் உளத்து
"அருளமுத வெள்ளத் தமிழ்ந்துநின்ற சீவர்
மருள்வயத்தா லேதவித்து மாழ்கல் பொருகங்கை
யாற்றுநீர் வெள்ளத் திடைநின்று நீர்வேட்கை
மாற்றறியார் மாயு மடம்",அருள் அமுத வெள்ளத்து அமிழ்ந்து நின்ற சீவர் மருள் வயத்தாலே தவித்து மாழ்கல் பொரு கங்கை ஆற்று நீர் வெள்ளத்து இடை நின்று நீர் வேட்கை மாற்ற அறியார் மாயும் மடம்
"எல்லாரை யுங்கடைக்க ணிக்கும் பொதுக்கடவுள்
பொல்லாரை யேனோ புறக்கணித்தல் எல்லாமாய்ப்
பொங்குங்கண் ணொன்றைப் புறக்கணிப்ப தில்லையவர்
மங்குங்கண் மாலை மயக்கு",எல்லாரையும் கடைக்கணிக்கும் பொதுக்கடவுள் பொல்லாரை ஏனோ புறக்கணித்தல் எல்லாமாய்ப் பொங்கும் கண் ஒன்றைப் புறக்கணிப்பது இல்லை அவர் மங்கும் கண் மாலை மயக்கு
"அயலாய வற்றை யறிகின்ற புத்தி
மயலாய விஞ்ஞான மாற்றி இயலாய
செம்மை யிதயத்தைச் சேரவே சித்தமாம்
அம்மெய் யறிவானந் தம்",அயல் ஆயவற்றை அறிகின்ற புத்தி மயல் ஆய விஞ்ஞானம் மாற்றி இயல் ஆய செம்மை இதயத்தைச் சேரவே சித்தம் ஆம் அம் மெய் அறிவு ஆனந்தம்
"சித்தாய சித்தமது சேட்டை யொடுங்கினாற்
சத்தாகத் தன்னையே தான்காணும் சத்தோடு
சிற்சத்தி யொன்றிச் செறிபர மானந்த
எச்சமுமத் தானன்றி யேது",சித் ஆய சித்தம் அது சேட்டை ஒடுங்கினால் சத் ஆகத் தன்னையே தான் காணும் சத்தோடு சித் சத்தி ஒன்றிச் செறி பரம ஆனந்த எச்சமும் அத் தான் அன்றி ஏது
"சிற்சடமாஞ் சீவன் செடவகந்தை செத்தவுடன்
சிற்சொருப மாகத் திகழ்கின்றான் சிற்சொருபம்
சன்மாத் திரமாத் தரித்தலா லாங்கென்றும்
தன்மாத் திரவின்பந் தான்",சித் சடம் ஆம் சீவன் செட அகந்தை செத்தவுடன் சித் சொருபம் ஆகத் திகழ்கின்றான் சித் சொருபம் சத் மாத்திரமாத் தரித்தலால் ஆங்கு என்றும் தன் மாத்திர இன்பம் தான்
"மறவாத போதமே மங்காத மெய்யன்
புறவான பத்தி யொழுக்கம் பிறிவில்பே
ரின்பமய மாக வியல்சொருப மெய்யுணர்வே
யன்பியல்பாப் பொங்குவத னால்",மறவாத போதமே மங்காத மெய் அன்பு உறவு ஆன பத்தி ஒழுக்கம் பிறிவு இல் பேர் இன்பமயம் ஆக இயல் சொருப மெய் உணர்வே அன்பு இயல்பாப் பொங்குவதனால்
"நிலையுளபோற் றோன்று நிகிலங்கட் கெல்லாம்
நிலையிலதா யுள்ள நிமித்தப் புலையகங்
காரச் சழக்குக் கழிந்ததே லந்நிலையே
சாரக் கிடந்ததோர் சத்து",நிலை உள போல் தோன்றும் நிகிலங்கட்கு எல்லாம் நிலை இலதாய் உள்ள நிமித்தப் புலை அகங்காரச் சழக்குக் கழிந்ததேல் அந்நிலையே சாரக் கிடந்ததோர் சத்து
"அறிவுளபோற் றோற்றமுடை யாருயிர்கட் கெல்லாம்
அறிவிலதா யுள்ளதோ ராவி வெறியகங்
கார மயக்கங் கழன்றதே லந்நிலையே
தேரக் கிடந்ததோர் சித்து",அறிவு உள போல் தோற்றம் உடை ஆர் உயிர்கட்கு எல்லாம் அறிவு இலதாய் உள்ளது ள் ஆவி வெறி அகங்கார மயக்கம் கழன்றதேல் அந்நிலையே தேரக் கிடந்ததோர் சித்து
"இன்புளபோற் றோற்றுபொரு எளின்பங்கட் கெல்லாமே
இன்பிலதா யுள்ளதோ ரேதுவாம் துன்பவகங்
காரச் செருக்குக் கடிந்தக்கா லந்நிலையே
ஊரக் கிடந்த வுவப்பு",இன்பு உள போல் தோற்று பொருள் இன்பங்கட்கு எல்லாமே இன்பு இலதாய் உள்ளது ஓர் ஏது ஆம் துன்ப அகங்காரச் செருக்குக் கடிந்தக்கால் அந்நிலையே ஊரக் கிடந்த உவப்பு
"சுகசொருபச் செம்பொருளாத் தோயிற் றமக்குச்
சுகநுகர்ச்சி யில்லையெனச் சொல்வார் சுகசொருபம்
சர்க்கரையே போலச் சடப்பொருளே யாமென்னத்
தர்க்கமிட்டுச் சாதிப்பார் தாம்",சுக சொருபச் செம்பொருளாத் தோயில் தமக்குச் சுக நுகர்ச்சி இல்லை எனச் சொல்வார் சுக சொருபம் சர்க்கரையே போலச் சடப் பொருளே ஆம் என்னத் தர்க்கம் இட்டுச் சாதிப்பார் தாம்
"சத்துச்சித் தின்பமெனச் சாற்றினும்வெவ் வேறாக
உய்த்துணர்ந்தா லம்மூன்று மொன்றாகும் ஒத்த
திரவமொடு மாதுரியஞ் சீதளங்கண் மூன்றும்
பொருவறுநீ ரொன்றேதான் போன்று",சத்துச் சித்து இன்பம் எனச் சாற்றினும் வெவ்வேறு ஆக உய்த்து உணர்ந்தால் ௮ மூன்றும் ஒன்று ஆகும் ஒத்த திரவமொடு மாதுரியம் சீதளங்கள் மூன்றும் பொரு அ நீர் ஒன்றேதான் போன்று
"உளதாதல் தன்னியல்பவ் வொன்றொழிந்த வெல்லாம்
களவாய கற்பனையின் கற்றை உளவாகா
தவ்வெல்லாந் தன்னின் றகல்வனவா மென்றென்றும்
இவ்வொன்று நீங்க லிலை",உளது ஆதல் தன் இயல்பு அவ் ஒன்று ஒழிந்த எல்லாம் களவு ஆய கற்பனையின் கற்றை உள ஆகாத அவ் எல்லாம் தன்நின்று அகல்வன ஆம் என்று என்றும் இவ் ஒன்று நீங்கல் இலை
"அறிவுருவா வுள்ளோ னிலனா வொழியான்
பிறிதறிவு பேர்ந்தொழிய நின்றால் அறிவுதனிற்
கள்ளமாம் பொய்த்துவிதக் கற்பனைதீர்ந் தாலறிவா
வுள்ளதனக் கில்லை யொழிவு",அறிவு உருவா உள்ளோன் இலனா ஒழியான் பிறிது அறிவு பேர்ந்து ஒழிய நின்றால் அறிவுதனில் கள்ளம் ஆம் பொய்த் துவிதக் கற்பனை தீர்ந்தால் அறிவா உள்ள தனக்கு இல்லை ஒழிவு
"அறிஞ்சட்ட சித்தியினு மாசை யிலாதே
நிறைஞ்சிட்ட சாந்தபத நேர்வன் புறஞ்சுட்டிக்
காண்போனாத் தன்னைக் கலங்காதே யுண்மைநிலை
மாண்போனாத் தன்னையுணர் வான்",அறிஞ்சு அட்ட சித்தியினும் ஆசை இலாதே நிறைஞ்சிட்ட சாந்த பதம் நேர்வன் புறம் சுட்டிக் காண்போனாத் தன்னைக் கலங்காதே உண்மை நிலை மாண்போனாத் தன்னை உணர்வான்
"உள்ளதை யோம்பு முரவோ னெதற்குமே
வெள்குறான் சிந்தை விதிர்த்து",உள்ளதை ஓம்பும் உரவோன் எதற்குமே வெள்கு உறான் சிந்தை விதிர்த்து
"மித்தையறி வாக விகற்பமெலாந் தோற்றுவதோர்
சுத்தவறி வான சொரூபமே ஒத்த
வறிவான தன்னை யறிந்தடைந்தார்க் கந்தப்
பிறவனைத்து மோர்தன் மயம்",மித்தை அறிவாக விகற்பம் எலாம் தோற்றுவது ஓர் சுத்த அறிவு ஆன சொரூபமே ஒத்த அறிவான தன்னை அறிந்து அடைந்தார்க்கு அந்தப் பிற அனைத்தும் ஓர் தன்மயம்
"மன்றவுள தானதான் மாத்திரமே யன்றிமற்
றொன்றுமிலா தொன்றுமலா துள்ளதொன்றே நின்றொளிர்சச்
சிற்பரமா மந்தச் சிவத்திலே தேர்பவெலா
மப்பரமே அன்று பிற",மன்ற உளது ஆன தான் மாத்திரமே அன்றி மற்று ஒன்றும் இலாது ஒன்றும் அலாது உள்ளது ஒன்றே நின்று ஒளிர் சத் சித் பரம் ஆம் அந்தச் சிவத்திலே தேர்ப எலாம் அப்பரமே அன்று பிற
"சத்தியமோ வன்றி யசத்தியமோ புத்திதரு
வித்தையோ வன்றி யவித்தையோ சித்த
விரம்மியமோ வன்றி யரம்மியமோ யாவும்
பிரம்மமே அன்று பிற",சத்தியமோ அன்றி அசத்தியமோ புத்தி தரு வித்தையோ அன்றி அவித்தையோ சித்த இரம்மியமோ அன்றி அரம்மியமோ யாவும் பிரம்மமே அன்று பிற
"சிரத்தை யசிரத்தை சிந்தை யசிந்தை
விரத்தி யவிரத்தி வேத மவேதம்
வரம்மவரம் வந்தியா வந்தியம் யாவும்
பிரம்மமே அன்று பிற",சிரத்தை அசிரத்தை சிந்தை அசிந்தை விரத்தி அவிரத்தி வேதம் அவேதம் வரம் அவரம் வந்தியம் அவந்தியம் யாவும் பிரம்மமே அன்று பிற
"போதாந்த மோனப் பொதுவியல்பால் விஞ்சைசேர்
வேதாந்தத் துக்கு விரோதமிலை தூய்தாத்
தனித்தொளிர்மெய் யத்துவித சாதனங்க ளாக
அனைத்துமத மும்முடன்பா டாம்",போதாந்த மோனப் பொது இயல்பால் விஞ்சை சேர் வேதாந்தத்துக்கு விரோதம் இலை தூய்தாத் தனித்து ஒளிர் மெய் அத்துவித சாதனங்களாக அனைத்து மதமும் உடன்பாடு ஆம்
"விரிவிலாப் புல்லறிவோர் வேறோர் சமயம்
எரிவினாற் கற்பித்தா ரேனும் பிரிவில்
தெரிவே வடிவாத் திகழ்சிவத்துக் கஃது
முரியதே யாக வுணர்",விரிவு இலாப் புல் அறிவோர் வேறோர் சமயம் எரிவினால் கற்பித்தாரேனும் பிரிவு இல் தெரிவே வடிவாத் திகழ் சிவத்துக்கு அஃதும் உரியதே ஆக உணர்
"எந்தமத மீதி லிருக்கினுநம் பிக்கையுனக்
கந்தமத மெய்யன்போ டாசரித்தி சொந்தமத
மீதபிமா னத்தால் வெளியிற் பிறமதமேல்
வாதமிடா துள்ளே மறிந்து",எந்த மதம் மீதில் இருக்கினும் நம்பிக்கை உனக்கு அந்த மதம் மெய் அன்போடு ஆசரித்தி சொந்த மதம் மீது அபிமானத்தால் வெளியில் பிற மதம் மேல் வாதம் இடாது உள்ளே மறிந்து
"துவிதவிசிட் டாத்துவித சுத்தாத் துவித
விவிதவழக் காடல் விடுத்துத் தவமுதிரச்
சிந்தித் திறையையுபா சித்துத் திருவருட்சீர்
சந்தித்து மெய்யுணர்தல் சால்பு",துவித விசிட்டாத்துவித சுத்தாத்துவித விவித வழக்கு ஆடல் விடுத்துத் தவம் முதிரச் சிந்தித்து இறையை உபாசித்துத் திரு அருள் சீர் சந்தித்து மெய் உணர்தல் சால்பு
"மதியுள்ள காறு மதமுண்டா மந்த
மதிதனையாய்ந் துள்ளே மடங்கி இதயந்
தனிலடங்கப் பெற்றவுப சாந்தமா மோனத்
தனையமத நிற்ற லரிது",மதி உள்ளகாறும் மதம் உண்டு ஆம் அந்த மதிதனை ஆய்ந்து உள்ளே மடங்கி இதயம் தனில் அடங்கப் பெற்ற உபசாந்தம் ஆம் மோனத்து அனைய மதம் நிற்றல் அரிது
"ஈட்டமுறு மக்க ளினத்து ளகந்தைமதிச்
சேட்டையறி வற்ற சிசுக்களே வாட்டமற
அம்மையப்ப ராலே யதேநினைவா யெக்காலும்
பன்மடங்கு பேணப் படும்",ஈட்டம் உறும் மக்கள் இனத்துள் அகந்தை மதிச் சேட்டை அறிவு அற்ற சிசுக்களே வாட்டம் அற அம்மை அப்பராலே அதே நினைவாய் எக்காலும் பன்மடங்கு பேணப்படும்
"விகாரமனஞ் சற்றும் விளையாத சுத்த
மகார்களே பாக்கிய வந்தர் சுகோதயமாம்
அன்னைடடி நீங்கா தமர்ந்துவிளை யாடுமகிழ்
வன்னவர்முற் றூட்டாக லான்",விகார மனம் சற்றும் விளையாத சுத்த மகார்களே பாக்கியவந்தர் சுகோதயம் ஆம் அன்னை மடி நீங்காது அமர்ந்து விளையாடும் மகிழ்வு அன்னவர் முற்றூட்டு ஆகலான்
"நானென்னும் புத்தி நழுவுற்று மெய்ஞ்ஞான
வானென்னு மான்மவரன் மாட்டொன்றித் தானென்
றவனென்று சொல்லவிரண் டற்றநிலை தானே
சிவமொன்று கற்பின் சிறப்பு",நான் என்னும் புத்தி நழுவு உற்று மெய்ஞ்ஞான வான் என்னும் ஆன்ம வரன் மாட்டு ஒன்றித் தான் என்று அவன் என்று சொல்ல இரண்டு அற்ற நிலை தானே சிவம் ஒன்று கற்பின் சிறப்பு
"யானவனென் றோது மிருவகைநோக் கொன்றியவம்
மோனமுயக் கிற்பேச்சு மூச்சுண்டோ நானறவே
கண்ணொடு கண்ணிணை நோக்கொக்கின் வாய்ச்சொற்கள்
என்ன பயனு மில",யான் அவன் என்று ஓதும் இருவகை நோக்கு ஒன்றிய அம் மோன முயக்கில் பேச்சு மூச்சு உண்டோ நான் அறவே கண்ணொடு கண் இணை நோக்கு ஒக்கின் வாய்ச்சொற்கள் என்ன பயனும் இல
"அணைந்தோ ரியல்பை யணைந்தோ ரறிவர்
அணையார்மற் றெவ்வா றறிவர் அணைந்தோ
ரியல்புதே னுண்டதே னீப்போலத் தம்மி
னயலறியா மாண்புடைத் தாம்",அணைந்தோர் இயல்பை அணைந்தோர் அறிவர் அணையார் மற்று எவ்வாறு அறிவர் அணைந்தோர் இயல்பு தேன் உண்ட தேனீப் போலத் தம்மின் அயல் அறியா மாண்பு உடைத்தாம்
"அனைந்தவர்தம் மாலு மனுபவித்த லன்றி
அனைந்தசுகஞ் சிந்திப் பரிதால் அணைந்தவரவ்
வானந்தா தீதத் தகந்தை யறிவழிந்து
மோனந்தா மார்ந்த முறை",அணைந்தவர் தம்மாலும் அனுபவித்தல் அன்றி அணைந்த சுகம் சிந்திப்பு அரிதால் அ அணைந்தவர் அவ் ஆனந்தாதீதத்து அகந்தை அறிவு அழிந்து மோனம் தாம் ஆர்ந்த முறை
"அகங்கார மாஞ்சுட் டறிவா னயல்போற்
சகங்காணு ஞானஞ் சடமே அகங்காரம்
செத்தாற் றுலங்குமே சித்தமூ லத்துணர்வாம்
சுத்தாத் துவிதச் சுடர்",அகங்காரம் ஆம் சுட்டு அறிவான் அயல்போல் சகம் காணும் ஞானம் சடமே அகங்காரம் செத்தால் துலங்குமே சித்த மூலத்து உணர்வு ஆம் சுத்த அத்துவிதச் சுடர்
"சத்தேசித் தாகத் தழைத்தலாற் கேவலசச்
சித்தளவாச் சித்தமறத் தீரளவும் அத்துவிதச்
சிற்பரமா முண்மை சிதாபாசக் கற்பனைசே
ரற்பமதி காண்ட லரிது",சத்தே சித்து ஆகத் தழைத்தலால் கேவல சத் சித்து அளவாச் சித்தம் அறத் தீர் அளவும் அத்துவிதச் சித்பரம் ஆம் உண்மை சிதாபாசக் கற்பனை சேர் அற்ப மதி காண்டல் அரிது
"திகந்தபூர் வத்திற் றினகரனேய் மட்டே
இகந்தனிலவ் விந்து விறுமாப் பகந்தை
மயலுணர்வோ யச்சின் மயவுணர்வேய் மட்டே
உயிருணர்வின் வீறாப் புணர்",திகந்த பூர்வத்தில் தினகரன் ஏய் மட்டே இகம் தனில் அவ் இந்து இறுமாப்பு அகந்தை மயல் உணர்வு ஓயச் சின்மய உணர்வு ஏய் மட்டே உயிர் உணர்வின் வீறாப்பு உணர்
"உதயாத் தமன முறாதசிதா காச
இதயாத் துமப்பே ரிரவிக் கெதிரே
அகன்ஞாலத் தான்ம வறிஞர்மனம் பட்டப்
பகன்மதியங் காணும் பரிசு",உதய அத்தமனம் உறாத சிதாகாச இதய ஆத்துமப் பேர் இரவிக்கு எதிரே அகன்ஞாலத்து ஆன்ம அறிஞர் மனம் பட்டப் பகல் மதியம் காணும் பரிசு
"இலகுகண் ணாடியொளி யேய்க்கு மயல்சேர்
உலகை யொளிர்விக்கு முள்ளம் குலவும்
கதிரொளியே கண்டீரவ் வுள்ளத்தி னுண்மை
உதிதருபே ரான்ம வொளி",இலகு கண்ணாடி ஒளி ஏய்க்கும் மயல் சேர் உலகை ஒளிர்விக்கும் உள்ளம் குலவும் கதிர் ஒளியே கண்டீர் அவ் உள்ளத்தின் உண்மை உதிதரு பேர் ஆன்ம ஒளி
"எந்நிலையி லொன்றை யெதிரிட்டுக் காண்பதிலை
எந்நிலையி லொன்றை யெதிரிட்டுக் கேட்பதிலை
எந்நிலையி லொன்றை யெதிரிட் டறிவதிலை
அந்நிலையே பூமா வறி",எந்நிலையில் ஒன்றை எதிரிட்டுக் காண்பது இலை எந்நிலையில் ஒன்றை எதிரிட்டுக் மது இலை எந்நிலையில் ஒன்றை எதிரிட்டு அறிவது இலை அந்நிலையே பூமா அறி
"காட்சியுங் கேள்வியுங் காணும் பரிச்சின்ன
மாட்சி யுடையபிர மாதாவும் வீழ்ச்சியுறு
மத்துவித ஞான வபரிமித பூமாவே
சுத்தவுப சாந்த சுகம்",காட்சியும் கேள்வியும் காணும் பரிச்சின்ன மாட்சி உடைய பிரமாதாவும் வீழ்ச்சி உறும் அத்துவித ஞான அபரிமித பூமாவே சுத்த உபசாந்த சுகம்
"பூதலத்தே யோடோடிப் புண்ணியரைக் கண்டிறைஞ்சி
ஆதரத்தோ டுண்மையினை யாராய்வீர் மாதவத்தோர்
திட்டமுறச் சிந்திக்குஞ் செம்பொருளைச் சோதித்தால்
வெட்டவெறு ஞான வெளி",பூதலத்தே ஓடோடிப் புண்ணியரைக் கண்டு இறைஞ்சி ஆதரத்தோடு உண்மையினை ஆராய்வீர் மா தவத்தோர் திட்டம் உறச் சிந்திக்கும் செம்பொருளைச் சோதித்தால் வெட்டவெறும் ஞான வெளி
"அங்கிங் கலமந் தலைந்த வலைச்சலறத்
தங்குசர ணான சதாகதிதான் பங்கமறு
சச்சித்தா வோங்குசிவ தற்பரமாம் போதகுரு
விச்சைத் துரீய வெளி",அங்கு இங்கு அலமந்து அலைந்த அலைச்சல் அறத் தங்கு சரண் ஆன சதாகதிதான் பங்கம் அறு சத் சித்தா ஓங்கு சிவ தத்பரம் ஆம் போத குரு விச்சைத் துரீய வெளி
"சட்டை யுரித்திட்ட சர்ப்பமெனச் சங்கற்பக்
கட்டை யொழிக்குங் கலங்காத நிட்டையிடை
முற்ற முடிய முயன்றால் வெளிப்படுதல்
வெற்றவெறு ஞான வெளி",சட்டை உரித்திட்ட சர்ப்பம் எனச் சங்கற்பக் கட்டை ஒழிக்கும் கலங்காத நிட்டையிடை முற்ற முடிய முயன்றால் வெளிப்படுதல் வெற்றவெறும் ஞான வெளி
"அடர்ந்தமுளி காடொன் றகண்டமாய்ப் பற்றிப்
படர்ந்தெரிய லுற்ற பரிசாம் கடந்த
சிதாபாச சீவனறச் செத்தசுடு காடாம்
சிதாகாய சோதிச் சிறப்பு",அடர்ந்த முளி காடு ஒன்று அகண்டமாய்ப் பற்றிப் படர்ந்து எரியல் உற்ற பரிசு ஆம் கடந்த சிதாபாச சீவன் அறச் செத்த சுடு காடு ஆம் சிதாகாய சோதிச் சிறப்பு
"நானென்னு ஞானமஞ் ஞானமாத் துஞ்சவெறுந்
தானென்னு மோனமே தக்கதுகாண் ஏனென்னக்
கேட்கிலோ வுண்மை கிலேசத்துக் கேதுவா
வேட்கவொன் றில்லா வெளி",நான் என்னும் ஞானம் அஞ்ஞானமாத் துஞ்ச வெறும் தான் என்னும் மோனமே தக்கது காண் ஏன் என்னக் கேட்கிலோ உண்மை கிலேசத்துக்கு ஏதுவா வேட்க ஒன்று இல்லா வெளி
"குற்றங் கெடுக்குங் குருவருளா லல்லான்மற்
றெற்றாலுங் காண்ட லெளிதன்றே மற்றாதும்
மாணக் கிடையாத மாட்சிசேர் மெய்ஞ்ஞான
வானத் தலத்தின் வளம்",குற்றம் கெடுக்கும் குரு அருளால் அல்லால் மற்று எற்றாலும் காண்டல் எளிது அன்றே மற்று யாதும் மாணக் கிடையாத மாட்சி சேர் மெய்ஞ்ஞான வானத் தலத்தின் வளம்
"வானத் தலத்தின் வளங்கண்டார் பேரின்ப
மோனச் சிவமா முடிகுவார் மானச்
செருக்கோடு மற்றைச் செருக்காலே மேன்மேற்
பெருக்கும் பிறப்புப் பெயர்ந்து",வானத் தலத்தின் வளம் கண்டார் பேர் இன்ப மோனச் சிவமா முடிகுவார் மானச் செருக்கோடு மற்றைச் செருக்காலே மேல்மேல் பெருக்கும் பிறப்புப் பெயர்ந்து
"உண்டுயிர்த்துக் கண்டுகேட் டுற்றுணரு மைம்புலனாம்
பண்டமெலாஞ் செய்யப் படுபொருளாக் கொண்ட
பயனிலையா நின்றபரா சத்திக் கெழுவாய்
வியனிலையா ஞான விசும்பு",உண்டு உயிர்த்துக் கண்டு கேட்டு உற்று உணரும் ஐம்புலன் ஆம் பண்டம் எலாம் செய்யப்படு பொருளாக் கொண்ட பயனிலையா நின்ற பரா சத்திக்கு எழுவாய் வியன் நிலை ஆம் ஞான விசும்பு
"எங்கெங்குந் தானா யிருந்தொளிர்சிற் றம்பலத்தை
அங்கிங்குந் தேடி யலைந்திடுதல் பங்கமுறும்
பான்மதியின் மேதகவாற் பட்டப் பகலிடையே
வான்சுடரைத் தீத்துரீஇ யற்று",எங்கு எங்கும் தானா இருந்து ஒளிர் சிற்றம்பலத்தை அங்கு இங்கும் தேடி அலைந்திடுதல் பங்கம் உறும் பால்மதியின் மேதகவால் பட்டப் பகலிடையே வான் சுடரைத் தீத் துரீஇ அற்று
"அகமும்பொய் யல்லா விதமும்பொய் யந்த
அகமிதத்தைக் காணு மறிவும் மிகவும்பொய்
முப்புடியுந் தோற்றலுறு மூலப் பகுதியும்பொய்
அற்புதச்சிற் றம்பலமே மெய்",அகமும் பொய் அல்லா இதமும் பொய் அந்த அகம் இதத்தைக் காணும் அறிவும் மிகவும் பொய் முப்புடியும் தோற்றல் உறு மூலப் பகுதியும் பொய் அற்புதச் சிற்றம் பலமே மெய்
"பம்பிப் பரந்த பலவுலகுந் தோற்றுஞ்சிற்
றம்பலமாந் தந்நிலைபொய் யாயொழிய ஐம்புலத்தாற்
காண்பனதா மெய்யாக் கருதிக் கலங்குவார்
மாண்பய னெய்த லரிது",பம்பிப்பரந்த பல உலகும் தோற்றும் சிற்றம்பலம் ஆம் தம் நிலை பொய்யா ஒழிய ஐம்புலத்தால் காண்பன தாம் மெய்யாக் கருதிக் கலங்குவார் மாண் பயன் எய்தல் அரிது
"சித்தமலங் கெட்டுச் சிவமயமாய்த் தாமொளிரும்
வித்தகர்தா மல்லாமல் வேறாரே உய்த்துணர்வார்
குற்றங் குறையொன்றுங் கூடாப் பெருமைசால்
சிற்றம் பலத்தின் சிறப்பு",சித்த மலம் கெட்டுச் சிவமயமாய்த் தாம் ஒளிரும் வித்தகர்தாம் அல்லாமல் வேறு ஆரே உய்த்து உணர்வார் குற்றம் குறை ஒன்றும் கூடாப் பெருமை சால் சிற்றம்பலத்தின் சிறப்பு
"அன்னதா லந்தச்சிற் றம்பலமே யாராலும்
பன்னலா காமெய்ப் பரசிவமாம் என்னவே
தேர்வித்தா னென்னைச் சிவமயமாந் தன்னிலையைச்
சீர்வித் தகரமண தேவு",அன்னதால் அந்தச் சிற்றம்பலமே யாராலும் பன்னல் ஆகா மெய்ப் பரசிவம் ஆம் என்னவே தேர்வித்தான் என்னைச் சிவமயம் ஆம் தன்நிலையைச் சீர் வித்தக ரமண தேவு
"தன்னுருவாம் போழ்தத்துத் தன்னுருவாந் தானத்துத்
தன்னுருவாந் தானெய்தத் தானுவந்து தன்னுருவாம்
தன்னைத் தனதுருவாந் தான்காட்டித் தந்திடலும்
தன்னுருவாந் தன்னையுணர்ந் தான்",தன் உருவாம் போழ்து அத்துத் தன் உருவாம் தானத்துத் தன் உருவாம் தான் எய்தத் தான் உவந்து தன் உருவாம் தன்னைத் தனது உருவாம் தான் காட்டித் தந்திடலும் தன் உருவாம் தன்னை உணர்ந்தான்
"உலகை யொளிர்வித் தொளிக்குமகங் காரம்
இலகுதன் மூலமே தென்றுட் குலவுமுளத்
தூக்கமொடு வீறி யொளிருந்தற் போதமே
நீக்கமறு தன்மெய்ந் நிலை",உலகை ஒளிர்வித்து ஒளிக்கும் அகங்காரம் இலகு தன் மூலம் ஏது என்று உள் குலவும் உளத்து ஊக்கமொடு வீறி ஒளிரும் தத் போதமே நீக்கம் அறு தன் மெய்ந் நிலை
"சுட்டுணர்வாற் றன்முன்னர்த் தோற்றும் பிறவற்றைச்
சுட்டுணர்வா லேங்கிச் சுழலாதே துட்டமனம்
சுட்டுணர்நா னாரெனத்தற் சுட்டியுசாய்த் தன்மெய்க்கண்
நிட்டையே யுண்மை நிலை",சுட்டு உணர்வால் தன் முன்னர்த் தோற்றும் பிறவற்றைச் சுட்டு உணர்வால் ஏங்கிச் சுழலாதே துட்ட மனம் சுட்டு உணர் நான் ஆர் எனத் தன் சுட்டி உசாய்த் தன் மெய்க்கண் நிட்டையே உண்மை நிலை
"எந்நிலையிற் போனாலு மெந்நிறத்தில் வந்தாலும்
தந்நிலையிற் றாமிருப்பார் தக்கோர்கள் தந்நிலையே
மெய்ந்நிலையா மல்லாமல் வேற்று நிலையனைத்தும்
பொய்ந்நிலையே யன்றோ புகல்",எந்நிலையில் போனாலும் எந்நிறத்தில் வந்தாலும் தம் நிலையில் தாம் இருப்பார் தக்கோர்கள் தம் நிலையே மெய்ந்நிலை ஆம் அல்லாமல் வேற்று நிலை அனைத்தும் பொய்ந்நிலையே அன்றோ புகல்
"இயல்பாந்தன் மெய்யேபே ரின்பா யிருந்தும்
மயல்பாய வஞ்ச மனத்தால் அயல்போய்
நிதநையா நின்றின்ப நேடலே யின்பாம்
அதனை யிழப்பிப்ப தாம்",இயல்பு ஆம் தன் மெய்யே பேர் இன்பாய் இருந்தும் மயல்பு ஆய வஞ்ச மனத்தால் அயல் போய் நித நையா நின்று இன்பம் நேடலே இன்பு ஆம் அதனை இழப்பிப்பது ஆம்
"ஆன்மரச மொன்றே யதிரசமென் றாய்ந்ததனால்
ஆன்மநிலை நின்றா ரறிவுடையார் ஆன்மசுகம்
ஒன்றா வுயர்ந்த வுறுதியென் றோராதார்
நின்றா ௬லக நிலை",ஆன்ம ரசம் ஒன்றே அதிரசம் என்று ஆய்ந்து அதனால் ஆன்மநிலை நின்றார் அறிவு உடையார் ஆன்ம சுகம் ஒன்றா உயர்ந்த உறுதி என்று ஓராதார் நின்றார் உலக நிலை
"தன்மெய் யுருவுளத்துத் தானுணரி னாதிமுடி
வின்றிநிறை வாஞ்சச்சித் தின்பு",தன் மெய் உரு உளத்துத் தான் உணரின் ஆதி முடிவு இன்றி நிறைவு ஆம் சத் சித்து இன்பு
"தந்தமுரு வின்பமெனத் தாமுணர மாட்டாரே
கந்தமிரு கம்போற் கலங்குவார் தந்தமுரு
நன்றா யுணர்கிற்பார் ஞாலத்தை நாடாது
நின்றார் தமது நிலை",தம்தம் உரு இன்பம் எனத் தாம் உணரமாட்டாரே கந்த மிருகம் போல் கலங்குவார் தம் தம் உரு நன்றாய் உணர்கிற்பார் ஞாலத்தை நாடாது நின்றார் தமது நிலை
"சுகமென்ப தான்ம சொரூபமே யான்ற
சுகமன்றி யில்லை சொரூபம் சுகமென்ப
தொன்றே யுளதவ் வுறுதியுணர்ந் தான்மநிலை
நின்றேதுய் யின்ப நெடிது",சுகம் என்பது ஆன்ம சொரூபமே ஆன்ற சுகம் அன்றி இல்லை சொரூபம் சுகம் என்பது ஒன்றே உளது அவ் உறுதி உணர்ந்து ஆன்மநிலை நின்றே துய் இன்பம் நெடிது
"அறிவுண்மை நிட்டனா மான்மவித் தாவா
னறிவாற் புலன்செற்றா னார்தா னறிவங்கி
யாவனறி வாங்குலிசத் தான்கால காலனவன்
சாவினைமாய் வீரனெனச் சாற்று",அறிவு உண்மை நிட்டனாம் ஆன்ம வித்து ஆவான் அறிவால் புலன் செற்றான் ஆர் தான் அறிவு அங்கி ஆவன் அறிவு ஆம் குலிசத்தான் காலகாலன் அவன் சாவினை மாய் வீரன் எனச் சாற்று
"அடங்கலற்று மீக்கிளர்ந்த வான்மநிட்டை யாலைந்
துடங்குசெற்ற ஞானவுர வோனே மடங்கலற்ற
கூற்றடர்த்த ஞான குலிசத்தான் மாச்சரியத்
தோற்றமறு ஞானச் சுடர்",அடங்கல் அற்று மீக்கிளர்ந்த ஆன்மநிட்டையால் ஐந்து உடங்கு செற்ற ஞான உரவோனே மடங்கல் அற்ற கூற்று அடர்த்த ஞான குலிசத்தான் மாச்சரியத் தோற்றம் அறு ஞானச் சுடர்
"ஆறு பொறிவழியா யண்டமெலாங் கண்டாளும்
வீறு படைத்தவக வெஞ்சூரைச் சீறி
மடக்கியித யத்து மடித்தோனே பேரின்
படுக்குங் குமார னறி",ஆறு பொறி வழியாய் அண்டம் எலாம் கண்டு ஆளும் வீறு படைத்த அக வெம் சூரைச் சீறி மடக்கி இதயத்து மடித்தோனே பேர் இன்பு அடுக்கும் குமாரன் அறி
"ஓவியமா மிந்த வுடலேநா மென்றிருப்பீர்
ஓவியந்தான் யாதேனு முன்னுமோ ஆவியே
உன்னுவதூஉ முன்னா தொழிவதூஉ மாதலால்
அன்னதே நாமென் பது",ஓவியமாம் இந்த உடலே நாம் என்று இருப்பீர் ஓவியம்தான் யாதேனும் உன்னுமோ ஆவியே உன்னுவதூஉம் உன்னாது ஒழிவதூஉம் ஆதலால் அன்னதே நாம் என்பது
"உடம்புநா னென்னுமுயி ரவ்வுடல்வே றென்ன
உடம்பெனாக் கொண்டவ் வுயிருள் நடம்புரியும்
வேறுயிரொன் றுண்டென்னின் மெய்யுயிரா மஃதன்றி
வேறுயிர்க ளுண்டோ விளம்பு",உடம்பு நான் என்னும் உயிர் அவ் உடல் வேறு என்ன உடம்பெனாக் கொண்டு அவ் உயிருள் நடம் புரியும் வேறு உயிர் ஒன்று உண்டு என்னின் மெய் உயிர் ஆம் அஃது அன்றி வேறு உயிர்கள் உண்டோ விளம்பு
"உலகுபுல னாகு முழியன்றி மற்றவ்
வுலகுபுல னாகா வுழியும் மலியும்
அசரீரி யாகவுளை யாவொளிரு முண்மை
நிசவடிவ மாகு நினக்கு",உலகு புலன் ஆகும் உழி அன்றி மற்று அவ் உலகு புலன் ஆகா உழியும் மலியும் அசரீரி ஆக உளையா ஒளிரும் உண்மை நிச வடிவம் ஆகும் நினக்கு
"ஓரப் படுமுலக முண்மையே யாகவலா
தோருமனக் கற்பனையா வுற்றொழிக ஓரும்
உணர்வுருவா நீயங் குளையன்றோ சுத்த
உணர்வதுவே யான்ம வுரு",ஓரப்படும் உலகம் உண்மையே ஆக அலாது ஓரும் மனக் கற்பனையா உற்று ஒழிக ஓரும் உணர்வு உருவா நீ அங்கு உளை அன்றோ சுத்த உணர்வு அதுவே ஆன்ம உரு
"அறிவோ டறியாமை யற்றொழியத் தீர்வெற்
றறிவான வுண்மையே யான்மா செறிவாம்
பிரஞ்ஞான மாமப் பிரம்ம சொரூபத்
தொரஞ்ஞான மில்லை யுணர்",அறிவோடு அறியாமை அற்று ஒழியத் தீர் வெற்று அறிவான உண்மையே ஆன்மா செறிவு ஆம் பிரஞ்ஞானம் ஆம் அப் பிரம்ம சொரூபத்து ஒர் அஞ்ஞானம் இல்லை உணர்
"அஞ்ஞான மில்லா ததுமட்டு மன்றதுவே
சுஞ்ஞான மான சொருூபமாம் விஞ்ஞான
பேதமெவ் வாறு பிறக்குமத னின்றதுசற்
போதமல் லாதொழிந்த போது",அஞ்ஞானம் இல்லாதது மட்டும் அன்று அதுவே சுஞ்ஞானம் ஆன சொரூபம் ஆம் விஞ்ஞான பேதம் எவ்வாறு பிறக்கும் அதனின்று அது சத் போதம் அல்லாது ஒழிந்த போது
"ஆன்மா தனக்கவ் வறிவு குணமன்றா
லான்மவுரு நிர்க்குண மாதலால் ஆன்ம
வறிவு செயலன் றகர்த்தத் துவத்தால்
அறிவு சொரூபமே யாம்",ஆன்மா தனக்கு அவ் அறிவு குணம் அன்று ஆல் ஆன்ம உரு நிர்க்குணம் ஆதலால் ஆன்ம அறிவு செயல் அன்று அகர்த்தத்துவத்தால் அறிவு சொரூபமே ஆம்
"வேறொன்றைச் சற்றும் விரும்பா தெதுதானே
ஊறின் றுளனானென் றுள்ளொளிரும் வீறொன்றும்
உண்மையள வாமந் நிருபா திகவுணர்வே
திண்மைசேர் தன்மெய்த் திறம்",வேறு ஒன்றைச் சற்றும் விரும்பாது எது தானே ஊறு இன்று உளன் நான் என்று உள் ஒளிரும் வீறு ஒன்றும் உண்மை அளவு ஆம் அந் நிருபாதிக உணர்வே திண்மை சேர் தன் மெய்த் திறம்
"ஞான விளக்கமா நண்ணுந்தன் னுண்மையைமற்
நூன விடயம்போ லோர்த்தலெவன் நானெனும்பொய்த்
தன்மையறத் தன்னிற்றான் சாந்தமா நிற்கின்மெய்த்
தன்மைதா னாவொளிருந் தான்",ஞான விளக்கமா நண்ணும் தன் உண்மையை மற்று ஊன விடயம் போல் ஓர்த்தல் எவன் நான் எனும் பொய்த் தன்மை அறத் தன்னில் தான் சாந்தமா நிற்கின் மெய்த் தன்மை தானா ஒளிரும் தான்
"முப்புடிக ளாக முயங்குந் தொகைபலவுள்
எப்புடியுந் தன்னைவிட் டின்றேனும் அப்புடியுள்
ஒன்றுமே தானன் றுவற்றுக் கெலாமிடனா
நின்றதே தன்மெய்ந் நிலை",முப்புடிகள் ஆக முயங்கும் தொகை பலவுள் எப்புடியும் தன்னை விட்டு இன்றேனும் அப்புடி உள் ஒன்றுமே தான் அன்று உவற்றுக்கு எலாம் இடனா நின்றதே தன் மெய்ந்நிலை
"மன்னுபரி பூரணமா மாட்சிசேர் தன்சொருபம்
துன்னவொரு சற்றுந் துவிதமிலை தன்னைப்
புணர்வதுசற் போதம் புலம்பிறிதொன் றில்லை
உணர்வதுவே தன்மெய் யுரு",மன்னு பரிபூரணம் ஆம் மாட்சி சேர் தன் சொருபம் துன்ன ஒரு சற்றும் துவிதம் இலை தன்னைப் புணர்வது சத்போதம் புலம் பிறிது ஒன்று இல்லை உணர்வு அதுவே தன் மெய் உரு
"சூக்கமாய்த் தூலமாய்ச் சூனியமாய்ப் பூரணமாய்
ஏக்கமா யேங்கா விறுமாப்பாய் நோக்கலுறு
தொந்தமெலாந் தோற்றற் கிடனா யிருப்பதோர்
அந்தமிலாப் பேரறிவே யான்",சூக்கமாய்த் தூலமாய்ச் சூனியமாய்ப் பூரணமாய் ஏக்கமாய் ஏங்கா இறுமாப்பாய் நோக்கல் உறு தொந்தம் எலாம் தோற்றற்கு இடனாய் இருப்பது ஓர் அந்தம் இலாப் பேரறிவே யான்
"பொய்யாகப் பஃறான் புறப்பட் டிருவினையும்
செய்யாமே செய்துழன்று சிந்தைதரும் கையாற்றால்
எய்யாமே யெய்த்தற் கிடனா யிருப்பதொரு
மெய்யான சின்மயமே தான்",பொய்யாகப் பஃறான் புறப்பட்டு இருவினையும் செய்யாமே செய்து உழன்று சிந்தை தரும் கையாற்றால் எய்யாமே எய்த்தற்கு இடனாய் இருப்பது ஒரு மெய் ஆன சின்மயமே தான்
"இருக்கின்றே னென்னு மியல்பளவா யூனச்
செருக்கின்றா முண்மைத் தெளிவாய் அருக்கன்றான்
மானவே தான்றானாய் மன்னி விளங்கிதய
வானமே யான்மா மதி",இருக்கின்றேன் என்னும் இயல்பு அளவாய் ஊனச் செருக்கு இன்று ஆம் உண்மைத் தெளிவாய் அருக்கன்தான் மானவே தான் தானாய் மன்னி விளங்கு இதய வானமே ஆன்மா மதி
"அதிசூக் குமமெய் யறிவொளியா யிஃதென்
றெதிர்சுட் டகந்தை யிலதாய் மதிசோர்ந்
தறிந்திலே னென்ன வழுங்குவதாய் மோனஞ்
செறிந்துளதே யான்மசச் சித்து",அதி சூக்கும மெய் அறிவு ஒளியா இஃது என்று எதிர் சுட்டு அகந்தை இலது ஆய் மதி பரிந்த அறிந்திலேன் என்ன அழுங்குவது ஆய் மோனம் செறிந்து உளதே ஆன்ம சத் சித்து
"அசைபடக் காட்சி யகிலமு மான்மா
வசைவறு முண்மை யுணர்வு",அசைபடக் காட்சி அகிலமும் ஆன்மா அசைவு அறும் உண்மை உணர்வு
"உணர்வுரு வானவவ் வுண்மைத் திரைமேற்
புணர்வன வம்முப் புடி",உணர்வு உரு ஆன அவ் உண்மைத் திரைமேல் புணர்வன அம் முப்புடி
"இசையே ழனுக்குந்தா னின்றமையா துட்சேர்
இசையாஞ் சுருதி யெனவும் விசையால்
அசையோ வியங்கட் கடிப்படமே போன்றும்
வசைதீர்ந் துளதான்ம வஸ்து",இசை ஏழனுக்கும் தான் இன்று அமையாது உள் சேர் இசை ஆம் சுருதி எனவும் விசையால் அசை ஓவியங்கட்கு அடிப்படமே போன்றும் வசை தீர்ந்து உளது ஆன்ம வஸ்து
"பொய்யெவற்றி னுள்ளுந்தான் பொங்கலாற் பல்வேறாம்
பொய்யவற்றை மெய்போற் புலப்படுத்திப் பொய்யவற்றின்
பெய்குறிபோல் வாராமற் பேராம லெங்குநிதம்
வைகுவதே யான்மபர வஸ்து",பொய் எவற்றின் உள்ளும் தான் பொங்கலால் பல்வேறு ஆம் பொய் அவற்றை மெய்போல் புலப்படுத்திப் பொய் அவற்றின் பெய் குறிபோல் வாராமல் பேராமல் எங்கும் நிதம் வைகுவதே ஆன்ம பர வஸ்து
"எவ்வெவ் வுயிருள்ளு மேய்ந்து மறிபடா
தவ்வவ் வுயிரையுடம் பாக்கொண்டு செவ்வே
இமையா தயரா தியக்கு மவனே
அமுதனா மந்தரான் மா",எவ் எவ் உயிர் உள்ளும் ஏய்ந்தும் அறிபடாது அவ் அவ் உயிரை உடம்பாக் கொண்டு செவ்வே இமையாது அயராது இயக்கும் அவனே அமுதன் ஆம் அந்தரான்மா
"எழலும் விழலு மியல்பெனக்கொண் டென்றும்
உழலுமகங் கார வுயிராய்ச் சுழலும்
சகடக்கா லன்று சலியா துளமெய்
அகடச்சே யான்மா வறி",எழலும் விழலும் இயல்பு எனக்கொண்டு என்றும் உழலும் அகங்கார உயிராய்ச் சுழலும் சகடக்கால் அன்று சலியாது உள மெய் அகடு அச்சே ஆன்மா அறி
"தோன்றுவது தோன்ற மறைவதெலாந் தான்மறைக
ஆன்ம சொரூப வறிவுக்கென் பூன்றமாப்
பொங்குசிவக் கேவலத்திற் புக்கொழிய யாவுமிஞ்சித்
தங்குமதே தன்சொருபந் தான்",தோன்றுவது தோன்ற மறைவது எலாம் தான் மறைக ஆன்ம சொரூப அறிவுக்கு என் பூன்றமாப் பொங்கு சிவக் கேவலத்தில் புக்கு ஒழிய யாவும் மிஞ்சித் தங்கும் அதே தன் சொருபம் தான்
"அவகடந்துன் றவ்வகத்தை யாய்ந்தடங்கத் தோன்றும்
சிவனடஞ்செய் காட்சித் திறனென் றுபநிடங்கள்
ஓலமிடுந் தெய்வவரு ளஞுண்மைத் தெளிவாய
வாலறிவே யான்ம வடிவு",அவகடம் துன்று அவ் அகத்தை ஆய்ந்து அடங்கத் தோன்றும் சிவன் நடம் செய் காட்சித் திறன் என்று உபநிடங்கள் ஓலம் இடும் தெய்வ அருள் உண்மைத் தெளிவாய வால் அறிவே ஆன்ம வடிவு
"பிறிதொன் றிலாத பிரம்ம சொரூபக்
குறிதொன்று தொட்ட குலாக்காண் வறிதன்று
சூனியம்போல் தோன்றினுமத் தொல்சொருபம் பூரணமெய்
தானியலோர் கேவலசச் சித்து",பிறிது ஒன்று இலாத பிரம்ம சொரூபக் குறி தொன்று தொட்ட குலாக்காண் வறிது அன்று சூனியம்போல் தோன்றினும் அத் தொல் சொருபம் பூரண மெய் தான் இயல் ஓர் கேவல சத் சித்து
"யானென்னு மெண்ண மிறையு மெழாவிடமே
மோனஞ் சொரூபமென்பர் மூதறிஞர் மோன
சொரூபமே யீசன் சொரூபமே சீவன்
சொரூபமே யித்தொல் லுலகு",யான் என்னும் எண்ணம் இறையும் எழா இடமே மோனம் சொரூபம் என்பர் மூது அறிஞர் மோன சொரூபமே ஈசன் சொரூபமே சீவன் சொரூபமே இத்தொல் உலகு
"ஆனவுல கீசனுயி ராயவற்றுக் கெப்பொருட்கும்
வானமென மேவுண்மை மாத்திரமெய் தானே
பரசுமனா தீதப் பரந்தாம மென்னும்
பரசிவமா மான்மசொரு பம்",ஆன உலகு ஈசன் உயிர் ஆயவற்றுக்கு எப்பொருட்கும் வானம் என மேவு உண்மை மாத்திர மெய் தானே பரசுமனாத்தப் பரந்தாமம் என்னும் பரசிவம் ஆம் ஆன்ம சொரூபம்
"காண்பானே காட்சியாங் கைவல் லியசொருப
மாண்பாலே தன்மெய் மகத்தாமால் காண்பானாந்
தன்மையகங் காரமறச் சாய்ந்தொழிந்த மோனவொளித்
தன்மையே சிற்பரமாந் தான்",காண்பானே காட்சி ஆம் கைவல்லிய சொருப மாண்பாலே தன்மெய் மகத்து ஆம் ஆல் காண்பான் ஆம் தன்மை அகங்காரம் அறச் சாய்ந்து ஒழிந்த மோன ஒளித் தன்மையே சித் பரம் ஆம் தான்
"மகத்தான சாந்த மகோததியாம் போத
சுகத்தான மான சொருபம் அகத்தே
மனந்தலைப்பட் டாழ மடுத்தா ரடுத்தா
ரனந்தநிதி யாந்தன் னருள்",மகத்தான சாந்த மகோததி ஆம் போத சுக ஸ்தானம் ஆன சொரூபம் அகத்தே மனம் தலைப்பட்டு ஆழ மடுத்தார் அடுத்தார் அனந்த நிதி ஆம் தன் அருள்
"தானே மகத்தன்றித் தன்னினுமே மிக்கதாம்
ஏனை மகத்தொன்று மில்லையே ஆனதால்
எற்றுத் திறத்தாலும் யாங்காணேந் தன்னைத்தான்
விற்றுக் கொளத்தக்க வேறு",தானே மகத்து அன்றித் தன்னினுமே மிக்கது ஆம் ஏனை மகத்து ஒன்றும் இல்லையே ஆனதால் எற்றுத் திறத்தாலும் யாம் காணேம் தன்னைத் தான் விற்றுக் கொளத்தக்க வேறு
"மகத்தாம் பரமான்ம மாட்சிப்பே றன்றி
யிகத்தாம் பயனொன்று மில்லை அகத்தா
முசாவா லதனை யுணர்ந்தனுப விக்க
வசாரவகந் தன்னை யழி",மகத்து ஆம் பரமான்ம மாட்சிப் பேறு அன்றி இகத்து ஆம் பயன் ஒன்றும் இல்லை அகத்து ஆம் உசாவால் அதனை உணர்ந்து அனுபவிக்க அசார அகம் தன்னை அழி
"இருந்தொளிர்மெய்ஞ் ஞான வெழின்மணியா மான்ம
அருந்தனத்தை யாராய்ந் தகத்தே பொருந்தின்
அயாமூல மாம்பிறவி யல்லலற மாயும்
வியாமோக மென்னு மிடி",இருந்து ஒளிர் மெய்ஞ்ஞான எழில் மணி ஆம் ஆன்ம அரும் தனத்தை ஆராய்ந்து அகத்தே பொருந்தின் அயா மூலம் ஆம் பிறவி அல்லல் அற மாயும் வியாமோகம் என்னும் மிடி
"அந்த மணியி னருமையறி யாமையினே
மந்தராய்ச் சோம்பி மடிகின்றார் தந்தம்
உரிமையா மத்தை யுளவறிந்து பெற்றார்
பெரியார்பே ரின்பமுற்றார் பேண்",அந்த மணியின் அருமை அறியாமையினே மந்தராய்ச் சோம்பி மடிகின்றார் தம்தம் உரிமை ஆம் அத்தை உளவு அறிந்து பெற்றார் பெரியார் பேர் இன்பம் உற்றார் பேண்
"அறிவுருநா னாரென் றமைதியாத் தேறிச்
செறிவதின்றித் தன்சொருபச் சித்திற் பிறிவதாய்ச்
சித்தவடி வான சிதாபாச மாகமருண்
டெய்த்தலெவ னேதப் புலத்து",அறிவு உரு நான் ஆர் என்று அமைதியாத் தேறிச் செறிவது இன்றி தன்சொருபச் சித்தில் பிறிவதாய்ச் சித்த வடிவு ஆன சிதாபாசம் ஆக மருண்டு எய்த்தல் எவன் ஏதப் புலத்து
"ஞாலமட மாந்தர் நயக்குமணி மாதிசித்தி
ஏல வொருங்கே யிசைந்தாலும் மூல
முடிச்சவிழ்த் தான்ம முழுமணியெய் தாதார்
படிச்ச படிப்பனைத்தும் பாழ்",ஞால மட மாந்தர் நயக்கும் அணிமா ஆதி சித்தி ஏல ஒருங்கே இசைந்தாலும் மூல முடிச்சு அவிழ்த்து ஆன்ம முழுமணி எய்தாதார் படிச்ச படிப்பு அனைத்தும் பாழ்
"நல்லசிவ சிந்தை நழுவாத மோனவருட்
செல்வமே யுண்மைத் திருவென்பர் புலலவொணா
வொட்பங்கூ ரந்த வுயர்நிதியஞ் சிந்தையறப்
பெட்புற் றவர்க்கேயாம் பேறு",நல்ல சிவ சிந்தை நழுவாத மோன அருள் செல்வமே உண்மைத் திரு என்பர் புல்ல ஒணா ஒட்பம் கூர் அந்த உயர் நிதியம் சிந்தை அறப் பெட்பு உற்றவர்க்கே ஆம் பேறு
"ஒளித்தகட லுட்சிந்தை யொன்றிக்கல் லோடு
குளித்துயர்நன் முத்தைக்கைக் கொண்டு களித்தாங்
கிதயத்துள் வைராக் கியத்தோடாழ்ந் தான்ம
நிதியத்தைப் பெற்றவல நீங்கு",ஒளித்த கடலுள் சிந்தை ஒன்றிக் கல்லோடு குளித்து உயர் நல் முத்தைக் கைக்கொண்டு களித்து ஆங்கு இதயத்துள் வைராக்கியத்தோடு ஆழ்ந்து ஆன்ம நிதியத்தைப் பெற்று அவலம் நீங்கு
"ஊனமற வுள்ளதோ ரொண்பொருளாந் தன்சொருபத்
தியானெனதென் றேோது மிரண்டுமற மோனமாத்
துன்றுமதி சுத்த சுவானுபவ போதமே
வென்று விளங்குவது மேல்",ஊனம் அற உள்ளது ஓர் ஒண் பொருளாம் தன் சொருபத்து யான் எனது என்று ஓதும் இரண்டும் அற மோனமாத் துன்றும் அதி சுத்த சுவானுபவ போதமே வென்று விளங்குவது மேல்
"பொக்கம் படாதொளிர்சற் போதமே புத்தியுயிர்
சொக்குமனோ தீத சொரூபமாம் தொக்க
அதிசாந்த மாமவ் வருட்பரமே யோர்க்கு
மதிசாந்த மாக்கும் மருந்து",பொக்கம் படாது ஒளிர் சத் போதமே புத்தி உயிர் சொக்கும் மனோதீத சொரூபம் ஆம் தொக்க அதிசாந்தம் ஆம் அவ் அருட்பரமே ஓர்க்கும் மதி சாந்தம் ஆக்கும் மருந்து
"பல்வகையா மூர்த்திகளைப் பார்த்துப் பதற்றமொடு
சில்பொழுது சிந்தையாற் செம்மாப்பார் நில்லாத
பொய்ம்மையா மெய்யையலாற் பொய்ம்மருவா மெய்ம்மயமாம்
தம்மையே தாமுணரா தார்",பல்வகையாம் மூர்த்திகளைப் பார்த்துப் பதற்றமொடு சில் பொழுது சிந்தையால் செம்மாப்பார் நில்லாத பொய்ம்மை ஆம் மெய்யை அலால் பொய்ம் மருவா மெய்ம்மயம் ஆம் தம்மையே தாம் உணராதார்
"அன்னியர் தம்மை யடைந்து வழிபட்டா
லன்னியங்கள் யாவு மடையலாம் மன்னியமெய்ச்
சிற்பரமாந் தெய்வச் சிவபதத்து வாழ்க்கையுயிர்க்
கற்பர்மற் றாரளிப் பார்",அன்னியர் தம்மை அடைந்து வழிபட்டால் அன்னியங்கள் யாவும் அடையலாம் மன்னிய மெய்ச் சித்பரம் ஆம் தெய்வச் சிவபதத்து வாழ்க்கை உயிர்க்கு அற்பர் மற்று ஆர் அளிப்பார்
"பெற்றதா வன்றிப் பிரிந்ததாப் பேதுறுவார்
உற்ற துயிலோ டுணர்வினிடைச் சற்றும்
தெரியா ததற்குந் தெரிவதற்கு மொப்பக்
கரியாகத் தம்மைக் கலார்",பெற்றதா அன்றிப் பிரிந்ததாப் பேது உறுவார் உற்ற துயிலோடு உணர்வின் இடைச் சற்றும் தெரியாததற்கும் தெரிவதற்கும் ஒப்பக் கரி ஆகத் தம்மைக் கலார்
"தேற்று முபாசனையாற் சேருந்தெய் வம்பலவும்
தோற்றமறை வுற்றுத் தொலைதலாற் றேற்றமோ
டென்றுமுள தாந்தன் னியற்கையே மாறாது
நின்றபர தெய்வ நிஜம்",தேற்றும் உபாசனையால் சேரும் தெய்வம் பலவும் தோற்றம் மறைவு உற்றுத் தொலைதலால் தேற்றமோடு என்றும் உளது ஆம் தன் இயற்கையே மாறாது நின்ற பரதெய்வ நிஜம்
"இங்கங் கிதுவதுவென் றேநோக்குஞ் சுட்டறிவா
லெங்கெங்கென் னென்ன வெதிர்ப்படுமோ அங்கங்கவ்
வெல்லாமுந் தானா விருந்தொளிருந் தன்னுண்மை
வில்லார்ந்த சுத்த வெளி",இங்கு அங்கு இது அது என்றே நோக்கும் சுட்டு அறிவால் எங்கு எங்கு என்ன என்ன எதிர்ப்படுமோ அங்கு அங்கு அவ் எல்லாமும் தானா இருந்து ஒளிரும் தன் உண்மை வில் ஆர்ந்த சுத்த வெளி
"இதுவதுவென் றேசுட்டி யெண்ணப் படுமவ்
வெதுவுமனக் கற்பிதமென் றோர்ந்தே பொதுவிலகம்
சும்மா விருக்கச் சுடருமவ் வுண்மையே
செம்மாண் சொருபசச் சித்து",இது அது என்றே சுட்டி எண்ணப்படும் அவ் எதுவும் மனக்கற்பிதம் என்று ஓர்ந்தே பொதுவில் அகம் சும்மா இருக்கச் சுடரும் அவ் உண்மையே செம்மாண் சொரூப சத் சித்து
"ஆன்மபர தத்துவமல் லாதபிற தத்துவத்தைத்
தான்மயங்கி யாய்ந்து தடுமாறல் ஊன
மயிர்வினைஞன் குப்பையை வாரித்தள் ளாது
செயிர்படநன் காய்ந்த திறம்",ஆன்ம பர தத்துவம் அல்லாத பிற தத்துவத்தைத் தான் மயங்கி ஆய்ந்து தடுமாறல் ஊன மயிர் வினைஞன் குப்பையை வாரித் தள்ளாது செயிர்பட நன்கு ஆய்ந்த திறம்
"அன்புக் கடம்பூண் டகத்தே யொழுகுவார்க்
கின்பமயம் பொங்கிமேன் மேலெழுங்காண் இன்பமோ
டன்புசிவ மான்மா வருளறிவு சாந்திவீ
டென்பவெலாந் தன்மெய் யியல்",அன்புக் கடம் பூண்டு அகத்தே ஒழுகுவார்க்கு இன்பமயம் பொங்கி மேல் மேல் எழும் காண் இன்பமோடு அன்பு சிவம் ஆன்மா அருள் அறிவு சாந்தி வீடு என்ப எலாம் தன்மெய் இயல்
"பேதபுத்தி துன்றுமனப் பேதைமையா லான்மாவிற்்
பீதியுழக் கின்றார் பெருந்தேவர் நேதியாற்
றன்சொருப வுண்மையைச் சார்ந்துபர மாத்துவிதத்
தஞ்சலற நிற்ற லறிவு",பேத புத்தி துன்றும் மனப் பேதைமையால் ஆன்மாவில் பீதி உழக்கின்றார் பெரும் தேவர் நேதியால் தன் சொருப உண்மையைச் சார்ந்து பரம அத்துவிதத்து அஞ்சல் அற நிற்றல் அறிவு
"ஆன்ம சுதந்தரஞ்சே ரன்றே நிரந்தரமாத்
தான்மகிழ்சேர் சித்தோப சாந்தமுண்டாம் வான்மயமெய்
யத்துவித மானவவ்வே காதிபத்தி யக்கருத்தூ
டெத்துவித வாசைபய மின்று",ஆன்ம சுதந்தரம் சேர் அன்றே நிரந்தரமாத் தான் மகிழ் சேர் சித்த உபசாந்தம் உண்டாம் வான்மயமெய் அத்துவிதமான அவ் ஏகாதிபத்தியக் கருத்தூடு எத் துவித ஆசை பயம் இன்று
"ககனமா மொன்றே கடமடத்தா லவ்வக்
ககனமாக் காண்டல் கடுப்பச் சுககனசித்
துண்மையா மொன்றே யுயிரிறையாக் காண்டலினவ்
வுண்மைவே றாகா துணர்",ககனம் ஆம் ஒன்றே கட மடத்தால் அவ் அக் ககனமாக் காண்டல் கடுப்பச் சுக கன சித்து உண்மை ஆம் ஒன்றே உயிர் இறையாக் காண்டலின் அவ் உண்மை வேறு ஆகாது உணர்
"சீவ னெனவுஞ் சிவனெனவு முண்மையிலே
யாவது முண்டோ விருவேறு மேவும்
அமிழ்தி னியன்றவாண் டானடிமைப் பாவை
தமில்வேறு பாடுண்டேற் சாற்று",சீவன் எனவும் சிவன் எனவும் உண்மையிலே ஆவதும் உண்டோ இரு வேறு மேவும் அமிழ்தின் இயன்ற ஆண்டான் அடிமைப் பாவை தமில் வேறுபாடு உண்டேல் சாற்று
"தன்னையசத் தாகத் தடுமாறு வானன்றோ
நின்னையசத் தாக நிகழ்த்துவான் தன்னதுமெய்
உள்ளபடி யோர்வானவ் வுண்மையே யாமுன்னை
எள்ளலெவன் சூனியநீ யென்று",தன்னை அசத்து ஆகத் தடுமாறுவான் அன்றோ நின்னை அசத்து ஆக நிகழ்த்துவான் தன்னது மெய் உள்ளபடி ஓர்வான் அவ் உண்மையே ஆம் உன்னை எள்ளல் எவன் சூனியம் நீ என்று
"உளனென்பார்க் குள்ளா னுணர்வா வுளத்தே
களஞ்சேர் மனத்திலனெக் காலும் களஞ்சேர்
மனத்தைத் திருத்தி மயக்கமற நோக்கிற்
றனித்தொளிர்வன் றானாத் தழைத்து",உளன் என்பார்க்கு உள்ளான் உணர்வா உளத்தே களம் சேர் மனத்து இலன் எக்காலும் களம் சேர் மனத்தைத் திருத்தி மயக்கம் அற நோக்கில் தனித்து ஒளிர்வன் தானாத் தழைத்து
"எய்த்த சொரூப மிதுவென் றகந்தெளிந்து
சுத்தமா முண்மை துலங்குற்ற புத்தன்
ஒருவனே யாத்திகனென் னும்பெயர்க்கு மெய்யே
அருகனா கின்றா னறி",எய்த்த சொரூபம் இது என்று அகம் தெளிந்து சுத்தம் ஆம் உண்மை துலங்கு உற்ற புத்தன் ஒருவனே ஆத்திகன் என்னும் பெயர்க்கு மெய்யே அருகன் ஆகின்றான் அறி
"வானுடல மாக வழங்குற்ற மெய்ஞ்ஞான
பானுவாந் தம்மெய்ப் பரிசுணர்ந்தார்க் கூனுடல
மோகாந்த கார முயங்கியதே யின்மையாற்
றேகாந்தர்க் கேதிமிரந் தேர்",வான் உடலம் ஆக வழங்கு உற்ற மெய்ஞ்ஞான பானு ஆம் தம் மெய்ப் பரிசு உணர்ந்தார்க்கு ஊன் உடல மோக அந்தகாரம் முயங்கியதே இன்மையால் தேக அந்தர்க்கே திமிரம் தேர்
"செயக்கடவ தாமுசாத் தேர்ஞானம் பாச
மயக்கடுசீ வன்பாலே மன்னும் மயக்கற்
றனாதிமல முத்தமா மத்துவிதான் மாக்கண்
மனாதுமல போத மயக்கு",செயக்கடவது ஆம் உசாத் தேர் ஞானம் பாச மயக்கு அடு சீவன்பாலே மன்னும் மயக்கு அற்று அனாதி மல முத்தம் ஆம் அத்துவித ஆன்மாக்கண் மனாது மல போதம் மயக்கு
"நிசரதமா வெங்கு நிறைந்திருக்கு மான்மா
மசரதமா மாயையாற் கட்ட வசப்படுமோ
பந்தப்பட் டாற்போற் பதறாதே யாறமரச்
சிந்தித்துத் தேறத் தெளி",நிச ரதமா எங்கும் நிறைந்திருக்கும் ஆன்மா மசரதம் ஆம் மாயையால் கட்ட வசப்படுமோ பந்தப்பட்டால் போல் பதறாதே ஆற அமரச் சிந்தித்துத் தேறத் தெளி
"உன்னைநீ யேனோ வுபாதியள வாகமனத்
துன்னிவீ ணாக வுழல்கின்றாய் துன்னு
முபாதியிலா தொன்று முறக்கிலுநின் னுண்மை
யபாதிதமா நிற்ற லறி",உன்னை நீ ஏனோ உபாதி அளவு ஆக மனத்து உன்னி வீணாக உழல்கின்றாய் துன்னும் உபாதி இலாது ஒன்றும் உறக்கிலும் நின் உண்மை அபாதிதமா நிற்றல் அறி
"தவற்றுமன மாயைத் தடுமாற்றஞ் சாயக்
கவற்றுமுனி வார்வங் கடிந்தே எவற்றும்
உதாசீன மாக வொழுகலே நன்றாம்
சதாசார வாழ்க்கை தரி",தவற்று மன மாயைத் தடுமாற்றம் சாயக் கவற்று முனிவு ஆர்வம் கடிந்தே எவற்றும் உதாசீனம் ஆக ஒழுகலே நன்று ஆம் சத் ஆசார வாழ்க்கை தரி
"தன்னியல்பே யாகத் தடைபடா துள்ளத்து
மன்னியமெய் யன்புமய வாழ்க்கையே துன்னியபொய்ம்
மோகவகங் காரம் முடிந்த சிவசொருப
போகமாம் போதப் பொலிவு",தன் இயல்பே ஆகத் தடைபடாது உள்ளத்து மன்னிய மெய் அன்புமய வாழ்க்கையே துன்னிய பொய்ம் மோக அகங்காரம் முடிந்த சிவசொருப போகமாம் போதப் பொலிவு
"தம்பார முற்றுமரன் றாள்சேர்த் துதாசீன
கம்பீர வாழ்க்கை கடைப்பிடித்து மொய்ம்பாரும்
சொச்சந்த மாகத் துலங்குமறி வாளரே
சச்சந்தர் பாக்கியவந் தர்",தம் பாரம் முற்றும் அரன் தாள் சேர்த்து உதாசீன கம்பீர வாழ்க்கை கடைப்பிடித்து மொய்ம்பு ஆரும் சொச்சந்தம் ஆகத் துலங்கும் அறிவாளரே சத் சந்தர் பாக்கியவந்தர்
"அன்புமய மாமெய் யறிவுணர்ச்சி தோய்ந்தவகத்
தின்பமயம் பொங்கி யெழுவதாம் துன்பமயல்
வேட்கையங் கில்லை விசுத்த சொரூபவியல்
வாழ்க்கையது சாந்த மயம்",அன்புமயமாம் மெய் அறிவு உணர்ச்சி தோய்ந்த அகத்து இன்பமயம் பொங்கி எழுவது ஆம் துன்ப மயல் வேட்கை அங்கு இல்லை விசுத்த சொரூப இயல் வாழ்க்கை அது சாந்த மயம்
"குறிக்கொண் டொழுகக் குலவுவது சுத்தத்
துறக்கமாம் போத சொரூபம் மறக்கமிலா
வோர்மையா லுள்ளத் துபாசித்துத் தானதுவா
நேர்மையுறல் வாழ்க்கை நிறைவு",குறிக்கொண்டு ஒழுகக் குலவுவது சுத்தத் துறக்கம் ஆம் போத சொரூபம் மறக்கம் இலா ஓர்மையால் உள்ளத்து உபாசித்துத் தான் அதுவா நேர்மை உறல் வாழ்க்கை நிறைவு
"அருள்வாழ்க்கை யேசெம் பொருள்வாழ்க்கை அல்லா
மருள்வாழ்க்கை காணுலக வாழ்க்கை வெருள்வாழ்க்கை
வாழ்வதென்ன மாயமனோ மாயா விலாசத்தூ
டாழ்வதே யன்றோ வது",அருள் வாழ்க்கையே செம்பொருள் வாழ்க்கை அல்லா மருள் வாழ்க்கை காண் உலக வாழ்க்கை வெருள் வாழ்க்கை வாழ்வது என்ன மாயம் மனோ மாயா விலாசத்தூடு ஆழ்வதே அன்றோ அது
"ஐயுணர்வாற் காணு மகிலமெய் யாநம்பி
நொய்யபுலன் மேற்பாயு நோக்கத்தால் மையல்
உருப்பாரைப் பற்று முயிர்ச்சேட்டை யற்றுச்
சரிப்பார்க்கு வேண்டா தவம்",ஐ உணர்வால் காணும் அகிலம் மெய்யா நம்பி நொய்ய புலன்மேல் பாயும் நோக்கத்தால் மையல் உருப்பாரைப் பற்றும் உயிர்ச்சேட்டை அற்றுச் சரிப்பார்க்கு வேண்டா தவம்
"உகளுமகங் கார வுயிர்ப்பற்றுத் துக்க
மகிழ்வுமுத லாந்தொந்த மாற்றி அகிலமுந்தான்
ஆதிக்கங் கொண்ட வருள்வழித்தாம் பட்டோர்க்குச்
சாதிக்க வேண்டா தவம்",உகளும் அகங்கார உயிர்ப்பு அற்றுத் துக்கம் மகிழ்வு முதல் ஆம் தொந்தம் மாற்றி அகிலமும் தான் ஆதிக்கம் கொண்ட அருள்வழித் தாம் பட்டோர்க்குச் சாதிக்க வேண்டா தவம்
"உருவந்தா னாயி னுடையோனா மாதி
சொருபந்தா னும்மற்றே தோற்றும் உருவந்தான்
அல்லா விடினோ வயலறிவே கூடாதேல்
ஒல்லுவதா மோவவ் வுரை",உருவம் தான் ஆயின் உடையோனாம் ஆதி சொருபம் தானும் அற்றே தோற்றும் உருவம் தான் அல்லாவிடினோ அயல் அறிவே கூடாதேல் ஒல்லுவது ஆமோ அவ் உரை
"நினைந்துநினைந் தன்பர் நெடும்பா வனையாற்
புனைந்தவுரு வேதான் பொருந்தல் அனந்த
உருநாம மேவினுமா யோபாதி யான்மெய்
அருவா மறிவே யரன்",நினைந்து நினைந்து அன்பர் நெடும் பாவனையால் புனைந்த உருவே தான் பொருந்தல் அனந்த உரு நாமம் மேவினும் மாய உபாதியால் மெய் அரு ஆம் அறிவே அரன்
"சும்மா விருந்திதயஞ் சொல்லும் பராவாக்காற்
செம்மாண் பொருளநுசந் தித்தலே பொய்ம்மாய
விண்மை யுருப்பெயர்போய் மேவுமுளத் துள்ளொளியாம்
வண்மையுறு மாதிபர வாழ்த்து",சும்மா இருந்து இதயம் சொல்லும் பராவாக்கால் செம்மாண் பொருள் அநுசந்தித்தலே பொய்ம்மாய விண்மை உருப் பெயர் போய் மேவும் உளத்து உள் ஒளி ஆம் வண்மை உறும் ஆதி பர வாழ்த்து
"அவ்வனுசந் தானஞா னாசாரர் செய்துதியாம்
எவ்விதநூ லுக்கு மிதயந்தான் செவ்வியதாம்
அந்தப் பரம்பொருளி னன்றிப் பெயர்வடிவாம்
எந்தத் திறத்திலுமே யின்று",அவ் அனுசந்தான ஞான ஆசாரர் செய் துதி ஆம் எவ்வித நூலுக்கும் இதயம் தான் செவ்வியது ஆம் அந்தப் பரம் பொருளின் அன்றிப் பெயர் வடிவு ஆம் எந்தத் திறத்திலுமே இன்று
"மதியரவி தம்மின் மணந்தாலே போலப்
புதியவியப் பாகுமிறும் பூதால் இதயமுறக்
கொஞ்சியடி யாரைக் குசலவுசா வாற்றுநடன்
குஞ்சிதவண் பாதக் குலா",மதிய ரவி தம்மில் மணந்தாலே போலப் புதிய வியப்பு ஆகும் இறும்பூது ஆல் இதயம் உறக் கொஞ்சி அடியாரைக் குசல உசா ஆற்றும் நடன் குஞ்சித வண் பாதக் குலா
"திகந்தமெலாஞ் சுற்றித் திரிந்துபட ருற்றும்
இகந்தனிலே மாழ்கலறி வீனம் அகந்தை
தருமசைவு மாய்க்குஞ் சதாசிவமா மோனப்
பரமசிவன் பாதம் பயில்",திகந்தம் எலாம் சுற்றித் திரிந்து படர் உற்றும் இகம் தனிலே மாழ்கல் அறிவீனம் அகந்தை தரும் அசைவு மாய்க்கும் சதாசிவம் ஆம் மோனப் பரமசிவன் பாதம் பயில்
"அறிவோ டிதயத் தடங்கினா ரல்லால்
மிறைதீர்ந்த வுண்மைநிலை மேவார் முறையே
உறக்கத்தோ டேனைவிழிப் பூடுமனத் துக்கு
மறப்புநினைப் பான்மெய் மறைந்து",அறிவோடு இதயத்து அடங்கினார் அல்லால் மிறை தீர்ந்த உண்மை நிலை மேவார் முறையே உறக்கத்தோடு ஏனை விழிப்பு ஊடு மனத்துக்கு மறப்பு நினைப்பால் மெய் மறைந்து
"விவகார நிட்டைதுயின் மெய்யுளியல் பாத்தூங்
கவிகார ஞானி யறியான் புவிமீது
வண்டிச் செலவுநிலை மற்றைக் கிடையதனுட்
கண்டுயில்வோன் காணான் கரி",விவகாரம் நிஷ்டை துயில் மெய் உள் இயல்பாத் தூங்கு அவிகார ஞானி அறியான் புவி மீது வண்டிச் செலவு நிலை மற்றைக் கிடை அதன் உள் கண் துயில்வோன் காணான் கரி
"வண்டிதுயில் வானுக்கவ் வண்டிசெல னிற்றலொடு
வண்டிதனி யுற்றிடுதன் மானுமே வண்டியாம்
ஊனவுட லுள்ளே யுறங்குமெய்ஞ் ஞானிக்கும்
ஆனதொழி னிட்டையுறக் கம்",வண்டி துயில்வானுக்கு அவ்வண்டி செலல் நிற்றலோடு வண்டி தனி உற்றிடுதல் மானுமே வண்டி ஆம் ஊன உடல் உள்ளே உறங்கும் மெய்ஞ் ஞானிக்கும் ஆன தொழில் நிட்டை உறக்கம்
"சான்றா யிருந்தொளிருஞ் சான்றோர்தஞ் சுத்தமனம்
மான்றோராய் மாந்தர் மதிமருளத் தோன்றயலார்
கோட்டம் படிந்தமனக் குற்ற நினைவுகளும்
காட்டும் படிமக் கலன்",சான்றாய் இருந்து ஒளிரும் சான்றோர்தம் சுத்தமனம் மான்றோர் ஆய் மாந்தர் மதி மருளத் தோன்று அயலார் கோட்டம் படிந்த மனக் குற்ற நினைவுகளும் காட்டும் படிமக்கலன்
"சத்துவமுந் தாண்டிச் சரிக்குஞ் சகஜர்கர்த்
தத்துவமுன் னிட்டுழல்வார் தங்கண்ணுக் கெத்துமிகத்
துன்னு மிராஜதர்போற் றோற்றலாற் சிற்சிலகால்
அன்னதுகொண் டையுறா தே",சத்துவமும் தாண்டிச் சரிக்கும் சகஜர் கர்த்தத்துவம் முன்னிட்டு உழல்வார் தம் கண்ணுக்கு எத்து மிகத் துன்னும் இராஜதர் போல் தோற்றலால் சிற்சிலகால் அன்னது கொண்டு ஐ உறாதே
"இம்மை மறுமைக் கிரும்பாவ மும்பழியும்
சும்மையா வீட்டிச் சுமப்பரால் செம்மைக்
குரியரா யோரு மொளிர்ஜீவன் முத்தப்
பெரியார்ப் பிழைத்து விடின்",இம்மை மறுமைக்கு இரும் பாவமும் பழியும் சும்மையா ஈட்டிச் சுமப்பர் ஆல் செம்மைக்கு உரியர் ஆய் ஓரும் ஒளிர் ஜீவன் முத்தப் பெரியார்ப் பிழைத்துவிடின்
"செக்குச் சிவலிங்கந் தேறா தொருங்கொக்க
நக்கிப் பிழைக்குங்கீழ் நாயனையார் பொக்கர்
விழுமியார் தம்மையும் வேறா வுணரா
தொழுகுவா ரொக்கப் பிழைத்து",செக்குச் சிவலிங்கம் தேறாது ஒருங்கு ஒக்க நக்கிப் பிழைக்கும் கீழ் நாய் அனையார் பொக்கர் விழுமியார் தம்மையும் வேறா உணராது ஒழுகுவார் ஒக்கப் பிழைத்து
"சூரியனை நோக்கிச் சுணங்கன் குரைக்கினுமச்
சூரியனை நிந்தை தொடராது சூரியன்போல்
வீரியமெய்ஞ் ஞானவொளி மிக்கோரை மேவாது
பூரியர்தம் புன்சொற் பழி",சூரியனை நோக்கிச் சுணங்கன் குரைக்கினும் அச் சூரியனை நிந்தை தொடராது சூரியன்போல் வீரிய மெய்ஞ் ஞான ஒளி மிக்கோரை மேவாது பூரியர்தம் புன்சொல் பழி
"அகநோக்க மென்னப் புறநோக்க மென்ன
நிகழ்நோக்க வேற்றுமை யின்றித் திகழ்நோக்க
மொன்றேயா வென்று மொழுகுஞ் சிதம்பரனே
பொன்றாத் திதப்பிரஞ்ஞ னாம்",அக நோக்கம் என்னப் புற நோக்கம் என்ன நிகழ் நோக்க வேற்றுமை இன்றித் திகழ் நோக்கம் ஒன்றேயா என்றும் ஒழுகும் சிதம்பரனே பொன்றாத் திதப்பிரஞ்ஞன் ஆம்
"எவனிதய மெய்யுணர்வால் யானற்றுத் தானாஞ்
சிவசொருப மாகத் திகழும் அவனே
எதற்கு மசையா திருக்குமுழு மோனத்
திதப்பிரஞ்ஞ னாகத் தெரி",எவன் இதய மெய் உணர்வால் யான் அற்றுத் தான் ஆம் சிவசொருபம் ஆகத் திகழும் அவனே எதற்கும் அசையாது இருக்கும் முழு மோனத் திதப்பிரஞ்ஞன் ஆகத் தெரி
"சுட்டறிவாற் சிந்தை சுழல்பா மரர்விடயக்
கட்டா முலகெங்குங் காண்பதுபோல் விட்டே
அடிச்சித்தான் மாவெங்கு மார்ந்தொளிரக் காண்பான்
முடிச்சவிழ்த்து நின்ற முனி",சுட்டு அறிவால் சிந்தை சுழல் பாமரர் விடயக் கட்டு ஆம் உலகு எங்கும் காண்பது போல் விட்டே அடிச் சித்து ஆன்மா எங்கும் ஆர்ந்து ஒளிரக் காண்பான் முடிச்சு அவிழ்த்து நின்ற முனி
"விவிதபே தத்தால் விசித்திரமாத் தோற்றுந்
துவிதப் பிரபஞ்சத் தோற்றம் சவிதாவா
யென்று மிருந்தொளிரும் யாவன்முற் றோன்றாது
பொன்றுமோ வன்னான் புதன்",விவித பேதத்தால் விசித்திரமாத் தோற்றும் துவிதப் பிரபஞ்சத் தோற்றம் சவிதா ஆய் என்றும் இருந்து ஒளிரும் யாவன் முன் தோன்றாது பொன்றுமோ அன்னான் புதன்
"என்றுமான் மாவி னிறுமாந் திதயத்தே
நன்றுநிலை பெற்றமெய்ஞ் ஞானிதான் துன்றும்
மயலென்று மெண்ணான் மகிதலத்தைத் தன்னின்
அயலென்று மெண்ணா னறி",என்றும் ஆன்மாவின் இறுமாந்து இதயத்தே நன்று நிலை பெற்ற மெய்ஞ்ஞானி தான் துன்றும் மயல் என்றும் எண்ணான் மகிதலத்தைத் தன்னின் அயல் என்றும் எண்ணான் அறி
"தெரிவிலே தோன்றுஞ் செகமுழுதுஞ் சுத்தத்
தெரிவளவாத் தேர்வான் றெரிவான் தெரிவையலா
தன்னியமா முண்மை யதற்கின்மை கண்டமைவான்
றன்னியனாந் தன்னிலே தான்",தெரிவிலே தோன்றும் செக முழுதும் சுத்தத் தெரிவு அளவாத் தேர்வான் தெரிவான் தெரிவை அலாது அன்னியம் ஆம் உண்மை அதற்கு இன்மை கண்டு அமைவான் தன்னியன் ஆம் தன்னிலே தான்
"அத்துவித பூரணத்தே யாழ்ந்தழிந்த சித்தத்தோர்
பொய்த்துவித வாழ்விற் புலம்புறார் சுத்தவுணர்
வான சொரூப வருட்பரத்தே யஃதன்றி
யானிதுவென் றொன்று மிலை",அத்துவித பூரணத்தே ஆழ்ந்து அமிழ்ந்த சித்தத்தோர் பொய்த் துவித வாழ்வில் புலம்பு உறார் சுத்த உணர்வு ஆன சொரூப அருட்பரத்தே அஃது அன்றி யான் இது என்று ஒன்றும் இலை
"தொடர்பரிந்த கத்தத் துவத்தாலே ஞானி
கடவதாச் செய்கன்மங் காணான் சடமாம்
அயலணுவுந் தோற்றா வறிவாலே யைய
மயலணுவுந் தோற்றாது மற்று",தொடர்பு அரிந்த கத்தத்துவத்தாலே ஞானி கடவதாச் செய் கன்மம் காணான் சடம் ஆம் அயல் அணுவும் தோற்றா அறிவாலே ஐயம் மயல் அணுவும் தோற்றாது மற்று
"உண்டுயிர்த்துக் கண்டுகேட் டுற்றுணரு மைம்புலத்திற்
பண்டுபோ லாகப் பயின்றாலும் மண்டும்
உசாவுரத்தால் விண்டதே யுண்மையொளி யாலே
வசீகரிக்கப் பட்ட மனம்",உண்டு உயிர்த்துக் கண்டு கேட்டு உற்று உணரும் ஐம்புலத்தில் பண்டு போலாகப் பயின்றாலும் மண்டும் உசா உரத்தால் விண்டதே உண்மை ஒளியாலே வசீகரிக்கப்பட்ட மனம்
"ஞானவாழ் வுள்ளத்து நண்ணினோர் புன்புலஞ்சே
ரூனவாழ் விற்சற்று மோகையுறார் மோனவாழ்
வானவது வன்றோ வகண்டபிரம் மானுபவம்
தானவதி யில்லாப் பரம்",ஞான வாழ்வு உள்ளத்து நண்ணினோர் புன்புலம் சேர் ஊன வாழ்வில் சற்றும் ஓகை உறார் மோன வாழ்வு ஆன அது அன்றோ அகண்ட பிரம்ம அனுபவம் தான் அவதி இல்லாப் பரம்
"மறிகடலோ டொன்றா மருவுநதி மாறிப்
பிறிபடுத லில்லாத பெட்பே அறிவுருவாம்
ஆன்ம சொரூப மடைந்த வுயிர்க்கில்லை
தான்மயங்கி மீண்டுஞ் சனிப்பு",மறி கடலோடு ஒன்றா மருவும் நதி மாறிப் பிறிபடுதல் இல்லாத பெட்பே அறிவு உரு ஆம் ஆன்ம சொரூபம் அடைந்த உயிர்க்கு இல்லை தான் மயங்கி மீண்டும் சனிப்பு
"பிறப்போ ரிறப்ப ரிறப்போர் பிறப்பர்
மறப்போ டியைந்தமன மாந்தர் சிறப்பென்னுஞ்
செம்பொருளைத் தேர்ந்துமனஞ் செத்தோர் பிறப்பிறப்பற்
றும்பருள ராங்கே யுணர்",பிறப்போர் இறப்பர் இறப்போர் பிறப்பர் மறப்போடு இயைந்த மன மாந்தர் சிறப்பு என்னும் செம்பொருளைத் தேர்ந்து மனம் செத்தோர் பிறப்பு இறப்பு அற்று உம்பர் உளர் ஆங்கே உணர்
"சச்சித்தைக் கண்டார் சதாசிவத்தைக் கண்டார்மற்
றச்சத் துவித மறக்கண்டார் சொச்சத்
துரியநிலை யாந்தஞ் சுபாவநிலை கண்டார்
பெரியரவர் காணார் பிறப்பு",சத் சித்தைக் கண்டார் சதாசிவத்தைக் கண்டார் மற்று அச்சத் துவிதம் அறக் கண்டார் சொச்சம் துரியநிலை ஆம் தம் சுபாவ நிலை கண்டார் பெரியர் அவர் காணார் பிறப்பு
"முன்னொருகான் மூல முடிச்சவிழப் பெற்றானேற்
பின்னொருகா லத்தும் பிணைபடான் தன்னியல்பாம்
ஈதே யிறைமைநிலை யீதே திறலாட்சி
ஈதே யுபசாந்த மெண்",முன் ஒருகால் மூல முடிச்சு அவிழப் பெற்றானேல் பின் ஒருகாலத்தும் பிணைபடான் தன் இயல்பு ஆம் ஈதே இறைமை நிலை ஈதே திறல் ஆட்சி ஈதே உபசாந்தம் எண்
"மாவத்து வாக மகேசனையுட் கொண்டோர்மற்
றோர்பற்று மற்றோ ருலவுங்கால் ஆபத்
திலாப்பாது காப்பா விருந்தொளிரவ் வீச
னுலாப்போது கின்றா னுணர்",மா வத்துவாக மகேசனை உள் கொண்டோர் மற்று ஓர் பற்றும் அற்றோர் உலவுங்கால் ஆபத்து இலாப் பாதுகாப்பா இருந்து ஒளிர் அவ் ஈசன் உலாப் போதுகின்றான் உணர்
"சித்த நசித்துச் சிவமயமா நிற்கின்றோன்
ஒத்துயிரு ளெல்லா முடனுறைவோன் முத்தனாத்
தெள்ளு மவன்சொருப சிந்தனத்தால் விண்டொளிரும்
உள்ளிருந் துண்மை யொளி",சித்தம் நசித்துச் சிவமயமா நிற்கின்றோன் ஒத்து உயிர் உள் எல்லாம் உடன் உறைவோன் முத்தனாத் தெள்ளும் அவன் சொருப சிந்தனத்தால் விண்டு ஒளிரும் உள் இருந்து உண்மை ஒளி
"சாவாதெஞ் ஞான்றுஞ் சதோதயமாய்ப் பொங்குபர
வாழ்வாமெய்ஞ் ஞான மலிந்தோர்தம் பார்வைநீர்
ஆடினார் தம்மை யமரகதிக் குய்த்திடுமஃ
தீடிலா ஞானமெளி தீந்து",சாவாது எஞ்ஞான்றும் சதோதயமாய்ப் பொங்கு பர வாழ்வு ஆம் மெய்ஞ்ஞானம் மலிந்தோர்தம் பார்வை நீர் ஆடினார் தம்மை அமர கதிக்கு உய்த்திடும் அஃது ஈடு இலா ஞானம் எளிது ஈந்து
"சாதுறவா லுட்டெளிவாய்ச் சாருளவிற் சார்பதமில்
போதகனூற் புண்ணியத்தாற் போ",சாது உறவால் உள் தெளிவு ஆய் சார் உளவில் சார் பதம் இல் போதகன் நூல் புண்ணியத்தால் போ
"ஏகரச மாக விருந்தொளிர்மெய்ஞ் ஞானசிவ
போகரசந் தாந்திளைத்த புந்தியோர் மோகரசக்
கானலாம் பாழைக் கடவுளருங் காதலிக்குந்
தானமா மாற்றுவார் தாம்",ஏகரசம் ஆக இருந்து ஒளிர் மெய்ஞ்ஞான சிவ போக ரசம் தாம் திளைத்த புந்தியோர் மோக ரசக் கானல் ஆம் பாழைக் கடவுளரும் காதலிக்கும் தானமா மாற்றுவார் தாம்
"சாந்தி நிறைந்து ததும்புமுளச் சான்றோர்பால்
ஏய்ந்தவர்தஞ் சித்தமெலா மின்பமாம் தோய்ந்த
குதுகலஞ்சே ரன்னார் குளிர்ந்தமுக மன்றோ
மதுகரஞ்சேர் செந்தா மரை",சாந்தி நிறைந்து ததும்பும் உளச் சான்றோர் பால் ஏய்ந்தவர்தம் சித்தம் எலாம் இன்பம் ஆம் தோய்ந்த குதுகலம் சேர் அன்னார் குளிர்ந்த முகம் அன்றோ மதுகரம் சேர் செந்தாமரை
"ஆன்ற பெரியோர்க் கருட்பணி செய்தொழுகின்
மான்ற வுயிர்க்கு மயக்கமறும் ஊன்றுநிலை
யானவருட் செல்வ மகத்தெய்தும் பேறுபெற்ற
மானவராய் வாழ்வா ரவர்",ஆன்ற பெரியோர்க்கு அருள் பணி செய்து ஒழுகின் மான்ற உயிர்க்கு மயக்கம் அறும் ஊன்று நிலையான அருள் செல்வம் அகத்து எய்தும் பேறு பெற்ற மானவராய் வாழ்வார் அவர்
"என்று முடலேநா னென்னு மியற்கையகத்
தின்றிக் கலக்க மெழாமையால் துன்று
கனவூடுஞ் சிந்தை கலங்கா ரகந்தை
மனவா தனைமாண் டவர்",என்றும் உடலே நான் என்னும் இயற்கை அகத்து இன்றிக் கலக்கம் எழாமையால் துன்று கனவு ஊடும் சிந்தை கலங்கார் அகந்தை மன வாதனை மாண்டவர்
"கலங்கு மனத்தாற் கடையாய நாற்கால்
விலங்கொடுபுள் ளாதியுயிர் மேவும் இலங்கொளிசேர்
யாவனது சிந்தையெவ் வெண்ணத்தா லும்மன்றி
வாழ்வதோ வாழ்வா னவன்",கலங்கும் மனத்தால் கடை ஆய நால் கால் விலங்கொடு புள் ஆதி உயிர் மேவும் இலங்கு ஒளி சேர் யாவனது சிந்தை எவ் எண்ணத்தாலும் அன்றி வாழ்வதோ வாழ்வான் அவன்
"மெத்தவிவ காரங்கண் மேவித்தாஞ் செய்தாலும்
செத்தமன வாதனையார் செய்யாரே சித்தநெடுந்
தூரஞ் செலவிடுத்தார் தொல்கதைதாங் குந்திநெடு
நேரஞ் செவிமடுப்பார் நேர்",மெத்த விவகாரங்கள் மேவித் தாம் செய்தாலும் செத்த மன வாதனையார் செய்யாரே சித்தம் நெடும் தூரம் செல விடுத்தார் தொல்கதை தாம் குந்தி நெடு நேரம் செவி மடுப்பார் நேர்
"வாளா விருந்துமன வாதனைமா எளாராயின்
ஆளா யனைத்துந்தா மாற்றினரே வாளா
கிடந்துங் கனவிற் கிரியேறிப் பள்ளத்
திடந்தலைகீ ழாவிழுவா ரேய்த்து",வாளா இருந்தும் மன வாதனை மாளார் ஆயின் ஆளாய் அனைத்தும் தாம் ஆற்றினரே வாளா கிடந்தும் கனவில் கிரி ஏறிப் பள்ளத்து இடம் தலை கீழ் ஆய் விழுவார் ஏய்த்து
"சேய்மையுளஞ் சென்றுகதை கேட்பார்போல் வாதனைகள்
தேய்மனஞ்செய் துஞ்செய்யா தேயவைகள் தோய்மனஞ்செய்
தின்றேனுஞ் செய்ததே யிங்கசைவற் றுங்கனவிற்
குன்றேறி வீழ்வார் குழி",சேய்மை உளம் சென்று கதை கேட்பார்போல் வாதனைகள் தேய்மனம் செய்தும் செய்யாதே அவைகள் தோய் மனம் செய்து இன்றேனும் செய்ததே இங்கு அசைவு அற்றும் கனவில் குன்று ஏறி வீழ்வார் குழி
"கத்தத் துவங்கெடினுங் கன்மபந் தங்கழன்ற
முத்தரெனக் கூறன் முறையாமோ மற்ற
விருத்தியா லுண்டு வினைசெய் துடலம்
தரித்துக் கிடப்பார் தமை",கத்தத்துவம் கெடினும் கன்ம பந்தம் கழன்ற முத்தர் எனக் கூறல் முறை ஆமோ மற்ற விருத்தியால் உண்டு வினை செய்து உடலம் தரித்துக் கிடப்பார் தமை
"அடைந்தவினைக் காளாகி யப்பெரியோர் தாமும்
இடைந்துபடக் காண்டுமே யென்னின் இடைந்துபடல்
பார்ப்பார்தந் திட்டிப் பரிசன்றி யன்னார்தம்
நோய்ப்பால்சொன் னாரோ நுவல்",அடைந்த வினைக்கு ஆள் ஆகி அப்பெரியோர் தாமும் இடைந்துபடக் காண்டுமே என்னின் இடைந்து படல் பார்ப்பார் தம் திட்டிப் பரிசு அன்றி அன்னார் தம் நோய்ப்பால் சொன்னாரோ நுவல்
"அந்தப் பெரியோ ரதீதமா வுள்ளதையே
சொந்த சொரூபமாத் துய்ப்பாரா இந்தஜடர்
நோய்ப்பா லுடம்புருவா நோக்கலே யன்னோரைப்
பார்ப்பார்தந் திட்டிப் பரிசு",அந்தப் பெரியோர் அதீதமா உள்ளதையே சொந்த சொரூபமாத் துய்ப்பாரா இந்த ஜடர் நோய்ப்பால் உடம்பு உருவா நோக்கலே அன்னோரைப் பார்ப்பார்தம் திட்டிப் பரிசு
"கத்தத் துவங்கழன்று கத்தன் பணிநின்ற
முத்தப் பெரியோரை முன்னித்தாம் நத்திப்
புகழ்வார்பாற் புண்ணியமும் போற்றாதன் னோரை
இகழ்வார்பாற் பாவமும்போ மெண்",கத்தத்துவம் கழன்று கத்தன் பணி நின்ற முத்தப் பெரியோரை முன்னித் தாம் நத்திப் புகழ்வார்பால் புண்ணியமும் போற்றாது அன்னோரை இகழ்வார்பால் பாவமும் போம் எண்
"கன்மமெவ் வாறியலுங் கத்தத் துவங்கழியிற்
கன்மநடை பேறுநாங் காண்டுமே என்னினோ
மாய்ந்தவகப் பற்றான் மகேசனே தம்முளத்துத்
தோய்ந்துசெயப் பெற்றார் துணி",கன்மம் எவ்வாறு இயலும் கத்தத்துவம் கழியில் கன்ம நடைபேறு நாம் காண்டுமே என்னினோ மாய்ந்த அகப் பற்றால் மகேசனே தம் உளத்துத் தோய்ந்து செயப்பெற்றார் துணி
"ஜீவன்முத் தப்பெரியோர் செய்கை யகமமதை
யாவுந்தீர் மோன லகரியால் ஆர்வ
உறக்கத் திடையெழுப்பி யுண்பிக்கப் பட்டுச்
சிறுக்கர் புசிக்குந் திறம்",ஜீவன்முத்தப் பெரியோர் செய்கை அக மமதை யாவும் தீர் மோன லகரியால் ஆர்வ உறக்கத்து இடை எழுப்பி உண்பிக்கப்பட்டுச் சிறுக்கர் புசிக்கும் திறம்
"கூலிக் கெடுப்போன் குறித்தவிடங் கொண்டுபோ
யேலச் சுமையை யிறக்கலெனச் சாலச்
சிறக்குமெய்ஞ் ஞானியுமித் தேகச் சுமையை
யிறக்கியே சிந்தைமகிழ் வான்",கூலிக்கு எடுப்போன் குறித்த இடம் கொண்டுபோய் ஏல் அச் சுமையை இறக்கல் எனச் சாலச் சிறக்கும் மெய்ஞ்ஞானியும் இத் தேகச் சுமையை இறக்கியே சிந்தை மகிழ்வான்
"வீழ்ந்தசிறு ஜந்துதலை மேலெடுக்க வொட்டுமோ
ஆழ்ந்தகடல் வேலை யழியுங்காற் றாழ்ந்தவுடல்
ஊனவகங் காரமெழ வொட்டுமோ மெய்ஞ்ஞான
மோனமுழு வெள்ள முகத்து",வீழ்ந்த சிறு ஜந்து தலை மேல் எடுக்க ஒட்டுமோ ஆழ்ந்த கடல் வேலை அழியுங்கால் தாழ்ந்த உடல் ஊன அகங்காரம் எழ ஒட்டுமோ மெய்ஞ்ஞான மோன முழு வெள்ளம் முகத்து
"வஞ்சமயற் காட்சிக்கண் மாழ்குறுமோ நானற்றுத்
தன்சொருப மாட்சி தரித்தமனம் விஞ்சைசேர்
சுத்தத் துரியவெளிச் சூழலின்௧ண் மெய்ப்படுமோ
பொய்த்துவிதக் காட்சிப் புலம்",வஞ்ச மயல் காட்சிக்கண் மாழ்கு உறுமோ நான் அற்றுத் தன் சொருப மாட்சி தரித்த மனம் விஞ்சை சேர் சுத்தத் துரிய வெளிச் சூழலின்௧ண் மெய்ப்படுமோ பொய்த் துவிதக் காட்சிப் புலம்
"இறந்தும் பிறந்துமுழ லின்னுயிர்தன் னுண்மை
மறந்தவுயிர்ப் பாமெழுச்சி மாய அறிந்தடங்கல்
ஆவன்முற் றச்செய் தடையமிகத் தக்கதாம்
ஜீவன்முத் தானுபவச் சீர்",இறந்தும் பிறந்தும் உழல் இன் உயிர் தன் உண்மை மறந்த உயிர்ப்பு ஆம் எழுச்சி மாய அறிந்து அடங்கல் ஆவல் முற்றச் செய்து அடைய மிகத் தக்கது ஆம் ஜீவன் முத்த அனுபவச் சீர்
"கத்தத் துவங்கெட்டுக் கத்தனாந் தம்புருடன்
செத்துமவன் மூவினையாந் தேவிமார் ஒத்தே
அமங்கலியா காதிருவ ராயொருத்தி மட்டும்
சுமங்கலியா வெஞ்சுவளோ சொல்",கத்தத்துவம் கெட்டுக் கத்தன் ஆம் தம் புருடன் செத்தும் அவன் மூவினை ஆம் ன சோர ஒக்கே அமங்கலி ஆகாது இருவர் ஆய் ஒருத்தி மட்டும் சுமங்கலியா எஞ்சுவளோ சொல்
"பத்தாபோய்க் கைம்மையுருப் பத்தினியெஞ் சாததுபோற்
கத்தாபோ மூவினையுங் காண்",பத்தா போய்க் கைம்மை உறாப் பத்தினி எஞ்சாதது போல் கத்தா போம் மூவினையும் காண்
"பிராரத்தத் தாலே பிறந்தவுடற் கந்தப்
பிராரத்த மென்றும் பிழையா பிராரத்தந்
தான்கடந் தான்சிச் சடக்கிரந்தி பேதித்துத்
தான்றனித்த ஜீவன்முத் தன்",பிராரத்தத்தாலே பிறந்த உடற்கு அந்தப் பிராரத்தம் என்றும் பிழையா பிராரத்தம் தான் கடந்தான் சித் சடக் கிரந்தி பேதித்துத் தான் தனித்த ஜீவன் முத்தன்
"வினைநுகர்ச்சி யேயுடலா மேவினா லார்க்கும்
வினைநுகர்ச்சி யின்றேல் விழாதோ எனவுரைப்பிற்
பூத வுடலம் புலப்பட்ட தாருக்கோ
நீத முறநீ நிகழ்த்து",வினை நுகர்ச்சியே உடலா மேவினால் ஆர்க்கும் வினை நுகர்ச்சி இன்றேல் விழாதோ என உரைப்பின் பூத உடலம் புலப்பட்டது ஆருக்கோ நீதம் உற நீ நிகழ்த்து
"களியனா மந்தன்றன் காயமேற் கூறை
யளைதல் விழுத லறியான் வெளியா
மொளியுருத்தேர் சித்த னுடலியைபு நீக்கந்
தெளிவுறான் மித்தை செடம்",களியன் ஆம் அந்தன் தன் காயம்மேல் கூறை அளைதல் விழுதல் அறியான் வெளி ஆம் ஒளி உருத் தேர் சித்தன் உடல் இயைபு நீக்கம் தெளிவு உறான் மித்தை செடம்
"நிகழ்ந்தசெம் பட்டுமடி நீறாகி யுண்மை
இகந்துமிக வாத்தோற்ற மேய்க்கும் அகந்தைச்
செயிர்தீரப் பெற்ற செழுஞ்சீவன் முத்தர்
உயிரோ டுடம்பி னுரு",நிகழ்ந்த செம்பட்டு மடி நீறு ஆகி உண்மை இகந்தும் இகவாத் தோற்றம் ஏய்க்கும் அகந்தைச் செயிர் தீரப்பெற்ற செழும் சீவன்முத்தர் உயிரோடு உடம்பின் உரு
"ஆன வராக்கா லராவே யறிவதென
ஞானி யியலறிவான் ஞானியே ஞானியியல்
வேறொருவ ராலே விபரீத மாகவலாற்
றேறரிது மெய்ம்மைத் திறத்து",ஆன அராக் கால் அராவே அறிவது என ஞானி இயல் அறிவான் ஞானியே ஞானி இயல் வேறு ஒருவராலே விபரீதம் ஆக அலால் தேற அரிது மெய்ம்மைத் திறத்து
"தன்னையழித் தோங்குந் ததாகார மோனநிலை
மன்னியமெய்ஞ் ஞான மகானந்தி அன்னியமொன்
றோராத மாட்சி யுடையபிரம் மானுபவம்
யாராலு மெண்ண லரிது",தன்னை அழித்து ஓங்கும் தத் ஆகார மோனநிலை மன்னிய மெய்ஞ்ஞான மகா ஆனந்தி அன்னியம் ஒன்று ஓராத மாட்சி உடைய பிரம்மானுபவம் யாராலும் எண்ணல் அரிது பிரமானுபவம் யாராலும் எண்ணலரிது
"தன்னை யழித்தெழுந்த தன்மயா னந்தருக்
கென்னை யுளதொன் நியற்றுதற்குத் தன்னையலா
தன்னிய மொன்று மறியா ரவர்நிலைமை
யின்னதென் றுன்ன லெவன்",தன்னை அழித்து எழுந்த தன்மய ஆனந்தருக்கு என்னை உளது ஒன்று இயற்றுதற்குத் தன்னை அலாது அன்னியம் ஒன்றும் அறியார் அவர் நிலைமை இன்னது என்று உன்னல் எவன்
"அரூபமா நின்றே யனைத்தும் விளக்குஞ்
சொரூபமா முண்மைச் சுடரைத் திரோதமறத்
தானாகத் தானே தழைத்தொளிரக் கண்டமுனி
வானாளு மன்னன் மதி",அரூபமா நின்றே அனைத்தும் விளக்கும் சொரூபம் ஆம் உண்மைச் சுடரைத் திரோதம் றத் தானாகத் தானே தழைத்து ஒளிரக் கண்ட முனி வான் ஆளும் மன்னன் மதி
"சொருபந் தனிலே துயிலறிஞன் சித்தம்
பருவந்து பாழ்படான் பாரில் சொருப
நிருவிகற்ப மோன நிரதிசயா னந்தப்
பரவையிற்பே ராது படிந்து",சொருபம் தனிலே துயில் அறிஞன் சித்தம் பருவந்து பாழ்படான் பாரில் சொருப நிருவிகற்ப மோன நிரதிசயானந்தப் பரவையில் பேராது படிந்து
"நனவாய தன்னை நழுவிப்போய் மாயக்
கனவாகக் காணு முலகை நனவாகப்
போற்றும் புலவரும் வேறே தமையுணர்ந்து
தேற்றும் புலவரும் வேறு",நனவு ஆய தன்னை நழுவிப்போய் மாயக் கனவு ஆகக் காணும் உலகை நனவு ஆகப் போற்றும் புலவரும் வேறே தமை உணர்ந்து தேற்றும் புலவரும் வேறு
"நுனித்துநுனித் தெத்தனைதா நோக்கினுமெய்ந் நூல்கள்
தனைத்தனினற் காயவே சாற்றும் மனித்தன்
கடிமுகங்கண் டுள்ளங் களிப்பதே யன்றோ
படிமக் கலங்காண் பலன்",நுனித்து நுனித்து எத்தனை தாம் நோக்கினும் மெய்ந் நூல்கள் தனைத் தனில் நன்கு ஆயவே சாற்றும் மனித்தன் கடிமுகம் கண்டு உள்ளம் களிப்பதே அன்றோ படிமக்கலம் காண் பலன்
"வேத்தியமாந் தம்மை விளக்கலுறு மெய்ஞ்ஞான
சாத்திரமாந் தர்ப்பணத்தைச் சார்ந்தாருட் சூத்திரமா
பாடியத்தைப் பார்ப்பார் பலராகத் தம்மியலைத்
தேடியறிந் துய்வார் சிலர்",வேத்தியம் ஆம் தம்மை விளக்கல் உறும் மெய்ஞ்ஞான சாத்திரம் ஆம் தர்ப்பணத்தைச் சார்ந்தாருள் சூத்திர மா பாடியத்தைப் பார்ப்பார் பலர் ஆகத் தம் இயலைத் தேடி அறிந்து உய்வார் சிலர்
"மெய்ஞ்ஞானி வேறேயம் மெய்ஞ்ஞான நூலுணர்ந்த
விஞ்ஞானி வேறே விளம்புங்கால் அஞ்ஞானக்
கட்டறக்காண் பார்க்குக் கலைஞரைநீத் தான்மபர
நிட்டர்பாற் சேர்தலே நேர்",மெய்ஞ்ஞானி வேறே ௮ம் மெய்ஞ்ஞான நூல் உணர்ந்த விஞ்ஞானி வேறே விளம்புங்கால் அஞ்ஞானக் கட்டு அறக் காண்பார்க்குக் கலைஞரை நீத்து ஆன்ம பர நிட்டர்பால் சேர்தலே நேர்
"அருள்வல் லபத்தா லனைத்தையுந் தாங்கும்
பொருளுணர்ந்த ஞானி புகல்சொல் இருளின்
வயப்பட்டு நீடு மயங்குயிர்கட் கென்று
முயப்பற்றுக் கோடா முணர்",அருள் வல்லபத்தால் அனைத்தையும் தாங்கும் பொருள் உணர்ந்த ஞானி புகல் சொல் இருளின் வயப்பட்டு நீடு மயங்கு உயிர்கட்கு என்றும் உயப் பற்றுக்கோடு ஆம் உணர்
"தொழிலறலே ஞானத் துணிபேற் றொழுவாற்
றொழிலறலு ஞானத் துணிபே தொழிலின்
உவப்புவர்ப்பு நீத்துள்ளத் தோர்பொறுப்பு மில்லா
நிவப்பதுகாண் ஞான நிலை",தொழில் அறலே ஞானத் துணிபேல் தொழுவால் தொழில் அறலும் ஞானத் துணிபே தொழிலின் உவப்பு உவர்ப்பு நீத்து உள்ளத்து ஓர் பொறுப்பும் இல்லா நிவப்பு அது காண் ஞான நிலை
"எண்ணக் கடவதா யாதுமிலை யெண்ணமற்ற
வண்ணமாத் தன்மயத்தில் வாழ்வோர்க்கு நண்ணக்
கடவதுமோ ஸனானுபவக் காட்சியே தன்பாற்
படர்வதொன்று மில்லை பரத்து",எண்ணக் கடவதா யாதும் இலை எண்ணம் அற்ற வண்ணமாத் தன்மயத்தில் வாழ்வோர்க்கு நண்ணக் கடவது மோனானுபவக் காட்சியே தன்பால் படர்வது ஒன்றும் இல்லை பரத்து
"இருத்தலே தம்மெய் யியல்பென் றுணர்ந்து
கருத்தறுகம் பீரநிலை கண்டோர் பெருத்த
பலகா ரியங்கள் பயிற்றினுங்கர்த் தாவா
மலகா ரகர்த்தர் மதி",இருத்தலே தம் மெய் இயல்பு என்று உணர்ந்து கருத்து அறு கம்பீர நிலை கண்டோர் பெருத்த பல காரியங்கள் பயிற்றினும் கர்த்தாவா மலகார் அகர்த்தர் மதி
"அறத்துறையின் முற்றி யதீதமாந் தம்மெய்த்
திறத்துறைநன் முத்தராஞ் சீவர் புறத்து
நிகழ்த்தலே போன்று நியம நெறியை
இகத்தலுமோ ரே௭ ருடைத்து",அறத் துறையில் முற்றி அதீதமாத் தம் மெய்த் திறத்து உறை நல் முத்தர் ஆம் சீவர் புறத்து நிகழ்த்தலே போன்றும் நியம நெறியை இகத்தலும் ஓர் ஏர் உடைத்து
"அசரீரி யான வகண்டமா முத்தன்
சசரீரி போலச் சரித்தல் வசமாப்
படியளந்த மால்போற் பராகாய வீதி
யடியளந்தாற் போலு மறி",அசரீரி ஆன அகண்ட மா முத்தன் சசரீரி போலச் சரித்தல் வசமாப் படி அளந்த மால்போல் பராகாய வீதி அடி அளந்தால் போலும் அறி
"கருவி கரணசங் காதமே செய்கை
புரியும் வினைமுதலாப் போக்கிப் புரிவனவாய்
வைகுமவற் றோடெவ் வகைத்தொடர்பு மில்லறிஞன்
செய்குறினுஞ் செய்கலா தான்",கருவி கரண சங்காதமே செய்கை புரியும் வினைமுதலாப் போக்கிப் புரிவனவாய் வைகும் அவற்றோடு எவ்வகைத் தொடர்பும் இல் அறிஞன் செய்குறினும் செய்கலாதான்
"போந்ததுகொண் டுள்ளம்பூ ரித்தோராய்த் தொந்தமெலாம்
நீந்தினராய் மாச்சரிய நீங்கினராய்ச் சாந்தநிலை
துன்னினராய் வெற்றியொடு தோல்வியிடை யாற்றுமவர்
கன்மமதாற் கட்டுண் கலார்",போந்தது கொண்டு உள்ளம் பூரித்தோராய்த் தொந்தம் எலாம் நீந்தினராய் மாச்சரியம் நீங்கினராய்ச் சாந்த நிலை துன்னினராய் வெற்றியொடு தோல்வி இடை ஆற்றும் அவர் கன்மம் அதால் கட்டுண்கலார்
"எய்தலிலின் புற்றழுக்கா றிற்றிரட்டை யெற்றுசமன்
செய்திடினுஞ் சிக்கற்றான் றேர்",எய்தலில் இன்பு உற்று அழுக்காறு இற்று இரட்டை ஏற்று சமன் செய்திடினும் சிக்கு அற்றான் தேர்
"புறச்சின்னங் கொண்டுபிர போதனையா ராய்வார்
வெறிச்சென்ன நோக்கியே மீள்வர் வெறிச்ச
முகத்துநோக் காலே முகந்தறிய வொண்ணா
வகத்தொளி காணா ரவர்",புறச்சின்னம் கொண்டு பிரபோதனை ஆராய்வார் வெறிச்சு என்ன நோக்கியே மீள்வர் வெறிச்ச முகத்து நோக்காலே முகந்து அறிய ஒண்ணா அகத்து ஒளி காணார் அவர்
"சித்திகளே கொண்டு தெரிக்கப் படுஞ்சீவன்
முத்தரது மாட்சி முரண்படுமே முத்தரவர்
சித்திகள்சேர்ந் தேனுமவை சேராதே னுந்திகழ்வர்
சித்திவியப் பாரோரார் தேர்",சித்திகளே கொண்டு தெரிக்கப்படும் சீவன் முத்தரது மாட்சி முரண்படுமே முத்தரவர் சித்திகள் சேர்ந்தேனும் அவை சேராதேனும் திகழ்வர் சித்தி வியப்பார் ஓரார் தேர்
"சேணிற் கிடந்தொளிர்சச் சிட்டர் பெருமையைத்தம்
மாணத் தகாப்புன் மயலாலே காணப்பல்
சித்திகள்கற் பித்துச் சிறுமைப் படுத்துறுமுன்
மத்தர் மலிந்த துலகு",சேணில் கிடந்து ஒளிர் சத் சிட்டர் பெருமையைத் தம் மாணத்தகாப் புன் மயலாலே காணப் பல் சித்திகள் கற்பித்துச் சிறுமைப் படுத்து உறும் உன்மத்தர் மலிந்தது உலகு
"தன்மயராம் பூரணர்க்குச் சித்திகளாற் சால்புரைத்தல்
இன்னுழையுஷஞ் செங்கதிரின் றுன்னணுச்சீர் வன்னம்
நிகழ்த்துவத னாலே நிறைசுடர்ஞா யிற்றின்
மகத்துவநன் கோதன் மதி",தன்மயர் ஆம் பூரணர்க்குச் சித்திகளால் சால்பு உரைத்தல் இல் நுழையும் செங்கதிரின் துன் ல சீர் வன்னம் நிகழ்த்துவதனாலே நிறைசுடர் ஞாயிற்றின் மகத்துவம் நன்கு ஓதல் மதி
"உடலுலக வாழ்க்கை யொராங்கே நிகழ
வுடலுலகைச் சித்தா வுணர்ந்தோன் உடலுலக
பெத்தனாத் தன்னைப் பிறரை மருட்டுவான்
முத்தனையார் தேர்வர் முகத்து",உடல் உலக வாழ்க்கை ஒராங்கே நிகழ உடல் உலகைச் சித்தா உணர்ந்தோன் உடல் உலக பெத்தனாத் தன்னைப் பிறரை மருட்டுவான் முத்தனை யார் தேர்வர் முகத்து
"வாலிதா மெய்ஞ்ஞான மாட்சி யளிப்பதாய்
ஏல்புடைய வெல்லா வெழுத்துக்கும் மூலமாய்
ஓரெழுத்தென் றுந்தானா யுள்ளத் தொளிர்வதாம்
ஆரெழுத வல்லா ரதை",வாலிதாம் மெய்ஞ்ஞான மாட்சி அளிப்பதாய் ஏல்புடைய எல்லா எழுத்துக்கும் மூலமாய் ஓர் எழுத்து என்றும் தானாய் உள்ளத்து ஒளிர்வதாம் ஆர் எழுத வல்லார் அதை
"அக்கரம தோரெழுத் தாகுமிப் புத்தகத்தோ
ரக்கரமா மஃதெழுத வாசித்தா யக்கரமா
மோரெழுத்தென் றுந்தானா யுள்ளத் தொளிர்வதா
மாரெழுத வல்லா ரதை",அக்கரம் அது ஓர் எழுத்து ஆகும் இப் புத்தகத்து ஓர் அக்கரம் ஆம் அஃது எழுத ஆசித்தாய் அக்கரம் ஆம் ஓர் எழுத்து என்றும் தானாய் உள்ளத்து ஒளிர்வதாம் ஆர் எழுத வல்லார் அதை
"சாலத் தெளிவுடைத்தாய்ச் சத்தியமா யெம்மொழிக்கும்
மூலமாந் தெய்வ மொழிவினவின் ஆலடியின்
ஞான சொரூபமா நம்பனுப தேசிக்கும்
மோனமே யந்த மொழி",சாலத் தெளிவு உடைத்தாய்ச் சத்தியமாய் எம் மொழிக்கும் மூலம் ஆம் தெய்வ மொழி வினவின் ஆல் அடியில் ஞான சொரூபமாம் நம்பன் உபதேசிக்கும் மோனமே அந்த மொழி
"உரைபலவற் றாலு மொளிர்விக்க வொண்ணாப்
பெருமைசா லந்தப் பிரம்மம் அரிதாம்
குருமோனத் தாலே குலவலினம் மோன
வுரையேகாண் மிக்க வுரை",உரை பலவற்றாலும் ஒளிர்விக்க ஒண்ணாப் பெருமைசால் அந்தப் பிரம்மம் அரிதாம் குரு மோனத்தாலே குலவலின் அம் மோன உரையே காண் மிக்க உரை
"சால யதார்த்தம்போற் சாருங் கணிகத்துக்
காலயவிஞ் ஞான மடிப்படையாம் ஆலயவிஞ்
ஞானந் தனக்கு நலியாவா தாரசிலை
மோனமாந் தொல்லை முதல்",சால யதார்த்தம்போல் சாரும் கணிகத்துக்கு ஆலய விஞ்ஞானம் அடிப்படையாம் ஆலய விஞ்ஞானம் தனக்கு நலியா ஆதார சிலை மோனமாம் தொல்லை முதல்
"ஒன்றுமதி யூகத்தா லுண்டின் றுருவருவென்
றொன்றிரண் டென்று முரையாடா தென்றும்
தவலிலனு பூதியாஞ் சச்சிதா னந்த
மவுனமே யுண்மை மதம்",ஒன்றும் மதி யூகத்தால் உண்டு இன்று உரு அர என்று ஒன்று இரண்டு என்றும் உரையாடாது என்றும் தவல் இல் அனுபூதியாம் சத் சித் ஆனந்த மவுனமே உண்மை மதம்
"ஜாதிமத மோகச் சடங்கா யிரத்தாலும்
பேதமதி சற்றும் பெயருமோ ஓதுமதீ
தாதிமத மோன வருள்வாழ் வுளம்பற்றிப்
போதமுதி யாத பொழுது",ஜாதி மத மோகச் சடங்கு ஆயிரத்தாலும் பேத மதி சற்றும் பெயருமோ ஓதும் அதீத ஆதி மத மோன அருள் வாழ்வு உளம் பற்றிப் போதம் உதியாத பொழுது
"மாக்கடல்வா யோடி மடுக்கு நதித்திரள்போற்
றேக்குசிதா னந்த சிவாம்புதிக்கே நோக்கமாச்
செல்லுமத மெல்லாஞ் சிவமயமா மாதலால்
இல்லைபே தத்துக் கிடம்",மாக்கடல் வாய் ஓடி மடுக்கும் நதித் திரள்போல் தேக்கு சிதானந்த சிவ அம்புதிக்கே இதனா செல்லும் மதம் எல்லாம் சிவமயமாம் ஆதலால் இல்லை பேதத்துக்கு இடம்
"கொள்கைக்கட் பேதங் குறித்ததா னாரெனுமக்
கொள்கைகுறிக் கொண்டுண்மூழ் குங்காலை உள்ளதனை
அன்றிநா னின்றி யழிதலா லம்மோனத்
தொன்றுமோ பேத வுணர்வு",கொள்கைக்கண் பேதம் குறித்த தான் ஆர் எனும் அக் கொள்கை குறிக்கொண்டு உள் மூழ்குங்காலை உள்ளதனை அன்றி நான் இன்றி அழிதலால் அம்மோனத்து ஒன்றுமோ பேத உணர்வு
"ஒன்றாதேற் பேத வுணர்ச்சியம் மோனத்துள்
ஒன்றுமோ மற்றை யுணர்ச்சிதான் என்றாலோ
பேத வுணர்ச்சி பிரிதலே மெய்யறிஞர்
ஓது மபேத வுணர்வு",ஒன்றாதேல் பேத உணர்ச்சி அம் மோனத்துள் ஒன்றுமோ மற்றை உணர்ச்சிதான் என்றாலோ பேத உணர்ச்சி பிரிதலே மெய்யறிஞர் ஓதும் அபேத உணர்வு
"ஊன வினாவிடைக ளுண்மை துவிதமொழிக்
கானதா மன்றி யறியுங்கால் மோனமாம்
அத்துவிதச் செம்மொழிக்க ணந்த வினாவிடைகள்
எத்துணையு மெய்த லிலை",ஊன வினா விடைகள் உண்மை துவிதமொழிக்கு ஆனதாம் அன்றி அறியுங்கால் மோனமாம் அத்துவிதச் செம்மொழிக்கண் அந்த வினா விடைகள் எத்துணையும் எய்தல் இலை
"இத்துவித பாடையி லேயே வினாவிடைகள்
அத்துவிதத் தின்றே யவை",இத்துவித பாடையிலேயே வினா விடைகள் அத்துவிதத்து இன்றே அவை
"யாங்கெய்தி நின்றா லிருவர்மன முங்கலக்கும்
ஆங்கெய்தி நிற்றலே யாயுங்காற் பாங்கெய்தும்
கூரார்ந்த கேள்விக் குலாவுடையோர் தம்முளிடை
பேராது பேசுறுமெய்ப் பேச்சு",யாங்கு எய்தி நின்றால் இருவர் மனமும் கலக்கும் ஆங்கு எய்தி நிற்றலே ஆயுங்கால் பாங்கு எய்தும் கூர் ஆர்ந்த கேள்விக் குலா உடையோர் தம் உள் இடை பேராது பேசு உறும் மெய்ப் பேச்சு
"விகற்பமா மோக வெளிற்றறிவு நீங்கி
முகப்பதா மோனப் பதமே சுகப்பதமாச்
சாதிக்க வேண்டு தவத்தா லிதயத்தே
சோதித் தடைசொருபங் காண்",விகற்பமாம் மோக வெளிற்று அறிவு நீங்கி முகப்பதாம் மோனப் பதமே சுகப் பதமாச் சாதிக்க வேண்டு தவத்தால் இதயத்தே சோதித்து அடை சொருபங் காண்
"துட்டவகங் காரமனத் தோற்றமாங் கற்பனைதீர்
வெட்டவெளி யாக விளங்கலே மட்டறுமெய்ஞ்
ஞானானு பூதியா நண்ணுமே காத்துவித
மோனானு பூதி முறை",துட்ட அகங்கார மனத் தோற்றமாம் கற்பனை தீர் வெட்ட வெளியாக விளங்கலே மட்டு அறும் மெய்ஞ்ஞான அனுபூதியா நண்ணும் ஏக அத்துவித மோன அனுபூதி முறை
"சுத்தமனத் தூடு சுடர்சொருப மோனமே
முத்தித் துவாரமா முற்றுவதால் ஒத்த
வழியாது பற்றி வழங்கினுந்தா மந்தப்
புழையே முடிவாம் புகல்",சுத்த மனத்து ஊடு சுடர் சொருப மோனமே முத்தித் துவாரமா முற்றுவதால் ஒத்த வழி யாது பற்றி வழங்கினும் தாம் அந்தப் புழையே முடிவாம் புகல்
"அத்துவிதச் செம்பொருளா மான்மசொரு பத்தைமுழுச்
சித்தமொடு நீக்கமறச் சிந்திப்பே சுத்தபர
மோனமா மன்றிவெறு மூடமனச் சோம்பலுணர்
வூனமா மோகமே யோர்",அத்துவிதச் செம்பொருளாம் ஆன்ம சொரூபத்தை முழுச் சித்தமொடு நீக்கமறச் சிந்திப்பே சுத்த பர மோனமாம் அன்றி வெறும் மூட மனச் சோம்பல் உணர்வு ஊன மா மோகமே ஓர்
"எழாதசெஞ் சொல்லா மெழிற்பரா வாக்கால்
வழாது சிவன்றாள் வழுத்தித் தொழாதுதொழும்
திண்மை நழுவாதுட் சேர்மோன மேயியல்பாம்
உண்மை வழிபா டுணர்",எழாத செம் சொல்லாம் எழில் பராவாக்கால் வழாது சிவன் தாள் வழுத்தித் தொழாது தொழும் திண்மை நழுவாது உள் சேர் மோனமே இயல்பு ஆம் உண்மை வழிபாடு உணர்
"சிவத்திலே தம்முண்மை தேர்ந்தோரே யான்ற
சுவத்தமா மோனநிலை தோய்ந்தோர் சிவத்துக்
கயலான வற்றி லகம்புத்தி நீங்கிச்
செயலற்று நில்லாய் சிவத்து",சிவத்திலே தம் உண்மை தேர்ந்தோரே ஆன்ற சுவத்தம் ஆம் மோனநிலை தோய்ந்தோர் சிவத்துக்கு அயலானவற்றில் அகம் புத்தி நீங்கிச் செயல் அற்று நில்லாய் சிவத்து
"யானாய பொய்ம்முதலா ரென்றுசாஅய் யானற்ற
தானாய வீசன்மெய்த் தத்துவத்தே தானே
மரணமா யொன்று மவுனநிலை மாண்பே
சரணா கதிதன்மச் சால்பு",யான் ஆய பொய்ம்முதல் ஆர் என்று உசாஅய் யான் அற்ற தான் ஆய ஈசன் மெய்த் தத்துவத்தே தானே மரணம் ஆய் ஒன்றும் மவுனநிலை மாண்பே சரணாகதி தன்மச் சால்பு
"பழவினைப் பாங்கே பரனாட்டு விப்பான்
கிழவனை யஃது கெடவே பழவினையால்
ஊனமாஞ்் செய்ம்முயற்சி யூறுகளு மூதியமாம்
மோனமா நிற்கை முறை",பழவினைப் பாங்கே பரன் ஆட்டுவிப்பான் கிழவனை அஃது கெடவே பழவினையால் ஊனம் ஆம் செய்ம் முயற்சி ஊறுகளும் ஊதியம் ஆம் மோனமா நிற்கை முறை
"எல்லாஞ்செய் வல்ல விறைநியதிக் கேறுமா
றொல்லாது செய்ய வொருவர்க்கும் பொல்லாத
ஊனமா மாய வுளக்கவலை யோய்ந்தடிக்கே
மோனமாய் நிற்கை முறை",எல்லாம் செய் வல்ல இறை நியதிக்கு ஏறுமாறு ஒல்லாது செய்ய ஒருவர்க்கும் பொல்லாத ஊனமாம் மாய உளக் கவலை ஓய்ந்து அடிக்கே மோனம் ஆய் நிற்கை முறை
"அலையுமன நீரி லகந்தையாஞ் சாயை
அலைவதனை மாற்றுமுறை யாயின் நிலைநழுவத்
தானதனை நோக்காது தன்னையே தான்குறித்து
மோனமுற நிற்கை முறை",அலையும் மனம் நீரில் அகந்தையாம் சாயை அலைவு அதனை மாற்றும் முறை ஆயின் நிலை நழுவத் தான் அதனை நோக்காது தன்னையே தான் குறித்து மோனம் உற நிற்கை முறை
"நானற் றொழுகுமெய்ஞ் ஞான சமாதியே
மோனத் தவமென்பர் மூதறிஞர் ஊன
நினைப்பற்ற மோன நிகழ்ச்சியுற நெஞ்சிற்
றனைப்பற்றல் சாதன மாம்",நான் அற்று ஒழுகும் மெய்ஞ்ஞான சமாதியே மோனத் தவம் என்பர் மூது அறிஞர் ஊன நினைப்பு அற்ற மோன நிகழ்ச்சி உற நெஞ்சில் தனைப் பற்றல் சாதனம் ஆம்
"மற்றவற்றைச் சுட்டி மதித்துப் புறம்போகா
துற்றதன் னுண்மைநிலை யோர்ந்துளத்து நிற்றலால்
நானென்னும் போத நழுவப் பிறங்குசுத்த
மோனமே ஞான முடிபு",மற்றவற்றைச் சுட்டி மதித்துப் புறம் போகாது உற்ற தன் உண்மைநிலை ஓர்ந்து உளத்து நிற்றலால் நான் என்னும் போதம் நழுவப் பிறங்கு சுத்த மோனமே ஞான முடிபு
"கனாமகன்கட் கண்டவிவ காரநகை யாகி
நனாமகனாட் டத்துநலிந் தாற்போற் றனாதிடத்துக்
கற்பிதமாஞ் சீவவிவ காரமுந்தற் போதத்துத்
தப்புதலா லெல்லாஞ் சழக்கு",கனாமகன்கண் கண்ட விவகாரம் நகையாகி நனா மகன் நாட்டத்து நலிந்தாற்போல் தனாது இடத்துக் கற்பிதம் ஆம் சீவ விவகாரமும் தற்போதத்துத் தப்புதலால் எல்லாம் சழக்கு
"தள்ளரிய சங்கற்ப ஜாலங் களையெல்லாம்
தள்ளியகங் காரமுளஞ் சாருங்கால் உள்ளொளிரும்
பூன்றசொரூ பாகார போதமா மோனமே
ஆன்றபரா வாக்கென் றறி",தள் அரிய சங்கற்ப ஜாலங்களை எல்லாம் தள்ளி அகங்காரம் உளம் சாருங்கால் உள் ஒளிரும் பூன்ற சொரூபாகார போதமாம் மோனமே ஆன்ற பராவாக்கு என்று அறி
"குழலினிது யாழினிது கொஞ்சுந்தம் மக்கள்
மழலைமொழி மாணவினி தென்பர் உழலுமனம்
ஓய்ந்துபரா வாக்கா முடையா னருண்மொழியை
ஆய்ந்துதாங் கேளா தவர்",குழல் இனிது யாழ் இனிது கொஞ்சும் தம் மக்கள் மழலை மொழி மாண இனிது என்பர் உழலும் மனம் ஓய்ந்து பராவாக்கு ஆம் உடையான் அருள் மொழியை ஆய்ந்து தாம் கேளாதவர்
"உள்ளெழுசங் கற்பமா மோசை யடங்கினலால்
விள்ளரிய மோனநிலை விள்ளாதே உள்ளே
விருத்தியடங் குற்றோர் வியன்போர்க் களத்தும்
உரத்தமுழு மோனம் விடார்",உள் எழு சங்கற்பமாம் ஓசை அடங்கின் அலால் விள் அரிய மோனநிலை விள்ளாதே உள்ளே விருத்தி அடங்குற்றோர் வியன் போர்க்களத்தும் உரத்த முழு மோனம் விடார்
"ஊனமா மூத்தை யுடலகந்தை யோய்ந்துளஞ்சேர்
மோனமா முண்மை முடிவுணரார் ஞான
சுயாராய் விலார்மேற்கொள் சொன்மோனஞ் சித்த
வியாபார மன்றோ விளம்பு",ஊனம் ஆம் ஊத்தை உடல் அகந்தை ஓய்ந்து உளம் சேர் மோனம் ஆம் உண்மை முடிவு உணரார் ஞான சுய ஆராய்வு இலார் மேற்கொள் சொல் மோனம் சித்த வியாபாரம் அன்றோ விளம்பு
"புன்மாய மோகப் புலவிடய வேட்கையாம்
உன்மாத முற்று மொழிந்துபோய்த் தன்மூலத்
தாழ்வா லகந்தையறி வற்றொளிர்மெய்ஞ் ஞானான்ம
வாழ்வே மனோரம் மியம்",புன்மாய மோகப் புலவிடய வேட்கையாம் உன்மாதம் முற்றும் ஒழிந்துபோய்த் தன் மூலத்து ஆழ்வால் அகந்தை அறிவு அற்று ஒளிர் மெய்ஞ் ஞான ஆன்ம வாழ்வே மனோரம்மியம்
"சுத்தமோ னத்துச் சுடர்விட் டொஎளிர்சொருபப்
புத்தமுதார்ந் துள்ளமகிழ் பொங்குவோர் சித்தமயல்
சேர்ந்தவுன் மாதச் சிறுகளிசேர் புன்புலத்தை
ஓர்ந்துலகத் தூழ்த்த லுறார்",சுத்த மோனத்துச் சுடர் விட்டு ஒளிர் சொருபப் புத்தமுது ஆர்ந்து உள்ளம் மகிழ் பொங்குவோர் சித்தமயல் சேர்ந்த உன்மாதச் சிறு களி சேர் புன் புலத்தை ஓர்ந்து உலகத்து ஊழ்த்தல் உறார்
"அகிலவே தாகமசித் தாந்தமா வான்றோர்
மிகவிளங்கத் தேறலுற்ற மெய்ம்மை சகல
தருமோப தேச சதாசரணை மோனப்
பரமோப சாந்தப் பதம்",அகில வேத ஆகம சித்தாந்தமா ஆன்றோர் மிக விளங்கத் தேறல் உற்ற மெய்ம்மை சகல தரும உபதேச சத் ஆசரணை மோனப் பரம உபசாந்தப் பதம்
"அறமாதி யாவு மறவிடுத்தல் வீட்டுத்
திறமா முபசாந்திச் சீர்மை பிறவற்றின்
சிந்தையற விட்டுச் சிவமாம் பரசொருபப்
புந்தியுறு மோனமே போற்று",அறம் ஆதி யாவும் அற விடுத்தல் வீட்டுத் திறம் ஆம் உபசாந்திச் சீர்மை பிறவற்றின் சிந்தை அற விட்டுச் சிவமாம் பரசொருபப் புந்தியுறும் மோனமே போற்று
"குற்றங் குறையொன்றுங் கூறிக் கொளவுளத்துட்
சற்றுமிட மற்றவுப சாந்தமே முற்றிலுந்தாம்
தம்மைச் சிவபதத்திற் றன்மயமா யர்ப்பித்த
செம்மையுறு பத்தித் திறம்",குற்றம் குறை ஒன்றும் கூறிக்கொள உளத்துள் சற்றும் இடம் அற்ற உபசாந்தமே பட்ட தாம் தம்மைச் சிவபதத்தில் தன்மயமாய் அர்ப்பித்த செம்மை உறு பத்தித் திறம்
"இறைவ னருளுக் கிலக்காகி யின்ப
நிறைவுண்மை நின்றொளிரு நெஞ்சத் துறுமோ
அறியாமை யாமூ னகந்தை யறிவின்
குறியா மனப்புன் குறை",இறைவன் அருளுக்கு இலக்கு ஆகி இன்ப நிறைவு உண்மை நின்று ஒளிரும் நெஞ்சத்து உறுமோ அறியாமையாம் ஊன் அகந்தை அறிவின் குறியாம் மனப் புன் குறை
"வேற்றுநினை வுள்ளத்து மேவுமட்டே தன்னினைவாற்
றேற்றுமிறை தன்னினைவு சேர்தலாம் வேற்று
நினைவழிவா லந்த நினைவுமழி வேமெய்ந்
நினைவா நினையா நினைவு",வேற்று நினைவு உள்ளத்து மேவும் மட்டே தன் நினைவால் தேற்றும் இறை தன் நினைவு சேர்தல் ஆம் வேற்று நினைவு அழிவால் அந்த நினைவும் அழிவே மெய்ந் நினைவாம் நினையா நினைவு
"துன்றுநினை வொன்றுமறச் சும்மா விருப்பைநினை
வென்றவழக் கென்னை யியம்புகெனின் என்றும்
மறப்பிலா வுண்மை மயமா முணர்ச்சித்
திறத்தினா லென்றே தெளி",துன்றும் நினைவு ஒன்றும் அறச் சும்மா இருப்பை நினைவு என்ற வழக்கு என்னை இயம்புக எனின் என்றும் மறப்பு இலா உண்மை மயமாம் உணர்ச்சித் திறத்தினால் என்றே தெளி
"களந்ததும்பு மாயக் கருத்தழிந்து வான்போல்
உளந்திறந்து பொங்கு மொளியாற் நெளிந்த
உபசாந்த முற்றவிடத் துட்சுரக்கு மன்பே
சிவமார்ந்த மெய்ப்பத் திமை",களம் ததும்பும் மாயக் கருத்து அழிந்து வான்போல் உளம் திறந்து பொங்கும் ஒளியால் தெளிந்த உபசாந்தம் உற்ற இடத்து உள் சுரக்கும் அன்பே சிவம் ஆர்ந்த மெய்ப் பத்திமை
"தன்னையே மிக்க சதாகதியாச் சார்ந்தொழுகுந்
தன்னியரே தன்மெய் தலைப்படுவார் அன்னியருக்
கந்த வனந்த வருட்பரந் தாமவீ
டெந்தவிதத் தாலு மரிது",தன்னையே மிக்க சதாகதியாச் சார்ந்து ஒழுகும் தன்னியரே தன் மெய் தலைப்படுவார் அன்னியருக்கு அந்த அனந்த அருட் பரந்தாம வீடு எந்த விதத்தாலும் அரிது
"ததீயர் தனக்கே சகலவிதத் தாலு
மதீனமா நின்றமெய் யன்பர் அதீதமா
வோங்குபரந் தாம முலப்பிலா வன்புபட்ட
வாங்கவர்க்கே முற்றூட் டறி",ததீயர் தனக்கே சகல விதத்தாலும் அதீனமா நின்ற மெய் அன்பர் அதீதமா ஓங்கு பரந் தாமம் உலப்பு இலா அன்புபட்ட ஆங்கு அவர்க்கே முற்றூட்டு அறி
"சித்திகள்பல் வேறாகச் செப்பினுமப் பல்வேறு
சித்திகட்கு ஞானமே சென்னியாம் சித்திகளுள்
ஏனையபெற் றார்ஞான மிச்சிப்ப ரிச்சியார்
ஞானமுற்றா ரேனையவை நாடு",சித்திகள் பல் வேறு ஆகச் செப்பினும் அப் பல்வேறு சித்திகட்கும் ஞானமே சென்னியாம் சித்திகளுள் ஏனைய பெற்றார் ஞானம் இச்சிப்பர் இச்சியார் ஞானம் உற்றார் ஏனையவை நாடு
"ஆன்ம சொருபசித்த ரான்றசித்தி யவ்வொன்றால்
ஏனையவை யாவுமொருங் கெய்தினரே ஆனவெலாம்
விண்ணுளகி லம்போல் வியத்தா வியத்தமாய்
நண்ணுறுஞா ஸனான்மசித்தர் மாட்டு",ஆன்ம சொரூப சித்தர் ஆன்ற சித்தி அவ் ஒன்றால் ஏனையவை யாவும் ஒருங்கு எய்தினரே ஆன எலாம் விண்ணுள் அகிலம் போல் வியத்த அவியத்தமாய் நண் உறும் ஞான ஆன்ம சித்தர் மாட்டு
"ஆழவே மூழ்கி யடித்தலங்கண் டாலிதயத்
தேழைமனப் பான்மை யிகந்தொழியும் வாழவரும்
வானத் தரசும் வணங்கமுடி தன்னடியில்
ஞானப் பெருநா யகம்",ஆழவே மூழ்கி அடித்தலம் கண்டால் இதயத்து ஏழை மனப்பான்மை இகந்து ஒழியும் வாழவரும் வானத்து அரசும் வணங்க முடி தன் அடியில் ஞானப் பெரு நாயகம்
"மும்முதனா யாமெய்ம் முழுமுதலை யன்றியிலா
அம்மகா சிற்சத்தி யாங்குடிலை அம்மநிதம்
சூதாடு தற்கச் சுகமோன மெய்ம்முதலே
ஆதார மாகு மரங்கு",மும்முதல் நாயா மெய்ம் முழு முதலை அன்றி இலா அம் மகா சிற்சத்தியாம் குடிலை அம்ம நிதம் சூது ஆடுதற்கு அச் சுகமோன மெய்ம் முதலே ஆதாரம் ஆகும் அரங்கு
"படரும் படம்பலவும் பார்ப்பாரேன் மூலப்
படராப் படமொன்றைப் பாரார் படராப்
படமொன்றைப் பார்ப்பார் படஞ்சிலவும் பாரார்
இடமொன் றரங்கியற்கை யீது",படரும் படம் பலவும் பார்ப்பாரேல் மூலப் படராப் படம் ஒன்றைப் பாரார் படராப் படம் ஒன்றைப் பார்ப்பார் படம் சிலவும் பாரார் இடம் ஒன்று அரங்கு இயற்கை ஈது
"படராப் படமன்றிப் பார்வைக் களத்திற்
படரும் படமொன்று மில்லை படத்திற்
படரும் படமன்றிப் பார்க்குங்கா லந்தப்
படராப் படமொன்றும் வேறு",படராப் படம் அன்றிப் பார்வைக் களத்தில் படரும் படம் ஒன்றும் இல்லை படத்தில் படரும் படம் அன்றிப் பார்க்குங்கால் அந்தப் படராப் படம் ஒன்றும் வேறு
"படராத மூலப் படமே பிரம்மம்
படராத வந்தப் படத்திற் படரும்
படங்களே ஜீவேச் சுரஜகங்கள் பார்ப்ப
அடங்கலுமே மாயை யறி",படராத மூலப் படமே பிரம்மம் படராத அந்தப் படத்தில் படரும் படங்களே ஜீவ ஈச்வர ஜகங்கள் பார்ப்ப அடங்கலுமே மாயை யறி
"படரும் படமான ஜீவனே தன்போற்
படரும் படஜீவ ரோடு படரும்
படஜகத்தை யன்றிப் படேச்சுரரை யெண்ணிப்
படஜகத்தி லேங்கு பவன்",படரும் படமான ஜீவனே தன்போல் படரும் பட ஜீவரோடு படரும் பட ஜகத்தை அன்றிப் பட ஈச்சுரரை எண்ணிப் பட ஜகத்தில் ஏங்குபவன்
"படராத மூலப் படமான தன்னைப்
படரும் படமாக வெண்ணிப் படருழக்கும்
சித்த விருத்தி செறிந்தடங்கி மோனநிலை
முற்ற விருக்கை முறை",படராத மூலப் படமான தன்னைப் படரும் படமாக எண்ணிப் படர் உழக்கும் சித்த விருத்தி செறிந்து அடங்கி மோனநிலை முற்ற இருக்கை முறை
"கட்டுண்டேன் யாரெனத்தற் காணுங் கருத்திடையக்
கட்டெண்ண முற்றுங் கழல்வதாற் கட்டின்
உயலெணமுந் தீர்ந்துள்ளத் தெஞ்சியதன் னுண்மை
இயலுணர்வ தேவீட் டியல்பு",கட்டுண்டேன் யார் எனத் தன் காணும் கருத்திடை அக் கட்டு எண்ணம் முற்றும் கழல்வதால் கட்டின் உயல் எணமும் தீர்ந்து உள்ளத்து எஞ்சிய தன் உண்மை இயல் உணர்வதே வீட்டு இயல்பு
"மீந்ததா யாது விளங்குமோ போதமய
சாந்தமா மஃதே சதாசிவமாம் ஆர்ந்தபர
மான வதுவே யகமென் றகந்தையற்ற
மோனமே முத்தி முடிபு",மீந்ததாய் யாது விளங்குமோ போதமய சாந்தமாம் அஃதே சதாசிவமாம் ஆர்ந்த பரம் ஆன அதுவே அகம் என்று அகந்தை அற்ற மோனமே முத்தி முடிபு
"யாவுமே தோற்று மிடவறிவாந் தன்னைத்தான்
ஆய்வுமே லிட்ட வமைதியிலே சோர்வுமே
லிட்டு நிலைகலக்க மெய்தாமே யாவையுந்தான்
விட்டு விடுதலே வீடு",யாவுமே தோற்றும் இட அறிவு ஆம் தன்னைத் தான் ஆய்வு மேலிட்ட அமைதியிலே சோர்வு மேலிட்டு நிலை கலக்கம் எய்தாமே யாவையும் தான் விட்டு விடுதலே வீடு
"சுட்டறிவு முற்றுந் தொலைந்தாலல் லாதுயிரைக்
கட்டுபுலக் கட்டுலகக் கட்டறார் நிட்டையாம்
ஆன்மநிலை நிற்றலா லவ்வறிவு பொன்றலே
தான்மகிழு முத்தித் தரம்",சுட்டறிவு முற்றும் தொலைந்தால் அல்லாது உயிரைக் கட்டு புலக் கட்டு உலகக் கட்டு அறார் நிட்டையாம் ஆன்மநிலை நிற்றலால் அவ்வறிவு பொன்றலே தான் மகிழும் முத்தித் தரம்
"நகைப்புக் கிடனாக நண்ணும் பிறவித்
தகைப்புக்குத் தாயாகி நின்ற பகைப்பற்
றறுமா றறிந்தந்தப் பற்றறவைப் பற்றி
வெறுமே யிருத்தலே வீடு",நகைப்புக்கு இடன் ஆக நண்ணும் பிறவித் தகைப்புக்குத் தாய் ஆகி நின்ற பகைப் பற்று அறும் ஆறு அறிந்து அந்தப் பற்று அறவைப் பற்றி வெறுமே இருத்தலே வீடு
"உளதாதன் மாத்திரமா யோங்குறுசுத் தான்மத்
தெளிவாய வாழ்க்கைத் திறமே ஒளியாம்
பரஞான முத்திப் பதமென்றல் வேதச்
சிரமாமெய் கண்டார் திடம்",உளது ஆதல் மாத்திரமாய் ஓங்கு உறு சுத்த ஆன்மத் தெளிவு ஆய வாழ்க்கைத் திறமே ஒளியாம் பரஞான முத்திப் பதம் என்றல் வேதச் சிரம் ஆம் மெய் கண்டார் திடம்
"ஆதலிலை யல்லா வழிவுமிலை பெத்தரிலை
சாதனைகள் செய்வாருஞ் சற்றுமிலை மேதகவை
வெஃகுவார் தாமில்லை வீடுற்றார் தாமுமிலை
இஃதே பரமார்த்த மெண்",ஆதல் இலை அல்லா அழிவும் இலை பெத்தர் இலை சாதனைகள் செய்வாரும் சற்றும் இலை மேதகவை வெஃகுவார் தாம் இல்லை வீடு உற்றார் தாமும் இலை இஃதே பரமார்த்தம் எண்
"உள்ளதையின் றாக்க வுளதாக்க வில்லதனைக்
கள்ளந் தனிலே கடவதலாற் றெள்ளிதாம்
உண்மை தனிலே யொணாமையா லுண்மையாம்
திண்மை தனிலனைத்துஞ் சித்து",உள்ளதை இன்று ஆக்க உளது ஆக்க இல்லதனைக் கள்ளந் தனிலே கடவது அலால் தெள்ளிது ஆம் உண்மை தனிலே ஒணாமையால் உண்மை ஆம் திண்மை தனில் அனைத்தும் சித்து
"நெல்லுமியி னீங்கரிசி நேர்பாச பந்தமது
புல்லுமுயி ராய்ப்பந்தம் போய்ப்பரமாய்ச் சொல்லும்
உயிர்பரமெல் லாமவ் வுணர்வுருவான் மாவிற்
செயிர்மனத்தின் கற்பனையாத் தேர்",நெல் உமியின் நீங்கு அரிசி நேர் பாச பந்தம் அது புல்லும் உயிராய்ப் பந்தம் போய்ப் பரமாய்ச் சொல்லும் உயிர் பரம் எல்லாம் அவ் உணர்வு உரு ஆன்மாவில் செயிர் மனத்தின் கற்பனையாத் தேர்
"ஏதே துளதாக வெண்ணுதியோ சிந்தையினவ்
வேதேது முண்மையிலே யில்லதாம் யாதொன்
றுளதாயோ வன்றி யிலதாயோ வுன்னுட்
கொளல்வாரா தஃதே யுளது",ஏதேது உளதாக எண்ணுதியோ சிந்தையின் அவ் ஏதேதும் உண்மையிலே இல்லதாம் யாதொன்று உளதாயோ அன்றி இலதாயோ உன்னுள் கொளல் வாராது அஃதே உளது
"சகலவித ஞான சமூகமுஞ்சார் பேத
விகலமறத் தன்பால் விழுங்கும் அகலமா
மண்டிக் கடந்தபர மாட்சிமையைக் கற்பனையாற்
கண்டிக்க லாமோ கழறு",சகலவித ஞான சமூகமும் சார் பேத விகலம் அறத் தன்பால் விழுங்கும் அகலமா மண்டிக் கடந்த பர மாட்சிமையைக் கற்பனையால் கண்டிக்கலாமோ கழறு
"இருப்பதா வில்லதா வெண்ணாது சும்மா
இருப்பதா லுள்ளத் தியானென் றுருப்பெயர்போய்த்
தன்மயமா யேது தயங்குமோ சந்ததமச்
சின்மயமே செம்பொருளாந் தேர்",இருப்பதா இல்லதா எண்ணாது சும்மா இருப்பதால் உள்ளத்து யான் என்று உருப்பெயர் போய்த் தன்மயமாய் ஏது தயங்குமோ சந்ததம் அச் சின்மயமே செம் பொருளாம் தேர்
"ஆறு பொருள்க ளநாதியெனச் சொல்பவற்றுள்
ஈறிலதவ் வத்துவித வேகமே வேறியலும்
ஐந்து பொருள்களுமோ வந்த முடையனவே
சிந்தை யுறநீ தெளி",ஆறு பொருள்கள் அநாதி எனச் சொல்பவற்றுள் ஈறு இலது அவ் அத்துவித ஏகமே வேறு இயலும் ஐந்து பொருள்களுமோ அந்தம் உடையனவே சிந்தை உற நீ தெளி
"உண்மை யெனப்படுவ தொன்றே யுணருங்காற்
றிண்மைசே ரந்தமுழுச் செம்பொருளே நுண்மதியால்
மெல்லவுளம் புக்குணர்ந்த விப்பிரராற் பல்படியாச்
சொல்லப் படலாத் துணி",உண்மை எனப்படுவது ஒன்றே உணருங்கால் திண்மை சேர் அந்த முழுச் செம்பொருளே நுண்மதியால் மெல்ல உளம் புக்கு உணர்ந்த விப்பிரரால் பல் படியாச் சொல்லப் படலாத் துணி
"எத்தனையோ சாலப் பலவா வியங்குமதம்
அத்தனைக்கு முத்தமமா மத்துவிதத் தத்துவந்தான்
பேதமத பீஜப்பாழ்ம் பேயகந்தை போயொழிந்த
போதமய மோனப் பொருள்",எத்தனையோ சாலப் பலவா இயங்கும் மதம் அத்தனைக்கும் உத்தமம் ஆம் அத்துவிதத் தத்துவம் தான் பேதமத பீஜப் பாழ்ம் பேய் அகந்தை போய் ஒழிந்த போதமய மோனப் பொருள்
"ஆதியோ டந்தமளை யாதாய் விகாரத்தோ
டேதுவுப மந்தானு மின்றாகிச் சூதுலாம்
ஜீவபோ தத்தாற் றிகழ்விலதாஞ் செம்பொருளைத்
தேர்வர்தாஞ் சேர்வர் சிறப்பு",ஆதியோடு அந்தம் அளையாதாய் விகாரத்தோடு ஏது உபமம்தானும் இன்று ஆகிச் சூது உலாம் ஜீவ போதத்தால் திகழ்வு இலதாம் செம்பொருளைத் தேர்வர் தாம் சேர்வர் சிறப்பு
"சற்பனையா முப்புடிபோய்த் தாக்கற்ற தன்மயமாய்
விற்பனர்தந் நெஞ்சில் விளங்கலலாற் கற்பனையாம்
பொய்த்துவிதப் புன்புலம்போற் புந்தியா லெண்ணுறுவார்க்
கத்துவித மாட்சி யரிது",சற்பனையாம் முப்புடிபோய்த் தாக்கற்ற தன்மயமாய் விற்பனர்தம் நெஞ்சில் விளங்கல் அலால் கற்பனையாம் பொய்த்துவிதப் புன்புலம் போல் புந்தியால் எண் உறுவார்க்கு அத்துவித மாட்சி அரிது
"சிந்தையிறந் துள்ளுணர்வாற் சிந்தைமூ லஞ்செறிந்த
சிந்தையரா நிச்சிந்த தீரரலாற் சிந்தைசேர்
புந்தியார் தேறார்மெய்ப் போத சொரூபமாம்
சிந்தை யிலாத சிவம்",சிந்தை இறந்து உள் உணர்வால் சிந்தை மூலம் செறிந்த சிந்தையராம் நிச்சிந்த தீரர் அலால் சிந்தைசேர் புந்தியார் தேறார் மெய்ப் போத சொரூபமாம் சிந்தை இலாத சிவம்
"அத்துவிதச் சீர்மைக் கதிமோக வேகத்தோய்
சித்தவுப சாந்தி செறிந்துண்மை வத்துநிலை
நிற்போர்க்கே யத்துவித நேர்மெய் நிலைதலுறாப்
பிற்போக்கர்க் கென்னபயன் பேசு",அத்துவிதச் சீர்மைக்கு அதிமோக வேகத்தோய் சித்த உப சாந்தி செறிந்து உண்மை வத்து நிலை நிற்போர்க்கே அத்துவிதம் நேர் மெய் நிலைதல் உறாப் பிற்போக்கர்க்கு என்ன பயன் பேசு
"ஆசா னுரையி னனுபவத்தை யோதுங்காற்
பாசா டவியாகப் பார்த்தவெலாம் பேசாத
மெய்ஞ்ஞான மோன வெளியன்றி வேறில்லை
கைஞ்ஞான மெல்லாங் கனா",ஆசான் உரையின் அனுபவத்தை ஓதுங்கால் பாச அடவியாகப் பார்த்த எலாம் பேசாத மெய்ஞ்ஞான மோன வெளியன்றி வேறு இல்லை கைஞ்ஞானம் எல்லாம் கனா
"அறிந்தே னறிந்தே னதீதசச் சித்தா
நிறைந்தபர மார்த்த நிலையை உறழ்ந்தயலாக்
கட்டுவீ டாதியாக் கட்டுரைப்ப வுண்மையிலே
யெட்டுணையு மெய்தவிலை யென்று",அறிந்தேன் அறிந்தேன் அதீத சத் சித்தா நிறைந்த பரமார்த்த நிலையை உறழ்ந்து அயலாக் கட்டு வீடு ஆதியாக் கட்டுரைப்ப உண்மையிலே எள் துணையும் எய்தவிலை என்று
"எச்சமய நோக்கினும்யா மெவ்வாதங் கேட்பினுமற்
றச்சமய வாத மனைத்துமே நிச்சயமாய்
வேறுபா டற்று விளங்கு மொருமுடிபே
கூறுபவாக் கண்டேங் குறித்து",எச்சமயம் நோக்கினும் யாம் எவ்வாதம் கேட்பினும் மற்று அச்சமயவாதம் அனைத்துமே நிச்சயமாய் வேறுபாடு அற்று விளங்கும் ஒரு முடிபே கூறுபவாக் கண்டேம் குறித்து
"முப்போது மூவிடமு முப்புடியு மென்பவைகள்
அப்போது காண்ட லரிதாமாற் றப்பாத
ஆரணத்து மெய்ப்பொருளா வாங்கொளிருஞ் சின்மயமாம்
பூரணத்திற் புக்கிருக்கும் போது",முப்போதும் மூஇடமும் முப்புடியும் என்பவைகள் அப்போது காண்டல் அரிதாம் ஆல் தப்பாத ஆரணத்து மெய்ப்பொருளா ஆங்கு ஒளிரும் சின்மயம் ஆம் பூரணத்தில் புக்கு இருக்கும் போது
"ஓதியவிந் நுட்ப முணருங்கா லுத்தமமெய்
வேதியனா வென்முன் வெளிவந்து போதனைசெய்
ஞான ரமணகுரு நாத வனுவந்தளித்த
மோன வியாக்கியான மாம்",ஓதிய இந் நுட்பம் உணருங்கால் உத்தம மெய் வேதியனா என் முன் வெளிவந்து போதனை செய் ஞான ரமண குருநாதன் உவந்து அளித்த மோன வியாக்கியானம் ஆம்
"என்னுடைய திட்டியிலே யானன்றி நீயில்லை
நின்னுடைய திட்டியிலே நீயன்றி யானில்லை
தன்னுடைய திட்டியிலே தானன்றி மற்றில்லை
எண்ணுங்கா லவ்வனைத்தும் யான்",என்னுடைய திட்டியிலே யான் அன்றி நீ இல்லை நின்னுடைய திட்டியிலே நீ அன்றி யான் இல்லை தன்னுடைய திட்டியிலே தான் அன்றி மற்று இல்லை எண்ணுங்கால் அவ் அனைத்தும் யான்
"உடைமையோ வல்லே னுடையானு மல்லேன்
அடிமையோ டாண்டானு மல்லேன் கடமையாங்
கர்த்தவ் வியமில்லேன் போக்தவ் வியமுமிலேன்
கர்த்தனா னல்லனே காண்",உடைமையோ அல்லேன் உடையானும் அல்லேன் அடிமையோடு ஆண்டானும் அல்லேன் கடமை ஆம் கர்த்தவ்வியம் இல்லேன் போக்தவ்வியமும் இலேன் கர்த்தன் நான் அல்லனே காண்
"பூண்டதுபோன் மாயை புலம்பியவென் சுட்டறிவுக்
கீண்டுகுரு வாய்த்தா னெதிர்தோன்றி ஆண்டதனாற்
போலச் சுடர்விடுமென் பூரணான் மாவுக்கே
சாலத் தகுவந் தனம்",பூண்டதுபோல் மாயை புலம்பிய என் சுட்டறிவுக்கு ஈண்டு குரு வாய்த்தான் எதிர் தோன்றி ஆண்டதனால் போல் அச் சுடர்விடும் என் பூரண ஆன்மாவுக்கே சாலத்தகு வந்தனம்
"சிவமாம் பரரமண சிற்சத்திக் கன்றி
அவமாஞ் சகமாயா சத்திக் கெவமாரும்
முட்டுப்பா டுற்ற முகாந்தரங்கொண் டென்றுந்தான்
கட்டுப் படான்முருகன் காண்",சிவம் ஆம் பர ரமண சித்சத்திக்கு அன்றி அவம் ஆம் சக மாயா சத்திக்கு எவம் ஆரும் முட்டுப்பாடு உற்ற முகாந்தரம் கொண்டு என்றும் தான் கட்டுப்படான் முருகன் காண்
"ஆதியற மாயஞா னான்மநிட் டாபரர்க்குச்
சாதி குலஞ்சமயஞ் சற்றுமிலை ஏதில்
உடம்பாய பொய்க்கன்றி யுண்மையா மான்மா
விடம்பாகு பாடொன் றிலை",ஆதி அறம் ஆய ஞான ஆன்ம நிட்டாபரர்க்குச் சாதி குலம் சமயம் சற்றும் இலை ஏதில் உடம்பு ஆய பொய்க்கு அன்றி உண்மை ஆம் ஆன்மாவிடம் பாகுபாடு ஒன்று இலை
"ஓரு மனைத்துளுந்தா னொன்றே பொருளாகச்
சாருஞ் சமங்காண் டரிசனமே கூரும்
சமரசமெய்ஞ் ஞானச் சதுரர்மீக் கூறும்
சமதர் சனமென் றறி",ஓரும் அனைத்து உளும் தான் ஒன்றே பொருளாகச் சாரும் சமம் காண் தரிசனமே கூரும் சமரச மெய்ஞ்ஞானச் சதுரர் மீக்கூறும் சமதர்சனம் என்று அறி
"அகந்தை யழிந்தவச லான்மானு பூதி
நிகழ்ந்தவுப சாந்த நிறைந்தோன் உகந்து
புகழ்ச்சியா லின்புறாப் புந்தியான் மாழ்கல்
இகழ்ச்சியா லென்று மிலன்",அகந்தை அழிந்த அசல ஆன்மானுபூதி நிகழ்ந்த உபசாந்தம் நிறைந்தோன் உகந்து புகழ்ச்சியால் இன்பு உறாப் புந்தியான் மாழ்கல் இகழ்ச்சியால் என்றும் இலன்
"கோழ்வெயிலிற் றெண்ணீர்க் குலாப்போ லவியத்தப்
பாழ்வயிற்றான் றோன்றிப் பசப்புலகத் தூழ்வயத்தாம்
வாழ்வைப் பொருளா மயங்காமெய்ஞ் ஞானிக்குத்
தாழ்வும் பெருமிதமே தான்",கோழ் வெயிலில் தெண்ணீர்க் குலாப்போல் அவ்வியத்தப் பாழ்வயில் தான் தோன்றிப் பசப்பு உலகத்து ஊழ்வயத்து ஆம் வாழ்வைப் பொருளா மயங்கா மெய்ஞ்ஞானிக்குத் தாழ்வும் பெருமிதமே தான்
"காமியக்கோ ரிக்கை கழல்கடவுண் மாமுனிவர்
தாமியல்பா யாற்றுந் தவமனைத்தும் காமர்
சுபயோகந் தான்விளைத்துத் தொல்லுலக மக்கட்
குபயோக மாகு முணர்",காமியக் கோரிக்கை கழல் கடவுள் மாமுனிவர் தாம் இயல்பாய் ஆற்றும் தவம் அனைத்தும் காமர் சுபயோகம் தான் விளைத்துத் தொல் உலக மக்கட்கு உபயோகம் ஆகும் உணர்
"வாழி யருணகிரி வாழி ரமணகுரு
வாழி யொருமொழியின் வாழடியார் வாழி
குருமூர்த்தி வாசகநற் கோவையா மிந்தப்
பரமார்த்த தீபம் பலித்து",வாழி அருணகிரி வாழி ரமணகுரு வாழி ஒரு மொழியின் வாழ் அடியார் வாழி குருமூர்த்தி வாசக நல் கோவையாம் இந்தப் பரமார்த்த தீபம் பலித்து
"மெய்யி னியல்புமதை மேவுந் திறனுமெமக்
குய்யும் படிமுருக னோதுகெனப் பொய்யுலகின்
கள்ளமறு மாற்றாற் கனரமணன் கட்டுரைத்தா
னுள்ளது நாற்ப துவந்து",மெய்யின் இயல்பும் அதை மேவும் திறனும் எமக்கு உய்யும்படி முருகன் ஓதுக என பொய் உலகின் கள்ளம் அறும் ஆற்றால் கன ரமணன் கட்டுரைத்தான் உள்ளது நாற்பது உவந்து
"உள்ளதல துள்ளவுணர் வுள்ளதோ வுள்ளபொரு
ளுள்ளலற வுள்ளத்தே யுள்ளதா லுள்ளமெனு
முள்ளபொரு ளுள்ளலெவ னுள்ளத்தே யுள்ளபடி
யுள்ளதே யுள்ள லுணர்",உள்ளது அலது உள்ள உணர்வு உள்ளதோ உள்ள பொருள் உள்ளல் அற உள்ளத்தே உள்ளதால் உள்ளம் எனும் உள்ள பொருள் உள்ளல் எவன் உள்ளத்தே உள்ளபடி உள்ளதே உள்ளல் உணர்
"மரணபய மிக்குளவம் மக்களர ணாக
மரணபவ மில்லா மகேசன் சரணமே
சார்வர்தஞ் சார்வொடுதாஞ் சாவுற்றார் சாவெண்ணஞ்
சார்வரோ சாவா தவர்",மரணபயம் மிக்கு உள அம் மக்கள் அரண் ஆக மரண பவம் இல்லா மகேசன் சரணமே சார்வர் தம் சார்வு ஒடு தாம் சாவு உற்றார் சாவு எண்ணம் சார்வரோ சாவாதவர்
"நாமுலகங் காண்டலா னானாவாஞ் சத்தியுள
வோர்முதலை யொப்ப லொருதலையே நாமவுருச்
சித்திரமும் பார்ப்பானுஞ் சேர்படமு மாரொளியு
மத்தனையுந் தானா மவன்",நாம் உலகம் காண்டலால் நானா ஆம் சத்தி உள ஓர் முதலை ஒப்பல் ஒருதலையே நாம உரு சித்திரமும் பார்ப்பானும் சேர்படமும் ஆர் ஒளியும் அத்தனையும் தான் ஆம் அவன்
"மும்முதலை யெம்மதமு முற்கொள்ளு மோர்முதலே
மும்முதலாய் நிற்குமென்று மும்முதலு மும்முதலே
யென்னலகங் கார மிருக்குமட்டே யான்கெட்டுத்
தன்னிலையி னிற்ற றலை",மும் முதலை எம் மதமும் முன் கொள்ளும் ஓர் முதலே மும் முதலாய் நிற்கும் என்றும் மும் முதலும் மும் முதலே என்னல் அகங்காரம் இருக்கும் மட்டே யான் கெட்டு தன் நிலையில் நிற்றல் தலை
"உலகுமெய்பொய்த் தோற்ற முலகறிவா மன்றென்
றுலகுசுக மன்றென் றுரைத்தெ னுலகுவிட்டுத்
தன்னையோர்ந் தொன்றிரண்டு தானற்று நானற்ற
வந்நிலையெல் லார்க்குமொப் பாம்",உலகு மெய் பொய் தோற்றம் உலகு அறிவு ஆம் அன்று என்று உலகு சுகம் அன்று என்று உரைத்து என் உலகு விட்டு தன்னை ஓர்ந்து ஒன்று இரண்டு தான் அற்று நான் அற்ற அந் நிலை எல்லார்க்கும் ஒப்பு ஆம்
"உருவந்தா னாயி னுலகுபர மற்றா
முருவந்தா னன்றே லுவற்றி னுருவத்தைக்
கண்ணுறுதல் யாவனெவன் கண்ணலாற் காட்சியுண்டோ
கண்ணதுதா னந்தமிலாக் கண்",உருவம் தான் ஆயின் உலகு பரம் அற்று ஆம் உருவம் தான் அன்றேல் உவற்றின் உருவத்தை கண் உறுதல் யாவன் எவன் கண் அலால் காட்சி உண்டோ கண் அது தான் அந்தம் இலா கண்
"உடல்பஞ்ச கோச வுருவதனா லைந்து
முடலென்னுஞ் சொல்லி லொடுங்கு முடலன்றி
யுண்டோ வுலக முடல்விட் டுலகத்தைக்
கண்டா ருளரோ கழறு",உடல் பஞ்ச கோச உரு அதனால் ஐந்தும் உடல் என்னும் சொல்லில் ஒடுங்கும் உடல் அன்றி உண்டோ உலகம் உடல் விட்டு உலகத்தை கண்டார் உளரோ கழறு
"உலகைம் புலன்க ளுருவேறன் றவ்வைம்
புலனைம் பொறிக்குப் புலனா முலகைமன
மொன்றைம் பொறிவாயா லோர்ந்திடுத லான்மனத்தை
யன்றியுல குண்டோ வறை",உலகு ஐம் புலன்கள் உரு வேறு அன்று அவ் ஐம் புலன் ஐம் பொறிக்கு புலன் ஆம் உலகை மனம் ஒன்று ஐம் பொறிவாயால் ஓர்ந்திடுதலால் மனத்தை அன்றி உலகு உண்டோ அறை
"உலகறிவு மொன்றா யுதித்தொடுங்கு மேனு
முலகறிவு தன்னா லொளிரு முலகறிவு
தோன்றிமறை தற்கிடனாய்த் தோன்றிமறை யாதொளிரும்
பூன்றமா மஃதே பொருள்",உலகு அறிவும் ஒன்றாய் உதித்து ஒடுங்கும் ஏனும் உலகு அறிவு தன்னால் ஒளிரும் உலகு அறிவு தோன்றி மறைதற்கு இடன் ஆய் தோன்றி மறையாது ஒளிரும் பூன்றம் ஆம் அஃதே பொருள்
"எப்பெயரிட் டெவ்வுருவி லேத்தினுமார் பேருருவி
லப்பொருளைக் காண்வழிய தாயினுமம் மெய்ப்பொருளி
னுண்மையிற்ற னுண்மையினை யோர்ந்தொடுங்கி யொன்றுதலே
யுண்மையிற் காண லுணர்",எப் பெயர் இட்டு எவ் வுருவில் ஏத்தினும் ஆர் பேர் உருவில் அப் பொருளை காண் வழி அது ஆயினும் அம் மெய்ப் பொருளின் உண்மையில் தன் உண்மையினை ஓர்ந்து ஒடுங்கி ஒன்றுதலே உண்மையில் காணல் உணர்
"இரட்டைகண் முப்புடிக ளென்றுமொன்று பற்றி
யிருப்பவா மவ்வொன்றே தென்று கருத்தினுட்
கண்டாற் கழலுமவை கண்டவ ரேயுண்மை
கண்டார் கலங்காரே காண்",இரட்டைகள் முப்புடிகள் என்றும் ஒன்று பற்றி இருப்பவாம் அவ் ஒன்று ஏது என்று கருத்தின் உள் கண்டால் கழலும் அவை கண்டவரே உண்மை கண்டார் கலங்காரே காண்
"அறியாமை விட்டறிவின் றாமறிவு விட்டவ்
வறியாமை யின்றாகு மந்த வறிவு
மறியா மையுமார்க்கென் றம்முதலாந் தன்னை
யறியு மறிவே யறிவு",அறியாமை விட்டு அறிவு இன்று ஆம் அறிவு விட்டு அவ் அறியாமை இன்று ஆகும் அந்த அறிவும் அறியாமையும் ஆர்க்கு என்று அம் முதல் ஆம் தன்னை அறியும் அறிவே அறிவு
"அறிவுறுந் தன்னை யறியா தயலை
யறிவ தறியாமை யன்றி யறிவோ
வறிவயற் காதாரத் தன்னை யறிய
வறிவறி யாமை யறும்",அறிவு உறும் தன்னை அறியாது அயலை அறிவது அறியாமை அன்றி அறிவோ அறிவு அயற்கு ஆதார தன்னை அறிய அறிவு அறியாமை அறும்
"அறிவறி யாமையு மற்றதறி வாமே
யறியும துண்மையறி வாகா தறிதற்
கறிவித்தற் கன்னியமின் றாயவிர்வ தாற்றா
னறிவாகும் பாழன் றறி",அறிவு அறியாமையும் அற்றது அறிவு ஆமே அறியும் அது உண்மை அறிவு ஆகாது அறிதற்கு அறிவித்தற்கு அன்னியம் இன்றாய் அவிர்வதால் தான் அறிவு ஆகும் பாழ் அன்று அறி
"ஞானமாந் தானேமெய் நானாவா ஞானமஞ்
ஞானமாம் பொய்யாமஞ் ஞானமுமே ஞானமாந்
தன்னையன்றி யின்றணிக டாம்பலவும் பொய்மெய்யாம்
பொன்னையன்றி யுண்டோ புகல்",ஞானம் ஆம் தானே மெய் நானா ஆம் ஞானம் அஞ்ஞானம் ஆம் பொய் ஆம் அஞ்ஞானமுமே ஞானம் ஆம் தன்னை அன்றி இன்று அணிகள் தாம் பலவும் பொய் மெய் ஆம் பொன்னை அன்றி உண்டோ புகல்
"தன்மையுண்டேன் முன்னிலைப டர்க்கைக டாமுளவாந்
தன்மையி னுண்மையைத் தானாய்ந்து தன்மையறின்
முன்னிலைப டர்க்கை முடிவுற்றொன் றாயொளிருந்
தன்மையே தன்னிலைமை தான்",தன்மை உண்டேல் முன்னிலை படர்க்கைகள் தாம் உள ஆம் தன்மையின் உண்மையை தான் ஆய்ந்து தன்மை அறின் முன்னிலை படர்க்கை முடிவு உற்று ஒன்றாய் ஒளிரும் தன்மையே தன் நிலைமை தான்
"நிகழ்வினைப் பற்றி யிறப்பெதிர்வு நிற்ப
நிகழ்கா லவையு நிகழ்வே நிகழ்வொன்றே
யின்றுண்மை தேரா திறப்பெதிர்வு தேரவுன
லொன்றின்றி யெண்ண வுனல்",நிகழ்வினை பற்றி இறப்பு எதிர்வு நிற்ப நிகழ்கால் அவையும் நிகழ்வே நிகழ்வு ஒன்றே இன்று உண்மை தேராது இறப்பு எதிர்வு தேர உனல் ஒன்று இன்றி எண்ண உனல்
"நாமன்றி நாளேது நாடேது நாடுங்கா
னாமுடம்பே னாணாட்டு ணாம்படுவ நாமுடம்போ
நாமின்றன் றென்றுமொன்று நாடிங்கங் கெங்குமொன்றா
னாமுண்டு நாணாடி னாம்",நாம் அன்றி நாள் ஏது நாடு ஏது நாடும் கால் நாம் உடம்பேல் நாள் நாட்டுள் நாம் படுவம் நாம் உடம்போ நாம் இன்று அன்று என்றும் ஒன்று நாடு இங்கு அங்கு எங்கும் ஒன்று ஆல் நாம் உண்டு நாள் நாடு இல் நாம்
"உடனானே தன்னை யுணரார்க் குணர்ந்தார்க்
குடலளவே நான்ற னுணரார்க் குடலுள்ளே
தன்னுணர்ந்தார்க் கெல்லையறத் தானொளிரு நானிதுவே
யின்னவர்தம் பேதமென வெண்",உடல் நானே தன்னை உணரார்க்கு உணர்ந்தார்க்கு உடல் அளவே நான் தன் உணரார்க்கு உடல் உள்ளே தன் உணர்ந்தார்க்கு எல்லை அற தான் ஒளிரும் நான் இதுவே இன்னவர் தம் பேதம் என எண்
"உலகுண்மை யாகு முணர்வில்லார்க் குள்ளார்க்
குலகளவா முண்மை யுணரார்க் குலகினுக்
காதார மாயுருவற் றாருமுணர்ந் தாருண்மை
யீதாகும் பேதமிவர்க் கெண்",உலகு உண்மை ஆகும் உணர்வு இல்லார்க்கு உள்ளார்க்கு உலகு அளவு ஆம் உண்மை உணரார்க்கு உலகினுக்கு ஆதாரமாய் உரு அற்று ஆரும் உணர்ந்தார் உண்மை ஈது ஆகும் பேதம் இவர்க்கு எண்
"விதிமதி மூல விவேக மிலார்க்கே
விதிமதி வெல்லும் விவாதம் விதிமதிகட்
கோர்முதலாந் தன்னை யுணர்ந்தா ரவைதணந்தார்
சார்வரோ பின்னுமவை சாற்று",விதி மதி மூல விவேகம் இலார்க்கே விதி மதி வெல்லும் விவாதம் விதிமதிகட்கு ஓர் முதல் ஆம் தன்னை உணர்ந்தார் அவை தணந்தார் சார்வரோ பின்னும் அவை சாற்று
"காணுந் தனைவிட்டுத் தான்கடவு ளைக்காணல்
காணு மனோமயமாங் காட்சிதனைக் காணுமவன்
றான்கடவுள் கண்டானாந் தன்முதலைத் தான்முதல்போய்த்
தான்கடவு ளன்றியில தால்",காணும் தனை விட்டு தான் கடவுளை காணல் காணும் மனோமயம் ஆம் காட்சி தனை காணும் அவன் தான் கடவுள் கண்டான் ஆம் தன் முதலை தான் முதல் போய் தான் கடவுள் அன்றி இலதால்
"தன்னைத்தான் காண றலைவன் றனைக்காண
லென்னும்பன் னூலுண்மை யென்னையெனின் றன்னைத்தான்
காணலெவன் றானொன்றாற் காணவொணா தேற்றலைவற்
காணலெவ னூணாதல் காண்",தன்னை தான் காணல் தலைவன் தனை காணல் என்னும் பல் நூல் உண்மை என்னை எனின் தன்னை தான் காணல் எவன் தான் ஒன்றால் காண ஒணாதேல் தலைவன் காணல் எவன் ஊண் ஆதல் காண்
"மதிக்கொளி தந்தம் மதிக்கு ளொளிரு
மதியினை யுள்ளே மடக்கிப் பதியிற்
பதித்திடுத லன்றிப் பதியை மதியான்
மதித்திடுத லெங்ஙன் மதி",மதிக்கு ஒளி தந்து அம் மதிக்குள் ஒளிரும் மதியினை உள்ளே மடக்கி பதியில் பதித்திடுதல் அன்றி பதியை மதியால் மதித்திடுதல் எங்ஙன் மதி
"நானென்றித் தேக நவிலா துறக்கத்து
நானின்றென் றாரு நவில்வதிலை நானொன்
றெழுந்தபி னெல்லா மெழுமிந்த நானெங்
கெழுமென்று நுண்மதியா லெண்",நான் என்று இத் தேகம் நவிலாது உறக்கத்தும் நான் இன்று என்று ஆரும் நவில்வது இலை நான் ஒன்று எழுந்த பின் எல்லாம் எழும் இந்த நான் எங்கு எழும் என்று நுண் மதியால் எண்
"சடவுடனா னென்னாது சச்சித் துதியா
துடலளவா நானொன் றுதிக்கு மிடையிலிது
சிச்சடக்கி ரந்திபந்தஞ் சீவனுட்ப மெய்யகந்தை
யிச்சமு சாரமன மெண்",சட உடல் நான் என்னாது சத்சித் உதியாது உடல் அளவா நான் ஒன்று உதிக்கும் இடையில் இது சித்சடக்கிரந்தி பந்தம் சீவன் நுட்ப மெய் அகந்தை இச் சமுசாரம் மனம் எண்
"உருப்பற்றி யுண்டா முருப்பற்றி நிற்கு
முருப்பற்றி யுண்டுமிக வோங்கு முருவிட்
டுருப்பற்றுந் தேடினா லோட்டம் பிடிக்கு
முருவற்ற பேயகந்தை யோர்",உரு பற்றி உண்டாம் உரு பற்றி நிற்கும் உரு பற்றி உண்டு மிக ஓங்கும் உரு விட்டு உரு பற்றும் தேடினால் ஓட்டம் பிடிக்கும் உரு அற்ற பேய் அகந்தை ஓர்
"அகந்தையுண் டாயி னனைத்துமுண் டாகு
மகந்தையின் றேலின் றனைத்து மகந்தையே
யாவுமா மாதலால் யாதிதென்று நாடலே
யோவுதல் யாவுமென வோர்",அகந்தை உண்டாயின் அனைத்தும் உண்டாகும் அகந்தை இன்றேல் இன்று அனைத்தும் அகந்தையே யாவும் ஆம் ஆதலால் யாது இது என்று நாடலே ஓவுதல் யாவும் என ஓர்
"நானுதியா துள்ளநிலை நாமதுவா யுள்ளநிலை
நானுதிக்குந் தானமதை நாடாம னானுதியாத்
தன்னிழப்பைச் சார்வதெவன் சாராமற் றானதுவாந்
தன்னிலையி னிற்பதெவன் சாற்று",நான் உதியாது உள்ள நிலை நாம் அது ஆய் உள்ள நிலை நான் உதிக்கும் தானம் அதை நாடாமல் நான் உதியா தன் இழப்பை சார்வது எவன் சாராமல் தான் அது ஆம் தன் நிலையில் நிற்பது எவன் சாற்று
"எழும்பு மகந்தை யெழுமிடத்தை நீரில்
விழுந்த பொருள்காண வேண்டி முழுகுதல்போற்
கூர்ந்தமதி யாற்பேச்சு மூச்சடக்கிக் கொண்டுள்ளே
யாழ்ந்தறிய வேண்டு மறி",எழும்பும் அகந்தை எழும் இடத்தை நீரில் விழுந்த பொருள் காண வேண்டி முழுகுதல் போல் கூர்ந்த மதியால் பேச்சு மூச்சு அடக்கிக் கொண்டு உள்ளே ஆழ்ந்து அறிய வேண்டும் அறி
"நானென்று வாயா னவிலாதுள் ளாழ்மனத்தா
னானென்றெங் குந்துமென நாடுதலே ஞானநெறி
யாமன்றி யன்றிதுநா னாமதுவென் றுன்னறுணை
யாமதுவி சாரமா மா",நான் என்று வாயால் நவிலாது உள் ஆழ் மனத்தால் நான் என்று எங்கு உந்தும் என நாடுதலே ஞான நெறி ஆம் அன்றி அன்று இது நான் ஆம் அது என்று உன்னல் துணை ஆம் அது விசாரம் ஆமா
"நானா ரெனமனமுண் ணாடியுள நண்ணவே
நானா மவன்றலை நாணமுற நானானாத்
தோன்றுமொன்று தானாகத் தோன்றினுநா னன்றுபொருள்
பூன்றமது தானாம் பொருள்",நான் ஆர் என மனம் உள் நாடி உளம் நண்ணவே நான் ஆம் அவன் தலை நாணம் உற நான் நான் ஆ தோன்றும் ஒன்று தானாக தோன்றினும் நான் அன்று பொருள் பூன்றம் அது தான் ஆம் பொருள்
"தன்னை யழித்தெழுந்த தன்மயா னந்தருக்
கென்னை யுளதொன் றியற்றுதற்குத் தன்னையலா
தன்னிய மொன்று மறியா ரவர்நிலைமை
யின்னதென் றுன்ன லெவன்",தன்னை அழித்து எழுந்த தன்மயானந்தருக்கு என்னை உளது ஒன்று இயற்றுதற்கு தன்னை அலாது அன்னியம் ஒன்றும் அறியார் அவர் நிலைமை இன்னது என்று உன்னல் எவன்
"அதுநீயென் றம்மறைக ளார்த்திடவுந் தன்னை
யெதுவென்று தான்றேர்ந் திராஅ ததுநா
னிதுவன்றென் றெண்ணலுர னின்மையினா லென்று
மதுவேதா னாயமர்வ தால்",அது நீ என்று அம் மறைகள் ஆர்த்திடவும் தன்னை எது என்று தான் தேர்ந்து இராது அது நான் இது அன்று என்று எண்ணல் உரன் இன்மையினால் என்றும் அதுவே தான் ஆய் அமர்வதால்
"என்னை யறியேனா னென்னை யறிந்தேனா
னென்ன னகைப்புக் கிடனாகு மென்னை
தனைவிடய மாக்கவிரு தானுண்டோ வொன்றா
யனைவரனு பூதியுண்மை யால்",என்னை அறியேன் நான் என்னை அறிந்தேன் நான் என்னல் நகைப்புக்கு இடன் ஆகும் என்னை தனை விடயம் ஆக்க இரு தான் உண்டோ ஒன்று ஆய் அனைவர் அனுபூதி உண்மை ஆல்
"என்று மெவர்க்கு மியல்பா யுளபொருளை
யொன்று முளத்து ளுணர்ந்துநிலை நின்றிடா
துண்டின் றுருவருவென் றொன்றிரண் டன்றென்றே
சண்டையிடன் மாயைச் சழக்கு",என்றும் எவர்க்கும் இயல்பாய் உள பொருளை ஒன்றும் உளத்து உள் உணர்ந்து நிலை நின்றிடாது உண்டு இன்று உரு அரு என்று ஒன்று இரண்டு அன்று என்றே சண்டையிடல் மாயை சழக்கு
"சித்தமா யுள்பொருளைத் தேர்ந்திருத்தல் சித்திபிற
சித்தியெலாஞ் சொப்பனமார் சித்திகளே நித்திரைவிட்
டோர்ந்தா லவைமெய்யோ வுண்மைநிலை நின்றுபொய்ம்மை
தீர்ந்தார் தியங்குவரோ தேர்",சித்தமாய் உள் பொருளை தேர்ந்து இருத்தல் சித்தி பிற சித்தி எலாம் சொப்பனம் ஆர் சித்திகளே நித்திரை விட்டு ஓர்ந்தால் அவை மெய்யோ உண்மை நிலை நின்று பொய்ம்மை தீர்ந்தார் தியங்குவரோ தேர்
"நாமுடலென் றெண்ணினல நாமதுவென் றெண்ணுமது
நாமதுவா நிற்பதற்கு நற்றுணையே யாமென்று
நாமதுவென் றெண்ணுவதே னான்மனித னென்றெணுமோ
நாமதுவா நிற்குமத னால்",நாம் உடல் என்று எண்ணின் அலம் நாம் அது என்று எண்ணும் அது நாம் அதுவா நிற்பதற்கு நல் துணையே ஆம் என்றும் நாம் அது என்று எண்ணுவது ஏன் நான் மனிதன் என்று எணுமோ நாம் அதுவா நிற்கும் அதனால்
"சாதகத்தி லேதுவிதஞ் சாத்தியத்தி லத்துவித
மோதுகின்ற வாதமது முண்மையல வாதரவாய்த்
தான்றேடுங் காலுந் தனையடைந்த காலத்துந்
தான்றசம னன்றியார் தான்",சாதகத்திலே துவிதம் சாத்தியத்தில் அத்துவிதம் ஓதுகின்ற வாதம் அதும் உண்மை அல ஆதரவாய் தான் தேடும் காலும் தனை அடைந்த காலத்தும் தான் தசமன் அன்றி யார் தான்
"வினைமுதனா மாயின் விளைபயன் றுய்ப்போம்
வினைமுதலா ரென்று வினவித் தனையறியக்
கர்த்தத் துவம்போய்க் கருமமூன் றுங்கழலு
நித்தமா முத்தி நிலை",வினைமுதல் நாம் ஆயின் விளை பயன் துய்ப்போம் வினைமுதல் ஆர் என்று வினவி தனை அறிய கர்த்தத்துவம் போய் கருமம் மூன்றும் கழலும் நித்தமாம் முத்தி நிலை
"பத்தனா னென்னுமட்டே பந்தமுத்தி சிந்தனைகள்
பத்தனா ரென்றுதன்னைப் பார்க்குங்காற் சித்தமாய்
நித்தமுத்தன் றானிற்க நிற்காதேற் பந்தசிந்தை
முத்திசிந்தை முன்னிற்கு மோ",பத்தன் நான் என்னும் மட்டே பந்த முத்தி சிந்தனைகள் பத்தன் ஆர் என்று தன்னை பார்க்குங்கால் சித்தமாய் நித்த முத்தன் தான் நிற்க நிற்காதேல் பந்த சிந்தை முத்தி சிந்தை முன் நிற்குமோ
"உருவ மருவ முருவருவ மூன்றா
முறுமுத்தி யென்னி லுரைப்ப னுருவ
மருவ முருவருவ மாயு மகந்தை
யுருவழிதன் முத்தி யுணர்",உருவம் அருவம் உருவருவம் மூன்று ஆம் உறும் முத்தி என்னில் உரைப்பன் உருவம் அருவம் உருவருவம் ஆயும் அகந்தை உரு அழிதல் முத்தி உணர்
"தோணி யியக்குவான் றொல்லை வருணத்துக்
காணிற் கடைப்பட்டா னென்றிகழார் காணா
யவன் றுணையா வாறுபோ யற்றேநூல்கற்ற
மகன்றுணையா நல்ல கொளல்",தோணி இயக்குவான் தொல்லை வருணத்துக் காணில் கடை பட்டான் என்று இகழார் காணா அவன் துணை ஆ ஆறு போய் அற்றே நூல் கற்ற மகன் துணையா நல்ல கொளல்
"அன்புஈனும் ஆர்வம் உடைமை அதுஈனும்
நண்பு என்னும்நாடாச் சிறப்பு",அன்பு ஈனும் ஆர்வம் உடைமை அது ஈனும் நண்பு என்னும் நாடாச் சிறப்பு
"வலியார்முன் றன்னை நினைக்க தான்றன்னின்
மெலியார்மேற் செல்லு மிடத்து",வலியார் முன் தன்னை நினைக்க தான் தன்னின் மெலியார் மேல் செல்லும் இடத்து
"தவமறைந்தல்லவை செய்தல் புதன் மறைந்து
வேட்டுவன் புட்சிமிழ் தற்று",தவம் மறைந்து அல்லவை செய்தல் புதல் மறைந்து வேட்டுவன் புள் சிமிழ்த்தற்று
"தன்னைத்தான்காக்கிற் சினங் காக்க காவாக்காற்
றன்னையே கொல்லுஞ் சினம்",தன்னைத் தான் காக்கின் சினம் காக்க காவாக்கால் தன்னையே கொல்லும் சினம்
"கேட்டார்ப்பிணிக்குந் தகையவாய்க் கேளாரும்கேட்டார்ப் பிணிக்கும்
வேட்ப மொழிவதாஞ் சொல்",கேட்டார்ப் பிணிக்கும் தகை அவாய் கேளாரும் கேட்டார்ப் பிணிக்கும் வேட்ப மொழிவது ஆம் சொல்
"மிகினுங்குறையினு நோய் செய்யு நூலோர்
வளிமுதலா வெண்ணிய மூன்று",மிகினும் குறையினும் நோய் செய்யும் நூலோர் வளி முதலா எண்ணிய மூன்று
"நன்றா வுரைக்கக்கேள் நல்லசி்த்தின் முன்னசித்திங்
கொன்றாது சித்தசித்தை யோராது நின்றிவற்றை
யன்றே பகுத்தறிவ தான்மாவே யென்றுமறை
குன்றாம லோதுங் குறித்து",நன்றா உரைக்கக் கேள் நல்ல சித்தின் முன் அசித்து இங்கு ஒன்றாது சித்து அசித்தை யோராது நின்று இவற்றை அன்றே பகுத்தறிவது ஆன்மாவே என்று மறை குன்றாமல் ஓதும் குறித்து
"தோற்றந் துடியதனில் தோயுந்திதி யமைப்பிற்
சாற்றியிடு மங்கியிலே சங்கார மூற்றாமா
வூன்று மலர்ப்பதத்தி லுற்றதிரோ தம்முத்தி
நான்ற மலர்ப்பதத்தே நாடு",தோற்றம் துடி அதனில் தோயும் திதி அமைப்பில் சாற்றி இடும் அங்கியிலே சங்காரம் ஊற்றமா ஊன்று மலர்ப் பதத்தில் உற்ற திரோதம் முத்தி நான்ற மலர்ப் பதத்தே நாடு
"பிறர்மனை கள்களவு சூது கொலையோடு
அறனறிந்தார் இவ்வைந்து நோக்கார் திறனிலரென்று
எள்ளப் படுவதூஉம் அன்றி நிரயத்துச்
செல்வழி உய்த்திடுத லால்",பிறர் மனை கள் களவு சூது கொலையோடு அறன் அறிந்தார் இவ் ஐந்தும் நோக்கார் திறன் இலர் என்று எள்ளப் படுவதூஉம் அன்றி நிரயத்துச் செல்வுழி உய்த்திடுதலான்
"தெறியொடு கல்லேறு வீளை விளியே
விகிர்தம்கதம் கரத்தல் கைபுடை தோன்ற
உறுப்புச் செகுத்தலோடு இன்னவை யெல்லாம்
பயிற்றார் நெறிப்பட் டவர்",தெறியொடு கல்லேறு வீளை விளியே விகிர்தம் கதம் கரத்தல் கை புடை தோன்ற உறுப்புச் செகுத்தலோடு இன்னவை எல்லாம் பயிற்றார் நெறிப்பட்டவர்
"ஈன்றாள் மகள்தம் உடன்பிறந்தாள் ஆயினும்
சான்றார்தமித்தா க உறையற்க ஐம்புலனும்
தாங்கற்கு அரிதஆக லான்",ஈன்றாள் மகள் தன் உடன்பிறந்தாள் ஆயினும் சான்றார் தமித்தா உறையற்க ஐம் புலனும் தாங்கற்கு அரிது ஆகலான்
"புழைக்கடைப்புகார் அரசன் கோட்டி உரிமை
இவற்றுக்கண் செவ்வியார் நோக்காரே அவ்வத்
தொழிற்குரிவர் அல்லா தவர்",புழைக்கடைப் பின் புகார் கோட்டி உரிமை இவற்றுக்கண் செவ்வியார் நோக்காரே அவ்வத் தொழிற்கு உரியர் அல்லாதவர்
"நிரல்படச் செல்லார் நிழன்மிதித்து நில்லார்
உரையிடை ஆய்ந்து உரையார்ஊர்முனிவ செய்யார்
அரசர் படையளவுஞ் சொல்லாரே என்றும்
கடைபோக வாழ்துமென் பார்",நிரல்படச் செல்லார் நிழல் மிதித்து நில்லார் உரையிடை ஆய்ந்து உரையார் ஊர் முனிவ செய்யார் அரசர் படை அளவும் சொல்லாரே என்றும் கடைபோக வாழ்தும் என்பார்
"எய்யாத வேண்டார் இரங்கார் இகந்ததற்குக்
கைவாரா வந்த இடுக்கண்மனம் அழுங்கார்
மெய்யாய காட்சி யவர்",எய்தாத வேண்டார் இரங்கார் இழந்ததற்கு கைவாரா வந்த இடுக்கண் மனம் அழுங்கார் மெய்யாய காட்சியவர்
"தலைக்கிட்ட பூமேவார் மோந்தபூச் சூடார்
பசுக்கொடுப்பின் பார்ப்பார்கைக் கொள்ளாரே என்றும்
புலைக்கு எச்சில்நீட்டார் விடல்",தலைக்கு இட்ட பூ மேவார் மோந்த பூச்சூடார் பசுக் கொடுப்பின் பார்ப்பார் கைக் கொள்ளாரே என்றும் புலைக்கு எச்சில் நீட்டார் விடல்
"தலைஇய நற்கருமஞ் செய்யுங்கால் என்றும்
புலையர்வாய் நாள்கேட்டுச் செய்யார் தொலைவில்லா
அந்தணர்வாய்ச் சொல்கேட்டுச் செய்க அவர்வாய்ச்சொல்
என்றும் பிழைப்ப தில்லை",தலைஇய நற் கருமம் செய்யுங்கால் என்றும் புலையர்வாய் நாள் கேட்டுச் செய்யார் தொலைவு இல்லா அந்தணர்வாய் நாள் கேட்டுச் செய்க அவர் வாய்ச்சொல் என்றும் பிழைப்பது இல
"மன்றத்து நின்று உஞற்றார்மாசுதிமிர்ந் தியங்கார்
என்றும் கடுஞ்சொல் உரையார் இருவராய்
நின்று உழியும்செல்லார் விடல்",மன்றத்து நின்று உஞற்றார் மாசு திமிர்ந்து இயங்கார் என்றும் கடுஞ் சொல் உரையார் இருவராய் நின்றுழியும் செல்லார் விடல்
"நானாற் றிசையும் பிணம்பிறங்க யானை
யடுக்குபு வேற்றிக் கிடந்த இடித்துரறி
யங்கண் விசும்பி னுருமெறித் தெங்கும்
பெருமலை தூறெறிந் தற்றே யருமணிப்
பூணேந் தெழின்மார் பியறிண்டேர்ச் செம்பியன்
வேந்தரை யட்ட களத்து",நால் நால் திசையும் பிணம் பிறங்க யானை அடுக்குபு பெற்றிக் கிடந்த இடித்து உரறி அம் கண் விசும்பின் உரும் எறிந்து எங்கும் பெரு மலை தூவ எறிந்தற்றே அரு மணிப் பூண் ஏந்து எழில் மார்பின் இயல் திண் தேர் செம்பியன் வேந்தரை அட்ட களத்து
"நளிந்த கடலுட் டிமிறிசை போலெங்கும்
விளிந்தார் பிணங்குருதி யீர்க்குந் தெளிந்து
தடற்றிடங்கொள்வாட் டளையவிழுந் தார்ச்சே ய்
உடற்றியா ரட்ட களத்து",நளிந்த கடலுள் திமில் திரை போல் எங்கும் விளிந்தார் பிணம் குருதி ஈர்க்கும் தெளிந்து தடற்று இலங்கு ஒள் வாள் தளை அவிழ் தார் சேஎய் உடற்றியார் அட்ட களத்து
"ஏற்றி வயவ ரெறிய நுதல்பிளந்து
நெய்த்தோர்ப் புனலு ணிவந்தகளிற் றுடம்பு
செக்கர்கொள் வானிற் கருங்கொண்மூப் போன்றவே
கொற்றவேற் றானைக் கொடித்திண்டோ ர்ச்செம்பியன்
செற்றாரை யட்ட களத்து",எற்றி வயவர் எறிய நுதல் பிளந்து நெய்த் தோர்ப் புனலுள் நிவந்த களிற்று உடம்பு செக்கர் கொள் வானில் கருங் கொண்மூப் போன்றவே கொற்ற வேல் தானை கொடித் திண் தேர் செம்பியன் செற்றாரை அட்ட களத்து
"திண்டோ ண்மறவ ரெறியத் திசைதோறும்
பைந்தலை பாரிற் புரள்பவை நன்கெனைத்தும்
பெண்ணையந் தோட்டம் பெருவளி புக்கேற்ற
கண்ணார் கமழ்தெரியற் காவிரி நீர்நாடன்
நண்ணாரை யட்ட களத்து",திண் தோள் மறவர் எறிய திசைதோறும் பைந் தலை பாரில் புரள்பவை நன்கு எனைத்தும் பெண்ணைஅம் தோட்டம் பெரு வளி புக்கற்றே கண் ஆர் கமழ் தெரியல் காவிரி நீர் நாடன் நண்ணாரை அட்ட களத்து
"மலைகலங்கப் பாயு மலைபோ னிலைகொள்ளாக்
குஞ்சரம் பாயக்கொடி யெழுந்து பொங்குபு
வானந் துடைப்பன போன்ற புனனாடன்
மேவாரை யட்ட களத்து",மலை கலங்கப் பாயும் மலை போல் நிலை கொள்ளாக் குஞ்சரம் பாய கொடி எழுந்து பொங்குபு வானம் துடைப்பன போன்ற புனல் நாடன் மேவாரை அட்ட களத்து
"ஓடா மறவ ருருத்து மதஞ்செருக்கிப்
பீடுடை வாளார் பிறங்கிய ஞாட்பினுட்
கேடகத்தோ டற்ற தடக்கைகொண் டோடி
இகலன்வாய்த் துற்றிய தோற்ற மயலார்க்குக்
கண்ணாடி காண்பாரிற் றோன்றும் புனனாடன்
நண்ணாரை யட்ட களத்து",ஓடா மறவர் உருத்து மதம் செருக்கி பீடுடை வாளர் பிணங்கிய ஞாட்பினுள் கேடகத்தோடு அற்ற தடக் கை கொண்டு ஓடி இகலன் வாய்த் துற்றிய தோற்றம் அயலார்க்குக் கண்ணாடி காண்பாரின் தோன்றும் புனல் நாடன் நண்ணாரை அட்ட களத்து
"மையின்மா மேனி நிலமென்னு நல்லவள்தீர்ந்த
செய்யது போர்த்தாள்போற் செவ்வந்தாள் பொய்
பூந்தார் முரசிற் பொருபுன னீர்நாடன்
காய்ந்தாரை யட்ட களத்து",மை இல் மா மேனி நிலம் என்னும் நல்லவள் செய்யது போர்த்தாள்போல் செவ்வந்தாள் பொய் தீர்ந்த பூந் தார் முரசின் பொரு புனல் நீர் நாடன் காய்ந்தாரை அட்ட களத்து
"பொய்கை யுடைந்து புனல்பாய்ந்த வாயெல்லா
நெய்த லிடையிடை வாளை பிறழ்வனபோல்
ஐதிலங் கெஃகி னவிரொளிவா டாயினவே
கொய்சுவன் மாவிற் கொடித்திண்டோர் செம்பியன்
தெவ்வரை யட்ட களத்து",பொய்கை உடைந்து புனல் பாய்ந்த வாய் எல்லாம் நெய்தல் இடை இடை வாளை பிறழ்வனபோல் ஐது இலங்கு எஃகின் அவிர் ஒளி வாள் தாயினவே கொய் சுவல் மாவின் கொடித் திண் தேர் செம்பியன் தெவ்வரை அட்ட களத்து
"இணரிய ஞாட்பினு ளேற்றெழுந்த மைந்தர்
சுடரிலங்கெஃக மெறியச் சோர்ந் துக்க
குடர்கொண்டு வாங்குங் குறுநரி கந்தில்
தொடரொடு கோணாய் புரையு மடர்பைம்பூட்
சேய்பொரு தட்ட களத்து",இடரிய ஞாட்பினுள் ஏற்று எழுந்த மைந்தர் சுடர் இலங்கு எஃகம் எறிய சோர்ந்து உக்க குடர் கொடு வாங்கும் குறு நரி கந்தில் தொடரொடு கோள் நாய் புரையும் அடர் பைம் பூண் சேய் பொருது அட்ட களத்து
"செவ்வரைச் சென்னி யரிமானோ டவ்வரை
ஒல்கி யுருமிற் குடைந்தற்றான் மல்கிக்
கரைகொண் றிழிதரூஉம் காவிரி நாடன்
உரைசா லுடம்பிடி மூழ்க வரசோடு
அரசுவா வீழ்ந்த களத்து",செவ் வரைச் சென்னி அரிமானோடு அவ் வரை ஒல்கி உருமிற்கு உடைந்தற்றால் மல்கிக் கரை கொன்று இழிதரும் காவிரி நாடன் உரை சால் உடம்பிடி மூழ்க அரசோடு அரசுஉவா வீழ்ந்த களத்து
"பருமப் பணையெருத்திற் பல்யானை புண்கூர்ந்து
உருமெறி பாம்பிற் புரளுஞ் செருமொய்ம்பிற்
பொன்னார மார்பிற் புனைசுழற்காற் செம்பியன்
துன்னாரை யட்ட களத்து",பருமப் பணை எருத்தின் பல் யானை புண் கூர்ந்து உரும் எறி பாம்பின் புரளும் செரு மொய்ம்பின் பொன் ஆர மார்பின் புனை கழற் கால் செம்பியன் துன்னாரை அட்ட களத்து
"மைந்து கால்யாத்து மயங்கிய ஞாட்பினுள்
புய்ந்து கால்போகிப்புலால் முகந்த வெண்குடை
பஞ்சி பெய்தாலமே போன்ற புனல்நாடன்
வஞ்சிக்கோ அட்ட களத்து",மைந்துகால் யாத்து மயங்கிட ஞாட்பினுட் புய்ந்துகால் போகிப் புலான்முகந்த வெண்குடை பஞ்சிபெய் தாலமே போன்ற புனனாடன் வஞ்சிக்கோ வட்ட களத்து
"உணற்கினிய இன்னீர் பிறிதுழி இல்லென்றும்
கிணற்றுகத்துத் தேரைபோல் ஆகார் கணக்கினை
முற்றப் பகலும் முனியாது இனிதோதிக்
கற்றலின் கேட்டலே நன்று",உணற்கு இனிய இந் நீர் பிறிதுஉழி இல் என்னும் கிணற்று அகத்துத் தேரைபோல் ஆகார் கணக்கினை முற்றப் பகலும் முனியாது இனிது ஓதிக் கற்றலின் கேட்டலே நன்று
"கற்றானும் கற்றார்வாய்க் கேட்டானும் இல்லாதார்
தெற்ற உணரார் பொருள்களை எற்றேல்
அறிவில்லான் மெய்தலைப் பாடு பிறிதில்லை
நாவற்கீழ்ப் பெற்ற கனி",கற்றானும் கற்றார் வாய்க் கேட்டானும் இல்லாதார் தெற்ற உணரார் பொருள்களை எற்றேல் அறிவு இலான் மெய்த் தலைப்பாடு பிறிது இல்லை நாவல்கீழ்ப் பெற்ற கனி
"கல்லாதான் கண்ட கழிநுட்பம் காட்டரிதால்
நல்லேம்யாம் என்றொருவன் நன்கு மதித்தலென்
சொல்லால்வணக்கி வெகுண்டு அரு கிற்பார்க்கும்
சொல்லாக்கால் சொல்லுவ தில்",கல்லாதான் கண்ட கழி நுட்பம் காட்டு அரிதால் நல்லேம் யாம் என்று ஒருவன் நன்கு மதித்தல் என் சொல்லால் வணக்கி வெகுண்டு அடுகிற்பார்க்கும் சொல்லாக்கால் சொல்லுவது இல்
"கல்லாதும் கேளாதும் கற்றாரவை நடுவண்
சொல்லாடு வாரையும் அஞ்சற்பாற்று எல்லருவி
பாய்வரை நாட பரிசழிந் தாரோடு
தேவரும் ஆற்றல் இலர்",கல்லாதும் கேளாதும் கற்றார் அவை நடுவண் சொல்லாடு வாரையும் அஞ்சற்பாற்று எல் அருவி பாய் வரை நாட பரிசு அழிந்தாரோடு தேவரும் ஆற்றல் இலர்
"அறிவினால் மாட்சியொன்று இல்லா ஒருவன்
பிறிதினால் மாண்டது எவனாம் பொறியின்
மணிபொன்னும் சாந்தமும் மாலையும் இன்ன
அணியெல்லாம் ஆடையின் பின்",அறிவினால் மாட்சி ஒன்று இல்லா ஒருவன் பிறிதினால் மாண்டது எவனாம் பொறியின் மணி பொன்னும் சாந்தமும் மாலையும் மற்று இன்ன அணி எல்லாம் ஆடையின் பின்
"தந்நடை நோக்கார் தமர்வந்த வாறறியார்
செந்நடை சேராச் சிறியார்போல் ஆகாது
நின்னடை யானே நடஅத்தா நின்னடை
நின்னின்று அறிகிற்பார் இல்",தம் நடை நோக்கார் தமர் வந்தவாறு அறியார் செந் நடை சேராச் சிறியார்போல் ஆகாது நின் நடையானே நடஅத்தா நின் நடை நின் இன்று அறிகிற்பார் இல்
"நீர்த்தன்று ஒருவர் நெறியன்றிக் கொண்டக்கால்
பேர்த்துத் தெருட்டல் பெரியார்க்கும் ஆகாதே
கூர்த்தநுண் கேள்வி அறிவுடையார்க்கு ஆயினும்
ஓர்த்தது இசைக்கும் பறை",நீர்த்து அன்று ஒருவர் நெறி அன்றிக் கொண்டக்கால் பேர்த்துத் தெருட்டல் பெரியார்க்கும் ஆகாதே கூர்த்த நுண் கேள்வி அறிவுடையார்க்கு ஆயினும் ஓர்த்தது இசைக்கும் பறை
"கெடுவல் எனப்பட்ட கண்ணும் தனக்கோர்
வடுவல்ல செய்தலே வேண்டும் நெடுவரை
முற்றுநீர் ஆழி வரையகத்து ஈண்டிய
கல்தேயும் தேயாது சொல்",கெடுவல் எனப்பட்டக் கண்ணும் தனக்கு ஓர் வடு அல்ல செய்தலே வேண்டும் நெடு வரை முற்று நீர் ஆழி வரையகத்து ஈண்டிய கல் தேயும் தேயாது சொல்
"உரிஞ்சி நடப்பாரை உள்ளடி நோவா
நெருஞ்சியும் செய்வதொன் றில்லை செருந்தி
இருங்கழித் தாழும் எறிகடல் தண்சேர்ப்ப
பெரும்பழியும் பேணாதார்க்கு இல்",உரிஞ்சி நடப்பாரை உள் அடி நோவா நெருஞ்சியும் செய்வது ஒன்று இல்லை செருந்தி இருங் கழித் தாழும் எறி கடல் தண் சேர்ப்ப பெரும் பழியும் பேணாதார்க்கு இல்
"ஆவிற்கு அரும்பனி தாங்கிய மாலையும்
கோவிற்குக் கோவலன் என்றுலகம் கூறுமால்
தேவர்க்கு மக்கட்கு எனல்வேண்டா தீங்குரைக்கும்
நாவிற்கு நல்குரவு இல்",ஆவிற்கு அரும் பனி தாங்கிய மாலையும் கோவிற்குக் கோவலன் என்று உலகம் கூறுமால் தேவர்க்கு மக்கட்கு என வேண்டா தீங்கு உரைக்கும் நாவிற்கு நல்குரவு இல்
"ஆற்றார் இவரென்று அடைந்த தமரையும்
தோற்றத்தாம் எள்ளி நலியற்க போற்றான்
கடையடைத்து வைத்துப் புடைத்தக்கால் நாயும்
உடையானைக் கவ்வி விடும்",ஆற்றார் இவர் என்று அடைந்த தமரையும் தோற்ற தாம் எள்ளி நலியற்க போற்றான் கடை அடைத்து வைத்து புடைத்தக்கால் நாயும் உடையானைக் கவ்வி விடும்
"காழார மார்ப கசடறக் கைகாவாக்
கீழாயோர் செய்த பிழைப்பினை மேலாயோர்
உள்ளத்துக் கொண்டுநேர்ந்து ஊக்கல் குறுநரிக்கு
நல்லாநா ராயம் கொளல்",காழ் ஆர மார்ப கசடு அறக் கை காவாக் கீழாயோர் செய்த பிழைப்பினை மேலாயோர் உள்ளத்துக் கொண்டு நேர்ந்து ஊக்கல் குறு நரிக்கு நல்ல நாராயம் கொளல்
"செய்த கருமம் சிறிதானும் கைகூடா
மெய்யா உணரவும் தாம்படார் எய்த
நலத்தகத் தம்மைப் புகழ்தல் புலத்தகத்துப்
புள்ளரைக்கால் விற்பேம் எனல்",செய்த கருமம் சிறிதானும் கைகூடா மெய்யா உணரவும் தாம் படார் எய்த நலத் தகத் தம்மைப் புகழ்தல் புலத்தகத்துப் புள் அரைக்கால் விற்பேம் எனல்
"தமரேயும் தம்மைப் புகழ்ந்துரைக்கும் போழ்தில்
அமராது அதனை அகற்றலே வேண்டும்
அமையாகும் வெற்ப அணியாரே தம்மைத்
தமவேனும் கொள்ளாக் கலம்",தமரேயும் தம்மைப் புகழ்ந்து உரைக்கும் போழ்தின் அமராததனை அகற்றலே வேண்டும் அமை ஆரும் வெற்ப அணியாரே தம்மை தமவேனும் கொள்ளாக் கலம்
"தாயானும் தந்தையா லானும் மிகவின்றி
வாயின்மீக் கூறும் அவர்களை ஏத்துதல்
நோயின்று எனினும் அடுப்பின் கடைமுடங்கும்
நாயைப் புலியாம் எனல்",தாயானும் தந்தையாலானும் மிகவு இன்றி வாயின் மீக்கூறுமவர்களை ஏத்துதல் நோய் இன்று எனினும் அடுப்பின் கடை முடங்கும் நாயைப் புலியாம் எனல்
"முல்லைக்குத் தேரும் மயிலுக்குப் போர்வையும்
தொல்லை அளித்தாரைக் கேட்டறிதும் சொல்லின்
நெறிமடற் பூந்தாழை நீடுநீர்ச் சேர்ப்ப
அறிமடமும் சான்றோர்க்கு அணி",முல்லைக்குத் தேரும் மயிலுக்குப் போர்வையும் தொல்லை அளித்தாரைக் கேட்டு அறிதும் சொல்லின் நெறி மடல் பூந் தாழை நீடு நீர்ச் சேர்ப்ப அறி மடமும் சான்றோர்க்கு அணி
"நிரைதொடி தாங்கிய நீள்தோள்மாற்கு ஏயும்
உரையொழியா வாகும் உயர்ந்தோர்கண் குற்றம்
மரையா கன்றூட்டும் மலைநாட மாயா
நரையான் புறத்திட்ட சூடு",நிரை தொடி தாங்கிய நீள் தோள் மாற்கேயும் உரை ஒழியாவாகும் உயர்ந்தோர்கண் குற்றம் மரையா கன்று ஊட்டும் மலை நாட மாயா நரை ஆன் புறத்து இட்ட சூடு
"ஈட்டிய ஒண்பொருள் இன்றெனினும் ஒப்புரவு
ஆற்றும் மனைப்பிறந்த சான்றவன் ஆற்றவும்
போற்றப் படாதாகிப் புல்லின்றி மேயினும்
ஏற்றுக்கன்று ஏறாய் விடும்",ஈட்டிய ஒண் பொருள் இன்றெனினும் ஒப்புரவு ஆற்றும் குடிப் பிறந்த சான்றவன் ஆற்றவும் போற்றப் படாதாகி புல் இன்றி மேயினும் ஏற்றுக் கன்று ஏறாய் விடும்
"அடர்ந்து வறியராய் ஆற்றாத போழ்தும்
இடங்கண்டு அறிவாம்என்று எண்ணி இராஅர்
மடங்கொண்ட சாயல் மயிலன்னாய் சான்றோர்
கடங்கொண்டும் செய்வார் கடன்",அடர்ந்து வறியராய் ஆற்றாத போழ்தும் இடம் கண்டு அறிவாம் என்று எண்ணி இராஅர் மடம் கொண்ட சாயல் மயில் அன்னாய் சான்றோர் கடம் கொண்டும் செய்வார் கடன்
"மொய்கொண் டெழுந்த அமரகத்து மாற்றார்வாய்ப்
பொய்கொண் டறைபோய்த் திரிபவர்க்கு என்கொலோ
மையுண்டு அமர்ந்தகண் மாணிழாய் சான்றவர்
கையுண்டும் கூறுவர் மெய்",மொய் கொண்டு எழுந்த அமரகத்து மாற்றார் வாய்ப் பொய் கொண்டு அறைபோய்த் திரிபவர்க்கு என்கொலாம் மை உண்டு அமர்த்த கண் மாணிழாய் சான்றவர் கை உண்டும் கூறுவர் மெய்
"இறப்ப எமக்கீது இழிவரலென்று எண்ணார்
பிறப்பிற் சிறியாரைச் சென்று பிறப்பினால்
சாலவும் மிக்கவர் சார்ந்தடைந்து வாழ்பவே
தால அடைக்கலமே போன்று",இறப்ப எமக்கு ஈது இழிவரவு எண்ணார் பிறப்பின் சிறியாரைச் சென்று பிறப்பினால் சாலவும் மிக்கவர் சார்ந்து அடைந்து வாழ்பவே தால அடைக்கலமே போன்று
"தக்காரோடு ஒன்றித் தமராய் ஒழுகினார்
மிக்காரால் என்று சிறியாரைத் தாம்சேறார்
கொக்கார் வளவய லூரா தினலாமோ
அக்காரம் சேர்ந்த மணல்",தக்காரோடு ஒன்றி தமராய் ஒழுகினார் மிக்காரால் என்று சிறியாரைத் தாம் தேறார் கொக்கு ஆர் வள வயல் ஊர தினல் ஆமோ அக்காரம் சேர்ந்த மணல்
"தந்தொழில் ஆற்றும் தகைமையார் செய்வன
வெந்தொழிலர் ஆய வெகுளிகட்குக் கூடுமோ
மைந்துஇறை கொண்ட மலைமார்ப ஆகுமோ
நந்துழுத எல்லாம் கணக்கு",தம் தொழில் ஆற்றும் தகைமையார் செய்வன வெந் தொழிலர் ஆய வெகுளிகட்குக் கூடுமோ மைந்து இறைகொண்ட மலை மார்ப ஆகுமோ நந்து உழுத எல்லாம் கணக்கு
"பூத்தாலும் காயா மரமுள மூத்தாலும்
நன்கறியார் தாமம் நனியுளர் பாத்தி
விதைத்தாலும் நாறாத வித்துள பேதைக்கு
உரைத்தாலும் தோன்றாது உணர்வு",பூத்தாலும் காயா மரம் உள மூத்தாலும் நன்கு அறியார் தாமும் நனி உளர் பாத்தி விதைத்தாலும் நாறாத வித்து உள பேதைக்கு உரைத்தாலும் தோன்றாது உணர்வு
"காடுறை வாழ்க்கைக் கருவினை மாக்களை
நாடுறைய நல்கினும் நன்கொழுகார் நாடொறும்
கையுள தாகி விடினும் குறும்பூழ்க்குச்
செய்யுளது ஆகும் மனம்",காடு உறை வாழ்க்கைக் கரு வினை மாக்களை நாடு உறைய நல்கினும் நன்கு ஒழுகார் நாள்தொறும் கையுளதாகிவிடினும் குறும்பூழ்க்குச் செய் உளது ஆகும் மனம்
"கருந்தொழிலர் ஆய கடையாயர் தம்மேல்
பெரும்பழி யேறுவ பேணார் இரும்புன்னை
புன்புலால்தீர்க்கும் துறைவ மற்று அஞ்சாதே
தின்பது அழுவதன் கண்",கருந் தொழிலர் ஆய கடையாயார் தம்மேல் பெரும் பழி ஏறுவ பேணார் இரும் புன்னை புன் புலால் தீர்க்கும் துறைவ மற்று அஞ்சாதே தின்பது அழுவதன் கண்
"மிக்க பழிபெரிதும் செய்தக்கால் மீட்டதற்குத்
தக்கது அறியார் தலைசிறத்தல் எக்கர்
அடும்பு அலரும்சேரப்ப அகலுள்நீ ராலே
துடும்பல் எறிந்து விடல்",மிக்க பழி பெரிதும் செய்தக்கால் மீட்டு அதற்குத் தக்கது அறியார் தலைசிறத்தல் எக்கர் அடும்பு அலரும் சேர்ப்ப அகலுள் நீராலே துடும்பல் எறிந்து விடல்
"மாணாப் பகைவரை மாறொறுக் கல்லாதார்
பேணா துரைக்கும் உரைகேட்டு வந்ததுபோல்
ஊணார்ந்து உதவுவதொன்று இல்லெனினும் கள்ளினைக்
காணாக் களிக்கும் களி",மாணாப் பகைவரை மாறு ஒறுக்கல்லாதார் பேணாது உரைக்கும் உரை கேட்டு உவந்ததுபோல் ஊண் ஆர்ந்து உதவுவது ஒன்று இல் எனினும் கள்ளினைக் காணாக் களிக்கும் களி
"அல்லவை செய்ப அலப்பின் அலவாக்கால்
செல்வது அறிகலர் ஆகிச்சி தைத்தெழுப
கல்லாக்கயவர் இயல்போல் நரியிற்கு ஊண்
நல்யாண்டும் தீயாண்டும் இல்",அல்லவை செய்ப அலப்பின் அல்வாக்கால் செல்வது அறிகிலர் ஆகிச் சிதைந்து எழுவர் கல்லாக் கயவர் இயல்போல் நரியிற்கு ஊண் நல் யாண்டும் தீ யாண்டும் இல்
"ஊழாயி னாரைக் களைந்திட்டு உதவாத
கீழாயி னாரைப் பெருக்குதல் யாழ்போலும்
தீஞ்சொல் மழலையாய் தேனார் பலாக்குறைத்துக்
காஞ்சிரை நட்டு விடல்",ஊழாயினாயிரைக் களைந்திட்டு உதவாத கீழாயினாரைப் பெருக்குதல் யாழ் போலும் தீம் சொல் மழலையாய் தேன் ஆர் பலாக் குறைத்து காஞ்சிரை நட்டு விடல்
"சொல்எதிர்ந்து தம்மை வழிபட்டு ஒழுகலராய்க்
கல்எறிந்தாற் போலத் கலாந்தலைக் கொள்வாரை
இல்இருந்து ஆற்ற முனிவித்தல் உள்ளிருந்து
அச்சாணி தாம்கழிக்கு மாறு",சொல் எதிர்ந்து தம்மை வழிபட்டு ஒழுகலராய் கல் எறிந்தாற் போலக் கலாம் தலைக்கொள்வாரை இல் இருந்து ஆற்ற முனிவித்தல் உள் இருந்து அச்சாணி தாம் கழிக்குமாறு
"தெரியாதார் சொல்லும் திறனின்மை தீதாப்
பரியார் பயனின்மை செய்து பெரியார்சொல்
கொள்ளாது தாம்தம்மைக்காவா தவர் பிறரைக்
கள்ளராச் செய்குறு வார்",தெரியாதார் சொல்லும் திறன் இன்மை தீதாப் பரியார் பயன் இன்மை செய்து பெரியார் சொல் கொள்ளாது தாம் தம்மைக் காவாதவர் பிறரைக் கள்ளராச் செய்குறு வார்
"ஒட்டிய காதல் உமையாள்ஒரு பாலக்
கட்டங்கம் வெல்கொடி கொண்டானும் கொண்டானே
விட்டாங்கு அகலா முழுமெய்யும் கொள்பவே
நட்டாரை ஒட்டி யுழி",ஒட்டிய காதல் உமையாள் ஒரு பாலா கட்டங்கம் வெல் கொடி கொண்டானும் கொண்டானே விட்டு ஆங்கு அகலா முழு மெய்யும் கொள்பவே நட்டாரை ஒட்டியுழி
"விலங்கேயும் தம்மோடு உடனுறைதல் மேவும்
கலந்தாரைக் கைவிடுதல் ஒல்லா இலங்கருவி
தாஅய் இழியும் மணலைநாட இன்னாதே
பேஎயோ டானும் பிரிவு",விலங்கேயும் தம்மோடு உடன் உறைதல் மேவும் கலந்தாரைக் கைவிடுதல் ஒல்லா இலங்கு அருவி தாஅய் இழியும் மலை நாட இன்னாதே பேஎயோ டானும் பிரிவு
"தாம்நட்டு ஒழுகுதற்குத் தக்கார் எனல்வேண்டா
யார்நட்பே யாயினும் நட்புக் கொளல்வேண்டும்
கானாட்டு நாறும் கதுப்பினாய் தீற்றாதோ
நாய்நட்டால் நல்ல முயல்",தாம் நட்டு ஒழுகுதற்குத் தக்கார் எனல் வேண்டா யார் நட்பே ஆயினும் நட்புக் கொளல் வேண்டும் கானாட்டு நாறும் கதுப்பினாய் தீற்றாதோ நாய் நட்டால் நல்ல முயல்
"தீர்ந்தேம் எனக்கருதித் தேற்றாது ஒழுகித்தாம்
ஊர்ந்த பரிவும் இலராகிச் சேர்ந்தார்
பழமை கந்தாகப் பரியார் புதுமை
முழநட்பிற் சாணுட்கு நன்று",தீர்ந்தேம் எனக் கருதி தேற்றாது ஒழுகி தாம் ஊர்ந்த பரிவும் இலர் ஆகி சேர்ந்தார் பழமை கந்து ஆக பரியார் புதுமை முழ நட்பின் சாண் உட்கு நன்று
"தெற்றப் பரிந்தொருவர் தீர்ப்பனப் பட்டார்க்கு
உற்ற குறையை உரைப்பதாம் தெற்ற
அறையார் அணிவளையாய் தீர்தல் உறுவார்
மறையார் மருத்துவர்க்கு நோய்",தெற்றப் பரிந்து ஒருவர் தீர்ப்பர் எனப்பட்டார்க்கு உற்ற குறையை உரைப்ப தாம் தெற்ற அறை ஆர் அணி வளையாய் தீர்தல் உறுவார் மறையார் மருத்துவர்க்கு நோய்
"முட்டின்று ஒருவர் உடைய பொழுதின்கண்
அட்டிற்றுத் தின்பவர் ஆயிரவர் ஆபவே
கட்டலர்தார் மார்ப கலியூழிக் காலத்துக்
கெட்டார்க்கு நட்டாரோ இல்",முட்டு இன்று ஒருவர் உடைய பொழுதின்கண் அட்டிற்றுத் தின்பவர் ஆயிரவர் ஆபவே கட்டு அலர் தார் மார்ப கலி ஊழிக் காலத்து கெட்டார்க்கு நட்டாரோ இல்
"பாப்புக் கொடியாற்குப் பால்மேனி யான்போலத்
தாக்கி அமருள்தலைப் பெய்யார் போக்கி
வழியராய் நட்டார்க்கு மாதவம் செய்வாரே
கழிவிழாத் தோளேற்று வார்",பாப்புக் கொடியாற்குப் பால்மேனியான் போலத் தாக்கி அமருள் தலைப்பெய்யார் போக்கி வழியராய் நட்டார்க்கு மா தவம் செய்வாரே கழி விழாத் தோள் ஏற்றுவார்
"இடையீடு உடையார் இவர்அவரோடு என்று
தலையாயர் ஆராய்ந்தும் காணார் கடையாயர்
முன்னின்று கூறும் குறளை தெரிதலால்
பின்னின்னா பேதையார் நட்பு",இடையீடு உடையார் இவர் அவரோடு என்று தலையாயார் ஆராய்ந்தும் காணார் கடையாயர் முன் நின்று கூறும் குறளை தெரிதலால் பின் இன்னா பேதையார் நட்பு
"யாம்தீய செய்த மலைமறைந்தது என்றெண்ணித்
தாம்தீயார் தம்தீமை தேற்றாராய் ஆம்பல்
மணவில் கமழும் மலிதிரைச் சேர்ப்ப
கணையினுந் கூரியவாம் கண்",யாம் தீய செய்த மலை மறைத்தது என்று எண்ணி தாம் தீயார் தம் தீமை தேற்றாராய் ஆம்பல் மண இல் கமழும் மலி திரைச் சேர்ப்ப கணையிலும் கூரியவாம் கண்
"வெள்ளம் வருங்கால் ஈரம்பட்டு அஃதேபோல்
கள்ளம் உடையாருக் கண்டே அறியலாம்
ஒள்அமர் கண்ணாய் ஒளிப்பினும் உள்ளம்
படர்ந்ததே கூறும் முகம்",வெள்ளம் வருங்காலை ஈரம்பட்டு அஃதேபோல் கள்ளம் உடையாரைக் கண்டே அறியலாம் ஒள் அமர்க் கண்ணாய் ஒளிப்பினும் உள்ளம் படர்ந்ததே கூறும் முகம்
"முயலலோ வேண்டா முனிவரை யானும்
இயல்பினார் என்பது இனத்தால் அறிக
கயலியலும் கண்ணாய் கரியரோ வேண்டா
அயலறியா அட்டு ஊணோஇல்",முயலவோ வேண்டா முனிவரையானும் இயல்பு இன்னர் என்பது இனத்தான் அறிக கயல் இகல் உண் கண்ணாய் கரியரோ வேண்டா அயல் அறியா அட்டூணோ இல்
"கற்றதொன்று இன்றி விடினும் கருமத்தை
அற்ற முடிப்போன் அறிவுடையான் உற்றியம்பும்
நீத்தநீர்ச் சேர்ப்ப இளையோனே ஆயினும்
மூத்தோனே ஆடு மகன்",கற்றது ஒன்று இன்றிவிடினும் கருமத்தை அற்றம் முடிப்பான் அறிவுடையான் உற்று இயம்பும் நீத்த நீர்ச் சேர்ப்ப இளையோனே ஆயினும் மூத்தானே ஆடு மகன்
"ஒன்றால் சிறிதால் உதவுவதொன்று இல்லையால்
என்றாங்கு இருப்பின் இழுக்கம் பெரிதாகும்
அன்றைப் பகலேயும் வாழ்கலார் நின்றது
சென்றது பேரா தவர்",ஒன்றால் சிறிதால் உதவுவது ஒன்று இல்லையால் என்று ஆங்கு இருப்பின் இழுக்கம் பெரிது ஆகும் அன்றைப் பகலேயும் வாழ்கலார் நின்றது சென்றது பேரா தவர்
"இனியாரும் இல்லாதார் எம்மிற் பிறர்யார்
தனியேம்யாம் என்றொருவர் தாமடியல் வேண்டா
முனிவில ராகி முயல்க முனிவில்லார்
முன்னியது எய்தாமை இல்",இனி யாரும் இல்லாதார் எம்மின் பிறர் யார் தனியேம் யாம் என்று ஒருவர் தாம் மடியல் வேண்டா முனிவு இலராகி முயல்க முனிவில்லார் முன்னியது எய்தாமை இல்
"வீங்குதோள் செம்பியன் சீற்றம் விறல்விசும்பில்
தூங்கும் எயிலும் தொலைத்தலால் ஆங்கு
முடியும் திறத்தால் முயல்க தாம்கூரம்பு
அடியிழுப்பின் இல்லை அரண்",வீங்கு தோள் செம்பியன் சீற்றம் விறல் விசும்பில் தூங்கும் எயிலும் தொலைத்தலால் ஆங்கு முடியும் திறத்தால் முயல்க தாம் கூர் அம்பு அடி இழுப்பின் இல்லை அரண்
"தலைக்கொண்ட தங்கருமம் தாமடி கொண்டு
கடைப்பிடி யில்லாதார்பால் வைத்துக் கடைப்பிடி
மிக்கோடி விட்டுத் திரியின்அது பெரிது
உக்கோடிக் காட்டி விடும்",தலைக்கொண்ட தம் கருமம் தாம் மடிக்கொண்டு கடைப்பிடி இல்லார்பால் வைத்து கடைப்பிடி மிக்கு ஓடி விட்டுத் திரியின் அது பெரிது உக்கு ஓடிக் காட்டிவிடும்
"முடிந்தற்கு இல்லை முயற்சி முடியாது
ஒடிந்ததற்கு இல்லை பெருக்கம் வடிந்தற
வல்லதற்கு இல்லை வருத்தம் உலகினுள்
இல்லதற்கு இல்லை பெயர்",முடிந்ததற்கு இல்லை முயற்சி முடியாது ஒடிந்ததற்கு இல்லை பெருக்கம் வடிந்து அற வல்லதற்கு இல்லை வருத்தம் உலகினுள் இல்லதற்கு இல்லை பெயர்
"செந்நீரார் போன்று சிதைய மதிப்பார்க்கும்
பொய்ந்நீரார் போன்று பொருளை முடிப்பார்க்கும்
அந்நீர் அவரவர்க்குத் தக்காங்கு ஒழுகுபவே
வெந்நீரின் தண்ணீர் தெளித்து",செந்நீரார் போன்று சிதைய மதிப்பார்க்கும் பொய்ந்நீரார் போன்று பொருளை முடிப்பார்க்கும் அந் நீர் அவரவர்க்குத் தக்காங்கு ஒழுகுபவே வெந் நீரில் தண்ணீர் தெளித்து
"தாமாற்ற கில்லாதார் தாஞ்சாரப் பட்டாரைத்
தீமாற்றத் தாலே பகைப்படுத்திட்டு ஏமாப்ப
முன்ஓட்டுக் கொண்டு முரண்அஞ்சிப் போவாரே
உண்ஒட்டு அகல்உடைப் பார்",தாம் ஆற்றகில்லாதார் தாம் சாரப் பட்டாரைத் தீ மாற்றத்தாலே பகைப்படுத்திட்டு ஏமாப்ப முன் ஓட்டுக்கொண்டு முரண் அஞ்சிப் போவாரே உண் ஓட்டு அகல் உடைப்பார்
"நிலைஇய பண்பிலார் நேரல்லர் என்றொன்று
உளைய உரையார் உறுதியே கொள்
வளையொலி ஐம்பாலாய் வாங்கி இருந்து
தொளையெண்ணார் அப்பந்தின் பார்",நிலைஇய பண்பு இலார் நேர் அல்லர் என்று ஒன்று உளைய உரையாது உறுதியே கொள்க வளை ஒலி ஐம்பாலாய் வாங்கியிருந்து தொளை எண்ணார் அப்பம் தின்பார்
"அன்பின் நெகிழ வழிபட்டுக் கொள்ளாது
நின்ற பொழுதின் முடிவித்துக் கொள்வது
கன்றுவிட்டு ஆக்கறக்கும் போழ்தில் கறவானாய்
அம்புவிட்டு ஆக்கறக்கும் ஆறு",அன்பின் நெகிழ வழிபட்டுக் கொள்ளாது நின்ற பொழுதின் முடிவித்துக் கொள்வது கன்று விட்டு ஆக் கறக்கும் போழ்தில் கறவானாய் அம்பு விட்டு ஆக் கறக்குமாறு
"தெற்ற அறிவுடையார்க்கு அல்லால் திறனிலா
முற்றலை நாடிக் கருமம் செயவையார்
கற்றொன் றறிந்து கசடற்ற காலையும்
மற்றதென் பாற்றேம்பல் நன்று",தெற்ற அறிவுடையார்க்கு அல்லால் திறன் இல்லா முற்றலை நாடிக் கருமம் செய வையார் கற்று ஒன்று அறிந்து கசடு அற்ற காலையும் மற்றதன்பால் தேம்பல் நன்று
"கட்டுடைத் தாகக் கருமம் செயவைப்பின்
பட்டுண்டாங்கு ஓடும் பரியாரை வையற்க
தொட்டாரை ஒட்டாப் பொருளில்லை இல்லையே
அட்டாரை ஒட்டாக் கலம்",கட்டு உடைத்தாகக் கருமம் செய வைப்பின் பட்டு உண்டு ஆங்கு ஓடும் பரியாரை வையற்க தொட்டாரை ஒட்டாப் பொருள் இல்லை இல்லையே அட்டாரை ஒட்டாக் கலம்
"அன்பறிந்த பின்அல்லால் யார்யார்க்கும் தம்மறையே
முன்பிறர்க்கு ஓடி மொழியற்க தின்குறுவான்
கொல்வாங்குக் கொன்றபின் அல்லது உயக்கொண்டு
புல்வாய் வழிப்படுவார் இல்",அன்பு அறிந்தபின் அல்லால் யார் யார்க்கும் தம் மறையை முன் பிறர்க்கு ஓடி மொழியற்க தின்குறுவான் கொல்வாங்குக் கொன்றபின் அல்லது உயக் கொண்டு புல்வாய் வழிப்படுவார் இல்
"நயவர நட்டொழுகு வாரும்தாம் கேட்டது
உயவாது ஒழிவார் ஒருவரும் இல்லை
புயலமை கூந்தல் பொலந்தொடி சான்றோர்
கயவர்க்கு உரையார் மறை",நயவர நட்டு ஒழுகுவாரும் தாம் கேட்டது உயவாது ஒழிவார் ஒருவரும் இல்லை புயல் அமை கூந்தல் பொலந்தொடீஇ சான்றோர் கயவர்க்கு உரையார் மறை
"பெருமலை நாட பிறர்அறிய லாகா
அருமறையை ஆன்றோரே காப்பர் அருமறையை
நெஞ்சிற் சிறியார்க்கு உரைத்தல் பனையின்மேல்
பஞ்சிவைத்து எஃகிவிட் டற்று",பெரு மலை நாட பிறர் அறியலாகா அரு மறையை ஆன்றோரே காப்பர் அரு மறையை நெஞ்சில் சிறியார்க்கு உரைத்தல் பனையின்மேல் பஞ்சி வைத்து எஃகிவிட்டற்று
"ஆஅம் எனக்கெளிது என்றுலகம் ஆண்டவன்
மேஎம் துணையறியான் மிக்குநீர் பெய்திழந்தான்
தோஒம் உடைய தொடங்குவார்க்கு இல்லையே
தாஅம் தரவாரா நோய்",ஆஅம் எனக்கு எளிது என்று உலகம் ஆண்டவன் மேஎந் துணை அறியான் மிக்கு நீர் பெய்து இழந்தான் தோஒம் உடைய தொடங்குவார்க்கு இல்லையே தா அம் தர வாரா நோய்
"நற்பால சுற்றாரும் நாடாது சொல்லுவர்
இற்பாலர் அல்லார் இயல்பின்மை நோவதென்
கற்பால் கலங்கருவி நாட மற்றியரானும்
சொற்சோரா தாரோ இல்",நற்பால கற்றாரும் நாடாது சொல்லுவர் இற்பாலர் அல்லார் இயல்பு இன்மை நோவது என் கற்பால் கலங்கு அருவி நாட மற்று யாரானும் சொல் சோரா தாரோ இலர்
"பூந்தண் புனற்புகார்ப் பூமிகுறி காண்டற்கு
வேந்தன் வினாயினான் மாந்தரைச் சான்றவன்
கொண்டதனை நாணி மறைத்தலால்தன் கண்ணிற்
கண்டதூஉம் எண்ணிச் சொலல்",பூந்தண் புனல் புகார்ப் பூமி குறி காண்டற்கு வேந்தர் வினாயினான் மாந்தரை சான்றவன் கொண்டதனை நாணி மறைத்தலால் தன் கண்ணின் கண்டதூஉம் எண்ணிச் சொலல்
"எனைப்பலவே யாயினும் சேய்த்தாற் பெறலின்
தினைத்துணையே யானும் அணிக்கோடல் நன்றே
இனக்கலை தேன்கிழிக்கும் மேகல்சூழ் வெற்ப
பனைப்பதித்து உண்ணார் பழம்",எனைப் பலவே ஆயினும் சேய்த்தாப் பெறலின் தினைத் துணையேயானும் அணிக் கோடல் நன்றே இனக் கலை தேன் கிழிக்கும் ஏகல் சூழ்வெற்ப பனைப் பதித்து உண்ணார் பழம்
"மனங்கொண்டக் கண்ணும் மருவில செய்யார்
கனங்கொண்டு உரைத்தவை காக்கவே வேண்டும்
சனங்கள் உவப்பன செய்யாவும் செய்க
இனங்கழு வேற்றினார் இல்",மனம் கொண்டக்கண்ணும் மருவு இல செய்யார் கனம் கொண்டு உரைத்தவை காக்கவே வேண்டும் சனங்கள் உவப்பன செய்யாவும் செய்க இனம் கழு ஏற்றினார் இல்
"புன்சொல்லும் நன்சொல்லும் பொய்யின்று உணர்கிற்பார்
வன்சொல் வழியராய் வாழ்தலும் உண்டாமோ
புன்சொல் இடர்ப்படுப்ப தல்லால் ஒருவனை
இன்சொல் இடர்ப்படுப்ப தில்",புன் சொல்லும் நன் சொல்லும் பொய் இன்று உணர்கிற்பார் வன் சொல் வழியராய் வாழ்தலும் உண்டாமோ புன் சொல் இடர்படுப்பது அல்லால் ஒருவனை இன் சொல் இடர்ப்படுப்பது இல்
"துயிலும் பொழுதத்து உடைஊண்மேற் கொண்டு
வெயில்விரி போழ்தின் வெளிப்பட்டா ராகி
அயில்போலுங் கண்ணாய் அடைந்தார்போல் காட்டி
மயில்போலும் கள்வர் உடைத்து",துயிலும் பொழுதே தொடு ஊண் மேற்கொண்டு வெயில் விரி போழ்தின் வெளிப்பட்டார் ஆகி அயில் போலும் கண்ணாய் அடைந்தார்போல் காட்டி மயில் போலும் கள்வர் உடைத்து
"களமர் பலரானும் கள்ளம் படினும்
வளமிக்கார் செல்வம் வருந்தா விளைநெல்
அரிநீர் அணைதிறக்கும் ஊர அறுமோ
நரிநக்கிற்று என்று கடல்",களமர் பலராமனும் கள்ளம் படினும் வளம் மிக்கார் செல்வம் வருந்தா விளைநெல் அரிநீர் அணை திறக்கும் ஊர் அறுமோ நரி நக்கிற்று என்று கடல்
"அமையா இடத்தோர் அரும்பொருள் வைத்தால்
இமையாது காப்பினும் ஆகா இமையோரும்
அக்காலத்து ஓம்பி அமிழ்துகோட் பட்டமையால்
நற்காப்பின் தீச்சிறையே நன்று",அமையா இடத்து ஓர் அரும் பொருள் வைத்தால் இமையாது காப்பினும் ஆகா இமையோரும் அக் காலத்து ஓம்பி அமிழ்து கோட்பட்டமையால் நல் காப்பின் தீச் சிறையே நன்று
"அல்லது செய்வார் அரும்பொருள் ஆக்கத்தை
நல்லது செய்வார் நயப்பவோ ஒல்லொலிநீர்
பாய்வதே போலும் துறைவ கேள்தீயன
ஆவதே போன்று கெடும்",அல்லது செய்வார் அரும் பொருள் ஆக்கத்தை நல்லது செய்வார் நயப்பவோ ஒல் ஒலி நீர் பாய்வதே போலும் துறைவ கேள் தீயன ஆவதே போன்று கெடும்
"படரும் பிறப்பிற்கொன்று ஈயார் பொருளைத்
தொடருந்தம் பற்றினால் வைத்திறப் பாரே
அடரும் பொழுதின்கண் இட்டுக் குடரொழிய
மீவேலி போக்கு பவர்",படரும் பிறப்பிற்கு ஒன்று ஈயார் பொருளைத் தொடரும் தம் பற்றினால் வைத்து இறப்பாரே அடரும் பொழுதின்கண் இட்டு குடர் ஒழிய மீ வேலி போக்குபவர்
"விரும்பி அடைந்தார்க்கும் சுற்றத் தவர்க்கும்
வருந்தும் பசிகளையார் வம்பர்க்கு உதவல்
இரும்பணைவில் வென்ற புருவத்தாய் ஆற்றக்
கரும்பனை அன்ன துடைத்து",விரும்பி அடைந்தார்க்கும் சுற்றத்தவர்க்கும் வருந்தும் பசி களையார் வம்பர்க்கு உதவல் இரும் பணை வில் வென்ற புருவத்தாய் ஆற்றக் கரும் பனை அன்னது உடைத்து
"வழங்கார் வலியலார் வாய்ச்சொல்லும் பொல்லார்
உழந்தொருவர்க்கு உற்றால் உதவலும் இல்லார்
இழந்ததில் செல்வம் பெறுதலும் இன்னார்
பழஞ்செய்போர் பின்று விடல்",வழங்கார் வலி இலார் வாய்ச் சொல்லும் பொல்லார் உழந்து ஒருவர்க்கு உற்றால் உதவலும் இல்லார் இழந்தது இல் செல்வம் பெறுதல் அதுவே பழஞ் செய் போர்பு ஈன்று விடல்
"இசைவ கொடுப்பதூஉம் இல்லென் பதூஉம்
வசையன்று வையத்து இயற்கை அஃதன்றிப்
பசைகொண் டவன்நிற்கப் பாத்துண்ணான் ஆயின்
நசைகொன்றான் செல்லுலகம் இல்",இசைவ கொடுப்பதூஉம் இல் என்பதூஉம் வசை அன்று வையத்து இயற்கை அஃது அன்றி பசை கொண்டவன் நிற்க பாத்து உண்ணான் ஆயின் நசை கொன்றான் செல் உலகம் இல்
"தமராலும் தம்மாலும் உற்றால்ஒன்று ஆற்றி
நிகராகிச் சென்றாகும் அல்லர் இவர்திரை
நீத்தநீர்த் தண்சேர்ப்ப செய்தது உவவாதார்க்கு
ஈத்ததை எல்லாம் இழவு",தமராலும் தம்மாலும் உற்றால் ஒன்று ஆற்றி நிகராகச் சென்றாரும் அல்லர் இவர் திரை நீத்த நீர்த் தண் சேர்ப்ப செய்தது உவவாதார்க்கு ஈத்ததை எல்லாம் இழவு
"எவ்வம் துணையாய்ப் பொருள்முடிக்கும் தாளாண்மை
தெய்வம் முடிப்புழி என்செய்யும் மொய்கொண்டு
பூப்புக்கு வண்டார்க்கும் ஊர குறும்பியங்கும்
கோப்புக்குழிச்செய்வ து இல்",எவ்வம் துணையாப் பொருள் முடிக்கும் தாளாண்மை தெய்வம் முடிப்புழி என் செய்யும் மொய் கொண்டு பூப் புக்கு வண்டு ஆர்க்கும் ஊர் குறும்பு இயங்கும் கோப்புக்குழி செய்வது இல்
"முற்பெரிய நல்வினை முட்டின்றிச் செய்யாதார்
பிற்பெரிய செல்வம் பெறலாமோ வைப்போடு
இகலிப் பொருள்செய்ய எண்ணியக்கால் என்னாம்
முதல்இலார்க்கு ஊதியம் இல்",முன் பெரிய நல்வினை முட்டு இன்றிச் செய்யாதார் பின் பெரிய செல்வம் பெறல் ஆமோ வைப்போடு இகலிப் பொருள் செய்ய எண்ணியக்கால் என் ஆம் முதல் இலார்க்கு ஊதியம் இல்
"குரைத்துக் கொளப்பட்டார் கோளிழுக்குப் பட்டுப்
புரைத்தெழுந்து போகினும் போவர் அரக்கில்லுள்
பொய்யற்ற ஐவரும் போயினார் இல்லையே
உய்வதற்கு உய்யா இடம்",குரைத்துக் கொளப்பட்டார் கோள் இழுக்குப்பட்டு புரைத்து எழுந்து போகினும் போவர் அரக்கு இல்லுள் பொய் அற்ற ஐவரும் போயினார் இல்லையே உய்வதற்கு உய்யா இடம்
"இதுமன்னும் தீதென்று இசைந்ததூஉம் ஆவார்க்கு
அதுமன்னும் நல்லதே யாகும் மதுமன்னும்
வீநாறு கானல் விரிதிரை தண்சேர்ப்ப
தீநாள் திருவுடையார்க்கு இல்",இது மன்னும் தீது என்று இயைந்ததூஉம் ஆவார்க்கு அது மன்னும் நல்லதே ஆகும் மது மன்னும் வீ நாறு கானல் விரி திரைத் தண் சேர்ப்ப தீ நாள் திரு உடையார்க்கு இல்
"ஆகும் சமயத்தார்க்கு ஆளவினையும் வேண்டாவாம்
போகும் பொறியார் புரிவும் பயனின்றே
ஏகல் மலைநாட என்செய்தாங்கு என்பெறினும்
ஆகாதார்க்கு ஆகுவது இல்",ஆகும் சமயத்தார்க்கு ஆள்வினையும் வேண்டாவாம் போகும் பொறியார் புரிவும் பயம் இன்றே ஏ கல் மலை நாட என் செய்து ஆங்கு என் பெறினும் ஆகாதார்க்கு ஆகுவது இல்
"நனியஞ்சத் தக்க அவைவந்தால் தங்கண்
துனியஞ்சார் செய்வது உணர்வார் பனியஞ்சி
வேழம் பிடிதழூஉம் வேய்சூழ் மலைநாட
ஊழம்பு வீழா நிலத்து",நனி அஞ்சத்தக்கவை வந்தக்கால் தங்கண் துனி அஞ்சார் செய்வது உணர்வார் பனி அஞ்சி வேழம் பிடி தழூஉம் வேய் சூழ் மலை நாட ஊழ் அம்பு வீழா நிலத்து
"வெண்குடைக்கீழ் வாழும் குடிகட்கு வேந்தனும்
செங்கோலன் அல்லாக்கால் செய்வதென் பொங்கு
படுதிரைச் சேர்ப்ப மற்றில்லையே யானை
தொடுவுண்ணின் மூடுங் கலம்",வெண்குடைக்கீழட வாழும் குடிகட்கு வேந்தனும் செங்கோலன் அல்லனேல் செய்வது என் பொங்கு படு திரைச் சேர்ப்ப மற்று இல்லையே யானை தொடு உண்ணின் மூடும் கலம்
"மன்னவன் ஆணைக்கீழ் மற்றையார் மீக்கூற்றம்
என்ன வகையால்செயப் பெறுப புன்னைப்
பரப்புநீர் தாவும் படுகடல் தண்சேர்ப்ப
மரத்தின்கீழ் ஆகா மரம்",மன்னவன் ஆணைக்கீழ் மற்றையார் மீக்கூற்றம் என்ன வகையால் செயப் பெறுப புன்னைப் பரப்பில் நீர் தாஅம் படு கடல் தண் சேர்ப்ப மரத்தின் கீழ் ஆகா மரம்
"தலைமை கருதும் தகையாரை வேந்தன்
நிலைமையால் நேர்செய் திருத்தல் மலைமிசைக்
காம்பனுக்கும் மென்தோளாய் அஃதன்றோ ஓரறையுள்
பாம்போடு உடனுறையும் ஆறு",தலைமை கருதும் தகையாரை வேந்தன் நிலைமையால் நேர் செய்திருத்தல் மலைமிசைக் காம்பு அனுக்கும் மென் தோளாய் அஃதுஅன்றோ ஓர் அறையுள் பாம்பொடு உடன் உறையுமாறு
"கூற்றம் உயிர்கொள்ளும் போழ்து குறிப்பறிந்து
மாற்றம் உடையாரை ஆராயாது ஆற்றவும்
முல்லை புரையும் முறுவலாய் செய்வதென்
வல்லை அரசாட் கொளின்",கூற்றம் உயிர் கொள்ளும் போழ்து குறிப்பு அறிந்து மாற்றம் உடையாரை ஆராயாது ஆற்றவும் முல்லை புரையும் முறுவலாய் செய்வது என் வல்லை அரசு ஆட்கொளின்
"எல்லையொன்று இன்றியே இன்னாசெய் தாரையும்
ஒல்லை வெகுளார் உலகாள்வதும் என்பவர்
சொல்லின் வளாஅய்த்தம் தாள்நிழல் கொள்பவே
கொல்லையுள் கூழ்மரமே போன்று",எல்லை ஒன்று இன்றியே இன்னா செய்தாரையும் ஒல்லை வெகுளார் உலகு ஆண்டும் என்பவர் சொல்லின் வளாஅய் தம் தாள் நிழற்கீழ்க் கொள்பவே கொல்லையுள் கூழ் மரமே போன்று
"போலந்தார் இராமன் துணையாகத் தான்போந்து
இலங்கைக் கிழவற்கு இளையான் இலங்கைக்கே
போந்திறை யாயதூஉம் பெற்றான் பெரியாரைச்
சார்ந்து கெழீஇயிலார் இல்",பொலந் தார் இராமன் துணையாகப் தான்போந்து இலங்கைக் கிழவற்கு இளையான் இலங்கைக்கே போந்து இறை ஆயதூஉம் பெற்றான் பெரியாரைச் சார்ந்து கெழீஇயிலார் இல்
"செறிவுடைத் தார்வேந்தன் செவ்வியல பெற்றால்
அறிவுடையார் அவ்வியமும் செய்வர் வறிதுரைத்துப்
பிள்ளை களைமருட்டும் தாயர்போல் அம்புலிமேல்
ஒள்ளியகாட் டாளர்க்கு அரிது",செறிவுடைத் தார் வேந்தன் செவ்வியல பெற்றால் அறிவு உடையார் அவ்வியமும் செய்வர் வறிது உரைத்து பிள்ளைகளை மருட்டும் தாயர்போல் அம்புலிமேல் ஒள்ளிய காட்டாளர்க்கு அரிது
"காவலனை ஆக வழிபட்டார் மற்றவன்
ஏவல் வினைசெய் திருந்தார்க்கு உதவடுத்தல்
ஆவணைய நின்றதன் கன்று முலையிருப்பத்
தாயணல் தான்சுவைத் தற்று",காவலனை ஆக வழிபட்டார் மற்று அவன் ஏவல் வினை செய்திருந்தார்க்கு உதவு அடுத்தல் ஆ அணைய நின்றதன் கன்று முலை இருப்ப தாய் அணல் தான் சுவைத்தற்று
"சிறப்புடை மன்னவரைச் செவ்வியின் நோக்கித்
திறத்தின் உரைப்பாரைக்கொன்று ஆகாத தில்லை
விறற்புகழ் மன்னர்க்கு உயிரன்ன ரேனும்
புறத்தமைச்சின் நன்றகத்துக் கூன்",சிறப்புடை மன்னரைச் செவ்வியான் நோக்கி திறத்தின் உரைப்பார்க்கு ஒன்று ஆகாதது இல்லை விறற் புகழ் மன்னர்க்கு உயிர் அன்னரேனும் புறத்து அமைச்சின் நன்று அகத்துக் கூன்
"சீர்த்தகு மன்னர் சிறந்தனைத்தும் கெட்டாலும்
நேர்த்துரைத்து எள்ளார் நிலைநோக்கிச் சீர்த்த
கிளையின்றிப் போஒய்த் தனித்தாயக் கண்ணும்
இளைதென்று பாம்பிகழ்வார் இல்",சீர்த் தகு மன்னர் சிறந்த அனைத்தும் கெட்டாலும் நேர்த்து உரைத்து எள்ளார் நிலை நோக்கி சீர்த்த கிளை இன்றிப் போஒய்த் தனித்து ஆயக்கண்ணும் இளைத்து அன்று பாம்பு இகழ்வார் இல்
"செருக்குடைய மன்னர் இடைப்புக்கு அவருள்
ஒருத்தற்கு உதவாத சொல்லின் தனக்குத்
திருத்தலும் ஆகாது தீதரம் அதுவே
எருத்திடை வைக்கோல் தினல்",செருக்குடை மன்னர் இடைப் புக்கு அவருள் ஒருத்தற்கு உதவாத சொல்லின் தனக்குத் திருத்தலும் ஆகாது தீதரம் அதுவே எருத்திடை வைக்கோல் தினல்
"மெய்ம்மையே நின்று மிகநோக்கப் பட்டவர்
கைம்மேலே நின்று கறுப்பன செய்தொழுகிப்
பொய்ம்மேலே கொண்டவ் விறைவற்கொன் றார்குறைப்பர்
தம்மேலே வீழப் பனை",மெய்ம்மையே நின்று மிக நோக்கப்பட்டவர் கைம் மேலே நின்று கறுப்பன செய்து ஒழுகி பொய்ம் மேலே கொண்டு அவ் இறைவற் கொன்றார் குறைப்பர் தம் மேலே வீழப் பனை
"தாமேயும் தம்மைப் புறந்தர வாற்றாதார்
வாமான்றோ மன்னரைக் காய்வது எவன்கொலோ
ஆமா உகளும்அணிவரை வெற்ப கேள்
ஏமரார் கோங்கு ஏறினார்",தாமேயும் தம்மைப் புறந்தர ஆற்றாதார் வாமான் தேர் மன்னரைக் காய்வது எவன்கொலோ ஆமா உகளும் அணி வரை வெற்ப கேள் ஏமாரார் கோங்கு ஏறினார்
"வன்சார்பு உடையர் எனினும் வலிபெய்து
தஞ்சார்பு இலாதாரைத் தேசூன்றல் ஆகுமோ
மஞ்சுசூழ் சோலை மலைநாட யார்க்கானும்
அஞ்சுவார்க் கில்லை அரண்",வன் சார்பு உடையர் எனினும் வலி பெய்து தம் சார்பு இலாதாரைத் தேசு ஊன்றல் ஆகுமோ மஞ்சு சூழ் சோலை மலை நாட யார்க்கானும் அஞ்சுவார்க்கு இல்லை அரண்
"தமர்அல் லவரைத் தலையளித்தக் கண்ணும்
அமராக் குறிப்பவர்க்கு ஆகாதே தோன்றும்
சுவர்நிலம் செய்தமையைக் கூட்டியக் கண்ணும்
உவர்நிலம் உட்கொதிக்கு மாறு",தமர் அல்லவரைத் தலையளித்தக் கண்ணும் அமராக் குறிப்பு அவர்க்கு ஆகாதே தோன்றும் சுவர் நிலம் செய்து அமைத்துக் கூட்டியக் கண்ணும் உவர் நிலம் உட்கொதிக்குமாறு
"வென்றடு நிற்பாறை வெப்பித் தவர்காய்வது
ஒன்றொடு நின்று சிறியார் பலசெய்தல்
குன்றொடு தேன்கலாம் வெற்ப அதுபெரிதும்
நன்றொடு வந்ததொன் றன்று",வென்று அடுகிற்பாரை வெப்பித்து அவர் காய்வது ஒன்றொடு நின்று சிறியார் பல செய்தல் குன்றொடு தேன் கலாம் வெற்ப அது பெரிதும் நன்றொடு வந்தது ஒன்று அன்று
"வெள்ளம் பகையெனினும் வேறிடத்தார் செய்வதென்
கள்ளம் உடைத்தாகிச் சார்ந்த கழிநட்பு
புள்ளொலிப் பொய்கைப் புனலூர அஃதன்றோ
அள்ளில்லத்து உண்ட தனிசு",வெள்ளம் பகை யெனினும் வேறு இடத்தார் செய்வது என் கள்ளம் உடைத்தாகிச் சார்ந்த கழி நட்பு புள் ஒலிப் பொய்கைப் புனல் ஊர அஃது அன்றோ அள் இல்லத்து உண்ட தனிசு
"வாள்திற லானை வளைத்தார்கள் அஞ்ஞான்று
வீட்டிய சென்றார் விளங்கொளி காட்டப்
பொறுவரு தன்மைகண்டு அஃதொழிந்தார் அஃதால்
உருவு திருவூட்டு மாறு",வாள் திறலானை வளைத்தார்கள் அஞ் ஞான்று வீட்டிய சென்றார் விளங்கு ஒளி காட்ட பொறுவரு தன்மை கண்டு அஃது ஒழிந்தார் அஃதால் உருவு திரு ஊட்டுமாறு
"யானும்மற்று இவ்விருந்த எம்முனும் ஆயக்கால்
வீரம் செயக்கிடந்தது இல்லென்று கூடப்
படைமாறு கொள்ளப் பகைதூண்டல் அஃதே
இடைநாயிற்று என்பிடு மாறு",யானும் மற்று இவ் இருந்த எம் முன்னும் ஆயக்கால் ஈனம் செயக் கிடந்தது இல் என்று கூனல் படை மாறு கொள்ளப் பகை தூண்டல் அஃதே இடை நாய்க்கு எலும்பு இடுமாறு
"மாற்றத்தை மாற்றம் உடைத்தலால் மற்றவர்க்கு
ஆற்றும் பகையால் அவர்களைய வேண்டுமே
வேற்றுமை யார்க்குமுண் டாகலான் ஆற்றுவான்
நூற்றுவரைக் கொன்று விடும்",மாற்றத்தை மாற்றம் உடைத்தலால் மற்றவர்க்கு ஆற்றும் பகையால் அவர்க் களைய வேண்டுமே வேற்றுமை யார்க்கும் உண்டுஆதலான் ஆற்றுவான் நூற்றுவரைக் கொண்டுவிடும்
"மறையாது இனிதுரைத்தல் மாண்பொருள் ஈதல்
அறையான் அகப்படுத்துக் கோடல் முறையால்
நடுவணாச் சென்றவரை நன்கெறிதல் அல்லால்
ஒடியெறியத் தீரா பகை",மறையாது இனிது உரைத்தல் மாண் பொருள் ஈதல் அறையான் அகப்படுத்துக் கோடல் முறையால் நடுவணாச் சென்று அவரை நன்கு எறிதல் அல்லால் ஒடி எறியத் தீரா பகை
"உற்றால் இறைவற்கு உடம்பு கொடுக்கிற்பான்
மற்றவற்கு ஒன்னாரோடு ஒன்றுமோ தெற்ற
முரண்கொண்டு மாறாய உண்ணுமோ உண்ணா
இரண்டேறு ஒருதுறையுள் நீர்",உற்றால் இறைவற்கு உடம்பு கொடுக்கிற்பான் மற்றவற்கு ஒன்னாரோடு ஒன்றுமோ தெற்ற முரண் கொண்டு மாறு ஆய உண்ணுமோ உண்ணா இரண்டு ஏறு ஒரு துறையில் நீர்
"தாரேற்ற நீண்மார்பின் தம்இறைவன் நோக்கியக்கால்
போரேற்றும் என்பார் பொதுவாக்கல் வேண்டுமோ
யார்மேற்றாக் கொள்ளினும் கொண்டீக காணுங்கால்
ஊர்மேற்ற தாம்அமணர்க்கு ஓடு",தார் ஏற்ற நீள் மார்பின் தம் இறைவன் நோக்கியக்கால் போர் ஏற்றும் என்பார் பொது ஆக்கல் வேண்டுமோ யார் மேற்றாக் கொள்ளினும் கொண்டீக காணுங்கால் ஊர் மேற்று அமணர்க்கும் ஓடு
"வரைபுரை வேழத்த வன்பகையென் றஞ்சா
உரைநடை மன்னருள் புக்காங்கு அவையுள்
நிரையுரைத்துப் போகாதொன் றாற்றத் துணிக
திரையவித்து ஆடார் கடல்",வரை புரை வேழத்த வன் பகை என்று அஞ்சா உரையுடை மன்னருள் புக்கு ஆங்கு அவையுள் நிரை உரைத்துப் போகாது ஒன்று ஆற்றத் துணிக திரை அவித்து ஆடார் கடல்
"இஞ்சி அடைத்துவைத்து ஏமாந்து இருப்பினும்
அஞ்சி அகப்படுவார் ஆற்றாதார் அஞ்சி
இருள்புக் கிருப்பினும் மெய்யே வெரூஉம்புள்
இருளின் இருந்தும் வெளி",இஞ்சி அடைத்துவைத்து ஏமாந்து இருப்பினும் அஞ்சி அகப்படுவார் ஆற்றாதார் அஞ்சி இருள் புக்கு இருப்பினும் மெய்யே வெரூஉம் புள் இருளின் இருந்தும் வெளி
"உருத்தெழு ஞாட்பினுள் ஒன்னார் தொலையச்
செருக்கினால் செய்கல்லார் செய்வாரே போலத்
தருக்கினால்தம் இறைவன் கூழுண் பவரே
கருக்கினால் கூறைகொள் வார்",உருத்து எழு ஞாட்பினுள் ஒன்னார் தொலைய செருக்கினால் செய்கல்லார் செய்வாரே போல தருக்கினால் தம் இறைவன் கூழ் உண்பவரே கருக்கினால் கூறை கொள்வார்
"தொடித்தோள் மடவார் மருமந்தன் ஆகம்
மடுத்து அவர்மார்பில் மகிழ்நன் மடுப்ப
நெறியல்ல சொல்லல்நீ பாண அறிதுயில்
யார்க்கும் எழுப்பல் அரிது",தொடித் தோள் மடவார் மருமந்தன் ஆகம் மடுத்து அவர் மார்பில் மகிழ்நன் மடுப்ப நெறி அல்ல சொல்லல் நீ பாண அறி துயில் ஆர்க்கும் எடுப்பல் அரிது
"உடுக்கை மருந்துறையுள் உண்டியோடு இன்ன
கொடுத்துக் குறைதீர்த்தல் ஆற்றி விடுத்தின்சொல்
ஈயாமை என்ப எருமை எறிந்தொருவர்
காயக்கு லோபிக்கும் ஆறு",உடுக்கை மருந்து உறையுள் உண்டியோடு இன்ன கொடுத்து குறை தீர்த்தல் ஆற்றி விடுத்து இன்சொல் ஈயாமை என்ப எருமை எறிந்து ஒருவர் காயக்கு உலோபிக்குமாறு
"நன்றே ஒருவர்த் துணையுடைமைப் பாப்பிடுக்கண்
நண்டேயும்பார்ப்பான்கண் தீர்த்தலான் விண்டோ யும்
குன்றகல் நன்னாட கூறுங்கால் இல்லையே
ஒன்றுக்கு உதவாத ஒன்று",நன்றே ஒருவர்த் துணையுடைமை பாப்பு இடுக்கண் நண்டேயும் பார்ப்பான்கண் தீர்த்தலான் விண் தோயும் குன்றகல் நல் நாட கூறுங்கால் இல்லையே ஒன்றுக்கு உதவாத ஒன்று
"செறலிற் கொலைபுரிந்து சேண்உவப்பார் ஆகி
அறிவின் அருள்புரிந்து செல்லார் பிறிதின்
உயிர்செகுத்து ஊன்துய்த்து ஒழுகுதல் ஓம்பார்
தயிர்சிதைத்து மற்றொன்று அடல்",செறலின் கொலை புரிந்து சேண் உவப்பர் ஆகி அறிவின் அருள் புரிந்து செல்லார் பிறிதின் உயிர் செகுத்து ஊன் துய்த்து ஒழுகுதல் ஓம்பார் தயிர் சிதைத்து மற்றொன்று அடல்
"நன்கன்று அறிபவர் நாழி கொடுப்பவர்க்கு
என்றும் உறுதியே சூழ்க எறிதிரை
சென்றுலாம் சேர்ப்ப அதுபோல நீர்போயும்
ஒன்றிண்டாம் வாணிகம் இல்",நன்கு ஒன்று அறிபவர் நாழி கொடுப்பவர்க்கு என்றும் உறுதியே சூழ்க எறி திரை சென்று உலாம் சேர்ப்ப அது போல நீர் போயும் ஒன்று இரண்டாம் வாணிகம் இல்
"பண்டின ரென்று தமரையும் தம்மையும்
கொண்ட வகையால் குறைதீர நோக்கியக்கால்
விண்டவரோடு ஒன்றிப் புறனுரைப்பின் அஃதாலவ்
உண்டஇல் தீயிடு மாறு",பண்டு இன்னார் என்று தமரையும் தம்மையும் கொண்ட வகையால் குறை தீர நோக்கியக்கால் விண்டவரோடு ஒன்றிப் புறன் உரைப்பின் அஃது அன்றோ உண்ட இல் தீ இடுமாறு
"தமக்குற்ற தேயாகத் தம்மடைந்தார்க்கு உற்றது
எமக்குற்ற தென்றுணரா விட்டாக்கால் என்னாம்
இமைத்தருவி பொன்வரன்றும் ஈர்ங்குன்ற நாட
உமிக்குற்று கைவருந்து மாறு",தமக்கு உற்றதே ஆகத் தம் அடைந்தார்க்கு உற்றது எமக்கு உற்றது என்று உணரா விட்டக்கால் என் ஆம் இமைத்து அருவி பொன் வரன்றும் ஈர்ங் குன்ற நாட உமிக் குற்றுக் கை வருந்துமாறு
"பாரதத் துள்ளும் பணையம்தம் தாயமா
ஈரைம் பதின்மரும் போரெதிர்ந்து ஐவரோடு
ஏதில ராகி இடைவிண்டார் ஆதலால்
காதலோடு ஆடார் கவறு",பாரதத் துள்ளும் பணையம் தம் தாயமா ஈர் ஐம்பதின்மரும் போர் எதிர்ந்து ஐவரொடு ஏதிலர் ஆகி இடை விண்டார் ஆதலால் காதலரொடு ஆடார் கவறு
"உலப்பில் உலகத்து உறுதியை நோக்கிக்
குலைத்தடக்கி நல்லறம் கொள்ளார்க் கொளுத்தல்
மலைத்தழுது உண்ணாக் குழவியைத் தாயார்
அலைத்துப்பால் பெய்து விடல்",உலப்பு இல் உலகத்து உறுதியை நோக்கிக் குலைத்து அடக்கி நல்லறம் கொள்ளார்க் கொளுத்தல் மலைத்து அழுது உண்ணாக் குழவியைத் தாயர் அலைத்துப் பால் பெய்துவிடல்
"தோற்றம் அரிதாய மக்கட் பிறப்பினால்
ஆற்றும் துணையும் அறஞ்செய்க மாற்றின்றி
அஞ்சும் பிணிமூப்பு அருங்கூற்று உடனியைந்து
துஞ்ச வருமே துயக்கு",தோற்றம் அரிது ஆய மக்கட் பிறப்பினால் ஆற்றும் துணையும் அறம் செய்க மாற்று இன்றி அஞ்சும் பிணி மூப்பு அருங் கூற்றுடன் இயைந்து துஞ்சு வருமே துயக்கு
"நோக்கி யிருந்தார் இமைக்கும் அளவின்கண்
நோக்கப் படினும் உணங்கலைப் புட்கவரும்
போற்றிப் புறந்தந்து அகப்பட்ட ஒண்பொருட்கும்
காப்பாரில் பார்ப்பார் மிகும்",நோக்கி இருந்தார் இமைக்கும் அளவின்கண் நோக்கப் படினும் உணங்கலைப் புள் கவரும் போற்றிப் புறந்தந் தகப்பட்ட ஒண் பொருட்கும் காப்பாரின் பார்ப்பார் மிகும்
"சிறிய பொருள்கொடுத்துச் செய்த வினையால்
பெரிய பொருள்கருது வாரே விரிபூ
விராஅம்புனலூர வேண்டு அயிரை விட்டு
வராஅல் வாங்கு பவர்",சிறிய பொருள் கொடுத்துச் செய்த வினையால் பெரிய பொருள் கருது வாரே விரி பூ விராஅம் புனல் ஊர வேண்டு அயிரை இட்டு வராஅஅல் வாங்குபவர்
"பல்லாண்டும் ஈண்டிப் பழுதாய்க் கிடந்தது
வல்லான் தெரிந்து வழங்குங்கால் வல்லே
வளநெடிது கொண்டது அறாஅது அறுமோ
குளநெடிது கொண்டது நீர்",பல் ஆண்டும் ஈண்டிப் பழுதாய்க் கிடந்தது வல்லான் தெரிந்து வழங்குங்கால் வல்லே வளம் நெடிது கொண்து அறாஅது அறுமோ குளம் நெடிது கொண்டது நீர்
"நினைத்தது இதுவென்றந் நீர்மையே நோக்கி
மனத்தது அறிந்தீவார் மாண்டார் புனத்த
குடிஞை இரட்டும் குளிர்வரை நாட
கடிஞையில் கல்லிடுவார் இல்",நினைத்தது இது என்று அந் நீர்மையை நோக்கி மனத்தது அறிந்து ஈவார் மாண்டார் புனத்த குடிஞை இரட்டும் குளிர் வரை நாட கடிஞையில் கல் இடுவார் இல்
"அடுத்தொன்று இரந்தார்க்கொன்று ஈந்தாரைக் கொண்டார்
படுத்தேழை யாமென்று போகினும் போக
அடுத்தேறல் ஐம்பாலாய் யாவர்க்கே யாயினும்
கொடுத்தேழை யாயினர் இல்",அடுத்து ஒன்று இரந்தாற்கு ஒன்று ஈந்தாரை கொண்டார் படுத்து ஏழையாம் என்று போகினும் போக அடுத்து ஏறு அல் ஐம்பாலாய் யாவர்க்கேயானும் கொடுத்து ஏழை ஆயினார் இல்
"இரப்பவர்க்கு ஈயக் குறைபடும் என்றெண்ணிக்
கரப்பவர் கண்டறியார் கொல்லோ பரப்பிற்
துறைக்தோணி நின்றுலாம் தூங்குநீர்ச் சேர்ப்ப
இறைத்தோறும் ஊறும் கிணறு",இரப்பவர்க்கு ஈயக் குறைபடும் என்று எண்ணி கரப்பவர் கண்டறியார்கொல்லோ பரப்பில் துறைத் தோணி நின்று உலாம் தூங்கு நீர்ச் சேர்ப்ப இறைத்தோறும் ஊறும் கிணறு
"ஏற்றார்கட் கெல்லாம் இசைநிற்பத் தாமுடைய
மாற்றார் கொடுத்திருப்ப வள்ளன்மை மாற்றாரை
மண்ணசுற்றிக் கொள்நிற்கும் ஆற்றலார்க்கு என்னரிதாம்
பெண்பெற்றான் அஞ்சான் இழவு",ஏற்றார்கட்கு எல்லாம் இசை நிற்ப தாம் உடைய மாற்றார் கொடுத்திருப்ப வள்ளன்மை மாற்றாரை மண்ணகற்றிக் கொள்கிற்கும் ஆற்றலார்க்கு என் அரிதாம் பெண் பெற்றான் அஞ்சான் இழவு
"பயன்நோக்காது ஆற்றவும் பாத்தறிவொன் றின்றி
இசைநோக்கி ஈகின்றார் ஈகை வயமாப்போல்
ஆலித்துப் பாயும் அலைகடல் தண்சேர்ப்ப
கூலிக்குச் செய்துண்ணு மாறு",பயன் நோக்காது ஆற்றவும் பார்த்து அறிவு ஒன்று இன்றி இசை நோக்கி ஈகின்றார் ஈகை வயமாப்போல் ஆலித்துப் பாயும் அலை கடல் தண் சேர்ப்ப கூலிக்குச் செய்து உண்ணும் ஆறு
"காப்பிகந்து ஓடிக் கழிபெருஞ் செல்வத்தைக்
கோப்பெரியான் கொள்ளக் கொடுத்திராதென் செய்வர்
நீத்தப் பெரியார்க்கே யாயினும் மிக்கவை
மேவிற் பரிகாரம் இல்",காப்பு இகந்து ஓடி கழி பெருஞ் செல்வத்தைக் கோப் பரியான் கொள்ளக் கொடுத்து இராது என் செய்வர் நீத்த பெரியார்க்கே ஆயினும் மிக்கவை மேவின் பரிகாரம் இல்
"அடங்கி அகப்பட ஐந்தினைக் காத்துத்
தொடங்கிய மூன்றினால் மாண்டீண்டு உடம்பொழியச்
செல்லும்வாய்க்கு ஏமம் சிறுகாலைச் செய்யாரே
கொல்லிமேல் கொட்டு வைத்தார்",அடங்கி அகப்பட்ட ஐந்தினையும் காத்து தொடங்கிய மூன்றினால் மாண்டு ஈண்டு உடம்பு ஒழிய செல்லும் வாய்க்கு ஏமம் சிறுகாலைச் செய்யாரே கொல்லிமேல் கொட்டு வைத்தார்
"நட்டாரை யாக்கிப் பகைதணித்து வையெயிற்றுப்
பட்டார் துடியிடை யார்ப்படர்ந்து ஒட்டித்
தொடங்கினார் இல்லத்த தன்பின் துறவா
உடம்பினான் என்ன பயன்",நட்டாரை ஆக்கி பகை தணித்து வை எயிற்றுப் பட்டு ஆர் துடியிடை யார்ப் படர்ந்து ஒட்டித் தொடங்கினார் இல்லத்து அதன்பின் துறவா உடம்பினால் என்ன பயன்
"இல்வாழ்க்கை யானும் இலதானும் மேற்கொள்ளார்
நல்வாழ்க்கை போக நடுவுனின்று எல்லாம்
ஒருதலையாச் சென்று துணியா தவரே
இருதலையும் காக்கழித் தார்",இல்வாழ்க்கையானும் இலதானும் மேற்கொள்ளார் நல் வாழ்க்கை போக நடுவு நின்று எல்லாம் ஒருதலையாச் சென்று துணியாதவரே இரு தலையும் காக் கழித்தார்
"பற்று என்னும்பாசத் தளையும்பல வழியும்
பற்று அறாது ஓடும்அவாத்தேரும் தெற்றெனப்
பொய்த்துரை என்னும்புகை இருளும்இம் மூன்றும்
வித்து அற வீடும்பிறப்பு",பற்று என்னும் பாசத் தளையும் பல வழியும் பற்று அறாது ஓடும் அவாத் தேரும் தெற்றெனப் பொய்த்துரை என்னும் புகை இருளும் இம் மூன்றும் வித்து அற வீடும் பிறப்பு
"சில்சொற் பெருந்தோள் மகளிரும் பல்வகையும்
தாளினால்தந்த விழுநிதியும் நாடோ றும்
நாத்தளிர்ப்ப ஆக்கிய உண்டியும் இம்மூன்றும்
காப்பிகழ் ஆகாப் பொருள்",சில் சொல் பெருந் தோள் மகளிரும் பல் வகையும் தாளினால் தந்த விழு நிதியும் நாள்தொறும் நாத் தளிர்ப்ப ஆக்கிய உண்டியும் இம் மூன்றும் காப்பு இகழல் ஆகாப் பொருள்
"அருளினை நெஞ்சத் தடைகொடா தானும்
பொருளினைத் துவ்வான் புதைத்துவைப் பானும்
இறந்து இன்னா சொல்லகிற் பானுமிம்மூவர்
பிறந்தும் பிறந்திலா தார்",அருளினை நெஞ்சத்து அடைகொடாதானும் பொருளினைத் துவ்வான் புதைத்து வைப்பானும் இறந்து இன்னா சொல்லகிற்பானும் இம் மூவர் பிறந்தும் பிறந்திலாதார்
"அறுசுவை யுண்டி யமர்ந்தில்லா ளூட்ட
மறுசிகை நீக்கி யுண்டாரும் வறிஞராய்ச்
சென்றிரப்ப ரோரிடத்துக் கூழெனிற் செல்வமொன்
றுண்டாக வைக்கற்பாற் றன்று",அறு சுவை உண்டி அமர்ந்து இல்லாள் ஊட்ட மறு சிகை நீக்கி உண்டாரும் வறிஞர் ஆய்ச் சென்று இரப்பர் ஓர் இடத்துக் கூழ் எனில் செல்வம் ஒன்று உண்டு ஆக வைக்கல் பாற்று அன்று
"துகடீர் பெருஞ்செல்வந் தோன்றியக்காற் றொட்டுப்
பகடு நடந்தகூழ் பல்லாரோ டுண்க
அகடுற யார்மாட்டு நில்லாது செல்வஞ்
சகடக்கால் போல வரும்",துகள்தீர் பெருஞ்செல்வம் தோன்றியக்கால் தொட்டுப் பகடு நடந்த கூழ் பல்லாரோடு உண்க அகடு உற யார் மாட்டும் நில்லாது செல்வம் சகடக் கால் போல வரும்
"யானை யெருத்தம் பொலியக் குடைநிழற்கீழ்ச்
சேனைத் தலைவராய்ச் சென்றோரு மேனை
வினையுலப்ப வேறாகி வீழ்வர்தாம் கொண்ட
மனையாளை மாற்றார் கொள",யானை எருத்தம் பொலியக் குடை நிழல் கீழ்ச் சேனைத் தலைவராய்ச் சென்றோரும் ஏனை வினை உலப்ப வேறு ஆகி வீழ்வர் தாம் கொண்ட மனையாளை மாற்றார் கொள
"நின்றன நின்றன நில்லா வெனவுணர்ந்
தொன்றின வொன்றின வல்லே செயின்செய்க
சென்றன சென்றன வாழ்நாள் செறுத்துடன்
வந்தது வந்தது கூற்று",நின்றன நின்றன நில்லா என உணர்ந்து ஒன்றின ஒன்றின வல்லே செயின் செய்க சென்றன சென்றன வாழ் நாள் செறுத்து உடன் வந்தது வந்தது கூற்று
"என்னானும் ஒன்றுதம் கையுறப் பெற்றக்கால்
பின்னாவ தென்று பிடித்திரா முன்னே
கொடுத்தார் உயப்போவர் கோடில்தீக் கூற்றம்
தொடுத்தாறு செல்லும் சுரம்",என்னானும் ஒன்று தம் கை உறப் பெற்றக்கால் பின் ஆவது என்று பிடித்து இரா முன்னே கொடுத்தார் உயப் போவர் கோடு இல் தீக் கூற்றம் தொடுத்து ஆறு செல்லும் சுரம்
"இழைத்தநா ளெல்லை யிகவா பிழைத்தொரீஇக்
கூற்றங் குதித்துய்ந்தா ரீங்கில்லை யாற்றப்
பெரும்பொருள் வைத்தீர் வழங்குமின் நாளைத்
தழீஇந்தழீஇந் தண்ணம் படும்",இழைத்த நாள் எல்லை இகவா பிழைத்து ஒரீஇக் கூற்றம் குதித்து உய்ந்தார் ஈங்கு இல்லை ஆற்றப் பெரும் பொருள் வைத்தீர் வழங்குமின் நாளைத் தழீஇம் தழீஇம் தண்ணம் படும்
"தோற்றஞ்சான் ஞாயிறு நாழியா வைகலுங்
கூற்ற மளந்துநுந் நாளுண்ணு மாற்ற
வறஞ்செய் தருளுடையீ ராகுமின் யாரும்
பிறந்தும் பிறவாதா ரில்",தோற்றம் சால் ஞாயிறு நாழி ஆ வைகலும் கூற்றம் அளந்து நும் நாள் உண்ணும் ஆற்ற அறம் செய்து அருள் உடையீர் ஆகுமின் யாரும் பிறந்தும் பிறவாதார் இல்
"செல்வர்யா மென்றுதாஞ் செல்வுழி யெண்ணாத
புல்லறி வாளர் பெருஞ்செல்வ மெல்லில்
கருங்கொண்மூ வாய்திறந்த மின்னுப்போற் றோன்றி
மருங்கறக் கெட்டு விடும்",செல்வர் யாம் என்று தாம் செல்வுழி எண்ணாத புல் அறிவாளர் பெரும் செல்வம் எல்லில் கரும் கொண்மூ வாய் திறந்த மின்னுப் போல் தோன்றி மருங்கு அறக் கெட்டு விடும்
"உண்ணா னொளிநிறா னோங்கு புகழ்செய்யான்
துன்னருங் கேளிர் துயர்களையான் கொன்னே
வழங்கான் பொருள்காத் திருப்பானேல் அஆ
இழந்தானென் றெண்ணப் படும்",உண்ணான் ஒளி நிறான் ஓங்கு புகழ் செய்யான் துன் அரும் கேளிர் துயர் களையான் கொன்னே வழங்கான் பொருள் காத்து இருப்பானேல் அ ஆ இழந்தான் என்று எண்ணப் படும்
"உடாஅது முண்ணாதுந் தம்முடம்பு செற்றுங்
கெடாஅத நல்லறமுஞ் செய்யார் கொடாஅது
வைத்தீட்டி னாரிழப்பர் வான்றோய் மலைநாட
வுய்த்தீட்டுந் தேனீக் கரி",உடாஅதும் உண்ணாஅதும் தம் உடம்பு செற்றும் கெடாத நல் அறமும் செய்யார் கொடாது வைத்து ஈட்டினார் இழப்பர் வான் தோய் மலை நாட உய்த்து ஈட்டும் தேன் ஈக் கரி
"நரைவரு மென்றெண்ணி நல்லறி வாளர்
குழவி யிடத்தே துறந்தார் புரைதீரா
மன்னா இளமை மகிழ்ந்தாரே கோலூன்றி
யின்னாங் கெழுந்திருப் பார்",நரை வரும் என்று எண்ணி நல் அறிவாளர் குழவி இடத்தே துறந்தார் புரை தீரா மன்னா இளமை மகிழ்ந்தாரே கோல் ஊன்றி இன்னாங்கு எழுந்து இருப்பார்
"நட்புநா ரற்றன நல்லாரு மஃகினா
ரற்புத் தளையு மவிழ்ந்தன வுட்காணாய்
வாழ்தலி னூதிய மென்னுண்டாம் வந்ததே
யாழ்கலத் தன்ன கலி",நட்பு நார் அற்றன நல்லாரும் அஃகினார் அற்புத் தளையும் அவிழ்ந்தன உள் காணாய் வாழ்தலின் ஊதியம் என் உண்டாம் வந்ததே ஆழ் கலத்து அன்ன கலி
"சொற்றளர்ந்து கோலூன்றிச் சோர்ந்த நடையினராய்ப்
பற்கழன்று பண்டம் பழிகாறு மிற்செறிந்து
காம நெறிபடருங் கண்ணினார்க் கில்லையே
யேம நெறிபடரு மாறு",சொல் தளர்ந்து கோல் ஊன்றிச் சோர்ந்த நடையினர் ஆய்ப் பல் கழன்று பண்டம் பழி காறும் இல் செறிந்து காம நெறி படரும் கண்ணினார்க்கு இல்லையே ஏம நெறி படரும் ஆறு
"தாழாத் தளராத் தலைநடுங்காத் தண்டூன்றா
வீழா விறக்கு மிவண்மாட்டுங் காழிலா
மம்மர்கொண் மாந்தர்க் கணங்காகுந் தன்கைக்கோ
லம்மனைக்கோ லாகிய ஞான்று",தாழாத் தளராத் தலை நடுங்காத் தண்டு ஊன்றா வீழா இறக்கும் இவள் மாட்டும் காழ் இலா மம்மர் கொள் மாந்தர்க்கு அணங்கு ஆகும் தன் கைக் கோல் அம்மனைக் கோல் ஆகிய ஞான்று
"எனக்குத்தா யாகியா ளென்னையீங் கிட்டுத்
தனக்குத்தாய் நாடியே சென்றாள் தனக்குத்தா
யாகி யவளு மதுவானாற் றாய்தாய்க்கொண்
டேகு மளித்திவ் வுலகு",எனக்குத் தாய் ஆகியாள் என்னை ஈங்கு இட்டுத் தனக்குத் தாய் நாடியே சென்றாள் தனக்குத் தாய் ஆகியவளும் அது ஆனால் தாய் தாய்க் கொண்டு ஏகும் அளித்து இவ் உலகு
"வெறியயர் வெங்களத்து வேன்மகன் பாணி
முறியார் நறுங்கண்ணி முன்னர்த் தயங்க
மறிகுள குண்டன்ன மன்னா மகிழ்ச்சி
யறிவுடை யாளர்க ணில்",வெறி அயர் வெம் களத்து வேல் மகன் பாணி முறி ஆர் நறும் கண்ணி முன்னர்த் தயங்க மறி குளகு உண்டு அன்ன மகிழ்ச்சி அறிவுடையாளர் கண் இல்
"பனிபடு சோலைப் பயன்மர மெல்லாங்
கனியுதிர்ந்து வீழ்ந்தற் றிளமை நனிபெரிதும்
வேற்கண்ண ளென்றிவளை வெஃகன்மின் மற்றிவளுங்
கோற்கண்ண ளாகுங் குனிந்து",பனி படு சோலைப் பயன் மரம் எல்லாம் கனி உதிர்ந்து வீழ்ந்தற்று இளமை நனி பெரிதும் வேல் கண்ணள் என்று இவளை வெஃகன்மின் மற் றிவளுங் கோல் கண்ணள் ஆகும் குனிந்து
"பருவ மெனைத்துள பல்லின் பாலேனை
யிருசிகையு முண்டீரோ வென்று வரிசையா
லுண்ணாட்டங் கொள்ளப் படுதலால் யாக்கைக்கோ
ள்ளெண்ணா ரறிவுடை யார்",பருவம் எனைத்து உள பல்லின் பால் ஏனை இரு சிகையும் உண்டீரோ என்று வரிசையால் உள் நாட்டம் கொள்ளப்படுதலால் யாக்கைக் கோள் எண்ணார் அறிவுடையார்
"மற்றறிவா நல்வினை யாமிளைய மென்னாது
கைத்துண்டாம் போழ்தே கரவா தறஞ்செய்ம்மின்
முற்றி யிருந்த கனியொழியத் தீவளியா
னற்கா யுதிர்தலு முண்டு",மற்று அறிவாம் நல்வினை யாம் இளையம் என்னாது கைத்து உண்டாம் போழ்தே கரவாது அறம் செய்ம்மின் முற்றி இருந்த கனி ஒழியத் தீ வளியால் நல் காய் உதிர்தலும் உண்டு
"ஆட்பார்த் துழலு மருளில்கூற் றுண்மையால்
தோட்கோப்புக் காலத்திற் கொண்டுய்ம்மின் பீட்பிதுக்கிப்
பிள்ளையைத் தாயலறக் கோடலான் மற்றதன்
கள்ளங் கடைப்பிடித்த னன்று",ஆள் பார்த்து உழலும் அருள் இல் கூற்று உண்மையால் தோள் கோப்புக் காலத்தில் கொண்டு உய்ம்மின் பீள் பிதுக்கிப் பிள்ளையைத் தாய் அலறக் கோடலான் மற்று அதன் கள்ளம் கடைப்பிடித்தல் நன்று
"மலைமிசைத் தோன்று மதியம்போல் யானைத்
தலைமிசைக் கொண்ட குடையீர் நிலமிசைத்
துஞ்சினா ரென்றெடுத்துத் தூற்றப்பட் டாரல்லா
லெஞ்சினா ரிவ்வுலகத் தில்",மலை மிசைத் தோன்றும் மதியம் போல் யானைத் தலைமிசைக் கொண்ட குடையீர் நிலம் மிசைத் துஞ்சினார் என்று எடுத்துத் தூற்றப்பட்டார் அல்லால் எஞ்சினார் இவ் உலகத்து இல்
"மன்றங் கறங்க மணப்பறை யாயின
வன்றவர்க் காங்கே பிணப்பறையாய்ப் பின்றை
யொலித்தலு முண்டாமென் றுய்ந்துபோ மாறே
வலிக்குமா மாண்டார் மனம்",மன்றம் கறங்க மணப் பறை ஆயின அன்று அவர்க்கு ஆங்கே பிணப் பறையாய்ப் பின்றை ஒலித்தலும் உண்டாம் என்று உய்ந்து போம் ஆறே வலிக்குமாம் மாண்டார் மனம்
"சென்றே யெறிப வொருகால் சிறுவரை
நின்றே யெறிப பறையினை நன்றேகாண்
முக்காலைக் கொட்டினுண் மூடித்தீக் கொண்டெழுவர்
செத்தாரைச் சாவார் சுமந்து",சென்றே எறிப ஒருகால் சிறு வரை நின்றே எறிப பறையினை நன்றே காண் முக் காலைக் கொட்டின் உள் மூடித் தீக் கொண்டு எழுவர் செத்தாரைச் சாவார் சுமந்து
"கணங்கொண்டு சுற்றத்தார் கல்லென் றலறப்
பிணங்கொண்டு காட்டுய்ப்பார் கண்டு மணங்கொண்டீண்
டுண்டுண்டுண் டென்னு முணர்வினாற் சாற்றுமே
டொண்டொண்டொ ணென்னும் பறை",கணம் கொண்டு சுற்றத்தார் கல் என்று அலறப் பிணம் கொண்டு காட்டு உய்ப்பார் கண்டு மணம் கொண்டு ஈண்டு உண்டு உண்டு உண்டு என்னும் உணர்வினால் சாற்றுமே டொண் டொண் டொண் என்னும் பறை
"நார்த்தொடுத் தீர்க்கிலெ னன்றாய்ந் தடக்கிலென்
பார்த்துழிப் பெய்யிலென் பல்லோர் பழிக்கிலென்
தோற்பையு ணின்று தொழிலறச் செய்தூட்டுங்
கூத்தன் புறப்பட்டக் கால்",நார்த் தொடுத்து ஈர்க்கில் என் நன்று ஆய்ந்து அடக்கில் என் பார் துழிப் பெய்யில் என் பல்லோர் பழிக்கில் என் தோல் பை உள் நின்று தொழில் அறச் செய்து ஊட்டும் கூத்தன் புறப்பட்டக் கால்
"படுமழை மொக்குளிற் பல்காலுந் தோன்றிக்
கெடுமிதோர் யாக்கையென் றெண்ணித் தடுமாற்றந்
தீர்ப்பேமியா மென்றுணருந் திண்ணறி வாளரை
நேர்ப்பாரியார் நீணிலத்தின் மேல்",படு மழை மொக்குளில் பல் காலுந் தோன்றிக் கெடும் இது ஓர் யாக்கை என்று எண்ணித் தடுமாற்றம் தீர்ப்பேம் யாம் என்று உணரும் திண் அறிவாளரை நேர்ப்பார் யார் நீள் நிலத்தின் மேல்
"யாக்கையை யாப்புடைத்தாப் பெற்றவர் தாம்பெற்ற
யாக்கையா லாய பயன்கொள்க யாக்கை
மலையாடு மஞ்சுபோற் றோன்றிமற் றாங்கே
நிலையாது நீத்து விடும்",யாக்கையை யாப்பு உடைத்து ஆப் பெற்றவர் தாம் பெற்ற யாக்கையால் ஆய பயன் கொள்க யாக்கை மலை ஆடும் மஞ்சு போல் தோன்றி மற்று ஆங்கே நிலையாது நீத்து விடும்
"புன்னுனிமே னீர்போ னிலையாமை யென்றெண்ணி
யின்னினியே செய்க வறவினை இன்னினியே
நின்றா னிருந்தான் கிடந்தான்றன் கேளலறச்
சென்றா னெனப்படுத லால்",புல் நுனி மேல் நீர் போல் நிலையாமை என்று எண்ணி இன் இனியே செய்க அறம் வினை இன் இனியே நின்றான் இருந்தான் கிடந்தான் தன் கேள் அலறச் சென்றான் எனப் படுதலால்
"கேளாதே வந்து கிளைகளா யிற்றோன்றி
வாளாதே போவரான் மாந்தர்கள் வாளாதே
சேக்கை மரனொழியச் சேணீங்கு புட்போல
யாக்கை தமர்க்கொழிய நீத்து",கேளாதே வந்து கிளைகள் ஆய் இல் தோன்றி வாளாதே போவரால் மாந்தர்கள் வாளாதே சேக்கை மரன் ஒழியச் சேண் நீங்கு புள் போல யாக்கை தமர்க்கு ஒழிய நீத்து
"அகத்தாரே வாழ்வாரென் றண்ணாந்து நோக்கிப்
புகத்தாம் பெறாஅர் புறங்கடை பற்றி
மிகத்தாம் வருந்தி யிருப்பரே மேலைத்
தவத்தாற் றவஞ்செய்யா தார்",அகத்தாரே வாழ்வார் என்று அண்ணாந்து நோக்கிப் புகத் தாம் பெறாஅர் புறங்கடை பற்றி மிகத் தாம் வருந்தி இருப்பரே மேலைத் தவத்தால் தவம் செய்யாதார்
"ஆவாநா மாக்க நசைஇ யறமறந்து
போவாநா மென்னாப் புலைநெஞ்சே யோவாது
நின்றுஞற்றி வாழ்தி யெனினுநின் வாழ்நாள்கள்
சென்றன செய்வ துரை",ஆவாம் நாம் ஆக்கம் நசைஇ அறம் மறந்து போவாம் நாம் என்னாப் புலை நெஞ்சே ஓவாது நின்று உஞற்றி வாழ்தி எனினும் நின் வாழ் நாள்கள் சென்றன செய்வது உரை
"வினைப்பயன் வந்தக்கால் வெய்ய வுயிரா
மனத்தி னழியுமாம் பேதை நினைத்ததனைத்
தொல்லைய தென்றுணர் வாரே தடுமாற்றத்
தெல்லை யிகந்தொருவு வார்",வினைப் பயன் வந்தக்கால் வெய்ய உயிரா மனத்தின் அழியுமாம் பேதை நினைத்து அதனைத் தொல்லையது என்று உணர்வாரே தடுமாற்றத்து எல்லை இகந்து ஒருவுவார்
"கரும்பாட்டிக் கட்டி சிறுகாலைக் கொண்டார்
துரும்பெழுந்து வேங்காற் றுயராண் டுழவார்
வருந்தி யுடம்பின் பயன்கொண்டார் கூற்றம்
வருங்காற் பரிவ திலர்",கரும்பு ஆட்டி கட்டி சிறுகாலைக் கொண்டார் துரும்பு எழுந்து வேம் கால் துயர் ஆண்டு உழவார் வருந்தி உடம்பின் பயன் கொண்டார் கூற்றம் வரும் கால் பரிவது இலர்
"இன்றுகொ லன்றுகொ லென்றுகொ லென்னாது
பின்னையே நின்றது கூற்றமென் றெண்ணி
யொருவுமின் றீயவை யொல்லும் வகையான்
மருவுமின் மாண்டா ரறம்",இன்று கொல் அன்று கொல் என்று கொல் என்னாது பின்னையே நின்றது கூற்றம் என்று எண்ணி ஒருவுமின் தீயவை ஒல்லும் வகையான் மருவுமின் மாண்டார் அறம்
"மக்களா லாய பெரும்பயனு மாயுங்கா
லெத்துணையு மாற்றப் பலவானால் தொக்க
வுடம்பிற்கே யொப்புரவு செய்தொழுகா தும்பர்க்
கிடந்துண்ணப் பண்ணப் படும்",மக்களால் ஆய பெரும் பயனும் ஆயும் கால் எத்துணையும் ஆற்றப் பல ஆனால் தொக்க உடம்பிற்கே ஒப்புரவு செய்து ஒழுகாது உம்பர்க் கிடந்து உண்ணப்படும்
"உறக்குந் துணையதோ ராலம்வித் தீண்டி
யிறப்ப நிழற்பயந் தாஅங் கறப்பயனுந்
தான்சிறி தாயினுந் தக்கார்கைப் பட்டக்கால்
வான்சிறிதாப் போர்த்து விடும்",உறக்கும் துணையது ஓர் ஆலம் வித்து ஈண்டி இறப்ப நிழல் பயந்தாங்கு அறப் பயனும் தான் சிறிது ஆயினும் தக்கார் கைப் பட்டக்கால் வான் சிறிதாப் போர்த்து விடும்
"வைகலும் வைகல் வரக்கண்டு மஃதுணரார்
வைகலும் வைகலை வைகுமென் றின்புறுவர்
வைகலும் வைகற்றம் வாழ்நாண்மேல் வைகுதல்
வைகலும் வைத்துணரா தார்",வைகலும் வைகல் வரக் கண்டும் அஃது உணரார் வைகலும் வைகலை வைகும் என்று இன்புறுவர் வைகலும் வைகல் தம் வாழ் நாள் மேல் வைகுதல் வைகலும் வைத்து உணராதார்
"மான வருங்கல நீக்கி யிரவென்னு
மீன விளிவினால் வாழ்வேன்மன் ஈனத்தா
லூட்டியக் கண்ணு முறுதிசேர்ந் திவ்வுடம்பு
நீட்டித்து நிற்கு மெனின்",மான அரும் கலம் நீக்கி இரவு என்னும் ஈன இளிவினால் வாழ்வேன்மன் ஈனத்தால் ஊட்டியக் கண்ணும் உறுதி சேர்ந்து இவ் உடம்பு நீட்டித்து நிற்கும் எனின்
"மாக்கேழ் மடநல்லா யென்றரற்றுஞ் சான்றவர்
நோக்கார்கொ னொய்யதோர் புக்கில்லை யாக்கைக்கோ
ரீச்சிற கன்னதோர் தோலறினும் வேண்டுமே
காக்கை கடிவதோர் கோல்",மா கேழ் மட நல்லாய் என்று அரற்றும் சான்றவர் நோக்கார் கொல் நொய்யது ஓர் புக்கில்லை யாக்கைக்கு ஓர் ஈ சிறகு அன்னது ஓர் தோல் அறினும் வேண்டுமே காக்கை கடிவது ஓர் கோல்
"தோற்போர்வை மேலுந் துளைபலவாய்ப் பொய்ம்மறைக்கு
மீப்போர்வை மாட்சித் துடம்பானான் மீப்போர்வை
பொய்ம்மறையாக் காமம் புகலாது மற்றதனைப்
பைம்மறியாப் பார்க்கப் படும்",தோல் போர்வை மேலும் துளை பல ஆய் பொய் மறைக்கும் மீ போர்வை மாட்சித்து உடம்பு ஆனால் மீ போர்வை பொய் மறையா காமம் புகலாது மற்று அதனை பை மறி ஆ பார்க்கப்படும்
"தக்கோலந் தின்று தலைநிறையப் பூச்சூடிப்
பொய்க்கோலஞ் செய்ய வொழியுமே யெக்காலு
முண்டி வினையு ளுறைக்கு மெனப்பெரியோர்
கண்டுகை விட்ட மயல்",தக்கோலம் தின்று தலை நிறைய பூ சூடி பொய் கோலம் செய்ய ஒழியுமே எக்காலும் உண்டி வினையுள் உறைக்கும் என பெரியோர் கண்டு கைவிட்ட மயல்
"தெண்ணீர்க் குவளை பொருகயல் வேலென்று
கண்ணில்புன் மாக்கள் கவற்ற விடுவேனோ
வுண்ணீர் களைந்தக்கா னுங்குசூன் றிட்டன்ன
கண்ணீர்மை கண்டொழுகு வேன்",தெள் நீர் குவளை பொரு கயல் வேல் என்று கண் இல் புன் மாக்கள் கவற்ற விடுவேனோ உள் நீர் களைந்தக்கால் நுங்கு சூன்றிட்ட அன்ன கண் நீர்மை கண்டு ஒழுகுவேன்
"முல்லை முகைமுறுவன் முத்தென் றிவைபிதற்றுங்
கல்லாப் புன்மாக்கள் கவற்ற விடுவனோ
வெல்லாருங் காணப் புறங்காட் டுதிர்ந்துக்க
பல்லென்பு கண்டொழுகு வேன்",முல்லை முகை முறுவல் முத்து என்று இவை பிதற்றும் கல்லாப் புன் மாக்கள் கவற்ற விடுவனோ எல்லாரும் காண புறம்காட்டு உதிர்ந்து உக்க பல் என்பு கண்டு ஒழுகுவேன்
"குடருங் கொழுவுங் குருதியு மென்புத்
தொடரு நரம்பொடு தோலு மிடையிடையே
வைத்த தடியும் வழும்புமா மற்றிவற்று
ளெத்திறத்தா றீர்ங்கோதை யாள்",குடரும் கொழுவும் குருதியும் என்பு தொடரும் நரம்பொடு தோலும் இடை இடையே வைத்த தடியும் வழும்பும் ஆம் மற்று இவற்றுள் எத்திறத்தாள் ஈர்ம் கோதையாள்
"ஊறி யுவர்த்தக்க வொன்பது வாய்ப்புலனுங்
கோதிக் குழம்பலைக்குங் கும்பத்தைப் பேதை
பெருந்தோளி பெய்வளா யென்னுமீப் போர்த்த
கருந்தோளாற் கண்விளக்கப் பட்டு",ஊறி உவர் தக்க ஒன்பது வாய் புலனும் கோதி குழம்பு அலைக்கும் கும்பத்தை பேதை பெரும் தோளி பெய் வளாய் என்னும் மீ போர்த்த கரும் தோளால் கண் விளக்கப்பட்டு
"பண்ட மறியார் படுசாந்துங் கோதையுங்
கொண்டுபா ராட்டுவார் கண்டிலர்கொல் மண்டிப்
பெடைச்சேவல் வன்கழுகு பேர்த்திட்டுக் குத்து
முடைச்சாகா டச்சிற் றுழி",பண்டம் அறியார் படு சாந்தும் கோதையும் கொண்டு பாராட்டுவார் கண்டிலர் கொல் மண்டி பெடை சேவல் வல் கழுகு பேர்த்து இட்டு குத்து முடை சாகாடு அச்சு இற்ற உழி
"கழிந்தா ரிடுதலை கண்டார்நெஞ் சுட்கக்
குழிந்தாழ்ந்த கண்ணவாய்த் தோன்றி யொழிந்தாரைப்
போற்றி நெறிநின்மி னிற்றிதன் பண்பென்று
சாற்றுங்கொல் சாலச் சிரித்து",கழிந்தார் இடு தலை கண்டார் நெஞ்சு உட்க குழிந்து ஆழ்ந்த கண்ண ஆய் தோன்றி ஒழிந்தாரை போற்றி நெறி நின்மின் இற்று இதன் பண்பு என்று சாற்றுங் கொல் சால சிரித்து
"உயிர்போயார் வெண்டலை யுட்கச் சிரித்துச்
செயிர்தீர்க்குஞ் செம்மாப் பவரைச் செயிர்தீர்ந்தார்
கண்டிற் றிதன்வண்ண மென்பதனாற் றம்மையோர்
பண்டத்துள் வைப்ப திலர்",உயிர் போயார் வெள் தலை உட்க சிரித்து செயிர் தீர்க்கும் செம்மாப்பவரை செயிர் தீர்ந்தார் கண்டு இற்று இதன் வண்ணம் என்பதனால் தம்மை ஓர் பண்டத்துள் வைப்பது இலர்
"விளக்குப் புகவிருண் மாய்ந்தாங் கொருவன்
தவத்தின்முன் னில்லாதாம் பாவம் விளக்குநெய்
தேய்விடத்துச் சென்றிருள் பாய்ந்தாங்கு நல்வினை
தீர்விடத்து நிற்குமாந் தீது",விளக்குப் புக இருள் மாய்ந்தாங்கு ஒருவன் தவத்தின் முன் நில்லாதாம் பாவம் விளக்கு நெய் தேய்வு இடத்துச் சென்று இருள் பாய்ந்து ஆங்கு நல் வினை தீர்வு இடத்து நிற்குமாம் தீது
"நிலையாமை நோய்மூப்புச் சாக்காடென் றெண்ணித்
தலையாயார் தங்கருமஞ் செய்வார் தொலைவில்லாச்
சத்தமுஞ் சோதிடமு மென்றாங் கிவைபிதற்றும்
பித்தரிற் பேதையா ரில்",நிலையாமை நோய் மூப்புச் சாக்காடு என்று எண்ணித் தலை ஆயார் தம் கருமம் செய்வார் தொலைவு இல்லாச் சத்தமும் சோதிடமும் என்று ஆங்கு இவை பிதற்றும் பித்தரின் பேதையார் இல்
"இல்ல மிளமை யெழில்வனப்பு மீக்கூற்றஞ்
செல்வம் வலியென் றிவையெல்லா மெல்ல
நிலையாமை கண்டு நெடியார் துறப்பர்
தலையாயார் தாமுய்யக் கொண்டு",இல்லம் இளமை எழில் வனப்பு மீக்கூற்றம் செல்வம் வலி என்று இவை எல்லாம் மெல்ல நிலையாமை கண்டு நெடியார் துறப்பர் தலை ஆயார் தாம் உய்யக் கொண்டு
"துன்பம் பலநா ளுழந்து மொருநாளை
யின்பமே காமுறுவ ரேழையார் இன்ப
மிடைதெரிந் தின்னாமை நோக்கி மனையா
றடைவொழிந்தா ரான்றமைந் தார்",துன்பம் பல நாள் உழந்தும் ஒரு நாளை இன்பமே காமுறுவர் ஏழையார் இன்பம் இடை தெரிந்து இன்னாமை நோக்கி மனை ஆறு அடைவு ஒழிந்தார் ஆன்று அமைந்தார்
"கொன்னே கழித்தன் றிளமையு மின்னே
பிணியொடு மூப்பும் வருமால் துணிவொன்றி
யென்னொடு சூழா தெழுநெஞ்சே போதியோ
நன்னெறி சேர நமக்கு",கொன்னே கழிந்தன்று இளமையும் இன்னே பிணியொடு மூப்பும் வரும் ஆல் துணிவு ஒன்றி என்னொடு சூழாது எழு நெஞ்சே போதியோ நல் நெறி சேர நமக்கு
"மாண்ட குணத்தோடு மக்கட்பே றில்லெனினும்
பூண்டான் கழித்தற் கருமையாற் பூண்ட
மிடியென்னுங் காரணத்தின் மேன்முறைக் கண்ணே
கடியென்றார் கற்றறிந் தார்",மாண்ட குணத்தோடு மக்கள் பேறு இல் எனினும் பூண்டான் கழித்தற்கு அருமையால் பூண்ட மிடி என்னும் காரணத்தின் மேல் முறைக் கண்ணே கடி என்றார் கற்று அறிந்தார்
"ஊக்கித்தாங் கொண்ட விரதங்க ளுள்ளுடையத்
தாக்கருந் துன்பங்க டாந்தலை வந்தக்கால்
நீக்கி நிறூஉ முரவோரே நல்லொழுக்கங்
காக்குந் திருவத் தவர்",ஊக்கித் தாம் கொண்ட விரதங்கள் உள் உடையத் தாக்கு அரும் துன்பங்கள் தாம் தலை வந்தக்கால் நீக்கி நிறூஉம் உரவோரே நல் ஒழுக்கம் காக்கும் திருவத்தவர்
"தம்மை யிகழ்ந்தமை தாம்பொறுப்ப தன்றிமற்
றெம்மை யிகழ்ந்த வினைப்பயத்தா லும்மை
எரிவாய் நிரயத்து வீழ்வர்கொ லென்று
பரிவதூஉஞ் சான்றோர் கடன்",தம்மை இகழ்ந்தமை தாம் பொறுப்பது அன்றி மற்று எம்மை இகழ்ந்த வினைப் பயத்தால் உம்மை எரிவாய் நிரயத்து வீழ்வர் கொல் என்று பரிவதூஉம் சான்றோர் கடன்
"மெய்வாய்கண் மூக்குச் செவியெனப் பேர்பெற்ற
வைவாய வேட்கை யவாவினைக் கைவாய்க்
கலங்காமற் காத்துய்க்கு மாற்ற லுடையான்
விலங்காது வீடு பெறும்",மெய் வாய் கண் மூக்குச் செவி எனப் பேர் பெற்ற ஐ வாய வேட்கை அவாவினைக் கைவாய்க் கலங்காமல் காத்து உய்க்கும் ஆற்றல் உடையான் விலங்காது வீடு பெறும்
"துன்பமே மீதூரக் கண்டுந் துறவுள்ளா
ரின்பமே காமுறுவ ரேழையா ரின்ப
மிசைதோறு மற்றத னின்னாமை நோக்கிப்
பசைதல் பரியாதா மேல்",துன்பமே மீதூரக் கண்டும் துறவு உள்ளார் இன்பமே காமுறுவர் ஏழையார் இன்பம் இசைதோறும் மற்று அதனின் இன்னாமை நோக்கிப் பசைதல் பரியாதாம் மேல்
"மதித்திறப் பாரு மிறக்க மதியா
மிதித்திறப் பாரு மிறக்க மிதித்தேறி
யீயுந் தலைமே லிருத்தலா லஃதறிவார்
காயுங் கதமின்மை நன்று",மதித்து இறப்பாரும் இறக்க மதியா மிதித்து இறப்பாரும் இறக்க மிதித்து ஏறி ஈயும் தலை மேல் இருத்தலால் அஃது அறிவார் காயும் கதம் இன்மை நன்று
"தண்டாச் சிறப்பிற்றம் மின்னுயிரைத் தாங்காது
கண்டுழி யெல்லாந் துறப்பவோ மண்டி
யடிபெயரா தாற்ற விளிவந்த போழ்தின்
முடிகிற்கு முள்ளத் தவர்",தண்டாச் சிறப்பின் தம் இன் உயிரைத் தாங்காது கண்டுழி எல்லாம் துறப்பவோ மண்டி அடி பெயராது ஆற்ற இளி வந்த போழ்தின் முடிகிற்கும் உள்ளத்தவர்
"காவா தொருவன்றன் வாய்திறந்து சொல்லுஞ்சொ
லோவாதே தன்னைச் சுடுதலா லோவாதே
யாய்ந்தமைந்த கேள்வி யறிவுடையா ரெஞ்ஞான்றுங்
காய்ந்தமைந்த சொல்லார் கறுத்து",காவாது ஒருவன் தன் வாய் திறந்து சொல்லும் சொல் ஓவாதே தன்னைச் சுடுதலால் ஓவாதே ஆய்ந்து அமைந்த கேள்வி அறிவு உடையார் எஞ்ஞான்றும் காய்ந்து அமைந்த சொல்லார் கறுத்து
"நேர்த்து நிகரல்லார் நீரல்ல சொல்லியக்கால்
வேர்த்து வெகுளார் விழுமியோர் ஓர்த்ததனை
யுள்ளத்தா னுள்ளி யுரைத்தூரா யூர்கேட்பத்
துள்ளித்தூண் முட்டுமாங் கீழ்",நேர்த்து நிகர் அல்லார் நீர் அல்ல சொல்லியக்கால் வேர்த்து வெகுளார் விழுமியோர் ஓர்த்து அதனை உள்ளத்தான் உள்ளி உரைத்து ஊராய் ஊர் கேட்பத் துள்ளித் தூண் முட்டுமாம் கீழ்
"இளையா னடக்க மடக்கங் கிளைபொரு
ளில்லான் கொடையே கொடைப்பய னெல்லாம்
ஒறுக்கு மதுகை யுரனுடை யான்
பொறுக்கும் பொறையே பொறை",இளையான் அடக்கம் அடக்கம் கிளை பொருள் இல்லான் கொடையே கொடைப் பயன் எல்லாம் ஒறுக்கும் மதுகை உரன் உடையான் பொறுக்கும் பொறையே பொறை
"கல்லெறிந் தன்ன கயவர்வா யின்னாச்சொல்
எல்லாருங் காணப் பொறுத்துய்ப்பர் ஒல்லை
யிடுநீற்றாற் பையவிந்த நாகம்போற் றத்தங்
குடிமையான் வாதிக்கப் பட்டு",கல் எறிந்து அன்ன கயவர் வாய் இன்னாச் சொல் எல்லாரும் காணப் பொறுத்து உய்ப்பர் ஒல்லை இடு நீற்றால் பை அவிந்த நாகம் போல் தத்தம் குடிமையான் வாதிக்கப் பட்டு
"மாற்றாராய் நின்றுதம் மாறேற்பார்க் கேலாமை
யாற்றாமை யென்னா ரறிவுடையார் ஆற்றாமை
நேர்த்தின்னா மற்றவர் செய்தக்காற் றாமவரைப்
பேர்த்தின்னா செய்யாமை நன்று",மாற்றாராய் நின்று தம் மாறு ஏற்பார்க்கு ஏலாமை ஆற்றாமை என்னார் அறிவு உடையார் ஆற்றாமை நேர்த்து இன்னா மற்றவர் செய்தக்கால் தாம் அவரைப் பேர்த்து இன்னா செய்யாமை நன்று
"நெடுங்கால மோடினு நீசர் வெகுளி
கெடுங்கால மன்றிப் பரக்கு மடுங்காலை
நீர்கொண்ட வெப்பம்போற் றானே தணியுமே
சீர்கொண்ட சான்றோர் சினம்",நெடும் காலம் ஓடினும் நீசர் வெகுளி கெடும் காலம் அன்றிப் பரக்கும் அடும் காலை நீர் கொண்ட வெப்பம் போல் தானே தணியுமே சீர் கொண்ட சான்றோர் சினம்
"உபகாரஞ் செய்ததனை யோராதே தங்க
ணபகார மாற்றச் செயினு முபகாரந்
தாஞ் செய்வதல்லாற் றவற்றினாற் றீங்கூக்கல்
வான்றோய் குடிப்பிறந்தார்க் கில்",உபகாரம் செய்ததனை ஓராதே தம் கண் அபகாரம் ஆற்றச் செயினும் உபகாரம் தாம் செய்வது அல்லால் தவற்றினால் தீங்கு ஊக்கல் வான் தோய் குடிப் பிறந்தார்க்கு இல்
"கூர்த்துநாய் கௌவிக் கொளக்கண்டுந் தம்வாயாற்
பேர்த்துநாய் கௌவினா ரீங்கில்லை நீர்த்தன்றிக்
கீழ்மக்கள் கீழாய சொல்லியக்காற் சொல்பவோ
மேன்மக்க டம்வாயான் மீட்டு",கூர்த்து நாய் கௌவிக் கொளக் கண்டும் தம் வாயால் பேர்த்து நாய் கௌவினார் ஈங்கு இல்லை நீர்த்து அன்றிக் கீழ் மக்கள் கீழ் ஆய சொல்லியக்கால் சொல்பவோ மேல் மக்கள் தம் வாயான் மீட்டு
"கோதை யருவிக் குளிர்வரை நன்னாட
பேதையோ டியாது முரையற்க பேதை
யுரைப்பிற் சிதைத்துரைக்கு மொல்லும் வகையான்
வழுக்கிக் கழிதலே நன்று",கோதை அருவிக் குளிர் வரை நல் நாட பேதையோடு யாதும் உரையற்க பேதை உரைப்பின் சிதைத்து உரைக்கும் ஒல்லும் வகையான் வழுக்கிக் கழிதலே நன்று
"நேரல்லார் நீரல்ல சொல்லியக்கான் மற்றது
தாரித் திருத்த தகுதிமற் றோரும்
புகழ்மையாக் கொள்ளாது பொங்குநீர் ஞாலம்
சமழ்மையாக் கொண்டு விடும்",நேர் அல்லார் நீர் அல்ல சொல்லியக்கால் மற்று அது தாரித்து இருத்தல் தகுதி மற்று ஓரும் புகழ்மையாக் கொள்ளாது பொங்கு நீர் ஞாலம் சமழ்மையாக் கொண்டு விடும்
"அறிவ தறிந்தடங்கி யஞ்சுவ தஞ்சி
யுறுவ துலகுவப்பச் செய்து பெறுவதனா
லின்புற்று வாழு மியல்புடையா ரெஞ்ஞான்றுந்
துன்புற்று வாழ்த லரிது",அறிவது அறிந்து அடங்கி அஞ்சுவது அஞ்சி உறுவது உலகு உவப்பச் செய்து பெறுவதனால் இன்பு உற்று வாழும் இயல்பு உடையார் எஞ்ஞான்றும் துன்பு உற்று வாழ்தல் அரிது
"வேற்றுமை யின்றிக் கலந்திருவர் நட்டக்காற்
றேற்றா வொழுக்க மொருவன்க ணுண்டாயி
னாற்றுந் துணையும் பொறுக்க பொறானாயின்
தூற்றாதே தூர விடல்",வேற்றுமை இன்றிக் கலந்து இருவர் நட்டக்கால் தேற்றா ஒழுக்கம் ஒருவன்கண் உண்டாயின் ஆற்றும் துணையும் பொறுக்க பொறான் ஆயின் தூற்றாதே தூர விடல்
"இன்னா செயினு மினிய வொழிகென்று
தன்னையே தானோவி னல்லது துன்னிக்
கலந்தாரைக் கைவிடுதல் கானக நாட
விலங்கிற்கும் விள்ள லரிது",இன்னா செயினும் இனிய ஒழிக என்று தன்னையே தான் நோவின் அல்லது துன்னிக் கலந்தாரைக் கைவிடுதல் கானக நாட விலங்கிற்கும் விள்ளல் அரிது
"பெரியார் பெருநட்புக் கோடறாஞ் செய்த
வரிய பொறுப்பவென் றன்றோ அரியரோ
ஒல்லெ னருவி யுயர்வரை நன்னாட
நல்லசெய் வார்க்குத் தமர்",பெரியார் பெரு நட்புக் கோடல் தாம் செய்த அரிய பொறுப்ப என்று அன்றோ அரியரோ ஒல் என் அருவி உயர் வரை நல் நாட நல்ல செய்வார்க்குத் தமர்
"வற்றிமற் றாற்றப் பசிப்பினும் பண்பிலார்க்
கற்ற மறிய வுரையற்க வற்ற
மறைக்குந் துணையார்க் குரைப்பவே தம்மைத்
துறக்குந் துணிவிலா தார்",வற்றி மற்று ஆற்றப் பசிப்பினும் பண்பு இலார்க்கு அற்றம் அறிய உரையற்க அற்றம் மறைக்கும் துணையார்க்கு உரைப்பவே தம்மைத் துறக்கும் துணிவு இலாதவர்
"இன்பம் பயந்தாங் கிழிவு தலைவரினு
மின்பத்தின் பக்க மிருந்தைக்க இன்ப
மொழியாமை கண்டாலு மோங்கருவி நாட
பழியாகா வாறே தலை",இன்பம் பயந்து ஆங்கு இழிவு தலைவரினும் இன்பத்தின் பக்கம் இருந்தைக்க இன்பம் ஒழியாமை கண்டாலும் ஓங்கு அருவி நாட பழி ஆகா ஆறே தலை
"தான்கெடினுந் தக்கார்கே டெண்ணற்க தன்னுடம்பி
னூன்கெடினு முண்ணார்கைத் துண்ணற்க வான்கவிந்த
வையக மெல்லாம் பெறினு முரையற்க
பொய்யோ டோடிடைமிடைந்த சொல்",தான் கெடினும் தக்கார் கேடு எண்ணற்க தன் உடம்பின் ஊன் கெடினும் உண்ணார் கைத்து உண்ணற்க வான் கவிந்த வையகம் எல்லாம் பெறினும் உரையற்க பொய்யோடு இடை மிடைந்த சொல்
"அச்சம் பெரிதலா லதற்கின்பஞ் சிற்றளவால்
நிச்ச னினையுங்காற் கோக்கொலையாம் நிச்சலுங்
கும்பிக்கே கூர்த்த வினையாற் பிறன்றார
நம்பற்க நாணுடை யார்",அச்சம் பெரிதால் அதற்கு இன்பம் சிற்றளவால் நிச்சல் நினையுங்கால் கோ கொலையாம் நிச்சலும் கும்பிக்கே கூர்த்த வினையால் பிறன் தாரம் நம்பற்க நாண் உடையார்
"அறம்புகழ் கேண்மை பெருமையிந் நான்கும்
பிறன்றார நச்சுவார்ச் சேரா பிறன்றார
நச்சுவார்ச் சேரும் பகைபழி பாவமென்
றச்சத்தோ டிந்நாற் பொருள்",அறம் புகழ் கேண்மை பெருமை இந் நான்கும் பிறன் தாரம் நச்சுவார்ச் சேரா பிறன் தாரம் நச்சுவார்ச் சேரும் பகை பழி பாவம் என்று அச்சத்தோடு இந் நாற் பொருள்
"புக்க விடத்தச்சம் போதரும்போ தச்சந்
துய்க்குமிடத் தச்சந் தோன்றாமற் காப்பச்ச
மெக்காலு மச்சந் தருமா லெவன்கொலோ
வுட்கான் பிறனில் புகல்",புக்க இடத்து அச்சம் போதரும் போது அச்சம் துய்க்கும் இடத்து அச்சம் தோன்றாமல் காப்பு அச்சம் எக்காலும் அச்சம் தருமால் எவன் கொலோ உட்கான் பிறன் இல் புகல்
"காணிற் குடிப்பழியாங் கையுறிற் கால்குறையு
மாணின்மை செய்யுங்கா லச்சமா நீணிரயத்
துன்பம் பயக்குமாற் றுச்சாரி நீகண்ட
வின்ப மெனக்கெனைத்தாற் கூறு",காணில் குடிப் பழி ஆம் கை உறில் கால் குறையும் மாண் இன்மை செய்யுங்கால் அச்சம் ஆம் நீள் நிரயம் துன்பம் பயக்குமால் துச்சாரி நீ கண்ட இன்பம் எனக்கு எனைத்தால் கூறு
"செம்மையொன் றின்றிச் சிறியா ரினத்தராய்க்
கொம்மை வரிமுலையா டோண்மரீஇ உம்மை
வலியாற் பிறர்மனைமேற் சென்றாரே யிம்மை
யலியாகி யாடியுண் பார்",செம்மை ஒன்று இன்றிச் சிறியார் இனத்தராய் கொம்மை வரி முலையாள் தோள் மரீஇ உம்மை வலியால் பிறர் மனை மேல் சென்றாரே இம்மை அலி ஆகி ஆடி உண்பார்
"பல்லா ரறியப் பறையறைந்து நாட்கேட்டுக்
கல்யாணஞ் செய்து கடிபுக்க மெல்லியற்
காதன் மனையாளு மில்லாளா வென்னொருவ
னேதின் மனையாளை நோக்கு",பல்லார் அறியப் பறை அறைந்து நாள் கேட்டு கல்யாணம் செய்து கடி புக்க மெல் இயல் காதன் மனையாளும் இல்லாள் ஆ என் ஒருவன் ஏதில் மனையாளை நோக்கு
"அம்ப லயலெடுப்ப வஞ்சித் தமர்பரீஇ
வம்பலன் பெண்மரீஇ மைந்துற்று நம்பு
நிலைமையி னெஞ்சத்தான் றுப்புரவு பாம்பின்
றலைநக்கி யன்ன துடைத்து",அம்பல் அயல் எடுப்ப அஞ்சி தமர் பரீஇ வம்பலன் பெண் மரீஇ மைந்து உற்று நம்பு நிலைமையில் நெஞ்சத்தான் துப்புரவு பாம்பின் தலை நக்கி அன்னது உடைத்து
"பரவா வெளிப்படாப் பல்லோர்கட் டங்கா
வுரவோர்கட் காமநோ யோஒ கொடிதே
விரவாரு ணாணுப் படலஞ்சி யாது
முரையா துள்ளாறி விடும்",பரவா வெளிப்படா பல்லோர் கண் தங்கா உரவோர்கள் காம நோயோஒ கொடிதே விரவார் உள் நாணுப்படல் அஞ்சி யாதும் உரையாது உள் ஆறி விடும்
"அம்பு மழலு மவிர்கதிர் ஞாயிறும்
வெம்பிச் சுடினும் புறஞ்சுடும் வெம்பிக்
கவற்றி மனத்தைச் சுடுதலாற் காம
மவற்றினு மஞ்சப் படும்",அம்பும் அழலும் அவிர் கதிர் ஞாயிறும் வெம்பிச் சுடினும் புறம் சுடும் வெம்பிக் கவற்றி மனத்தைச் சுடுதலால் காமம் அவற்றினும் அஞ்சப் படும்
"ஊரு ளெழுந்த வுருகெழு செந்தீக்கு
நீருட் குளித்து முயலாகு நீருட்
குளிப்பினுங் காமஞ் சுடுமேகுன் றேறி
யொளிப்பினுங் காமஞ் சுடும்",ஊருள் எழுந்த உரு கெழு செம் தீக்கு நீருள் குளித்தும் உயல் ஆகும் நீருள் குளிப்பினும் காமம் சுடுமே குன்று ஏறி ஒளிப்பினும் காமம் சுடும்
"இல்லா விடத்து மியைந்த வளவினா
லுள்ள விடம்போற் பெரிதுவந்து மெல்லக்
கொடையொடு பட்ட குணனுடை மாந்தர்க்
கடையாவா மாண்டைக் கதவு",இல்லா இடத்தும் இயைந்த அளவினால் உள்ள இடம் போல் பெரிது உவந்து மெல்லக் கொடையொடு பட்ட குணன் உடை மாந்தர்க்கு அடையாவாம் ஆண்டைக் கதவு
"முன்னரே சாநாண் முனிதக்க மூப்புள
பின்னரும் பீடழிக்கு நோயுள கொன்னே
பரவன்மின் பற்றன்மின் பாத்துண்மின் யாதுங்
கரவன்மின் கைத்துண்டாம் போழ்து",முன்னரே சாம் நாள் முனிதக்க மூப்பு உள பின்னரும் பீடு அழிக்கும் நோய் உள கொன்னே பரவன்மின் பற்றன்மின் பாத்துண்மின் யாதும் கரவன்மின் கைத்து உண்டாம் போழ்து
"நடுக்குற்றுத் தற்சேர்ந்தார் துன்பந் துடையார்
கொடுத்துத்தான் றுய்ப்பினு மீண்டுங்கா லீண்டு
மிடுக்குற்றுப் பற்றினு நில்லாது செல்வம்
விடுக்கும் வினையுலந்தக் கால்",நடுக்கு உற்று தன் சேர்ந்தார் துன்பம் துடையார் கொடுத்துத் தான் துய்ப்பினும் ஈண்டுங்கால் ஈண்டும் இடுக்கு உற்று பற்றினும் நில்லாது செல்வம் விடுக்கும் வினை உலந்தக்கால்
"இம்மி யரிசித் துணையானும் வைகலு
நும்மி லியைவ கொடுத்துண்மின் உம்மைக்
கொடாஅ தவரென்பர் குண்டுநீர் வையத்
தடாஅ வடுப்பி னவர்",இம்மி அரிசி துணை ஆனும் வைகலும் நும் இல் இயைவ கொடுத்து உண்மின் உம்மை கொடாஅதவர் என்பர் குண்டு நீர் வையத்து அடாஅ அடுப்பினவர்
"மறுமையு மிம்மையு நோக்கி யொருவர்க்
குறுமா றியைவ கொடுத்தல் வறுமையா
லீத லிசையா தெனினு மிரவாமை
யீத லிரட்டி யுறும்",மறுமையும் இம்மையும் நோக்கி ஒருவர்க்கு உறும் ஆறு இயைவ கொடுத்தல் வறுமையால் ஈதல் இசையாது எனினும் இரவாமை ஈதல் இரட்டி உறும்
"நடுவூருள் வேதிகை சுற்றுக்கோட் புக்க
படுபனை யன்னர் பலர்நச்ச வாழ்வார்
குடிகொழுத்தக் கண்ணுங் கொடுத்துண்ணா மாக்க
ளிடுகாட்டு ளேற்றைப் பனை",நடு ஊருள் வேதிகை சுற்றுக் கோள் புக்க படு பனை அன்னர் பலர் நச்ச வாழ்வார் குடி கொழுத்தக் கண்ணும் கொடுத்து உண்ணா மாக்கள் இடு காட்டுள் ஏற்றைப் பனை
"பெயற்பான் மழைபெய்யாக் கண்ணு முலகஞ்
செயற்பால செய்யா விடினுங் கயற்புலாற்
புன்னை கடியும் பொருகடற் றண்சேர்ப்ப
யென்னை யுலகுய்யு மாறு",பெயல் பால் மழை பெய்யாக் கண்ணும் உலகம் செயல் பால செய்யாவிடினும் கயல் புலால் புன்னை கடியும் பொரு கடல் தண் சேர்ப்ப என்னை உலகு உய்யும் ஆறு
"ஏற்றகை மாற்றாமை யென்னானுந் தாம்வரையா
னாற்றாதார்க் கீவதா மாண்கட னாற்றின்
மலிகடற் றண்சேர்ப்ப மாறீவார்க் கீதற்
பொலிகட னென்னும் பெயர்த்து",ஏற்ற கை மாற்றாமை என்னானும் தாம் வரையான் ஆற்றாதார்க்கு ஈவதாம் ஆண் கடன் ஆற்றின் மலி கடல் தண் சேர்ப்ப மாறு ஈவார்க்கு ஈதல் பொலி கடன் என்னும் பெயர்த்து
"இறப்பச் சிறிதென்னா தில்லென்னா தென்று
மறப்பயன் யார்மாட்டுஞ் செய்க முறைப்புதவி
னையம் புகூஉந் தவசி கடிஞைபோற்
பைய நிறைத்து விடும்",இறப்பச் சிறிது என்னாது இல் என்னாது என்றும் அறம் பயன் யார் மாட்டும் செய்க முறை புதவின் ஐயம் புகூஉம் தவசி கடிஞை போல் பைய நிறைத்து விடும்
"கடிப்பிடு கண்முரசங் காதத்தோர் கேட்ப
ரிடித்து முழங்கியதோர் யோசனையார் கேட்பர்
ரடுக்கிய மூவுலகுங் கேட்குமே சான்றோர்
கொடுத்தா ரெனப்படுஞ் சொல்",கடிப்பு இடு கண் முரசம் காதத்தோர் கேட்பர் இடித்து முழங்கியது ஓர் யோசனையார் கேட்பர் அடுக்கிய மூ உலகும் கேட்குமே சான்றோர் கொடுத்தார் எனப்படும் சொல்
"பல்லாவு ளுய்த்து விடினுங் குழக்கன்று
வல்லதாந் தாய்நாடிக் கோடலைத் தொல்லைப்
பழவினையு மன்ன தகைத்தேதற் செய்த
கிழவனை நாடிக் கொளற்கு",பல் ஆவுள் உய்த்து விடினும் குழ கன்று வல்லதாம் தாய் நாடி கோடலை தொல்லை பழ வினையும் அன்ன தகைத்தே தன் செய்த கிழவனை நாடி கொளற்கு
"உருவு மிளமையு மொண்பொருளு முட்கு
மொருவழி நில்லாமை கண்டு மொருவழி
யொன்றேயு மில்லாதான் வாழ்க்கை யுடம்பிட்டு
நின்றுவீழ்ந் தக்க துடைத்து",உருவும் இளமையும் ஒள் பொருளும் உட்கும் ஒரு வழி நில்லாமை கண்டும் ஒரு வழி ஒன்றேயும் இல்லாதான் வாழ்க்கை உடம்பு இட்டு நின்று வீழ்ம் தக்கது உடைத்து
"வளம்பட வேண்டாதார் யார்யாரு மில்லை
யளந்தன போக மவரவ ராற்றான்
விளங்காய் திரட்டினா ரில்லைக் களங்கனியைக்
காரெனச் செய்தாரு மில்",வளம் பட வேண்டாதார் யார் யாரும் இல்லை அளந்தன போகம் அவர் அவர் ஆற்றான் விளங்காய் திரட்டினார் இல்லை கள கனியை கார் எனச் செய்தாரும் இல்
"உறற்பால நீக்க லுறுவார்க்கு மாகா
பெறற்பா லனையவு மன்னவா மாரி
வறப்பிற் றருவாரு மில்லை யதனைச்
சிறப்பிற் றணிப்பாரு மில்",உறல் பால நீக்கல் உறுவார்க்கும் ஆகா பெறல் பால் அனையவும் அன்னவாம் மாரி வறப்பில் தருவாரும் இல்லை அதனை சிறப்பில் தணிப்பாரும் இல்
"தினைத்துணைய ராகித்தந் தேசுள் ளடக்கிப்
பனைத்துணையார் வைகலும் பாடழித்து வாழ்வர்
நினைப்பக் கிடந்த தெவனுண்டா மேலை
வினைப்பய னல்லாற் பிற",தினை துணையர் ஆகி தம் தேசு உள் அடக்கி பனை துணையார் வைகலும் பாடு அழித்து வாழ்வர் நினைப்பக் கிடந்தது எவன் உண்டாம் மேலை வினைப் பயன் அல்லால் பிற
"பல்லான்ற கேள்விப் பயனுணர்வார் வீயவுங்
கல்லாதார் வாழ்வ தறிதிரேற் கல்லாதார்
சேதன மென்னுமச் சேறகத் தின்மையாற்
கோதென்று கொள்ளாதாங் கூற்று",பல் ஆன்ற கேள்வி பயன் உணர்வார் வீயவும் கல்லாதார் வாழ்வது அறிதிரேல் கல்லாதார் சேதனம் என்னும் அச் சேறு அகத்து இன்மையால் கோது என்று கொள்ளாதாம் கூற்று
"இடும்பைகூர் நெஞ்சத்தா ரெல்லாருங் காண
நெடுங்கடை நின்றுழல்வ தெல்லா மடப்பம்பூ
வன்னங் கிழிக்கு மலைகடற் றண்சேர்ப்ப
முன்னை வினையாய் விடும்",இடும்பை கூர் நெஞ்சத்தார் எல்லாரும் காண நெடும் கடை நின்று உழல்வது எல்லாம் அடப்பம் பூ அன்னம் கிழிக்கும் அலை கடல் தண் சேர்ப்ப முன்னை வினையாய் விடும்
"அறியாரு மல்ல ரறிவ தறிந்தும்
பழியோடு பட்டவை செய்தல் வளியோடி
நெய்த னறவுயிர்க்கு நீள்கடற் றண்சேர்ப்ப
செய்த வினையான் வரும்",அறியாரும் அல்லர் அறிவது அறிந்தும் பழியோடு பட்டவை செய்தல் வளி ஓடி நெய்தல் நறவு உயிர்க்கும் நீள் கடல் செய்த வினையால் வரும்
"ஈண்டுநீர் வையத்து ளெல்லாரு மெத்துணையும்
வேண்டார்மற் றீய விழைபய னல்லவை
வேண்டினும் வேண்டா விடினு முறற்பால
தீண்டா விடுத லரிது",ஈண்டு நீர் வையத்துள் எல்லாரும் எத்துணையும் வேண்டார் மன் தீய விழை பயன் அல்லவை வேண்டினும் வேண்டா விடினும் உறல் பால தீண்டா விடுதல் அரிது
"சிறுகா பெருகா முறைபிறழ்ந்து வாரா
வுறுகாலத் தூற்றாகா வாமிடத்தே யாகுஞ்
சிறுகாலைப் பட்ட பொறியு மதனா
லிறுகாலத் தென்னை பரிவு",சிறுகா பெருகா முறை பிறழ்ந்து வாரா உறு காலத்து ஊற்று ஆகாவாம் இடத்தே ஆகும் சிறு காலை பட்ட பொறியும் அதனால் இறு காலத்து என்னை பரிவு
"இசையா வொருபொரு ளில்லென்றல் யார்க்கும்
வசையன்று வையத் தியற்கை நசையழுங்க
நின்றோடிப் பொய்த்த னிரைதொடீஇ செய்ந்நன்றி
கொன்றாரிற் குற்ற முடைத்து",இசையா ஒரு பொருள் இல் என்றல் யார்க்கும் வசை அன்று வையத்து இயற்கை நசை அழுங்க நின்று ஓடிப் பொய்த்தல் நிரை தொடீஇ செய் நன்றி கொன்றாரில் குற்றம் உடைத்து
"தக்காருந் தக்கவ ரல்லாருந் தந்நீர்மை
யெக்காலுங் குன்ற லிலராவர் அக்காரம்
யாவரே தின்னினுங் கையாதாங் கைக்குமாந்
தேவரே தின்னினும் வேம்பு",தக்காரும் தக்கவர் அல்லாரும் தம் நீர்மை எ காலும் குன்றல் இலர் ஆவர் அக்காரம் யாவர் ஏ தின்னினும் கையாதாம் கைக்குமாம் தேவர் ஏ தின்னினும் வேம்பு
"காலாடு போழ்திற் கழிகிளைஞர் வானத்து
மேலாடு மீனிற் பலராவர் ஏலா
விடரொருவ ருற்றக்கா லீர்ங்குன்ற நாட
தொடர்புடையே மென்பார் சிலர்",கால் ஆடு போழ்தில் கழி கிளைஞர் வானத்து மேல் ஆடு மீனில் பலர் ஆவர் ஏலா இடர் ஒருவர் உற்றக்கால் ஈர் குன்றம் நாட தொடர்புடையேம் என்பார் சிலர்
"வடுவிலா வையத்து மன்னிய மூன்றி
னடுவண தெய்த விருதலையு மெய்தும்
நடுவண தெய்தாதா னெய்து முலைப்பெய்து
தடுவது போலுந் துயர்",வடு இலா வையத்து மன்னிய மூன்றின் நடுவணது எய்த இரு தலையும் எய்தும் நடுவணது எய்தாதான் எய்தும் உலைப்பெய்து அடுவது போலும் துயர்
"நல்லாவின் கன்றாயி னாகும் விலைபெறூஉங்
கல்லாரே யாயினுஞ் செல்வர்வாய்ச் சொற்செல்லும்
புல்லீரப் போழ்தி னுழவேபோன் மீதாடிச்
செல்லாவா நல்கூர்ந்தார் சொல்",நல் ஆவின் கன்று ஆயின் நாகும் விலை பெறூஉம் கல்லாரை ஆயினும் செல்வர் வாய் சொல் செல்லும் புல் ஈரம் போழ்தின் உழவே போல் மீது ஆடி செல்லாவாம் நல்கூர்ந்தார் சொல்
"இடம்பட மெய்ஞ்ஞானங் கற்பினு மென்று
மடங்காதா ரென்று மடங்கார் தடங்கண்ணா
யுப்பொடு நெய்பா றயிர்காயம் பெய்தடினும்
கைப்பறா பேய்ச்சுரையின் காய்",இடம் பட மெய் ஞானம் கற்பினும் என்றும் அடங்காதார் என்றும் அடங்கார் தடம் கண்ணாய் உப்பொடு நெய் பால் தயிர் காயம் பெய்து அடினும் கைப்பு அறா பேய் சுரையின் காய்
"தம்மை யிகழ்வாரைத் தாமவரின் முன்னிகழ்க
வென்னை யவரொடு பட்டது புன்னை
விறற்பூங் கமழ்கானல் வீங்குநீர்ச் சேர்ப்ப
வுறற்பால யார்க்கு முறும்",தம்மை யிகழ்வாரைத் தாம் அவரின் முன் இகழ்க என்னை அவரொடு பட்டது புன்னை விறல் பூ கமழ் கானல் வீங்கு நீர் சேர்ப்ப உறல் பால யார்க்கும் உறும்
"ஆவே றுருவின வாயினு மாபயந்த
பால்வே றுருவின வல்லவாம் பால்போ
லொருதன்மைத் தாகு மறநெறி யாபோ
லுருவு பலகொள லீங்கு",ஆ வேறு உருவின ஆயினும் ஆ பயந்த பால் வேறு உருவின அல்லவாம் பால் போல் ஒரு தன்மைத்து ஆகும் அறம் நெறி ஆ போல் உருவு பல கொளல் ஈங்கு
"யாஅ ருலகத்தோர் சொல்லில்லார் தேருங்கால்
யாஅ ருபாயத்தின் வாழாதார் யாஅர்
ரிடையாக வின்னாத தெய்தாதார் யாஅர்
கடைபோகச் செல்வமுய்த் தார்",யாஅர் உலகத்தோர் சொல் இல்லார் தேரும் கால் யாஅர் உபாயத்தின் வாழாதார் யாஅர் இடையாக இன்னாதது எய்தாதார் யாஅர் கடை போக செல்வம் உய்த்தார்
"தாஞ்செய் வினையல்லாற் றம்மொடு செல்வதுமற்
றியாங்கணுந் தேரிற் பிறிதில்லை யாங்குத்தாம்
போற்றிப் புனைந்த வுடம்பும் பயனின்றே
கூற்றங்கொண் டோடும் பொழுது",தாம் செய் வினை அல்லால் தம்மொடு செல்வது மற்று யாங்கணும் தேரில் பிறிது இல்லை ஆங்குத் தாம் போற்றிப் புனைந்த உடம்பும் பயன் இன்றே கூற்றம் கொண்டு ஓடும் பொழுது
"துக்கத்துட் டூங்கித் துறவின்கட் சேர்கலா
மக்கட் பிணத்த சுடுகாடு தொக்க
விலங்கிற்கும் புள்ளிற்கும் காடே புலன்கெட்ட
புல்லறி வாளர் வயிறு",துக்கத்துள் தூங்கி துறவின் கண் சேர்கலா மக்கள் பிணத்த சுடுகாடு தொக்க விலங்கிற்கும் புள்ளிற்கும் காடே புலன் கெட்ட புல் அறிவாளர் வயிறு
"இரும்பார்க்குங் காலரா யேதிலார்க் காளாய்க்
கரும்பார் கழனியுட் சேர்வர் சுரும்பார்க்குங்
காட்டுளாய் வாழுஞ் சிவலுங் குறும்பூழுங்
கூட்டுளாய்க் கொண்டுவைப் பார்",இரும்பு ஆர்க்கும் காலர் ஆய் ஏதிலார்க்கு ஆள் ஆய் கரும்பு ஆர் கழனியுள் சேர்வர் சுரும்பு ஆர்க்கும் காட்டுள் ஆய் வாழும் சிவலும் குறும்பூழும் கூட்டுள் ஆய்க் கொண்டு வைப்பார்
"அக்கேபோ லங்கை யொழிய விரலழுகித்
துக்கத் தொழுநோ யெழுபவே யக்கால்
லலவனைக் காதலித்துக் கான்முரித்துத் தின்ற
பழவினை வந்தடைந்தக் கால்",அக்கே போல் அம் கை ஒழிய விரல் அழுகி துக்கம் தொழு நோய் எழுபவே அக்கால் அலவனை காதலித்து கால் முரித்து தின்ற பழ வினை வந்து அடைந்தக்கால்
"நெருப்பழற் சேர்ந்தக்கா னெய்போல் வதூஉம்
மெரிப்பச்சுட் டெவ்வநோ யாக்கும் பரப்பக்
கொடுவினைய ராகுவர் கோடாருங் கோடிக்
கடுவினைய ராகியார்ச் சார்ந்து",நெருப்பு அழல் சேர்ந்தக்கால் நெய் போல்வதூஉம் எரிப்ப சுட்டு எவ்வம் நோய் ஆக்கும் பரப்ப கொடு வினையர் ஆகுவர் கோடாரும் கோடி கடு வினையர் ஆகியார் சார்ந்து
"பெரியவர் கேண்மை பிறைபோல நாளும்
வரிசை வரிசையா நந்தும் வரிசையால்
வானூர் மதியம்போல் வைகலுந் தேயுமே
தானே சிறியார் தொடர்பு",பெரியவர் கேண்மை பிறை போல நாளும் வரிசை வரிசையா நந்தும் வரிசையால் வான் ஊர் மதியம் போல் வைகலும் தேயுமே தானே சிறியார் தொடர்பு
"சான்றோ ரெனமதித்துச் சார்ந்தாய்மற் சார்ந்தாய்க்குச்
சான்றாண்மை சார்ந்தார்க ணில்லாயிற் சார்ந்தோய்கேள்
சாந்தகத் துண்டென்று செப்புத் திறந்தொருவன்
பாம்பகத்துக் கண்ட துடைத்து",சான்றோர் என மதித்து சார்ந்தாய் மன் சார்ந்தாய்க்கு சான்றாண்மை சார்ந்தார் கண் இல் ஆயின் சார்ந்தோய் கேள் சாந்து அகத்து உண்டு என்று செப்பு திறந்து ஒருவன் பாம்பு அகத்து கண்டது உடைத்து
"யாஅ ரொருவ ரொருவர்த முள்ளத்தைத்
தேருந் துணைமை யுடையவர் சாரற்
கனமணி நின்றிமைக்கு நாடகேண் மக்கள்
மனம்வேறு செய்கையும் வேறு",யாஅர் ஒருவர் ஒருவர் தம் உள்ளத்தை தேரும் துணைமை உடையவர் சாரல் கனம் மணி நின்று இமைக்கும் நாட கேள் மக்கள் மனம் வேறு செய்கையும் வேறு
"உள்ளத்தா னள்ளா துறுதித் தொழிலராய்க்
கள்ளத்தா னட்டார் கழிகேண்மை தெள்ளிப்
புனற்செதும்பு நின்றலைக்கும் பூங்குன்ற நாட
மனத்துக்கண் மாசாய் விடும்",உள்ளத்தால் நள்ளாது உறுதி தொழிலராய் கள்ளத்தான் நட்டார் கழி கேண்மை தெள்ளி புனல் செதும்பு நின்று அலைக்கும் பூ குன்றம் நாட மனத்துக் கண் மாசு ஆய் விடும்
"ஓக்கிய வொள்வாடன் னொன்னார்கைப் பட்டக்கால்
லூக்க மழிப்பதூஉ மெய்யாகு மாக்க
மிருமையுஞ் சென்று சுடுதலா னல்ல
கருமமே கல்லார்கட் டீர்வு",ஓக்கிய ஒள் வாள் தன் ஒன்னார் கை பட்டக்கால் ஊக்கம் அழிப்பதூஉம் மெய் ஆகும் ஆக்கம் இருமையும் சென்று சுடுதலான் நல்ல கருமமே கல்லார் கண் தீர்வு
"மனைப்பாசங் கைவிடாய் மக்கட்கென் றேங்கி
யெனைத்தூழி வாழ்தியோ நெஞ்சே யெனைத்துஞ்
சிறுவரையே யாயினுஞ் செய்தநன் றல்லால்
லுறுபயனோ வில்லை யுயிர்க்கு",மனை பாசம் கை விடாய் மக்கட்கு என்று ஏங்கி எனைத்து ஊழி வாழ்தியோ நெஞ்சே எனைத்தும் சிறு வரையே ஆயினும் செய்த நன்று அல்லால் உறு பயனோ இல்லை உயிர்க்கு
"குஞ்சி யழகுங் கொடுந்தானைக் கோட்டழகு
மஞ்ச ளழகு மழகல்ல நெஞ்சத்து
நல்லம்யா மென்னு நடுவு நிலைமையாற்
கல்வி யழகே யழகு",குஞ்சி அழகும் கொடும் தானை கோட்டு அழகும் மஞ்சள் அழகும் அழகு அல்ல நெஞ்சத்து நல்லம் யாம் என்னும் நடுவு நிலைமையால் கல்வி அழகே அழகு
"இம்மை பயக்குமா லீயக் குறைவின்றால்
தம்மை விளக்குமாற் றாமுளராக் கேடின்றா
லெம்மை யுலகத்தும் யாங்காணேங் கல்விபோன்
மம்ம ரறுக்கு மருந்து",இம்மை பயக்குமால் ஈயக் குறைவு இன்றால் தம்மை விளக்குமால் தாம் உளராக் கேடு இன்றால் எம்மை உலகத்தும் யாம் காணேம் கல்வி போல் மம்மர் அறுக்கும் மருந்து
"களர்நிலத் துப்பிறந்த வுப்பினைச் சான்றோர்
விளைநிலத்து நெல்லின் விழுமிகாக் கொள்வர்
கடைநிலத் தோராயினுங் கற்றறிந் தோரைத்
தலைநிலத்து வைக்கப் படும்",களர் நிலத்துப் பிறந்த உப்பினைச் சான்றோர் விளை நிலத்து நெல்லின் விழுமிது ஆ கொள்வர் கடை நிலத்தோர் ஆயினும் கற்று அறிந்தோரைத் தலை நிலத்து வைக்கப் படும்
"வைப்புழிக் கோட்படா வாய்தீயிற் கேடில்லை
மிக்க சிறப்பி னரசர் செறின்வவ்வா
ரெச்ச மெனவொருவன் மக்கட்குச் செய்வன
விச்சைமற் றல்ல பிற",வைப்பு உழிக் கோள் படா வாய்த்து ஈயில் கேடு இல்லை மிக்க சிறப்பின் அரசர் செறின் வவ்வார் எச்சம் என ஒருவன் மக்கட்குச் செய்வன விச்சை மற்று அல்ல பிற
"கல்வி கரையில கற்பவர் நாள்சில
மெல்ல நினைக்கிற் பிணிபல தெள்ளிதி
னாராய்ந் தமைவுடைய கற்பவே நீரொழியப்
பாலுண் குருகிற் றெரிந்து",கல்வி கரை இல கற்பவர் நாள் சில மெல்ல நினைக்கில் பிணி பல தெள்ளிதின் ஆராய்ந்து அமைவு உடைய கற்பவே நீர் ஒழியப் பால் உண் குருகின் தெரிந்து
"தவலருந் தொல்கேள்வித் தன்மை யுடையா
ரிகலில ரெஃகுடையா தம்முட் குழீஇ
நகலி னினிதாயிற் காண்பா மகல்வானத்
தும்ப ருறைவார் பதி",தவல் அரு தொல் கேள்வி தன்மை உடையார் இகல் இலர் எஃகு உடையா தம் உள் குழீஇ நகல் இனிது ஆயின் காண்பாம் அகல் வானத்து உம்பர் உறைவார் பதி
"கனைகடற் றண்சேர்ப்ப கற்றறிந்தார் கேண்மை
நுனியிற் கரும்புதின் றற்றே நுனிநீக்கித்
தூரிற்றின் றன்ன தகைத்தரோ பண்பிலா
வீர மிலாளர் தொடர்பு",கனை கடல் தண் சேர்ப்ப கற்று அறிந்தார் கேண்மை நுனியில் கரும்பு தின்று அற்றே நுனி நீக்கித் தூரில் தின்று அன்ன தகைத்து அரோ பண்பு இலா ஈரம் இலாளர் தொடர்பு
"கல்லாரே யாயினுங் கற்றாரைச் சேர்ந்தொழுகி
னல்லறிவு நாளுந் தலைப்படுவர் தொல்சிறப்பி
னொண்ணிறப் பாதிரிப்பூச் சேர்தலாற் புத்தோடு
தண்ணீர்க்குத் தான்பயந் தாங்கு",கல்லாரே ஆயினும் கற்றாரைச் சேர்ந்து ஒழுகின் நல் அறிவு நாளும் தலைப்படுவர் தொல் சிறப்பின் ஒள் நிறம் பாதிரிப் பூ சேர்தலால் புத்தோடு தண்ணீர்க்குத் தான் பயந்து ஆங்கு
"அலகுசால் கற்பி னறிவுநூல் கல்லா
துலகநூ லோதுவ தெல்லாங் கலகல
கூஉந் துணையல்லாற் கொண்டு தடுமாற்றம்
போஒந் துணையறிவா ரில்",அலகு சால் கற்பின் அறிவு நூல் கல்லாது உலக நூல் ஓதுவது எல்லாம் கலகல கூஉம் துணை அல்லால் கொண்டு தடுமாற்றம் போஒம் துணை அறிவார் இல்
"உடுக்கை யுலறி யுடம்பழிந்தக் கண்ணுங்
குடிப்பிறப் பாளர்தங் கொள்கையிற் குன்றா
ரிடுக்கண் டலைவந்தக் கண்ணு மரிமா
கொடிப்புற் கறிக்குமோ மற்று",உடுக்கை உலறி உடம்பு அழிந்த கண்ணும் குடி பிறப்பு ஆளர் தம் கொள்கையில் குன்றார் இடுக்கண் தலைவந்தக் கண்ணும் அரிமா கொடிப் புல் கறிக்குமோ மற்று
"சான்றாண்மை சாய லொழுக்க மிவைமூன்றும்
வான்றோய் குடிப்பிறந்தோர்க் கல்லது வான்றோய்
மைதவழ் வெற்ப படாஅ பெருஞ்செல்வ
மெய்தியக் கண்ணும் பிறர்க்கு",சான்றாண்மை சாயல் ஒழுக்கம் இவை மூன்றும் வான் தோய் குடி பிறந்தார்க்கு அல்லது வான் தோய் மை தவழ் வெற்ப படாஅ பெரும் செல்வம் எய்தியக் கண்ணும் பிறர்க்கு
"இருக்கை யெழலு மெதிர்செலவு மேனை
விடுப்ப வொழிதலோ டின்ன குடிப்பிறந்தார்
குன்றா வொழுக்கமாக் கொண்டார் கயவரோ
டொன்றா வுணரற்பாற் றன்று",இருக்கை எழலும் எதிர் செலவும் ஏனை விடுப்ப ஒழிதலோடு இன்ன குடி பிறந்தார் குன்றா ஒழுக்கமா கொண்டார் கயவரோடு ஒன்றா உணரல் பாற்று அன்று
"நல்லவை செய்யி னியல்பாகுந் தீயவை
பல்லவர் தூற்றும் பழியாகு மெல்லா
முணருங் குடிப்பிறப்பி னூதிய மென்னோ
புணரு மொருவர்க் கெனின்",நல்லவை செய்யின் இயல்பு ஆகும் தீயவை பல்லவர் தூற்றும் பழி ஆகும் எல்லாம் உணரும் குடிப் பிறப்பின் ஊதியம் என்னோ புணரும் ஒருவர்க்கு எனின்
"கல்லாமை யச்சங் கயவர் தொழிலச்சஞ்
சொல்லாமை யுள்ளுமோர் சோர்வச்ச மெல்லா
மிரப்பார்க்கொன் றீயாமை யச்ச மரத்தாரம்
மாணாக் குடிப்பிறந் தார்",கல்லாமை அச்சம் கயவர் தொழில் அச்சம் சொல்லாமை உள்ளும் ஓர் சோர்வு அச்சம் எல்லாம் இரப்பார்க்கு ஒன்று ஈயாமை அச்சம் மரத்தார் அம் மாண் ஆ குடி பிறந்தார்
"இனநன்மை யின்சொலென் றீதன்மற் றேனை
மனநன்மை யென்றிவை யெல்லாங் கனமணி
முத்தோ டிமைக்கு முழங்குவரித் தண்சேர்ப்ப
விற்பிறந்தார் கண்ணே யுள",இனம் நன்மை இன் சொல் என்று ஈதல் மற்று ஏனை மனம் நன்மை என்று இவை எல்லாம் கனம் மணி முத்தோடு இமைக்கும் முழங்கு வரி தண் சேர்ப்ப இல் பிறந்தார் கண்ணே உள
"செய்கை யழிந்து சிதன்மண்டிற் றாயினும்
பெய்யா வொருசிறை பேரி லுடைத்தாகு
மெவ்வ முழந்தக் கடைத்துங் குடிப்பிறந்தார்
செய்வர் செயற்பா லவை",செய்கை அழிந்து சிதல் மண்டிற்று ஆயினும் பெய்யா ஒரு சிறை பேர் இல் உடைத்து ஆகும் எவ்வம் உழந்தக் கடைத்தும் குடி பிறந்தார் செய்வர் செயல் பால் அவை
"ஒருபுடை பாம்பு கொளினு மொருபுடை
யங்கண்மா ஞாலம் விளக்குறூஉந் திங்கள்போற்
செல்லாமை செவ்வனேர் நிற்பினு மொப்புரவிற்
கொல்கார் குடிப்பிறந் தார்",ஒரு புடை பாம்பு கொளினும் ஒரு புடை அம் கண் மா ஞாலம் விளக்கு உறூஉம் திங்கள் போல் செல்லாமை செவ்வன் நேர் நிற்பினும் ஒப்புரவிற்கு ஒல்கார் குடி பிறந்தார்
"செல்லா விடத்துங் குடிப்பிறந்தார் செய்வன
செல்லிடத்துஞ் செய்யார் சிறியவர் புல்வாய்
பருமம் பொறுப்பினும் பாய்பரி மாபோற்
பொருமுர ணாற்றுத லின்று",செல்லா இடத்தும் குடி பிறந்தார் செய்வன செல் இடத்தும் செய்யார் சிறியவர் புல்வாய் பருமம் பொறுப்பினும் பாய் பரி மா போல் பொரு முரண் ஆற்றுதல் இன்று
"எற்றொன்று மில்லா விடத்துங் குடிப்பிறந்தா
ரற்றுத்தற் சேர்ந்தார்க் கசைவிடத் தூற்றாவ
ரற்றக் கடைத்து மகல்யா றகழ்ந்தக்கால்
தெற்றெனத் தெண்ணீர் படும்",எற்று ஒன்றும் இல்லா இடத்தும் குடி பிறந்தார் அற்று தன் சேர்ந்தார்க்கு அசைவு இடத்து ஊற்று ஆவர் அற்ற கடைத்தும் அகல் யாறு அகழ்ந்தக்கால் தெற்று என தெள் நீர் படும்
"அங்கண் விசும்பி னகனிலா பாரிக்குந்
திங்களுஞ் சான்றோரும் ஒப்பர்மற் றிங்கண்
மறுவாற்றுஞ் சான்றோரஃ தாற்றார் தெருமந்து
தேய்வ ரொருமா சுறின்",அம் கண் விசும்பின் அகல் நிலா பாரிக்கும் திங்களும் சான்றோரும் ஒப்பர் மன் திங்கள் மறு ஆற்றும் சான்றோர் அஃது ஆற்றார் தெருமந்து தேய்வர் ஒரு மாசு உறின்
"இசையு மெனினு மிசையா தெனினும்
வசைதீர எண்ணுவர் சான்றோர் விசையி
னரிமா வுரங்கிழித்த வம்பினிற் றீதோ
வரிமாப் பிழைப்பெய்த கோல்",இசையும் எனினும் இசையாது எனினும் வசை தீர எண்ணுவர் சான்றோர் விசையின் நரி மா உரம் கிழித்த அம்பினில் தீதோ அரிமா பிழைப்பு எய்த கோல்
"நரம்பெழுந்து நல்கூர்ந்தா ராயினுஞ் சான்றோர்
குரம்பெழுந்து குற்றங்கொண் டேறா ருரங்கவறா
வுள்ளமெனு நாரினாற் கட்டி யுளவரையாற்
செய்வர் செயற்பா லவை",நரம்பு எழுந்து நல் கூர்ந்தார் ஆயினும் சான்றோர் குரம்பு எழுந்து குற்றம் கொண்டு ஏறார் உரம் கவறு ஆ உள்ளம் எனும் நாரினால் கட்டி உள வரையால் செய்வர் செயல் பால் அவை
"செல்வுழிக் கண்ணொருநாட் காணினுஞ் சான்றவர்
தொல்வழிக் கேண்மையிற் றோன்றப் புரிந்தியாப்பர்
நல்லவரை நாட சிலநா ளடிப்படிற்
கல்வரையு முண்டா நெறி",செல்வுழிக் கண் ஒரு நாள் காணினும் சான்றவர் தொல் வழி கேண்மையில் தோன்ற புரிந்து யாப்பர் நல்ல வரை நாட சில நாள் அடி படில் கல் வரையும் உண்டாம் நெறி
"புல்லா வெழுத்திற் பொருளில் வறுங்கோட்டி
கல்லா வொருவ னுரைப்பவுங் கண்ணோடி
நல்லார் வருந்தியுங் கேட்பரே மற்றவன்
பல்லாரு ணாணல் பரிந்து",புல்லா எழுத்தில் பொருள் இல் வறும் கோட்டி கல்லா ஒருவன் உரைப்பவும் கண் ஓடி நல்லார் வருந்தியும் கேட்பர் மற்று அவன் பல்லாருள் நாணல் பரிந்து
"கடித்துக் கரும்பினை கண்டகர நூறி
யிடித்துநீர் கொள்ளினு மின்சுவைத்தே யாரும்
வடுப்பட வைதிறந்தக் கண்ணுங் குடிப்பிறந்தார்
கூறார்தம் வாயிற் சிதைந்து",கடித்து கரும்பினை கண் தகர நூறி இடித்து நீர் கொள்ளினும் இன் சுவைத்தே யாரும் வடு பட வைது இறந்த கண்ணும் குடி பிறந்தார் கூறார் தம் வாயில் சிதைந்து
"கள்ளார்கள் ளுண்ணார் கடிவ கடிந்தொரீஇ
யெள்ளிப் பிறரை யிகழ்ந்துரையார் தள்ளியும்
வாயிற்பொய் கூறார் வடுவறு காட்சியார்
சாயிற் பரிவ திலர்",கள்ளார் கள் உண்ணார் கடிவ கடிந்து ஒரீஇ எள்ளி பிறரை இகழ்ந்து உரையார் தள்ளியும் வாயில் பொய் கூறார் வடு அறு காட்சியவர் சாயில் பரிவது இலர்
"பிறர்மறை யின்கட் செவிடாய்த் திறனறிந்
தேதில ரிற்கட் குருடனாய்த் தீய
புறங்கூற்றின் மூங்கையாய் நிற்பானேல் யாது
மறங்கூற வேண்டா வவற்கு",பிறர் மறையின் கண் செவிடு ஆய் திறன் அறிந்து ஏதிலர் இல் கண் குருடனாய் தீய புறம் கூற்றின் மூங்கையாய் நிற்பானேல் யாதும் அறம் கூற வேண்டா அவற்கு
"பன்னாளுஞ் சென்றக்காற் பண்பிலார் தம்முழை
யென்னானும் வேண்டுப வென்றிகழ்ப யென்னானும்
வேண்டினு நன்றுமற் றென்று விழுமியோர்
காண்டொறுஞ் செய்வர் சிறப்பு",பல் நாளும் சென்றக்கால் பண்பு இலார் தம் உழை என் ஆனும் வேண்டுப என்று இகழ்ப என் ஆனும் வேண்டினும் நன்று மற்று என்று விழுமியோர் காண் தொறும் செய்வர் சிறப்பு
"உடையா ரிவரென் றொருதலையாப் பற்றிக்
கடையாயார் பின்சென்று வாழ்வ ருடைய
பிலந்தலைப் பட்டது போலாதே நல்ல
குலந்தலைப் பட்ட விடத்து",உடையார் இவர் என்று ஒரு தலையா பற்றி கடையாயார் பின் சென்று வாழ்வர் உடைய பிலம் தலை பட்டது போலாதே நல்ல குலம் தலை பட்ட இடத்து
"பொறுப்பரென் றெண்ணிப் புரைதீர்ந்தார் மாட்டும்
வெறுப்பன செய்யாமை வேண்டும் வெறுத்தபின்
னார்க்கு மருவி யணிமலை நன்னாட
பேர்க்குதல் யார்க்கு மரிது",பொறுப்பர் என்று எண்ணிப் புரை தீர்ந்தார் மாட்டும் வெறுப்பன செய்யாமை வேண்டும் வெறுத்த பின் ஆர்க்கும் அருவி அணி மலை நல் நாட பேர்க்குதல் யார்க்கும் அரிது
"பொன்னே கொடுத்தும் புணர்தற் கரியாரைக்
கொன்னே தலைக்கூடப் பெற்றிருந்து மன்னோ
பயனில் பொழுதாக் கழிப்பரே நல்ல
நயமி லறிவி னவர்",பொன்னே கொடுத்தும் புணர்தற்கு அரியாரைக் கொன்னே தலைக்கூடப் பெற்று இருந்தும் அன்னோ பயன் இல் பொழுதாக் கழிப்பரே நல்ல நயம் இல் அறிவினவர்
"அவமதிப்பு மான்ற மதிப்பு மிரண்டு
மிகைமக்க ளான்மதிக்கற் பால நயமுணராக்
கையறியா மாக்க ளிழிப்பு மெடுத்தேத்தும்
வையார் வடித்தநூ லார்",அவ மதிப்பும் ஆன்ற மதிப்பும் இரண்டும் மிகை மக்களால் மதிக்கல் பால நயம் உணராக் கை அறியா மாக்கள் இழிப்பும் எடுத்து ஏத்தும் வையார் வடித்த நூலார்
"விரிநிற நாகம் விடருள தேனும்
முருமின் கடுஞ்சினஞ் சேணின்று முட்கும்
மருமை யுடைய வரண்சேர்ந்து முய்யார்
பெருமை யுடையார் செறின்",விரி நிறம் நாகம் விடர் உளதேனும் உருமின் கடும் சினம் சேண் நின்றும் உட்கும் அருமை உடைய அரண் சேர்ந்தும் உய்யார் பெருமை உடையார் செறின்
"எம்மை யறிந்திலி ரெம்போல்வா ரில்லென்று
தம்மைத்தாங் கொள்வது கோளன்று தம்மை
யரியரா நோக்கி யறனறியுஞ் சான்றோர்
பெரியராக் கொள்வது கோள்",எம்மை அறிந்திலிர் எம் போல்வார் இல் என்று தம்மைத் தாம் கொள்வது கோள் அன்று தம்மை அரியர் ஆ நோக்கி அறன் அறியும் சான்றோர் பெரியர் ஆக் கொள்வது கோள்
"நளிகடற் றண்சேர்ப்ப நாணிழற் போல
விளியுஞ் சிறியவர் கேண்மை விளிவின்றி
யல்கு நிழற்போ லகன்றகன் றோடுமே
தொல்புக ழாளர் தொடர்பு",நளி கடல் தண் சேர்ப்ப நாள் நிழல் போல விளியும் சிறியவர் கேண்மை விளிவு இன்றி அல்கு நிழல் போல் அகன்று அகன்று ஓடுமே தொல் புகழ் ஆளர் தொடர்பு
"மன்னர் திருவு மகளி ரெழினலமும்
துன்னியார் துய்ப்பர் தகல்வேண்டா துன்னிக்
குழைகொண்டு தாழ்ந்த குளிர்மர மெல்லாம்
முழைதங்கட் சென்றார்க் கொருங்கு",மன்னர் திருவும் மகளிர் எழில் நலமும் துன்னியார் துயப்பர் தகல் வேண்டா துன்னி குழை கொண்டு தாழ்ந்த குளிர் மரம் எல்லாம் உழை தங்கண் சென்றார்க்கு ஒருங்கு
"தெரியத் தெரியுந் தெரிவிலார் கண்ணும்
பிரியப் பெரும்படர்நோய் செய்யும் பெரிய
வுலவா விருங்கழிச் சேர்ப்பயார் மாட்டுங்
கலவாமை கோடி யுறும்",தெரிய தெரியும் தெரிவு இலார் கண்ணும் பிரிய பெரும் படர் நோய் செய்யும் பெரிய உலவா இரும் கழி சேர்ப்ப யார்மாட்டும் கலவாமை கோடி உறும்
"கல்லாது போகிய நாளும் பெரியவர்கட்
செல்லாது வைகிய வைகலு மொல்வ
கொடாஅ தொழிந்த பகலு முரைப்பிற்
படாஅவாம் பண்புடையார் கண்",கல்லாது போகிய நாளும் பெரியவர்கண் செல்லாது வைகிய வைகலும் ஒல்வ கொடாது ஒழிந்த பகலும் உரைப்பில் படா ஆம் பண்பு உடையார் கண்
"பெரியார் பெருமை சிறுதகைமை யொன்றிற்
குரியா ருரிமை யடக்கந் தெரியுங்காற்
செல்வ முடையாருஞ் செல்வரே தற்சேர்ந்தார்
அல்லல் களைப வெனின்",பெரியார் பெருமை சிறுதகைமை ஒன்றிற்கு உரியார் உரிமை அடக்கம் தெரியும் கால் செல்வம் உடையாரும் செல்வரே தன் சேர்ந்தார் அல்லல் களைப எனின்
"அறியாப் பருவத் தடங்காரோ டொன்றி
நெறியல்ல செய்தொழுகி யவ்வு நெறியறிந்த
நற்சார்வு சாரக் கெடுமே வெயின்முறுகப்
புற்பனிப் பற்றுவிட் டாங்கு",அறியா பருவத்து அடங்காரோடு ஒன்றி நெறி அல்ல செய்து ஒழுகியவ்வும் நெறி அறிந்த நல் சார்வு சார கெடுமே புல் பனி பற்று விட்டு ஆங்கு
"அறிமி னறநெறி யஞ்சுமின் கூற்றம்
பொறுமின் பிறர்கடுஞ்சொற் போற்றுமின் வஞ்சம்
வெறுமின் வினைதீயார் கேண்மையெஞ் ஞான்றும்
பெறுமின் பெரியார்வாய்ச் சொல்",அறிமின் அற நெறி அஞ்சுமின் கூற்றம் பொறுமின் பிறர் கடு சொல் போற்றுமின் வஞ்சம் வெறுமின் வினை தீயார் கேண்மை எஞ்ஞான்றும் பெறுமின் பெரியார் வாய் சொல்
"அடைந்தார்ப் பிரிவு மரும்பிணியுங் கேடு
முடங்குடம்பு கொண்டார்க் குறலாற் றொடங்கிப்
பிறப்பின்னா தென்றுணரும் பேரறிவி னாரை
யுறப்புணர்க வம்மாவென் னெஞ்சு",அடைந்தார் பிரிவும் அரும் பிணியும் கேடும் உடங்கு உடம்பு கொண்டார்க்கு உறலால் தொடங்கி பிறப்பு இன்னாது என்று உணரும் பேர் அறிவினாரை உற புணர்க அம்மா என் நெஞ்சு
"இறப்ப நினையுங்கா லின்னா தெனினும்
பிறப்பினை யாரு முனியார் பிறப்பினுட்
பண்பாற்று நெஞ்சத் தவர்களோ டெஞ்ஞான்று
நண்பாற்றி நட்கப் பெறின்",இறப்ப நினையும்கால் இன்னாது எனினும் பிறப்பினை யாரும் முனியார் பிறப்பினுள் பண்பு ஆற்றும் நெஞ்சத்தவர்களோடு எஞ்ஞான்றும் நண்பு ஆற்றி நட்க பெறின்
"ஊரங் கணநீ ருரவுநீர்ச் சேர்ந்தக்காற்
பேரும் பிறிதாகித் தீர்த்தமா மோருங்
குலமாட்சி யில்லாருங் குன்றுபோ னிற்பர்
நலமாட்சி நல்லாரைச் சேர்ந்து",ஊர் அங்கண நீர் உரவு நீர் சேர்ந்தக்கால் பேரும் பிறிது ஆகி தீர்த்தம் ஆம் ஓரும் குலம் மாட்சி இல்லாரும் குன்று போல் நிற்பர் நலம் மாட்சி நல்லாரை சேர்ந்து
"ஒண்கதிர் வாண்மதியஞ் சேர்தலா லோங்கிய
வங்கண் விசும்பின் முயலுந் தொழப்படூஉங்
குன்றிய சீர்மைய ராயினுஞ் சீர்பெறுவர்
குன்றன்னார் கேண்மை கொளின்",ஒள் கதிர் வாள் மதியம் சேர்தலால் ஓங்கிய அங்கண் விசும்பின் முயலும் தொழப்படூஉம் குன்றிய சீர்மையர் ஆயினும் சீர் பெறுவர் குன்று அன்னார் கேண்மை கொளின்
"பாலோ டளாயநீர் பாலாகு மல்லது
நீராய் நிறந்தெரிந்து தோன்றாதாம் தேரிற்
சிறியார் சிறுமையுந் தோன்றாதா நல்ல
பெரியார் பெருமையைச் சார்ந்து",பாலோடு அளாய நீர் பால் ஆகும் அல்லது நீர் ஆய் நிறம் தெரிந்து தோன்றாதாம் தேரில் சிறியார் சிறுமையும் தோன்றாதாம் நல்ல பெரியார் பெருமையை சார்ந்து
"கொல்லை யிரும்புனத்துக் குற்றி யடைந்தபுல்
ஒல்காவே யாகு முழவ ருழுபடைக்கு
மெல்லியரே யாயினு நற்சார்வு சார்ந்தார்மேற்
செல்லாவாஞ் செற்றார் சினம்",கொல்லை இரு புனத்து குற்றி அடைந்த புல் ஒல்காவே ஆகும் உழுவர் உழு படைக்கு மெல்லியரே ஆயினும் நல் சார்வு சார்ந்தார் மேல் செல்லாவாம் செற்றார் சினம்
"நிலநலத்தா னந்திய நெல்லேபோற் றத்தங்
குலநலத்தா லாகுவர் சான்றோர் கலநலத்தை
தீவளி சென்று சிதைத்தாங்குச் சான்றாண்மை
தீயினஞ் சேரக் கெடும்",நிலம் நலத்தான் நந்திய நெல்லே போல் தம் தம் குலம் நலத்தால் ஆகுவர் சான்றோர் கலம் நலத்தை தீ வளி சென்று சிதைத்து ஆங்கு சான்றாண்மை தீ இனம் சேர கெடும்
"மனத்தான் மறுவில ரேனுந்தாஞ் சேர்ந்த
வினத்தா ழிகழப் படுவர் புனத்து
வெறிகமழ் சந்தனமும் வேங்கையும் வேமே
யெறிபுனந் தீப்பட்டக் கால்",மனத்தால் மறு இலர் ஏனும் தாம் சேர்ந்த இனத்தால் இகழப் படுவர் புனத்து வெறி கமழ் சந்தனமும் வேங்கையும் வேம் ஏ எறி புனம் தீ பட்டக்கால்
"ஈத லிசையா திளமைசே ணீங்குதலாற்
காத லவருங் கருத்தல்லர் காதலித்
தாதுநா மென்னு மவாவினைக் கைவிட்டுப்
போவதே போலும் பொருள்",ஈதல் இசையாது இளமை சேண் நீங்குதலால் காதலவரும் கருத்து அல்லர் காதலித்து ஆதும் நாம் என்னும் அவாவினை கைவிட்டு போவதே போலும் பொருள்
"இற்சார்வி னேமாந்தே மீங்கமைந்தே மென்றெண்ணிப்
பொச்சாந் தொழுகுவர் பேதையா ரச்சார்வு
நின்றன போன்று நிலையா வெனவுணர்ந்தா
ரென்றும் பரிவ திலர்",இல் சார்வின் ஏமாந்தேம் ஈங்கு அமைந்தேம் என்று எண்ணி பொச்சாந்து ஒழுகுவர் பேதையார் அ சார்வு நின்றன போன்று நிலையா என உணர்ந்தார் என்றும் பரிவது இலர்
"மறுமைக்கு வித்து மயலின்றிச் செய்து
சிறுமைப் படாதேநீர் வாழ்மின் அறிஞராய்
நின்றுழி நின்றே நிறம்வேறாங் காரண
மின்றிப் பலவு முள",மறுமைக்கு வித்து மயல் இன்றி செய்து சிறுமைப் படாதே நீர் வாழ்மின் அறிஞராய் நின்றுழி நின்றே நிறம் வேறாம் காரணம் இன்றி பலவும் உள
"உறைப்பருங் காலத்து மூற்றுநீர்க் கேணி
யிறைத்துணினு மூராற்று மென்பர் கொடைக்கடனுஞ்
சாஅயக் கண்ணும் பெரியோர்போன் மற்றையா
ராஅயக் கண்ணு மரிது",உறைப்பு அரு காலத்து ஊற்று நீர் கேணி இறைத்து உணினும் ஊர் ஆற்றும் என்பர் கொடை கடனும் சாயக் கண்ணும் பெரியோர் போல் மற்றையார் ஆயக் கண்ணும் அரிது
"உறுபுன றந்துல கூட்டி யறுமிடத்துங்
கல்லூற் றுழியூறு மாறேபோற் செல்வம்
பலர்க்காற்றிக் கெட்டுலந்தக் கண்ணுஞ் சிலர்க்காற்றிச்
செய்வர் செயற்பா லவை",உறு புனல் தந்து உலகு ஊட்டி அறும் இடத்தும் கல் ஊற்று உழி ஊறும் ஆறே போல் செல்வம் பலர்க்கு ஆற்றி கெட்டு உலந்த கண்ணும் சிலர்க்கு ஆற்றி செய்வர் செயற்பாலவை
"பெருவரை நாட பெரியார்கட் டீமை
கருநரைமேற் சூடேபோற் றோன்றுங் கருநரையை
கொன்றன்ன வின்னா செயினுஞ் சிறியார்மே
லொன்றானுந் தோன்றாக் கெடும்",பெரு வரை நாட பெரியார்கண் தீமை கரு நரை மேல் சூடே போல் தோன்றும் கரு நரையை கொன்று அன்ன இன்னா செயினும் சிறியார் மேல் ஒன்றானும் தோன்றா கெடும்
"இசைந்த சிறுமை யியல்பிலா தார்கட்
பசைந்த துணையும் பரிவா மசைந்த
நகையேயும் வேண்டாத நல்லறிவி னார்கட்
பகையேயும் பாடு பெறும்",இசைந்த சிறுமை இயல்பு இலாதார் கண் பசைந்த துணையும் பரிவு ஆம் அசைந்த நகையேயும் வேண்டாத நல் அறிவினார் கண் பகையேயும் பாடு பெறும்
"மெல்லிய நல்லாருண் மேன்மை யதுவிறந்
தொன்னாருட் கூற்றுட்கு முட்குடைமை யெல்லாஞ்
சலவருட் சாலச் சலமே நலவரு
ணன்மை வரம்பாய் விடல்",மெல் இயல் நல்லாருள் மேன்மை அது இறந்து ஒன்னார் உள் கூற்று உட்கும் உட்கு உடைமை எல்லாம் சலவருள் சால சலமே நலவருள் நன்மை வரம்பு ஆய் விடல்
"கடுக்கி யொருவன் கடுங்குறளை பேசி
மயக்கி விடினு மனப்பிரிப்பொன் றின்றித்
துளக்க மிலாதவர் தூய மனத்தார்
விளக்கினு ளொண்சுடரே போன்று",கடுக்கி ஒருவன் கடு குறளை பேசி மயக்கி விடினும் மனம் பிரிப்பு ஒன்று இன்றி துளக்கம் இலாதவர் தூய மனத்தார் விளக்கினுள் ஒள் சுடரே போன்று
"முற்றுத்துத்துந் துத்தினை நாளு மறஞ்செய்து
பிற்றுத்துத் துத்துவர் சான்றவர் அத்துத்து
முக்குற்ற நீக்கி முடியு மளவெல்லாந்
துக்கத்து ணீக்கி விடும்",முன் துத்தும் துத்தினை நாளும் அறம் செய்து பின் துத்து துத்துவர் சான்றவர் அ துத்து முக்குற்றம் நீக்கி முடியும் அளவு எல்லாம் துக்கத்துள் நீக்கி விடும்
"கோளாற்றக் கொள்ளாக் குளத்தின்கீழ்ப் பைங்கூழ்போற்
கேளீவ துண்டு கிளைகளோ துஞ்சுப
வாளாடு கூத்தியர் கண்போற் றடுமாறுந்
தாளாளர்க் குண்டோ தவறு",கோள் ஆற்ற கொள்ளா குளத்தின் கீழ் பைம் கூழ் போல் கேள் ஈவது உண்டு கிளைகளோ துஞ்சுப வாள் ஆடு கூத்தியர் கண் போல் தடுமாறும் தாளாளர்க்கு உண்டோ தவறு
"ஆடுகோ டாகி யதரிடை நின்றதூஉங்
காழ்கொண்ட கண்ணே களிறணைக்குங் கந்தாகும்
வாழ்தலு மன்ன தகைத்தே யொருவன்றான்
றாழ்வின்றித் தன்னைச் செயின்",ஆடு கோடு ஆகி அதர் இடை நின்றதூஉம் காழ் கொண்ட கண்ணே களிறு அணைக்கும் கந்து ஆகும் வாழ்தலும் அன்ன தகைத்தே ஒருவன் தான் தாழ்வு இன்றி தன்னை செயின்
"உறுபுலி யூனிரை யின்றி யொருநாட்
சிறுதேரை பற்றியுந் தின்னு மறிவினாற்
காற்றொழி லென்று கருதற்க கையினான்
மேற்றொழிலு மாங்கே மிகும்",உறு புலி ஊன் இரை இன்றி ஒரு நாள் சிறு தேரை பற்றியும் தின்னும் அறிவினால் கால் தொழில் என்று கருதற்க கையினால் மேல் தொழிலும் ஆங்கே மிகும்
"இசையா தெனினு மியற்றியோ ராற்றா
லசையாது நிற்பதா மாண்மை யிசையுங்காற்
கண்ட றிரையலைக்குங் கானலந் தண்சேர்ப்ப
பெண்டிரும் வாழாரோ மற்று",இசையாது எனினும் இயற்றி ஓர் ஆற்றால் அசையாது நிற்பதாம் ஆண்மை இசையும் கால் கண்டல் திரை அலைக்கும் கானலம் தண் சேர்ப்ப பெண்டிரும் வாழாரோ மற்று
"நல்ல குலமென்றுந் தீய குலமென்றுஞ்
சொல்லள வல்லாற் பொருளில்லைத் தொல்சிறப்பி
னொண்பொரு ளொன்றோ தவங்கல்வி யாள்வினை
யென்றிவற்றா னாகுங் குலம்",நல்ல குலம் என்றும் தீய குலம் என்றும் சொல் அளவால் பொருள் இல்லை தொல் சிறப்பின் ஒண் பொருள் ஒன்றோ தவம் கல்வி ஆள்வினை என்று இவற்றான் ஆகும் குலம்
"ஆற்றுந் துணையு மறிவினை யுள்ளடக்கி
யூக்க முரையா ருணர்வுடையார் ஊக்க
முறுப்பினா லாராயு மொண்மை யுடையார்
குறிப்பின்கீழ்ப் பட்ட துலகு",ஆற்றுஉம் துணையும் அறிவினை உள் அடக்கி ஊக்கம் உரையார் உணர்வு உடையார் ஊக்கம் உறுப்பினால் ஆராயும் ஒண்மை உடையார் குறிப்பின் கீழ் பட்டது உலகு
"சிதலை தினப்பட்ட வால மரத்தை
மதலையாய் மற்றதன் வீழூன்றி யாங்குக்
தலைமை தந்தைகட் டோன்றிற்றான் பெற்ற
புதல்வன் மறைப்பக் கெடும்",சிதலை தினப்பட்ட ஆல மரத்தை மதலையாய் மற்று அதன் வீழ் ஊன்றியாங்கு தலைமை தந்தைகண் தோன்றின் தான் பெற்ற புதல்வன் மறைப்ப கெடும்
"ஈனமா யில்லிருந் தின்றி விளியினு
மானந் தலைவருவ செய்பவோ யானை
வரிமுகம் புண்படுக்கும் வள்ளுகிர் நோன்றா
ளரிமா மதுகை யவர்",ஈனம் ஆய் இல் இருந்து விளியினும் மானம் தலைவருவ செய்பவோ யானை வரிமுகம் புண்படுக்கும் வள் உகிர் நோன் தாள் அரிமா மதுகையவர்
"தீங்கரும் பீன்ற திரள்கா லுளையலரி
தேங்கமழ் நாற்ற மிழந்தாஅங் கோங்கு
முயர்குடி யுட்பிறப்பி னென்னாம் பெயர்பொறிக்கும்
பேராண்மை யில்லாக் கடை",தீம் கரும்பு னீன்ற திரள் கால் உளை அலரி தேன் கமழ் நாற்றம் இழந்து ஆஅங்கு ஓங்கும் உயர் குடியுள் பிறப்பின் என் ஆம் பெயர் பொறிக்கும் பேர் ஆண்மை இல்லா கடை
"பெருமுத் தரையர் பெரிதுவந் தீயுங்
கருனைச்சோ றார்வர் கயவர் கருனையைப்
பேரு மறியார் நனிவிரும்பு தாளாண்மை
நீரு மமிழ்தாய் விடும்",பெரும் முத்தரையர் பெரிது உவந்து ஈயும் கருனை சோறு ஆர்வர் கயவர் கருனையை பேரும் அறியார் நனி விரும்பு தாளாண்மை நீரும் அமிழ்தாய் விடும்
"குன்ற மெறிந்தாய் குரைகடலிற் சூர்தடிந்தாய்
புன்றலைய பூதப் படையாய் என்றும்
இளையா யழகியா யேறூர்ந்தா னேறே
உளையா யென்னுள்ளத் துறை",குன்றம் எறிந்தாய் குரைகடலில் சூர் தடிந்தாய் புன் தலைய பூதப் பொரு படையாய் என்றும் இளையாய் அழகியாய் ஏறு ஊர்ந்தான் ஏறே உளையாய் என் உள்ளத்து உறை
"குன்ற மெறிந்ததுவுங் குன்றப்போர் செய்ததுவும்
அன்றங் கமரரிடர் தீர்த்ததுவும் இன்றென்னைக்
கைவிடா நிம்றதுவுங் கற்பொதும்பிற் காத்ததுவும்
மெய்விடா வீரன்கை வேல்",குன்றம் எறிந்ததுவும் குன்றப் போர் செய்ததுவும் அன்று அங்கு அமரர் இடர் தீர்த்ததுவும் இன்று என்னைக் கைவிடா நின்றதுவும் கற்பொதும்பில் காத்ததுவும் மெய் விடா வீரன் கை வேல்
"வீரவேல் தாரைவேல் விண்ணோர் சிறைமீட்ட
தீரவேல் செவ்வேள் திருக்கைவேல் வாரி
குளித்தவேல் கொற்றவேல் சூர்மார்புங் குன்றும்
துளைத்தவேல் உண்டே துணை",வீர வேல் தாரை வேல் விண்ணோர் சிறை மீட்ட தீர வேல் செவ்வேள் திருக் கை வேல் வாரி குளித்த வேல் கொற்ற வேல் சூர் மார்பும் குன்றும் துளைத்த வேல் உண்டே துணை
"இன்ன மொருகா லெனதிடும்பைக் குன்றுக்கும்
கொன்னவில்வேற் சூர்தடிந்த கொற்றவா முன்னம்
பனிவேய் நெடுங்குன்றம் பட்டுருவத் தொட்ட
தனிவேலை வாங்கத் தகும்",இன்னம் ஒரு கால் எனது இடும்பைக் குன்றுக்கும் கொல் நவில் வேல் சூர் தடிந்த கொற்றவா முன்னம் பனி வேய் நெடுங் குன்றம் பட்டு உருவத் தொட்ட தனி வேலை வாங்கத் தகும்
"உன்னை யொழிய வொருவரையு நம்புகிலேன்
பின்னை யொருவரையான் பின்செல்லேன் பன்னிருகைக்
கோலப்பா வானோர் கொடியவினை தீர்த்தருளும்
வேலப்பா செந்திவாழ் வே",உன்னை ஒழிய ஒருவரையும் நம்புகிலேன் பின்னை ஒருவரை யான் பின்செல்லேன் பன்னிரு கைக் கோலப்பா வானோர் கொடிய வினை தீர்த்தருளும் வேலப்பா செந்தி வாழ்வே
"அஞ்சு முகந்தோன்றி னாறு முகந்தோன்றும்
வெஞ்சமரி லஞ்சலென வேறோன்றும் நெஞ்சில்
ஒருகா னினைக்கி னிருகாலுந் தோன்றும்
முருகாவென் றோதுவார் முன்",அஞ்சும் முகம் தோன்றின் ஆறுமுகம் தோன்றும் வெஞ் சமரில் அஞ்சல் என வேல் தோன்றும் நெஞ்சில் ஒரு கால் நினைக்கின் இரு காலும் தோன்றும் முருகா என்று ஓதுவார் முன்
"முருகனே செந்தி முதல்வனே மாயோன்
மருகனே யீசன் மகனே ஒருகைமுகன்
தம்பியே நின்னுடைய தண்டைக்கா லெப்பொழுதும்
நம்பியே கைதொழுவே னான்",முருகனே செந்தி முதல்வனே மாயோன் மருகனே ஈசன் மகனே ஒரு கை முகன் தம்பியே நின்னுடைய தண்டைக் கால் எப்பொழுதும் நம்பியே கைதொழுவேன் நான்
"காக்கக் கடவியநீ காவா திருந்தக்கால்
ஆர்க்குப் பரமா மறுமுகவா பூக்கும்
கடம்பா முருகா கதிர்வேலா நல்ல
இடங்கா ணிரங்கா யினி",காக்கக் கடவிய நீ காவாது இருந்தக்கால் ஆர்க்குப் பரம் ஆம் அறுமுகவா பூக்கும் கடம்பா முருகா கதிர் வேலா நல்ல இடம்காண் இரங்காய் இனி
"பரங்குன்றிற் பன்னிருகைக் கோமான்றன் பாதம்
கரங்கூப்பிக் கண்குளிரக் கண்டு சுருங்காமல்
ஆசையா னெஞ்சே யணிமுருகாற் றுப்படையைப்
பூசையாக் கொண்டே புகல்",பரங்குன்றில் பன்னிரு கைக் கோமான்தன் பாதம் கரம் கூப்பி கண் குளிரக் கண்டு சுருங்காமல் ஆசையால் நெஞ்சே அணி முருகு ஆற்றுப்படையைப் பூசையாக் கொண்டே புகல்
"நக்கீரர் தாமுரைத்த நன்முருகாற் றுப்படையைத்
தற்கோல நாடோறுஞ் சாற்றினால் முற்கோல
மாமுருகன் வந்து மனக்கவலை தீர்த்தருளித்
தானினைத்த வெல்லாந் தரும்",நக்கீரர் தாம் உரைத்த நல் முருகு ஆற்றுப்படையை தற்கோல நாள்தோறும் சாற்றினால் முன் கோல மா முருகன் வந்து மனக் கவலை தீர்த்தருளி தான் நினைத்த எல்லாம் தரும்
"ஏரியு மேற்றத் தினானும் பிறர்நாட்டு
வாரி சுரக்கும் வளனெல்லாந் தேரின்
அரிகாலின் கீழுகூஉ மந்நெல்லே சாலுங்
கரிகாலன் காவிரிசூழ் நாடு",ஏரியும் ஏற்றத் தினானும் பிறர் நாட்டு வாரி சுரக்கும் வளன் எல்லாம் தேரின் அரிகாலின் கீழ் கூஉம் அந் நெல்லே சாலும் கரிகாலன் காவிரி சூழ் நாடு
"அரிமா சுமந்த வமளிமே லானைத்
திருமா வளவனெனத் தேறேன் திருமார்பின்
மானமா லென்றே தொழுதேன் றொழுதகைப்
போனவா பெய்த வளை",அரிமா சுமந்த அமளி மேலானைத் திருமாவளவன் எனத் தேறேன் திரு மார்பின் மான மால் என்றே தொழுதேன் தொழுத கைப் போனவா பெய்த வளை
"முச்சக் கரமு மளப்பதற்கு நீட்டியகால்
இச்சக் கரமே யளந்ததாற் செய்ச்செய்
அரிகான்மேற் றேன்றொடுக்கு மாய்புனனீர் நாடன்
கரிகாலன் கானெருப் புற்று",முச் சக்கரமும் அளப்பதற்கு நீட்டிய கால் இச் சக்கரமே அளந்ததால் செய்ச் செய் அரிகால்மேல் தேன் தொடுக்கும் ஆய் புனல் நீர்நாடன் கரிகாலன் கால் நெருப்பு உற்று
"அணியிழையார்க் காரணங் காகிமற் றந்நோய்
தணிமருந்துந் தாமேயா மென்ப மணிமிடைபூ
ணிம்மென் முழவி னெயிற்பட் டினநாடன்
செம்மல் சிலைபொருத தோள்",அணி இழையார்க்கு ஆர் அணங்கு ஆகி மற்று அந் நோய் தணி மருந்தும் தாமே ஆம் என்ப மணி மிடை பூண் இம்மென் முழவின் எயிற்பட்டின நாடன் செம்மல் சிலை பொருத தோள்
"நெடுவரைச் சந்தன நெஞ்சங் குளிர்ப்பப்
படுமடும் பாம்பேர் மருங்கு லிடுகொடி
யோடிய மார்ப னுயர்நல் லியக்கோடன்
சூடிய கண்ணி சுடும்",நெடு வரைச் சந்தனம் நெஞ்சம் குளிர்ப்பப் படும் அடும் பாம்பு ஏர் மருங்குல் இடு கொடி ஓடிய மார்பன் உயர் நல்லியக்கோடன் சூடிய கண்ணி சுடும்
"தூஉத் தீம்புகை தொல்விசும்பு போர்த்ததுகொல்
பாஅஅய்ப் பகைல்செய்வான் பாம்பின்வாய்ப் பட்டான்கொல்
மாஅ மிசையான் னன்ன னறுநுதலார்
மாஅமை யெல்லாம் பசப்பு",தூஉத் தீம் புகை தொல் விசும்பு போர்த்ததுகொல் பாஅய்ப் பகல் செய்வான் பாம்பின்வாய்ப் பட்டான்கொல் மாஅ மிசையான் கோன் நன்னன் நறு நுதலார் மாஅமை எல்லாம் பசப்பு
"பைங்க ணிளம்பகட்டின் மேலானைப் பான்மதிபோல்
திங்க ணெடுங்குடையின் கீழானை அங்கிரந்து
நாம்வேண்ட நன்னெஞ்சே நாடுதிபோய் நானிலத்தோர்
தாம்வேண்டுங் கூடற் றமிழ்",பைங் கண் இளம் பகட்டின் மேலானை பால் மதி போல் திங்கள் நெடுங் குடையின் கீழானை அங்கு இரந்து நாம் வேண்ட நல் நெஞ்சே நாடுதி போய் நானிலத்தோர் தாம் வேண்டும் கூடல் தமிழ்
"சொல்லென்னும் பூம்போது தோற்றிப் பொருளென்னும்
நல்லிருந் தீந்தாது நாறுதலால் மல்லிகையின்
வண்டார் கமழ்தாம மன்றே மலையாத
தண்டாரான் கூடற் றமிழ்",சொல் என்னும் பூம் போது தோற்றி பொருள் என்னும் நல் இருந் தீம் தாது நாறுதலால் மல்லிகையின் வண்டு ஆர் கமழ் தாமம் அன்றேமலையாத தண் தாரான் கூடல் தமிழ்
"நின்குற்ற மில்லை நிரைதொடியும் பண்புடையள்
என்குற்றம் யானு முணர்கலேன் பொன்குற்
றருவி கொழிக்கு மணிமலை நாடன்
தெரியுங்காற் றீய திலன்",நின் குற்றம் இல்லை நிரை தொடியும் பண்பு உடையள் என் குற்றம் யானும் உணர்கலேன் பொன் குற்று அருவி கொழிக்கும் அணி மலை நாடன் தெரியுங்கால் தீயது இலன்
"ஆற்றல்சால் கேள்வி யறம்பொரு ளின்பத்தைப்
போற்றிப் புனைந்த பொருளிற்றே தேற்ற
மறையோர் மணமெட்டி னைந்தா மணத்திற்
குறையாக் குறிஞ்சிக் குணம்",ஆற்றல் சால் கேள்வி அறம் பொருள் இன்பத்தைப் போற்றிப் புனைந்த பொருளிற்றே தேற்ற மறையோர் மணம் எட்டின் ஐந்தாம் மணத்தின் குறையாக் குறிஞ்சிக் குணம்
"முச்சக் கரமு மளப்பதற்கு நீட்டியகால்
இச்சக் கரமே யளந்ததாற் செய்ச்செய்
அரிகான்மேற் றேன்றொடுக்கு மாய்புனனீர் நாடன்
கரிகாலன் கானெருப் புற்று",முச் சக்கரமும் அளப்பதற்கு நீட்டிய கால் இச் சக்கரமே அளந்ததால் செய்ச் செய் அரிகால்மேல் தேன் தொடுக்கும் ஆய் புனல் நீர்நாடன் கரிகாலன் கால் நெருப்பு உற்று
"வண்டடைந்த கண்ணி வளராய்ச்சி வாணெடுங்கண்
சென்றடைந்த நோக்க மினிப்பெறுவ தென்றுகொல்
கன்றெடுத் தோச்சிக் கனிவிளவின் காயுகுத்துக்
குன்றெடுத்து நின்ற நிலை",வண்டு அடைந்த கண்ணி வளர் ஆய்ச்சி வால் நெடுங் கண் சென்று அடைந்த நோக்கம் இனிப் பெறுவது என்றுகொல் கன்று எடுத்து ஓச்சி கனி விளவின் காய் உகுத்து குன்று எடுத்து நின்ற நிலை
"புனையும் பொலம்படைப் பொங்குளைமான் றிண்டேர்
துனையுந் துனைபடைத் துன்னார் முனையுள்
அடன்முகந்த தானை யவர்வாரா முன்னம்
கடன்முகந்து வந்தன்று கார்",புனையும் பொலம் படைப் பொங்கு உளை மான் திண் தேர் துனையும் துனைபடைத் துன்னார் முனையுள் அடல் முகந்த தானை அவர் வாராமுன்னம் கடல் முகந்து வந்தன்று கார்
"வாடை நலிய வடிக்கண்ணா டோணசைஇ
ஓடை மழகளிற்றா னுள்ளான்கொல் கோடல்
முகையோ டலமர முற்றெரிபோற் பொங்கிப்
பகையோடு பாசறையு ளான்",வாடை நலிய வடிக் கண்ணாள் தோள் நசைஇ ஓடை மழ களிற்றான் உள்ளான்கொல் கோடல் முகையோடு அலமர முற்று எரி போல் பொங்கி பகையோடு பாசறை உளான்
"அகர முதல வெழுத்தெல்லா மாதி
பகவன் முதற்றே யுலகு",அகர முதல எழுத்து எல்லாம் ஆதி பகவன் முதற்றே உலகு
"கற்றதனா லாய பயனென்கொல் வாலறிவ
னற்றா டொழா ரெனின்",கற்றதனால் ஆய பயன் என்கொல் வால் அறிவன் நல் தாள் தொழாஅர் எனின்
"மலர்மிசை யேகினான் மாணடி சேர்ந்தார்
நிலமிசை நீடுவாழ் வார்",மலர் மிசை ஏகினான் மாண் அடி சேர்ந்தார் நிலம் மிசை நீடு வாழ்வார்
"வேண்டுதல்வேண் டாமை யிலானடி சேர்ந்தார்க்
கியாண்டு மிடும்பை யில",வேண்டுதல் வேண்டாமை இலான் அடி சேர்ந்தார்க்கு யாண்டும் இடும்பை இல
"இருள்சே ரிருவினையுஞ் சேரா விறைவன்
பொருள்சேர் புகழ்புரிந்தார் மாட்டு",இருள் சேர் இரு வினையும் சேரா இறைவன் பொருள் சேர் புகழ் புரிந்தார் மாட்டு
"பொறிவாயி லைந்தவித்தான் பொய்தீ ரொழுக்க
நெறிநின்றார் நீடுவாழ் வார்",பொறிவாயில் ஐந்து அவித்தான் பொய்தீர் ஒழுக்கம் நெறி நின்றார் நீடு வாழ்வார்
"தனக்குவமை யில்லாதான் றாள்சேர்ந்தார்க் கல்லான்
மனக்கவலை மாற்ற லரிது",தனக்கு உவமை இல்லாதான் தாள் சேர்ந்தார்க்கு அல்லால் மனம் கவலை மாற்றல் அரிது
"அறவாழி யந்தணன் றாள்சேர்ந்தார்க் கல்லாற்
பிறவாழி நீந்த லரிது",அறம் ஆழி அந்தணன் தாள் சேர்ந்தார்க்கு அல்லால் பிற ஆழி நீந்தல் அரிது
"கோளில் பொறியிற் குணமிலவே யெண்குணத்தான்
றாளை வணங்காத் தலை",கோள் இல் பொறியின் குணம் இலவே எண் குணத்தான் தாளை வணங்காத் தலை
"பிறவிப் பெருங்கட னீந்துவர் நீந்தா
ரிறைவ னடிசேரா தார்",பிறவிப் பெரும் கடல் நீந்துவர் நீந்தார் இறைவன் அடி சேராதார்
"வானின் றுலகம் வழங்கி வருதலாற்
றானமிழ்த மென்றுணரற் பாற்று",வான் நின்று உலகம் வழங்கி வருதலால் தான் அமிழ்தம் என்று உணரற் பாற்று
"துப்பார்க்குத் துப்பாய துப்பாக்கித் துப்பார்க்குத்
துப்பாய தூஉம் மழை",துப்பார்க்குத் துப்பு ஆய துப்பு ஆக்கித் துப்பார்க்குத் துப்பு ஆயதூஉம் மழை
"விண்ணின்று பொய்ப்பின் விரிநீர் வியனுலகத்
துண்ணின் றுடற்றும் பசி",விண் இன்று பொய்ப்பின் விரி நீர் வியன் உலகத்து உள் நின்று உடற்றும் பசி
"ஏரி னுழாஅ ருழவர் புயலென்னும்
வாரி வளங்குன்றிக் கால்",ஏரின் உழாஅர் உழவர் புயல் என்னும் வாரி வளம் குன்றிக்கால்
"கெடுப்பதூஉங் கெட்டார்க்குச் சார்வாய்மற் றாங்கே
யெடுப்பதூஉ மெல்லாம் மழை",கெடுப்பதூஉம் கெட்டார்க்குச் சார்வாய் மற்று ஆங்கே எடுப்பதூஉம் எல்லாம் மழை
"விசும்பிற் றுளிவீழி னல்லான்மற் றாங்கே
பசும்புற் றலைகாண்பு அரிது",விசும்பின் துளி வீழின் அல்லால் மற்று ஆங்கே பசும் புல் தலை காண்பு அரிது
"நெடுங்கடலுந் தன்னீர்மை குன்றுந் தடிந்தெழிலி
தானல்கா தாகி விடின்",நெடுங் கடலும் தன் நீர்மை குன்றும் தடிந்து எழிலி தான் நல்காது ஆகி விடின்
"சிறப்பொடு பூசனை செல்லாது வானம்
வறக்குமேல் வானோர்க்கும் ஈண்டு",சிறப்பொடு பூசனை செல்லாது வானம் வறக்குமேல் வானோர்க்கும் ஈண்டு
"தானந் தவமிரண்டுந் தங்கா வியனுலகம்
வானம் வழங்கா தெனின்",தானம் தவம் இரண்டும் தங்கா வியன் உலகம் வானம் வழங்காது எனின்
"நீரின் றமையா துலகெனின் யார்யார்க்கும்
வானின் றமையா தொழுக்கு",நீர் இன்று அமையாது உலகு எனின் யார் யார்க்கும் வான் இன்று அமையாது ஒழுக்கு
"ஒழுக்கத்து நீத்தார் பெருமை விழுப்பத்து
வேண்டும் பனுவற் துணிவு",ஒழுக்கத்து நீத்தார் பெருமை விழுப்பத்து வேண்டும் பனுவல் துணிவு
"துறந்தார் பெருமை துணைக்கூறின் வையத்
திறந்தாரை யெண்ணிக்கொண் டற்று",துறந்தார் பெருமை துணைக் கூறின் வையத்து இறந்தாரை எண்ணிக் கொண்டற்று
"இருமை வகைதெரிந் தீண்டறம் பூண்டார்
பெருமை பிறங்கிற் றுலகு",இருமை வகை தெரிந்து ஈண்டு அறம் பூண்டார் பெருமை பிறங்கிற்று உலகு
"உரனென்னுந் தோட்டியா னோரைந்துங் காப்பான்
வரனென்னும் வைப்பிற்கோர் வித்து",உரன் என்னும் தோட்டியான் ஓர் ஐந்தும் காப்பான் வரன் என்னும் வைப்பிற்கு ஓர் வித்து
"ஐந்தவித்தா னாற்ற லகல்விசும்பு ளார்கோமா
னிந்திரனே சாலுங் கரி",ஐந்து அவித்தான் ஆற்றல் அகல் விசும்பு உளார் கோமான் இந்திரனே சாலும் கரி
"செயற்கரிய செய்வார் பெரியர் சிறியர்
செயற்கரிய செய்கலா தார்",செயற்கு அரிய செய்வார் பெரியர் சிறியர் செயற்கு அரிய செய்கலாதார்
"சுவையொளி யூறோசை நாற்றமென் றைந்தின்
வகைதெரிவான் கட்டே யுலகு",சுவை ஒளி ஊறு ஓசை நாற்றம் என்று ஐந்தின் வகை தெரிவான் கட்டே உலகு
"நிறைமொழி மாந்தர் பெருமை நிலத்து
மறைமொழி காட்டி விடும்",நிறை மொழி மாந்தர் பெருமை நிலத்து மறை மொழி காட்டி விடும்
"குணமென்னுங் குன்றேறி நின்றார் வெகுளி
கணமேயுங் காத்த லரிது",குணம் என்னும் குன்று ஏறி நின்றார் வெகுளி கணமேயும் காத்தல் அரிது
"அந்தண ரென்போ ரறவோர்மற் றெவ்வுயிர்க்குஞ்
செந்தண்மை பூண்டொழுக லான்",அந்தணர் என்போர் அறவோர் மற்று எவ்வுயிர்க்கும் செந்தண்மை பூண்டு ஒழுகலான்
"சிறப்பீனுஞ் செல்வமு மீனு மறத்தினூஉங்
காக்க மெவனோ வுயிர்க்கு",சிறப்பு ஈனும் செல்வமும் ஈனும் அறத்தின் ஊங்கு ஆக்கம் எவனோ உயிர்க்கு
"அறத்தினூஉங் காக்க முமில்லை யதனை
மறத்திலி னூங்கில்லை கேடு",அறத்தின் ஊஉங்கு ஆக்கமும் இல்லை அதனை மறத்தலின் ஊங்கு இல்லை கேடு
"ஒல்லும் வகையா னறவினை யோவாதே
செல்லும்வா யெல்லாஞ் செயல்",ஒல்லும் வகையான் அறவினை ஓவாதே செல்லும் வாய் எல்லாம் செயல்
"மனத்துக்கண் மாசில னாத லனைத்தற
னாகுல நீர பிற",மனத்துக் கண் மாசு இலன் ஆதல் அனைத்து அறன் ஆகுல நீர பிற
"அழுக்கா றவாவெகுளி யின்னாச்சொன் னான்கு
மிழுக்கா வியன்ற தறம்",அழுக்காறு அவா வெகுளி இன்னாச் சொல் நான்கும் இழுக்கா இயன்றது அறம்
"அன்றறிவா மென்னா தறஞ்செய்க மற்றது
பொன்றுங்காற் பொன்றாத் துணை",அன்று அறிவாம் என்னாது அறம் செய்க மற்று அது பொன்றும் கால் பொன்றாத் துணை
"அறத்தா றிதுவென வேண்டா சிவிகை
பொறுத்தானோ டூர்ந்தா னிடை",அறத்து ஆறு இது என வேண்டா சிவிகை பொறுத்தானோடு ஊர்ந்தான் இடை
"வீழ்நாள் படாஅமை நன்றாற்றி னஃதொருவன்
வாழ்நாள் வழியடைக்குங் கல்",வீழ் நாள் படாஅமை நன்று ஆற்றின் அஃது ஒருவன் வாழ்நாள் வழி அடைக்கும் கல்
"அறத்தான் வருவதே யின்பமற் றெல்லாம்
புறத்த புகழு மில",அறத்தான் வருவதே இன்பம் மற்று எல்லாம் புறத்த புகழும் இல
"செயற்பால தோரு மறனே யொருவற்
குயற்பால தோரும் பழி",செயற்பாலது ஓரும் அறன் ஏ ஒருவற்கு உயற்பாலது ஓரும் பழி
"இல்வாழ்வா னென்பா னியல்புடைய மூவர்க்கு
நல்லாற்றி னின்ற துணை",இல் வாழ்வான் என்பான் இயல்பு உடைய மூவர்க்கும் நல் ஆற்றின் நின்ற துணை
"துறந்தார்க்குந் துவ்வா தவர்க்கு மிறந்தார்க்கு
மில்வாழ்வா னென்பான் றுணை",துறந்தார்க்கும் துவ்வாதவர்க்கும் இறந்தார்க்கும் இல் வாழ்வான் என்பான் துணை
"தென்புலத்தார் தெய்வம் விருந்தொக்க றானென்றாங்
கைம்புலத்தா றோம்ப றலை",தென் புலத்தார் தெய்வம் விருந்து ஒக்கல் தான் என்று ஆங்கு ஐம் புலத்து ஆறு ஓம்பல் தலை
"பழியஞ்சிப் பாத்தூ ணுடைத்தாயின் வாழ்க்கை
வழியெஞ்ச லெஞ்ஞான்று மில்",பழி அஞ்சிப் பாத்து ஊண் உடைத்து ஆயின் வாழ்க்கை வழி எஞ்சல் எஞ்ஞான்றும் இல்
"அன்பு மறனு முடைத்தாயி னில்வாழ்க்கை
பண்பும் பயனு மது",அன்பும் அறனும் உடைத்து ஆயின் இல் வாழ்க்கை பண்பும் பயனும் அது
"அறத்தாற்றி னில்வாழ்க்கை யாற்றிற் புறத்தாற்றிற்
போஒய்ப் பெறுவ தெவன்",அறத்து ஆற்றின் இல் வாழ்க்கை ஆற்றின் புறத்து ஆற்றில் போஓய்ப் பெறுவது எவன்
"இயல்பினா னில்வாழ்க்கை வாழ்பவ னென்பான்
முயல்வா ருளெல்லாந் தலை",இயல்பினான் இல் வாழ்க்கை வாழ்பவன் என்பான் முயல்வாருள் எல்லாம் தலை
"ஆற்றி னொழுக்கி யறனிழுக்கா வில்வாழ்க்கை
நோற்பாரி னோன்மை யுடைத்து",ஆற்றின் ஒழுக்கி அறன் இழுக்கா இல் வாழ்க்கை நோற்பாரின் நோன்மை உடைத்து
"அறனெனப் பட்டதே யில்வாழ்க்கை யஃதும்
பிறன்பழிப்ப தில்லாயி னன்று",அறன் எனப்பட்டதே இல் வாழ்க்கை அஃதும் பிறன் பழிப்பது இல்லாயின் நன்று
"வையத்துள் வாழ்வாங்கு வாழ்பவன் வானுறையுந்
தெய்வத்துள் வைக்கப் படும்",வையத்துள் வாழ்வாங்கு வாழ்பவன் வான் உறையும் தெய்வத்துள் வைக்கப் படும்
"மனைத்தக்க மாண்புடைய ளாகித்தற் கொண்டான்
வளத்தக்காள் வாழ்க்கைத் துணை",மனைத் தக்க மாண்பு உடையள் ஆகித் தன் கொண்டான் வளம் தக்காள் வாழ்க்கைத் துணை
"மனைமாட்சி யில்லாள்க ணில்லாயின் வாழ்க்கை
யெனைமாட்சித் தாயினு மில்",மனை மாட்சி இல்லாள் கண் இல் ஆயின் வாழ்க்கை எனை மாட்சித்து ஆயினும் இல்
"இல்லதெ னில்லவண் மாண்பானா லுள்ளதெ
னில்லவண் மாணாக் கடை",இல்லது என் இல்லவள் மாண்பு ஆனால் உள்ளது என் இல்லவள் மாணாக் கடை
"பெண்ணிற் பெருந்தக்க யாவுள கற்பென்னும்
திண்மையுண் டாகப் பெறின்",பெண்ணின் பெருந்தக்க யா உள கற்பு என்னும் திண்மை உண்டாகப் பெறின்
"தெய்வந் தொழாஅள் கொழுநற் றொழுதெழுவாள்
பெய்யெனப் பெய்யு மழை",தெய்வம் தொழாஅள் கொழுநன் தொழுது எழுவாள் பெய் எனப் பெய்யும் மழை
"தற்காத்துத் தற்கொண்டாற் பேணித் தகைசான்ற
சொற்காத்துச் சோர்விலாள் பெண்",தன் காத்து தன் கொண்டான் பேணித் தகை சான்ற சொல் காத்துச் சோர்வு இலாள் பெண்
"சிறைகாக்குங் காப்பெவன் செய்யு மகளிர்
நிறைகாக்குங் காப்பே தலை",சிறை காக்கும் காப்பு எவன் செய்யும் மகளிர் நிறை காக்கும் காப்புஏ தலை
"பெற்றாற் பெறிற்பெறுவர் பெண்டிர் பெருஞ்சிறப்புப்
புத்தேளிர் வாழு முலகு",பெற்றாற் பெறின் பெறுவர் பெண்டிர் பெரும் சிறப்பு புத்தேளிர் வாழும் உலகு
"புகழ்புரிந் தில்லிலோர்க் கில்லை யிகழ்வார்மு
னேறுபோற் பீடு நடை",புகழ் புரிந்த இல் இல்லோர்க்கு இல்லை இகழ்வார் முன் ஏறு போல் பீடு நடை
"மங்கல மென்ப மனைமாட்சி மற்றத
னன்கல னன்மக்கட் பேறு",மங்கலம் என்ப மனை மாட்சி மற்று அதன் நன் கலம் நன் மக்கள் பேறு
"பெறுமவற்றுள் யாமறிவ தில்லை யறிவறிந்த
மக்கட்பே றல்ல பிற",பெறும் அவற்றுள் யாம் அறிவது இல்லை அறிவு அறிந்த மக்கள் பேறு அல்ல பிற
"எழுபிறப்புந் தீயவை தீண்டா பழிபிறங்காப்
பண்புடை மக்கட் பெறின்",எழு பிறப்பும் தீயவை தீண்டா பழி பிறங்கா பண்பு உடை மக்கள் பெறின்
"தம்பொரு ளென்பதம் மக்க ளவர்பொரு
டந்தம் வினையான் வரும்",தம் பொருள் என்ப தம் மக்கள் அவர் பொருள் தம் தம் வினையான் வரும்
"அமிழ்தினு மாற்ற வினிதேதம் மக்கள்
சிறுகை யளாவிய கூழ்",அமிழ்தினும் ஆற்ற இனிதே தம் மக்கள் சிறு கை அளாவிய கூழ்
"மக்கண்மெய் தீண்ட லுடற்கின்ப மற்றவர்
சொற்கேட்ட லின்பஞ் செவிக்கு",மக்கள் மெய் தீண்டல் உடற்கு இன்பம் மற்று அவர் சொல் கேட்டல் இன்பம் செவிக்கு
"குழலினிதி யாழினி தென்பதம் மக்கள்
மழலைச்சொற் கேளா தவர்",குழல் இனிது யாழ் இனிது என்ப தம் மக்கள் மழலைச் சொல் கேளாதவர்
"தந்தை மகற்காற்று நன்றி யவையத்து
முந்தி யிருப்பச் செயல்",தந்தை மகற்கு ஆற்றும் நன்றி அவையத்து முந்தி இருப்பச் செயல்
"தம்மிற்றம் மக்க ளறிவுடைமை மாநிலத்து
மன்னுயிர்க் கெல்லா மினிது",தம்மின் தம் மக்கள் அறிவு உடைமை மா நிலத்து மன் உயிர்க்கு எல்லாம் இனிது
"ஈன்ற பொழுதிற் பெரிதுவக்குந் தன்மகனைச்
சான்றோ னெனக்கேட்ட தாய்",ஈன்ற பொழுதின் பெரிது உவக்கும் தன் மகனைச் சான்றோன் எனக் கேட்ட தாய்
"மகன்றந்தைக் காற்று முதவி யிவன்றந்தை
யென்னோற்றான் கொல்லெனுஞ் சொல்",மகன் தந்தைக்கு ஆற்றும் உதவி இவன் தந்தை என் நோற்றான் கொல் எனும் சொல்
"அன்பிற்கு முண்டோ வடைக்குந்தா ழார்வலர்
புன்கணீர் பூசல் தரும்",அன்பிற்கும் உண்டுஓ அடைக்கும் தாழ் ஆர்வலர் புல் கண் நீர் பூசல் தரும்
"அன்பிலா ரெல்லாந் தமக்குரிய ரன்புடையா
ரென்பு முரியர் பிறர்க்கு",அன்பு இலார் எல்லாம் தமக்கு உரியர் அன்பு உடையார் என்பும் உரியர் பிறர்க்கு
"அன்போ டியைந்த வழக்கென்ப வாருயிர்க்
கென்போ டியைந்த தொடர்பு",அன்போடு இயைந்த வழக்கு என்ப ஆர் உயிர்க்கு என்போடு இயைந்த தொடர்பு
"அன்புற் றமர்ந்த வழக்கென்ப வையகத்
தின்புற்றா ரெய்துஞ் சிறப்பு",அன்பு உற்று அமர்ந்த வழக்கு என்ப வையகத்து இன்பு உற்றார் எய்தும் சிறப்பு
"அறத்திற்கே யன்புசார் பென்ப வறியார்
மறத்திற்கு மஃதே துணை",அறத்திற்குஏ அன்பு சார்பு என்ப அறியார் மறத்திற்கும் அஃதுஏ துணை
"என்பி லதனை வெயில்போலக் காயுமே
அன்பி லதனை யறம்",என்பு இலதனை வெயில் போலக் காயுமே அன்பு இலதனை அறம்
"அன்பகத் தில்லா வுயிர்வாழ்க்கை வன்பாற்கண்
வற்றன் மரந்தளிர்த் தற்று",அன்பு அகத்து இல்லா உயிர் வாழ்க்கை வன் பால் கண் வற்றல் மரம் தளிர்த்து அற்று
"புறத்துறுப் பெல்லா மெவன்செய்யும் யாக்கை
யகத்துறுப் பன்பி லவர்க்கு",புறத்து உறுப்பு எல்லாம் எவன் செய்யும் யாக்கை அகத்து உறுப்பு அன்பு இலவர்க்கு
"அன்பின் வழிய துயிர்நிலை யஃதிலார்க்
கென்புதோல் போர்த்த வுடம்பு",அன்பின் வழியது உயிர் நிலை அஃது இலார்க்கு என்பு தோல் போர்த்த உடம்பு
"இருந்தோம்பி யில்வாழ்வ தெல்லாம் விருந்தோம்பி
வேளாண்மை செய்தற் பொருட்டு",இருந்து ஓம்பி இல் வாழ்வது எல்லாம் விருந்து ஓம்பி வேளாண்மை செய்தல் பொருட்டு
"விருந்து புறத்ததாத் தானுண்டல் சாவா
மருந்தெனினும் வேண்டற்பாற் றன்று",விருந்து புறத்ததாத் தான் உண்டல் சாவா மருந்து எனினும் வேண்டற்பாற்று அன்று
"வருவிருந்து வைகலு மோம்புவான் வாழ்க்கை
பருவந்து பாழ்படுத லின்று",வரு விருந்து வைகலும் ஓம்புவான் வாழ்க்கை பருவந்து பாழ்படுதல் இன்று
"அகனமர்ந்து செய்யா ளுறையு முகனமர்ந்து
நல்விருந் தோம்புவா னில்",அகனமர்ந்து செய்யாள் உறையும் முகனமர்ந்து நல்விருந்து ஓம்புவான் இல்
"வித்து மிடல்வேண்டுங் கொல்லோ விருந்தோம்பி
மிச்சில் மிசைவான் புலம்",வித்தும் இடல் வேண்டும் கொல்லோ விருந்து ஓம்பி மிச்சில் மிசைவான் புலம்
"செல்விருந் தோம்பி வருவிருந்து பார்த்திருப்பா
னல்விருந்து வானத் தவர்க்கு",செல்விருந்து ஓம்பி வருவிருந்து பார்த்திருப்பான் நல்விருந்து வானத்து அவர்க்கு
"இனைத்துணைத் தென்பதொன் றில்லை விருந்தின்
றுணைத்துணை வேள்விப் பயன்",இனைத்துணைத்து என்பது ஒன்று இல்லை விருந்தின் துணைத்துணை வேள்விப் பயன்
"பரிந்தோம்பிப் பற்றற்றே மென்பர் விருந்தோம்பி
வேள்வி தலைப்படா தார்",பரிந்து ஓம்பிப் பற்று அற்றேம் என்பர் விருந்து ஓம்பி வேள்வி தலைப்படாதார்
"உடைமையு ளின்மை விருந்தோம்ப லோம்பா
மடமை மடவார்க ணுண்டு",உடைமையுள் இன்மை விருந்தோம்பல் ஓம்பா மடமை மடவார்கண் உண்டு
"மோப்பக் குழையு மனிச்ச முகந்திரிந்து
நோக்கக் குழையும் விருந்து",மோப்பக் குழையும் அனிச்சம் முகம் திரிந்து நோக்கக் குழையும் விருந்து
"இன்சொலா லீர மளைஇப் படிறிலவாஞ்
செம்பொருள் கண்டார்வாய்ச் சொல்",இன்சொலால் ஈரம் அளைஇப் படிறு இலவாம் செம்பொருள் கண்டார் வாய்ச் சொல்
"அகனமர்ந் தீதலி னன்றே முகனமர்ந்
தின்சொல னாகப் பெறின்",அகன் அமர்ந்து ஈதலின் நன்றே முகன் அமர்ந்து இன்சொலன் ஆகப் பெறின்
"முகத்தா னமர்ந்தினிது நோக்கி யகத்தானா
மின்சொ லினதே யறம்",முகத்தான் அமர்ந்து இனிது நோக்கி அகத்தான் ஆம் இன்சொலினதே அறம்
"துன்புறூஉந் துவ்வாமை யில்லாகும் யார்மாட்டு
மின்புறூஉ மின்சொ லவர்க்கு",துன்புறூஉம் துவ்வாமை இல்லாகும் யார்மாட்டும் இன்புறூஉம் இன்சொ லவர்க்கு
"பணிவுடைய னின்சொல னாத லொருவற்
கணியல்ல மற்றுப் பிற",பணிவு உடையன் இன்சொலன் ஆதல் ஒருவற்கு அணி அல்ல மற்றுப் பிற
"அல்லவை தேய வறம்பெருகு நல்லவை
நாடி யினிய சொலின்",அல்லவை தேய அறம் பெருகும் நல்லவை நாடி இனிய சொலின்
"நயனீன்று நன்றி பயக்கும் பயனீன்று
பண்பிற் றலைப்பிரியாச் சொல்",நயன் ஈன்று நன்றி பயக்கும் பயன் ஈன்று பண்பின் தலைப்பிரியாச் சொல்
"சிறுமையு ணீங்கிய வின்சொல் மறுமையு
மிம்மையு மின்பந் தரும்",சிறுமையுள் நீங்கிய இன்சொல் மறுமையும் இம்மையும் இன்பம் தரும்
"இன்சொ லினிதீன்றல் காண்பா னெவன்கொலோ
வன்சொல் வழங்கு வது",இன்சொல் இனிது ஈன்றல் காண்பான் எவன் கொலோ வன்சொல் வழங்கு வது
"இனிய வுளவாக வின்னாத கூறல்
கனியிருப்பக் காய்கவர்ந் தற்று",இனிய உளவாக இன்னாத கூறல் கனி இருப்பக் காய் கவர்ந்தற்று
"செய்யாமற் செய்த உதவிக்கு வையகமும்
வானகமு மாற்ற லரிது",செய்யாமல் செய்த உதவிக்கு வையகமும் வானகமும் ஆற்றல் அரிது
"காலத்தி னாற்செய்த நன்றி சிறிதெனினு
ஞாலத்தின் மாணப் பெரிது",காலத்தினால் செய்த நன்றி சிறிது எனினும் ஞாலத்தின் மாணப் பெரிது
"பயன்றூக்கார் செய்த வுதவி நயன்றூக்கி
னன்மை கடலிற் பெரிது",பயன் தூக்கார் செய்த உதவி நயன் தூக்கின் நன்மை கடலில் பெரிது
"தினைத்துணை நன்றி செயினும் பனைத்துணையாக்
கொள்வர் பயன்றெரி வார்",தினை துணை நன்றி செயினும் பனை துணையா கொள்வர் பயன் தெரிவார்
"உதவி வரைத்தன் றுதவி யுதவி
செயப்பட்டார் சால்பின் வரைத்து",உதவி வரைத்து அன்று உதவி உதவி செயப்பட்டார் சால்பின் வரைத்து
"மறவற்க மாசற்றார் கேண்மை துறவற்க
துன்பத்துட் டுப்பாயார் நட்பு",மறவற்க மாசு அற்றார் கேண்மை துறவற்க துன்பத்துள் துப்பாயார் நட்பு
"எழுமை யெழுபிறப்பு முள்ளுவர் தங்கண்
விழுமந் துடைத்தவர் நட்பு",எழுமை எழு பிறப்பும் உள்ளுவர் தம் கண் விழுமம் துடைத்தவர் நட்பு
"நன்றி மறப்பது நன்றன்று நன்றல்ல
தன்றே மறப்பது நன்று",நன்றி மறப்பது நன்று அன்று நன்று அல்லது அன்றே மறப்பது நன்று
"கொன்றன்ன வின்னா செயினு மவர்செய்த
வொன்றுநன் றுள்ளக் கெடும்",கொன்று அன்ன இன்னா செயினும் அவர் செய்த ஒன்று நன்று உள்ள கெடும்
"எந்நன்றி கொன்றார்க்கு முய்வுண்டா முய்வில்லை
செய்ந்நன்றி கொன்ற மகற்கு",எந்நன்றி கொன்றார்க்கும் உய்வு உண்டாம் உய்வு இல்லை செய்ந்நன்றி கொன்ற மகற்கு
"தகுதி யெனவொன்று நன்றே பகுதியாற்
பாற்பட் டொழுகப் பெறின்",தகுதி என ஒன்று நன்றே பகுதியான் பால் பட்டு ஒழுக பெறின்
"செப்ப முடையவ னாக்கஞ் சிதைவின்றி
யெச்சத்திற் கேமாப் புடைத்து",செப்பம் உடையவன் ஆக்கம் சிதைவு இன்றி எச்சத்திற்கு ஏமாப்பு உடைத்து
"நன்றே தரினு நடுவிகந்தா மாக்கத்தை
யன்றே யொழிய விடல்",நன்றே தரினும் நடுவு இகந்து ஆம் ஆக்கத்தை அன்றே ஒழிய விடல்
"தக்கார் தகவில ரென்ப தவரவ
ரெச்சத்தாற் காணப் படும்",தக்கார் தகவு இலர் என்பது அவர்அவர் எச்சத்தால் காணப்படும்
"கேடும் பெருக்கமு மில்லல்ல நெஞ்சத்துக்
கோடாமை சான்றோர்க் கணி",கேடும் பெருக்கமும் இல் அல்ல நெஞ்சத்துக் கோடாமை சான்றோர்க்கு அணி
"கெடுவல்யா னென்ப தறிகதன் னெஞ்ச
நடுவொரீஇ யல்ல செயின்",கெடுவல் யான் என்பது அறிக தன் நெஞ்சம் நடுவு ஒரீஇ அல்ல செயின்
"கெடுவாக வையா துலக நடுவாக
நன்றிக்கட் டங்கியான் றாழ்வு",கெடுவாக வையாது உலகம் நடுவாக நன்றிக்கண் தங்கியான் தாழ்வு
"சமன்செய்து சீர்தூக்குங் கோல்போ லமைந்தொருபாற்
கோடாமை சான்றோர்க் கணி",சமன் செய்து சீர் தூக்கும் கோல்போல் அமைந்து ஒருபால் கோடாமை சான்றோர்க்கு அணி
"சொற்கோட்ட மில்லது செப்ப மொருதலையா
வுட்கோட்ட மின்மை பெறின்",சொல் கோட்டம் இல்லது செப்பம் ஒருதலையா உள் கோட்டம் இன்மை பெறின்
"வாணிகஞ் செய்வார்க்கு வாணிகம் பேணிப்
பிறவுந் தமபோற் செயின்",வாணிகம் செய்வார்க்கு வாணிகம் பேணிப் பிறவும் தம போல் செயின்
"அடக்க மமரரு ளுய்க்கு மடங்காமை
யாரிரு ளுய்த்து விடும்",அடக்கம் அமரருள் உய்க்கும் அடங்காமை ஆர் இருள் உய்த்துவிடும்
"காக்க பொருளா வடக்கத்தை யாக்க
மதனினூஉங் கில்லை யுயிர்க்கு",காக்க பொருளா அடக்கத்தை ஆக்கம் அதனின் ஊஉங்கு இல்லை உயிர்க்கு
"செறிவறிந்து சீர்மை பயக்கு மறிவறிந்
தாற்றி னடங்கப் பெறின்",செறிவு அறிந்து சீர்மை பயக்கும் அறிவு அறிந்து ஆற்றின் அடங்கப் பெறின்
"நிலையிற் றிரியாது அடங்கியான றோற்ற
மலையினு மாணப் பெரிது",நிலையின் திரியாது அடங்கியான் தோற்றம் மலையினும் மாணப் பெரிது
"எல்லார்க்கு நன்றாம் பணித லவருள்ளுஞ்
செல்வர்க்கே செல்வந் தகைத்து",எல்லார்க்கும் நன்றாம் பணிதல் அவருள்ளும் செல்வர்க்கே செல்வம் தகைத்து
"ஒருமையு ளாமைபோ லைந்தடக்க லாற்றி
னெழுமையு மேமாப் புடைத்து",ஒருமையுள் ஆமை போல் ஐந்து அடக்கல் ஆற்றின் எழுமையும் ஏமாப்பு உடைத்து
"யாகாவா ராயினும் நாகாக்க காவாக்கால்
சோகாப்பர் சொல்லிழுக்குப் பட்டு",யாகாவா ராயினும் நா காகக காவாக்கால் சோகாப்பர் சொல் இழுக்குப் பட்டு
"ஒன்றானுந் தீச்சொற் பொருட்பய னுண்டாயி
னன்றாகா தாகி விடும்",ஒன்றானும் தீ சொல் பொருள் பயன் உண்டாயின் நன்று ஆகாதாகி விடும்
"தீயினாற் சுட்டபுண் ணுள்ளாறு மாறாதே
நாவினாற் சுட்ட வடு",தீயினால் சுட்ட புண் உள் ஆறும் ஆறாதே நாவினால் சுட்ட வடு
"கதங்காத்துக் கற்றடங்க லாற்றுவான் செவ்வி
யறம்பார்க்கு மாற்றி னுழைந்து",கதம் காத்து கற்று அடங்கல் ஆற்றுவான் செவ்வி அறம் பார்க்கும் ஆற்றின் நுழைந்து
"ஒழுக்கம் விழுப்பம் தரலான் ஒழுக்கம்
உயிரினும் ஓம்பப் படும்",ஒழுக்கம் விழுப்பம் தரலான் ஒழுக்கம் உயிரினும் ஓம்பப் படும்
"பரிந்தோம்பிக் காக்க வொழுக்கந் தெரிந்தோம்பித்
தேரினு மஃதே துணை",பரிந்து ஓம்பிக் காக்க ஒழுக்கம் தெரிந்து ஓம்பித் தேரினும் அஃதே துணை
"ஒழுக்க முடைமை குடிமை யிழுக்க
மிழிந்த பிறப்பாய் விடும்",ஒழுக்கம் உடைமை குடிமை இழுக்கம் இழிந்த பிறப்பாய் விடும்
"மறப்பினு மோத்துக் கொளலாகும் பார்ப்பான்
பிறப்பொழுக்கங் குன்றக் கெடும்",மறப்பினும் ஓத்துக் கொளல் ஆகும் பார்ப்பான் பிறப்பு ஒழுக்கம் குன்றக் கெடு்ம்
"அழுக்கா றுடையான்க ணாக்கம்போன் றில்லை
யொழுக்க மிலான்க ணுயர்வு",அழுக்காறு உடையான்கண் ஆக்கம் போன்று இல்லை ஒழுக்கம் இலான்கண் உயர்வு
"ஒழுக்கத்தி னொல்கா ருரவோ ரிழுக்கத்தி
னேதம் படுபாக் கறிந்து",ஒழுக்கத்தின் ஒல்கார் உரவோர் இழுக்கத்தின் ஏதம் படுபாக்கு அறிந்து
"ஒழுக்கத்தி னெய்துவர் மேன்மை யிழுக்கத்தி
னெய்துவ ரெய்தாப் பழி",ஒழுக்கத்தின் எய்துவர் மேன்மை இழுக்கத்தின் எய்துவர் எய்தாப் பழி
"நன்றிக்கு வித்தாகு நல்லொழுக்கந் தீயொழுக்க
மென்று மிடும்பை தரும்",நன்றிக்கு வித்து ஆகும் நல் ஒழுக்கம் தீ ஒழுக்கம் என்றும் இடும்பை தரும்
"ஒழுக்க முடையவர்க் கொல்லாவே தீய
வழுக்கியும் வாயாற் சொலல்",ஒழுக்கம் உடையவர்க்கு ஒல்லாவே தீய வழுக்கியும் வாயால் சொலல்
"உலகத்தோ டொட்ட வொழுகல் பலகற்றுங்
கல்லா ரறிவிலா தார்",உலகத்தொடு ஒட்ட ஒழுகல் பல கற்றும் கல்லார் அறிவிலாதார்
"பிறன்பொருளாட் பெட்டொழுகும் பேதைமை ஞாலத்
தறம்பொருள் கண்டார்க ணில்",பிறன் பொருளாள் பெட்டு ஒழுகும் பேதைமை ஞாலத்து அறம் பொருள் கண்டார்கண் இல்
"அறன்கடை நின்றாரு ளெல்லாம் பிறன்கடை
நின்றாரிற் பேதையா ரில்",அறன் கடை நின்றாருள் எல்லாம் பிறன்கடை நின்றாரின் பேதையார் இல்
"விளிந்தாரின் வேறல்லர் மன்ற தெளிந்தாரிற்
றீமை புரிந்தொழுகு வார்",விளிந்தாரின் வேறு அல்லர் மன்ற தெளிந்தார் இல் தீமை புரிந்து ஒழுகுவார்
"எனைத்துணைய ராயினு மென்னாந் தினைத்துணையுந்
தேரான் பிறனில் புகல்",எனைத் துணையர் ஆயினும் என்னாம் தினைத் துணையும் தேரான் பிறன் இல் புகல்
"எளிதென வில்லிறப்பா னெய்துமெஞ் ஞான்றும்
விளியாது நிற்கும் பழி",எளிது என இல் இறப்பான் எய்தும் எஞ்ஞான்றும் விளியாது நிற்கும் பழி
"பகைபாவ மச்சம் பழியென நான்கு
மிகவாவா மில்லிறப்பான் கண்",பகை பாவம் அச்சம் பழி என நான்கும் இகவாவாம் இல் இறப்பான் கண்
"அறனியலா னில்வாழ்வா னென்பான் பிறனியலாள்
பெண்மை நயவா தவன்",அறனியலான் இல்வாழ்வான் என்பான் பிறன் இயலாள் பெண்மை நயவாதவன்
"பிறன்மனை நோக்காத பேராண்மை சான்றோர்க்
கறனொன்றோ வான்ற வொழுக்கு",பிறன் மனை நோக்காத பேர் ஆண்மை சான்றோர்க்கு அறன் ஒன்றோ ஆன்ற ஒழுக்கு
"நலக்குரியார் யாரெனி னாமநீர் வைப்பிற்
பிறர்க்குரியா டோடோயா தார்",நலக்கு உரியார் யார் எனின் நாம நீர் வைப்பில் பிறர்க்கு உரியாள் தோள் தோயாதார்
"அறன்வரையா னல்ல செயினும் பிறன்வரையாள்
பெண்மை நயவாமை நன்று",அறன் வரையான் அல்ல செயினும் பிறன் வரையான் பெண்மை நயவாமை நன்று
"அகழ்வாரைத் தாங்கும் நிலம்போலத் தம்மை
யிகழ்வார்ப் பொறுத்த றலை",அகழ்வாரைத் தாங்கும் நிலம் போலத் தம்மை இகழ்வார்ப் பொறுத்தல் தலை
"பொறுத்த லிறப்பினை யென்று மதனை
மறத்த லதனினு நன்று",பொறுத்தல் இறப்பினை என்றும் அதனை மறத்தல் அதனினும் நன்று
"இன்மையு ளின்மை விருந்தொரால் வன்மையுள்
வன்மை மடவார்ப் பொறை",இன்மையுள் இன்மை விருந்து ஒரால் வன்மையுள் வன்மை மடவார்ப் பொறை
"நிறையுடைமை நீங்காமை வேண்டிற் பொறையுடைமை
போற்றி யொழுகப் படும்",நிறையுடைமை நீங்காமை வேண்டின் பொறையுடைமை போற்றி ஒழுகப் படும்
"ஒறுத்தாரை யொன்றாக வையாரே வைப்பர்
பொறுத்தாரைப் பொன்போற் பொதிந்து",ஒறுத்தாரை ஒன்றாக வையாரே வைப்பர் பொறுத்தாரைப் பொன்போல் பொதிந்து
"ஒறுத்தார்க் கொருநாளை யின்பம் பொறுத்தார்க்குப்
பொன்றுந் துணையும் புகழ்",ஒறுத்தார்க்கு ஒரு நாளை இன்பம் பொறுத்தார்க்குப் பொன்றும் துணையும் புகழ்
"திறனல்ல தற்பிறர் செய்யினு நோநொந்
தறனல்ல செய்யாமை நன்று",திறன் அல்ல தன் பிறர் செய்யினும் நோ நொந்து அறன் அல்ல செய்யாமை நன்று
"மிகுதியான் மிக்கவை செய்தாரைத் தாந்தந்
தகுதியான் வென்று விடல்",மிகுதியான் மிக்கவை செய்தாரைத் தாம் தம் தகுதியான் வென்று விடல்
"துறந்தாரிற் றூய்மை யுடைய ரிறந்தார்வா
யின்னாச் சொனோற்கிற் பவர்",துறந்தாரின் தூய்மை உடையர் இறந்தார் வாய் இன்னாச் சொல் நோற்கிற்பவர்
"உண்ணாது நோற்பார் பெரியர் பிறர்சொல்லு
மின்னாச்சொ னோற்பாரிற் பின்",உண்ணாது நோற்பார் பெரியர் பிறர்சொல்லும் இன்னாச் சொல் நோற்பாரின் பின்
"ஒழுக்காறாக் கொள்க வொருவன்றன் நெஞ்சத்
தழுக்கா றிலாத வியல்பு",ஒழுக்காறாக் கொள்க ஒருவன் தன் நெஞ்சத்து அழுக்காறு இலாத இயல்பு
"விழுப்பேற்றி னஃதொப்ப தில்லையார் மாட்டு
மழுக்காற்றி னல்ல பெறின்",விழுப்பேற்றின் அஃது ஒப்பது இல்லை யார்மாட்டும் அழுக்காற்றின் அல்ல பெறின்
"அறனாக்கம் வேண்டாதா னென்பான் பிறனாக்கம்
பேணா தழுக்கறுப் பான்",அறன் ஆக்கம் வேண்டாதான் என்பான் பிறன் ஆக்கம் பேணாது அழுக்கறுப்பான்
"அழுக்காற்றி னல்லவை செய்யா ரிழுக்காற்றி
னேதம் படுபாக் கறிந்து",அழுக்காற்றின் அல்லவை செய்யார் இழுக்காற்றின் ஏதம் படுபாக்கு அறிந்து
"அழுக்கா றுடையார்க் கதுசாலு மொன்னார்
வழுக்கியுங் கேடீன் பது",அழுக்காறு உடையார்க்கு அது சாலும் ஒன்னார் வழுக்கியும் கேடு ஈன்பது
"கொடுப்ப தழுக்குறுப்பான் சுற்ற முடுப்பதூஉ
முண்பதூஉ மின்றிக் கெடும்",கொடுப்பது அழுக்கறுப்பான் சுற்றம் உடுப்பதூஉம் உண்பதூஉம் இன்றிக் கெடும்
"அவ்வித் தழுக்கா றுடையானைச் செய்யவ
டவ்வையைக் காட்டி விடும்",அவ்வித்து அழுக்காறு உடையானைச் செய்யவள் தவ்வையைக் காட்டி விடும்
"அழுக்கா றெனவொரு பாவி திருச்செற்றுத்
தீயுழி யுய்த்து விடும்",அழு்ககாறு என ஒருபாவி திருச் செற்றுத் தீயுழி உய்த்து விடும்
"அவ்விய நெஞ்சத்தா னாக்கமுஞ் செவ்வியான்
கேடு நினைக்கப் படும்",அவ்விய நெஞ்சத்தான் ஆக்கமும் செவ்வியான் கேடும் நினைக்கப் படும்
"அழுக்கற் றகன்றாரு மில்லையஃ தில்லார்
பெருக்கத்திற் றீர்ந்தாரு மில்",அழுக்கற்று அகன்றாரும் இல்லை அஃது இல்லார் பெருக்கத்தின் தீர்ந்தாரும் இல்
"நடுவின்றி நன்பொருள் வெஃகிற் குடிபொன்றிக்
குற்றமு மாங்கே தரும்",நடுவு இன்றி நன் பொருள் வெஃகின் குடி பொன்றிக் குற்றமும் ஆங்கே தரும்
"படுபயன் வெஃகிப் பழிப்படுவ செய்யார்
நடுவன்மை நாணு பவர்",படு பயன் வெஃகி்ப் பழிப்படுவ செய்யார் நடுவு அன்மை நாணுபவர்
"சிற்றின்பம் வெஃகி யறனல்ல செய்யாரே
மற்றின்பம் வேண்டு பவர்",சிற்றின்பம் வெஃகி அறன் அல்ல செய்யாரே மற்றின்பம் வேண்டுபவர்
"இலமென்று வெஃகுதல் செய்யார் புலம்வென்ற
புன்மையில் காட்சி யவர்",இலம் என்று வெஃகுதல் செய்யார் புலம் வென்ற புன்மை இல் காட்சியவர்
"அஃகி யகன்ற வறிவென்னாம் யார்மாட்டும்
வெஃகி வெறிய செயின்",அஃகி அகன்ற அறிவு என்னாம் யார் மாட்டும் வெஃகி வெறிய செயின்
"அருள்வெஃகி யாற்றின்க ணின்றான் பொருள்வெஃகிப்
பொல்லாத சூழக் கெடும்",அருள் வெஃகி ஆற்றின்கண் நின்றான் பொருள் வெஃகிப் பொல்லாத சூழக் கெடும்
"வேண்டற்க வெஃகியா மாக்கம் விளைவயின்
மாண்டற் கரிதாம் பயன்",வேண்டற்க வெஃகி ஆம் ஆக்கம் விளை வயின் மாண்டற்கு அரிதாம் பயன்
"அஃகாமை செல்வத்திற்கு யாதெனின் வெஃகாமை
வேண்டும் பிறன்கைப் பொருள்",அஃகாமை செல்வத்திற்கு யாது எனின் வெஃகாமை வேண்டும் பிறன் கைப் பொருள்
"அறனறிந்து வெஃகா வறிவுடையார்ச் சேருந்
திறனறிந் தாங்கே திரு",அறன் அறிந்து வெஃகா அறிவுடையார்ச் சேரும் திறன் அறிந்து ஆங்கே திரு
"இறலீனு மெண்ணாது வெஃகின் விறலீனும்
வேண்டாமை யென்னுஞ் செருக்கு",இறல் ஈனும் எண்ணாது வெஃகின் விறல் ஈனும் வேண்டாமை என்னும் செருக்கு
"அறங்கூறா னல்ல செயினு மொருவன்
புறங்கூறா னென்ற லினிது",அறம் கூறான் அல்ல செயினும் ஒருவன் புறங்கூறான் என்றல் இனிது
"அறனழீஇ யல்லவை செய்தலிற் றீதே
புறனழீஇப் பொய்த்து நகை",அறன் அழீஇ அல்லவை செய்தலின் தீதே புறன் அழீஇப் பொய்த்து நகை
"புறங்கூறிப் பொய்த்துயிர் வாழ்தலிற் சாத
லறங்கூறு மாக்கந் தரும்",புறங்கூறிப் பொய்த்து உயிர் வாழ்தலின் சாதல் அறம் கூறும் ஆக்கம் தரும்
"கண்ணின்று கண்ணறச் சொல்லினும் சொல்லற்க
முன்னின்று பின்னோக்காச் சொல்",கண் நின்று கண் அறச் சொல்லினும் சொல்லற்க முன் இன்று பின் நோக்காச் சொல்
"அறஞ்சொல்லு நெஞ்சத்தா னன்மை புறஞ்சொல்லும்
புன்மையாற் காணப் படும்",அறம் சொல்லும் நெஞ்சத்தான் அன்மை புறஞ்சொல்லும் புன்மையால் காணப்படும்
"பிறன்பழி கூறுவான் றன்பழி யுள்ளுந்
திறன்றெரிந்து கூறப் படும்",பிறன் பழி கூறுவான் தன் பழியுள்ளும் திறன் தெரிந்து கூறப்படும்
"பகச்சொல்லி கெளிர்ப் பிரிப்பர் நகச்சொல்லி
நட்பாட றேற்றா தவர்",பகச் சொல்லிக் கேளிர்ப் பிரிப்பர் நகச் சொல்லி நட்பு ஆடல் தேற்றாதவர்
"துன்னியார் குற்றமுந் தூற்று மரபினா
ரென்னைகொ லேதிலார் மாட்டு",துன்னியார் குற்றமும் தூற்றும் மரபினார் என்னைகொல் ஏதிலார் மாட்டு
"அறனோக்கி யாற்றுங்கோல் வையம் புறனோக்கிப்
புன்சொல் லுரைப்பான் பொறை",அறன் நோக்கி ஆற்றும்கொல் வையம் புறன் நோக்கிப் புன் சொல் உரைப்பான் பொறை
"ஏதிலார் குற்றம்போற் றங்குற்றங் காண்கிற்பிற்
றீதுண்டோ மன்னு முயிர்க்கு",ஏதிலார் குற்றம் போல் தம் குற்றம் காண்கிற்பின் தீது உண்டோ மன்னும் உயிர்க்கு
"பல்லார் முனியப் பயனில சொல்லுவா
னெல்லாரு மெள்ளப் படும்",பல்லார் முனியப் பயன் இல சொல்லுவான் எல்லாரும் எள்ளப் படும்
"பயனில பல்லார்முற் சொல்ல னயனில
நட்டார்கட் செய்தலிற் றீது",பயன் இல பல்லார் முன் சொல்லல் நயன் இல நட்டார்கண் செய்தலின் தீது
"நயனில னென்பது சொல்லும் பயனில
பாரித் துரைக்கு முரை",நயன் இலன் என்பது சொல்லும் பயன் இல பாரித்து உரைக்கும் உரை
"நயன்சாரா நன்மையி னீக்கும் பயன்சாரா
பண்பில்சொற் பல்லா ரகத்து",நயன் சாரா நன்மையின் நீக்கும் பயன் சாரா பணிபில் சொல் பல்லார் அகத்து
"சீர்மை சிறப்பொடு நீங்கும் பயனில
நீர்மை யுடையார் சொலின்",சீர்மை சிறப்பொடு நீங்கும் பயன் இல நீர்மை உடையார் சொலின்
"பயனில்சொற் பாராட்டு வானை மகனெனல்
மக்கட் பதடி யெனல்",பயன் இல சொல் பாராட்டுவானை மகன் எனல் மக்கள் பதடி எனல்
"நயனில சொல்லினுஞ் சொல்லுக சான்றோர்
பயனில சொல்லாமை நன்று",நயன் இல சொல்லினும் சொல்லுக சான்றோர் பயன் இல சொல்லாமை நன்று
"அரும்பய னாயு மறிவினார் சொல்லார்
பெரும்பய னில்லாத சொல்",அரும் பயன் ஆயும் அறிவினார் சொல்லார் பெரும் பயன் இல்லாத சொல்
"பொருடீர்ந்த பொச்சாந்துஞ் சொல்லார் மருடீர்ந்த
மாசறு காட்சி யவர்",பொருள் தீர்ந்த பொச்சாந்தும் சொல்லார் மருள் தீர்ந்த மாசு அறு காட்சியவர்
"சொல்லுக சொல்லிற் பயனுடைய சொல்லற்க
சொல்லிற் பயனிலாச் சொல்",சொல்லுக சொல்லின் பயன் உடைய சொல்லற்க சொல்லின் பயன் இலாச் சொல்
"தீவினையா ரஞ்சார் விழுமியா ரஞ்சுவர்
தீவினை யென்னுஞ் செருக்கு",தீ வினையார் அஞ்சார் விழுமியார் அஞ்சுவர் தீ வினை என்னும் செருக்கு
"தீயவை தீய பயத்தலாற் றீயவை
தீயினு மஞ்சப் படும்",தீயவை தீய பயத்தலால் தீயவை தீயினும் அஞ்சப் படும்
"அறிவினு ளெல்லாந் தலையென்ப தீய
செறுவார்க்குஞ் செய்யா விடல்",அறிவினுள் எல்லாம் தலை என்ப தீய செறுவார்க்கும் செய்யா விடல்
"மறந்தும்பிறன் கேடு சூழற்க சூழி
னறஞ்சூழுஞ் சூழ்ந்தவன் கேடு",மறந்தும் பிறன் கேடு சூழற்க சூழின் அறம் சூழும் சூழ்ந்தவன் கேடு
"இலனென்று தீயவை செய்யற்க செய்யி
னிலனாகு மற்றும் பெயர்த்து",இலன் என்று தீயவே செய்யற்க செய்யின் இலன் ஆகும் மற்றும் பெயர்த்து
"தீப்பால தான்பிறர்கட் செய்யற்க நோய்ப்பால
தன்னை யடல்வேண்டா தான்",தீப் பால தான் பிறர்கண் செய்யற்க நோய்ப் பால தன்னை அடல் வேண்டாதான்
"எனைப்பகை யுற்றாரு முய்வர் வினைப்பகை
வீயாது பின்சென் றடும்",எனைப் பகை உற்றாரும் உய்வர் வினைப் பகை வீயாது பின் சென்று அடும்
"தீயவை செய்தார் கெடுத னிழறன்னை
வீயா தடியுறைந் தற்று",தீயவை செய்தார் கெடுதல் நிழல் தன்னை வீயாது அடி உறைந்தற்று
"தன்னைத்தான் காதல னாயி னெனைத்தொன்றும்
துன்னற்க தீவினைப் பால்",தன்னைத் தான் காதலன் ஆயின் எனைத்து ஒன்றும் துன்னற்க தீவினைப் பால்
"அருங்கேட னென்ப தறிக மருங்கோடித்
தீவினை செய்யா னெனின்",அரும் கேடன் என்பது அறிக மருங்கு ஓடித் தீ வினை செய்யான் எனின்
"கைம்மாறு வேண்டாக் கடப்பாடு மாரிமாட்
டென்னாற்றுங் கொல்லோ வுலகு",கைம்மாறு வேண்டாக் கடப்பாடு மாரி மாட்டு என் ஆற்றும் கொல்லோ உலகு
"தாளாற்றித் தந்த பொருளெல்லாந் தக்கார்க்கு
வேளாண்மை செய்தற் பொருட்டு",தாள் ஆற்றித் தந்த பொருள் எல்லாம் தக்கார்க்கு வேளாண்மை செய்தல் பொருட்டு
"புத்தே ளுலகத்து மீண்டும் பெறலரிதே
யொப்புரவி னல்ல பிற",புத்தேள் உலகத்தும் ஈண்டும் பெறல் அரிதே ஒப்புரவின் நல்ல பிற
"ஒத்த தறிவா னுயிர்வாழ்வான் மற்றையான்
செத்தாருள் வைக்கப் படும்",ஒத்தது அறிவான் உயிர் வாழ்வான் மற்றையான் செத்தாருள் வைக்கப் படும்
"ஊருணி நீர்நிறைந் தற்றே யுலகவாம்
பேரறி வாளன் திரு",ஊர் உணி நீர் நிறைந்து அற்றே உலகு அவாம் பேர் அறிவாளன் திரு
"பயன்மர முள்ளூர்ப் பழுத்தற்றாற் செல்வ
நயனுடை யான்கட் படின்",பயன் மரம் உள் ஊர்ப் பழுத்தற்றால் செல்வம் நயன் உடையான்கண் படின்
"மருந்தாகித் தப்பா மரத்தற்றாற் செல்வம்
பெருந்தகை யான்கட் படின்",மருந்து ஆகித் தப்பா மரத்தற்றாற் செல்வம் பெரும் தகையான் கண் படின்
"இடனில் பருவத்து மொப்புரவிற் கொல்கார்
கடனறி காட்சி யவர்",இடன் இல் பருவத்தும் ஒப்புரவிற்கு ஒல்கார் கடன் அறி காட்சியவர்
"நயனுடையா னல்கூர்ந்தா னாதல் செயுநீர
செய்யா தமைகலா வாறு",நயன் உடையான் நல்கூர்ந்தான் ஆதல் செயும் நீர செய்யாது அமைகலா ஆறு
"ஒப்புரவி னால்வருங் கேடெனி னஃதொருவன்
விற்றுக்கோட் டக்க துடைத்து",ஒப்புரவினால் வரும் கேடு எனின் அஃது ஒருவன் விற்றுக்கோள் தக்கது உடைத்து
"வறியார்க்கொன் றீவதே யீகைமற் றெல்லாங்
குறியெதிர்ப்பை நீர துடைத்து",வறியார்க்கு ஒன்று ஈவதே ஈகை மற்று எல்லாம் குறியெதிர்ப்பை நீரது உடைத்து
"நல்லா றெனினுங் கொளறீது மேலுலகம்
இல்லெனினு மீதலே நன்று",நல் ஆறு எனினும் கொளல் தீது மேல் உலகம் இல் எனினும் ஈதலே நன்று
"இலனென்னு மெவ்வ முரையாமை யீதற்
குலனுடையான் கண்ணே யுள",இலன் என்னும் எவ்வம் உரையாமை ஈதல் குலன் உடையான் கண்ணே உள
"இன்னாது இரக்கப் படுதல் இரந்தவர்
இன்முகங் காணும் அளவு",இன்னாது இரக்கப் படுதல் இரந்தவர் இன் முகம் காணும் அளவு
"ஆற்றுவார் ஆற்றல் பசிஆற்றல் அப்பசியை
மாற்றுவார் ஆற்றலின் பின்",ஆற்றுவார் ஆற்றல் பசி ஆற்றல் அப்பசியை மாற்றுவார் ஆற்றலின் பின்
"அற்றாரழி பசி தீர்த்தலஃ தோருவன்
பெற்றான் பொருள்வைப் புழி",அற்றார் அழி பசி தீர்த்தல் அஃது ஒருவன் பெற்றான் பொருள் வைப்புழி
"பாத்தூண் மரீஇ யவனைப் பசியென்னுந்
தீப்பிணி தீண்ட லரிது",பாத்து ஊண் மரீஇயவனைப் பசி என்னும் தீப் பிணி தீண்டல் அரிது
"ஈத்துவக்கும் மின்ப மறியார்கொல் தாமுடைமை
வைத்திழக்கும் வன்க ணவர்",ஈத்து உவக்கும் இன்பம் அறியார்கொல் தாம் உடைமை வைத்து இழக்கும் வன்கணவர்
"இரத்தலின் னின்னாது மன்ற நிரப்பிய
தாமே தமிய ருணல்",இரத்தலின் இன்னாது மன்ற நிரப்பிய தாமே தமியர் உணல்
"சாதலின் னின்னாத தில்லை யினிததூஉ
மீத லியையாக் கடை",சாதலின் இன்னாதது இல்லை இனிது அதூஉம் ஈதல் இயையாக் கடை
"ஈத லிசைபட வாழ்த லதுவல்ல
தூதிய மில்லை யுயிர்க்கு",ஈதல் இசைபட வாழ்தல் அது அல்லது ஊதியம் இல்லை உயிர்க்கு
"உரைப்பா ருரைப்பவை யெல்லா மிரப்பார்க்கொன்
றீவார்மே னிற்கும் புகழ்",உரைப்பார் உரைப்பவை எல்லாம் இரப்பார்க்கு ஒன்று ஈவார் மேல் நிற்கும் புகழ்
"ஒன்றா வுலகத் துயர்ந்த புகழல்லாற்
பொன்றாது நிற்பதொன் றி்ல்",ஒன்றா உலகத்து உயர்ந்த புகழ் அல்லால் பொன்றாது நிற்பது ஒன்று இல்
"நிலவரை நீள்புக ழாற்றிற் புலவரைப்
போற்றாது புத்தே ளுலகு",நிலவரை நீள் புகழ் ஆற்றின் புலவரைப் போற்றாது புத்தேள் உலகு
"நத்தம்போற் கேடு முளதாகுஞ் சாக்காடும்
வித்தகர்க் கல்லா லரிது",நத்தம் போல் கேடும் உளதாகும் சாக்காடும் வித்தகர்க்கு அல்லால் அரிது
"தோன்றிற் புகழொடு தோன்றுக அஃதிலார்
தோன்றலிற் றோன்றாமை நன்று",தோன்றின் புகழொடு தோன்றுக அஃது இல்லார் தோன்றலின் தோன்றாமை நன்று
"புகழ்பட வாழாதார் தந்நோவார் தம்மை
யிகழ்வாரை நோவ தெவன்",புகழ்பட வாழாதார் தம் நோவார் தம்மை இகழ்வாரை நோவது எவன்
"வசையென்ப வையத்தார்க் கெல்லா மிசையென்னு
மெச்சம் பெறாஅ விடின்",வசை என்ப வையத்தார்க்கு எல்லாம் இசை என்னும் எச்சம் பெறாஅ விடின்
"வசையிலா வண்பயன் குன்று மிசையிலா
யாக்கை பொறுத்த நிலம்",வசை இலா வண் பயன் குன்றும் இசை இலா யாக்கை பொறுத்த நிலம்
"வசையொழிய வாழ்வாரே வாழ்வார் இசையொழிய
வாழ்வாரே வாழா தவர்",வசை ஒழிய வாழ்வாரே வாழ்வார் இசை ஒழிய வாழ்வாரே வாழாதவர்
"அருட்செல்வஞ் செல்வத்துள் செல்வம் பொருட்செல்வம்
பூரியார் கண்ணு முள",அருள் செல்வம் செல்வத்துள் செல்வம் பொருள் செல்வம் பூரியார் கண்ணும் உள
"நல்லாற்றா னாடி யருளாள்க பல்லாற்றான்
றேரினு மஃதே துணை",நல் ஆற்றான் நாடி அருள் ஆள்க பல் ஆற்றான் தேரினும் அஃதே துணை
"அருள்சேர்ந்த நெஞ்சினார்க் கில்லை யிருள்சேர்ந்த
வின்னா வுலகம் புகல்",அருள் சேர்ந்த நெஞ்சினார்க்கு இல்லை இருள் சேர்ந்த இன்னா உலகம் புகல்
"மன்னுயிர் ஓம்பி அருளாள்வார்க்கு இல்லென்ப
தன்னுயிர் அஞ்சும் வினை",மன் உயிர் ஒம்பி அருள் ஆள்வாற்கு இல் என்ப தன் உயிர் அஞ்சும் வினை
"அல்ல லருளாள்வார்க் கில்லை வளிவழங்கு
மல்லன்மா ஞாலங் கரி",அல்லல் அருள் ஆள்வார்க்கு இல்லை வளி வழங்கு மல்லல் மா ஞாலம் கரி
"பொருணீங்கிப் பொச்சாந்தா ரென்ப ரருணீங்கி
யல்லவை செய்தொழுகு வார்",பொருள் நீங்கிப் பொச்சாந்தார் என்பர் அருள் நீங்கி அல்லவை செய்து ஒழுகுவார்
"அருளில்லார்க் கவ்வுலக மில்லை பொருளில்லார்க்
கிவ்வுலக மில்லாகி யாங்கு",அருள் இல்லார்க்கு அவ் உலகம் இல்லை பொருள் இல்லார்க்கு இவ் உலகம் இல்லாகி ஆங்கு
"பொருளற்றார் பூப்பர் ஒருகால் அருளற்றார்
அற்றார்மற் றாதல் அரிது",பொருள் அற்றார் பூப்பர் ஒருகால் அருள் அற்றார் அற்றார் மற்று ஆதல் அரிது
"தெருளாதான் மெய்ப்பொருள் கண்டாற்றா றேரி
னருளாதான் செய்யு மறம்",தெருளாதான் மெய்ப்பொருள் கண்டு அற்றால் தேரின் அருளாதான் செய்யும் அறம்
"தன்னூன் பெருக்கற்குத் தான்பிறி தூனுண்பா
னெங்ஙன மாளு மருள்",தன் ஊன் பெருக்கற்குத் தான் பிறிது ஊன் உண்பான் எங்ஙனம் ஆளும் அருள்
"பொருளாட்சி போற்றாதார்க் கில்லை யருளாட்சி
யாங்கில்லை யூன்றின் பவர்க்கு",பொருள் ஆட்சி போற்றாதார்க்கு இல்லை அருள் ஆட்சி ஆங்கு இல்லை ஊன் தின்பவர்க்கு
"படைகொண்டார் நெஞ்சம்போல் நன்றூக்கா தொன்ற
னுடற்சுவை யுண்டார் மனம்",படை கொண்டார் நெஞ்சம்போல் நன்று ஊக்காது ஒன்றன் உடல் சுவை உண்டார் மனம்
"அருளல்ல தியாதெனிற் கொல்லாமை கோறல்
பொருளல்ல தவ்வூன் றினல்",அருள் அல்லது யாது எனில் கொல்லாமை கோறல் பொருள் அல்லது அவ்வூன் தினல்
"உண்ணாமை யுள்ள துயிர்நிலை யூனுண்ண
வண்ணாத்தல் செய்யா தளறு",உண்ணாமை உள்ளது உயிர் நிலை ஊன் உண்ண அண்ணாத்தல் செய்யாது அளறு
"தினற்பொருட்டாற் கொல்லா துலகெனின் யாரும்
விலைப்பொருட்டா லூன்றருவா ரில்",தினல் பொருட்டால் கொல்லாது உலகு எனின் யாரும் விலைப் பொருட்டால் ஊன் தருவார் இல்
"உண்ணாமை வேண்டும் புலாஅல் பிறிதொன்றன்
புண்ண துணர்வார்ப் பெறின்",உண்ணாமை வேண்டும் புலாஅல் பிறிது ஒன்றன் புண் அது உணர்வார்ப் பெறின்
"செயிரின் றலைப்பிரிந்த காட்சியா ரு்ண்ணா
ருயிரின் றலைப்பிரிந்த வூன்",செயிரின் தலைப்பிரிந்த காட்சியார் உண்ணார் உயிரின் தலைப்பிரிந்த ஊன்
"அவிசொரிந் தாயிரம் வேட்டலி னொன்ற
னுயிர்செகுத் துண்ணாமை நன்று",அவி சொரிந்து ஆயிரம் வேட்டலின் ஒன்றன் உயிர் செகுத்து உண்ணாமை நன்று
"கொல்லான் புலாலை மறுத்தானைக் கைகூப்பி
யெல்லா வுயிருந் தொழும்",கொல்லான் புலாலை மறுத்தானைக் கை கூப்பி எல்லா உயிரும் தொழும்
"உற்றநோய் நோன்ற லுயிர்க்குறுகண் செய்யாமை
யற்றே தவத்திற் குரு",உற்ற நோய் நோன்றல் உயிர்க்கு உறுகண் செய்யாமை அற்றே தவத்திற்கு உரு
"தவமுந் தவமுடையார்க் காகு மவமதனை
யஃதிலார் மேற்கொள் வது",தவமும் தவம் உடையார்க்கு ஆகும் அவம் அதனை அஃது இலார் மேற்கொள்வது
"துறந்தார்க்குத் துப்புரவு வேண்டி மறந்தார்கொன்
மற்றை யவர்க டவம்",துறந்தார்க்குத் துப்புரவு வேண்டி மறந்தார் கொல் மற்றையவர்கள் தவம்
"ஒன்னார்த் தெறலு முவந்தாரை யாக்கலு
மெண்ணிற் றவத்தான் வரும்",ஒன்னாரைத் தெறலும் உவந்தாரை ஆக்கலும் எண்ணின் தவத்தான் வரும்
"வேண்டிய வேண்டி யாங்கெய்தலாற் செய்தவ
மீண்டு முயலப் படும்",வேண்டிய வேண்டியாங்கு எய்தலால் செய்தவம் ஈண்டு முயலப் படும்
"தவஞ்செய்வார் தங்கருமஞ் செய்வார்மற் றல்லா
ரவஞ்செய்வா ராசையுட் பட்டு",தவம் செய்வார் தம் கருமம் செய்வார் மற்று அல்லார் அவம் செய்வார் ஆசையுள் பட்டு
"சுடச்சுடரும் பொன்போ லொளிவிடுந் துன்பஞ்
சுடச்சுட நோற்கிற் பவர்க்கு",சுடச் சுடரும் பொன் போல் ஒளிவிடும் துன்பம் சுடச்சுட நோற்கிற்பவர்க்கு
"தன்னுயிர் தானறப் பெற்றானை யேனைய
மன்னுயி ரெல்லாந் தொழும்",தன் உயிர் தான் அறப் பெற்றானை ஏனைய மன் உயிர் எல்லாம் தொழும்
"கூற்றங் குதித்தலுங் கைகூடு நோற்றலி
னாற்ற றலைப்பட் டவர்க்கு",கூற்றம் குதித்தலும் கைகூடும் நோற்றலின் ஆற்றல் தலைப்பட்டவர்க்கு
"இலர்பல ராகிய காரண நோற்பார்
சிலர்பலர் நோலா தவர்",இலர் பலர் ஆகிய காரணம் நோற்பார் சிலர் பலர் நோலாதவர்
"வஞ்ச மனத்தான் படிற்றொழுக்கம் பூதங்க
ளைந்து மகத்தே நகும்",வஞ்ச மனத்தான் படிற்று ஒழுக்கம் பூதங்கள் ஐந்தும் அகத்தே நகும்
"வானுயர் தோற்ற மெவன்செய்யுந் தன்னெஞ்சந்
தானறி குற்றப் படின்",வான் உயர் தோற்றம் எவன் செய்யும் தன் நெஞ்சம் தான் அறி குற்றம் படின்
"வலியில் நிலைமையான் வல்லுருவம் பெற்றம்
புலியின்றோல் போர்த்துமேய்ந் தற்று",வலி இல் நிலைமையான் வல் உருவம் பெற்றம் புலியின் தோல் போர்த்து மேய்ந்து அற்று
"பற்றற்றே மென்பார் படிற்றொழுக்க மெற்றெற்றென்
றேதம் பலவுந் தரும்",பற்று அற்றேம் என்பார் படிற்று ஒழுக்கம் எற்று எற்று என்று ஏதம் பலவும் தரும்
"நெஞ்சிற் றுறவார் துறந்தார்போல் வஞ்சித்து
வாழ்வாரின் வண்கணா ரில்",நெஞ்சில் துறவார் துறந்தார் போல் வஞ்சி்த்து வாழ்வாரின் வண்கணார் இல்
"புறங்குன்றி கண்டனைய ரேனு மகங்குன்றி
மூக்கிற் கரியா ருடைத்து",புறம் குன்றி கண்டு அனையரேனும் அகம் குன்றி மூக்கின் கரியார் உடைத்து
"மனத்தது மாசாக மாண்டார்நீ ராடி
மறைந்தொழுகு மாந்தர் பலர்",மனத்தது மாசு ஆக மாண்டார் நீர் ஆடி மறைந்து ஒழுகும் மாந்தர் பலர்
"கணைகொடிதி யாழ்கோடு செவ்விதாங் கன்ன
வினைபடு பாலாற் கொளல்",கணை கொடிது யாழ் கோடு செவ்விது ஆங்கு அன்ன வினைபடு பாலால் கொளல்
"மழித்தலு நீட்டலும் வேண்டா வுலகம்
பழித்த தொழித்து விடின்",மழித்தலும் நீட்டலும் வேண்டா உலகம் பழித்தது ஒழித்து விடின்
"எள்ளாமை வேண்டுவா னென்பா னெனைத்தொன்றுங்
கள்ளாமை காக்கதன் னெஞ்சு",எள்ளாமை வேண்டுவான் என்பான் எனைத்து ஒன்றும் கள்ளாமை காக்க தன் நெஞ்சு
"உள்ளத்தா லுள்ளலுந் தீதே பிறன்பொருளைக்
கள்ளத்தாற் கள்வே மெனல்",உள்ளத்தால் உள்ளலும் தீதே பிறன் பொருளைக் கள்ளத்தால் கள்வேம் எனல்
"களவினா லாகிய வாக்க மளவிறந்
தாவது போலக் கெடும்",களவினால் ஆகிய ஆக்கம் அளவு இறந்து ஆவது போலக் கெடு்ம்
"களவின்கட் கன்றிய காதல் விளைவின்கண்
வீயா விழுமந் தரும்",களவின்கண் கன்றிய காதல் விளைவின்கண் வீயா விழுமம் தரும்
"அருள்கருதி யன்புடைய ராதல் பொருள்கருதிப்
பொச்சாப்புப் பார்ப்பார்க ணில்",அருள் கருதி அன்புடையர் ஆதல் பொருள் கருதிப் பொச்சாப்புப் பார்ப்பார் கண் இல்
"அளவின்க ணின்றொழுக லாற்றார் களவின்கட்
கன்றிய காத லவர்",அளவின்கண் நின்று ஒழுகல் ஆற்றார் களவின்கண் கன்றிய காதலவர்
"களவென்னுங் காரறி வாண்மை யளவென்னு
மாற்றல் புரிந்தார்க ணில்",களவு என்னும் கார் அறிவு ஆண்மை அளவு என்னும் ஆற்றல் புரிந்தார் கண் இல்
"அளவறிந்தார் நெஞ்சத் தறம்போல நிற்குங்
களவறிந்தார் நெஞ்சிற் கரவு",அளவு அறிந்தார் நெஞ்சத்து அறம் போல நிற்கும் களவு அறிந்தார் நெஞ்சில் கரவு
"அளவல்ல செய்தாங்கே வீவர் களவல்ல
மற்றைய தேற்றா தவர்",அளவு அல்ல செய்து ஆங்கே வீவர் களவு அல்ல மற்றைய தேற்றாதவர்
"கள்வார்க்குத் தள்ளு முயிர்நிலை கள்ளார்க்குத்
தள்ளாது புத்தே ளுலகு",கள்வார்க்குத் தள்ளும் உயிர்நிலை கள்ளார்க்குத் தள்ளாது புத்தேள் உலகு
"வாய்மை யெனப்படுவ தியாதெனின் யாதொன்றுந்
தீமை யிலாத சொலல்",வாய்மை எனப்படுவது யாது எனின் யாது ஒன்றும் தீமை இலாத சொலல்
"பொய்மையும் வாய்மை யிடத்த புரைதீர்ந்த
நன்மை பயக்கு மெனின்",பொய்மையும் வாய்மை இடத்த புரை தீர்ந்த நன்மை பயக்கும் எனின்
"தன்னெஞ் சறிவது பொய்யற்க பொய்த்தபின்
றன்னெஞ்சே தன்னைச் சுடும்",தன் நெஞ்சு அறிவது பொய்யற்க பொய்த்த பின் தன் நெஞ்சே தன்னைச் சுடும்
"உள்ளத்தாற் பொய்யா தொழுகி னுலகத்தா
ருள்ளத்து ளெல்லா முளன்",உள்ளத்தால் பொய்யாது ஒழுகின் உலகத்தார் உள்ளத்துள் எல்லாம் உளன்
"மனத்தொடு வாய்மை மொழியிற் றவத்தொடு
தானஞ் செய்வாரிற் றலை",மனத்தொடு வாய்மை மொழியின் தவத்தொடு தானம் செய்வாரின் தலை
"பொய்யாமை யன்ன புகழில்லை யெய்யாமை
யெல்லா வறமுந் தரும்",பொய்யாமை அன்ன புகழ் இல்லை எய்யாமை எல்லா அறமும் தரும்
"பொய்யாமை பொய்யாமை யாற்றி னறம்பிற
செய்யாமை செய்யாமை நன்று",பொய்யாமை பொய்யாமை ஆற்றின் அறம் பிற செய்யாமை செய்யாமை நன்று
"புறந்தூய்மை நீரா னமையு மகந்தூய்மை
வாய்மையாற் காணப் படும்",புறம் தூய்மை நீரான் அமையும் அகம் தூய்மை வாய்மையான் காணப் படும்
"எல்லா விளக்கும் விளக்கல்ல சான்றோர்க்குப்
பொய்யா விளக்கே விளக்கு",எல்லா விளக்கும் விளக்கு அல்ல சான்றோர்க்குப் பொய்யா விளக்கே விளக்கு
"யாமெய்யாக் கண்டவற்று ளில்லை யெனைத்தொன்றும்
வாய்மையி னல்ல பிற",யாம் மெய்யாக் கண்டவற்றுள் இல்லை எனைத்து ஒன்றும் வாய்மையின் நல்ல பிற
"செல்லிடத்துக் காப்பான் சினங்காப்பா னல்லிடத்துக்
காக்கிலென் காவாக்கா லென்",செல் இடத்துக் காப்பான் சினம் காப்பான் அல் இடத்துக் காக்கின் என் காவாக்கால் என்
"செல்லா விடத்துச் சினந்தீது செல்லிடத்து
மில்லதனிற் றீய பிற",செல்லா இடத்துச் சினம் தீது செல் இடத்தும் இல் அதனின் தீய பிற
"மறத்தல் வெகுளியை யார்மாட்டுந் தீய
பிறத்த லதனான் வரும்",மறத்தல் வெகுளியை யார் மாட்டும் தீய பிறத்தல் அதனான் வரும்
"நகையு முவகையுங் கொல்லுஞ் சினத்திற்
பகையு முளவோ பிற",நகையும் உவகையும் கொல்லும் சினத்தின் பகையும் உளவோ பிற
"சினமென்னுஞ் சேர்ந்தாரைக் கொல்லி யினமென்னு
மேமப் புணையைச் சுடும்",சினம் என்னும் சேர்ந்தாரைக் கொல்லி இனம் என்னும் ஏமப் புணையைச் சுடும்
"சினத்தைப் பொருளென்று கொண்டவன் கேடு
நிலத்தறைந்தான் கைபிழையா தற்று",சினத்தைப் பொருள் என்று கொண்டவன் கேடு நிலத்து அறைந்தான் கை பிழையாது அற்று
"இணரெரி தோய்வன்ன வின்னா செயினும்
புணரின் வெகுளாமை நன்று",இணர் எரி தோய்வு அன்ன இன்னா செயினும் புணரின் வெகுளாமை நன்று
"உள்ளிய தெல்லா முடனெய்து முள்ளத்தா
ளுள்ளான் வெகுளி யெனின்",உள்ளியது எல்லாம் உடன் எய்தும் உள்ளத்தால் உள்ளான் வெகுளி எனின்
"இறந்தா ரிறந்தா ரனையர் சினத்தைத்
துறந்தார் துறந்தார் துணை",இறந்தார் இறந்தார் அனையர் சினத்தைத் துறந்தார் துறந்தார் துணை
"சிறப்பீனுஞ் செல்வம் பெறினும் பிறர்க்கின்னா
செய்யாமை மாசற்றார் கோள்",சிறப்பு ஈனும் செல்வம் பெறினும் பிறர்க்கு இன்னா செய்யாமை மாசு அற்றார் கோள்
"கறுத்தின்னா செய்த வக்கண்ணு மறுத்தின்னா
செய்யாமை மாசற்றார் கோள்",கறுத்து இன்னா செய்த அக் கண்ணும் மறுத்து இன்னா செய்யாமை மாசு அற்றார் கோள்
"செய்யாமற் செற்றார்க்கு மின்னாத செய்தபி
னுய்யா விழுமந் தரும்",செய்யாமல் செற்றார்க்கும் இன்னாத செய்தபின் உய்யா விழுமம் தரும்
"இன்னாசெய் தாரை ஒறுத்தல் அவர்நாண
நன்னயஞ் செய்து விடல்",இன்னா செய்தாரை ஒறுத்தல் அவர் நாண நன் நயம் செய்து விடல்
"அறிவினான் ஆகுவ துண்டோ பிறிதினோய்
தநநோய்போற் போற்றாக் கடை",அறிவினான் ஆகுவது உண்டோ பிறிதின் நோய் தம் நோய் போல் போற்றாக் கடை
"இன்னா வெனத்தா னுணர்ந்தவை துன்னாமை
வேண்டும் பிறன்கட் செயல்",இன்னா எனத் தான் உணர்ந்தவை துன்னாமை வேண்டும் பிறன் கண் செயல்
"எனைத்தானு மெஞ்ஞான்றும் யார்க்கு மனத்தானா
மாணாசெய் யாமை தலை",எனைத்தானும் எஞ்ஞான்றும் யார்க்கும் மனத்தான் ஆம் மாணா செய்யாமை தலை
"தன்னுயிர்க் கின்னாமை தானறிவா னென்கொலோ
மன்னுயிர்க் கின்னா செயல்",தன் உயிர்க்கு இன்னாமை தான் அறிவான் என் கொலோ மன் உயிர்க்கு இன்னா செயல்
"பிறர்க்கின்னா முற்பகற் செய்யிற் தமக்கின்னா
பிற்பகற் றாமே வரும்",பிறர்க்கு இன்னா முற்பகல் செய்யின் தமக்கு இன்னா பிற்பகல் தாமே வரும்
"நோயெல்லா நோய்செய்தார் மேலவா நோய்செய்யார்
நோயின்மை வேண்டு பவர்",நோய் எல்லாம் நோய் செய்தார் மேலவாம் நோய் செய்யார் நோய் இன்மை வேண்டுபவர்
"அறவினை யாதெனிற் கொல்லாமை கோறல்
பிறவினை யெல்லாந் தரும்",அறவினை யாது எனில் கொல்லாமை கோறல் பிற வினை எல்லாம் தரும்
"பகுத்துண்டு பலலுயி ரோம்புத னூலோர்
தொகுத்தவற்று ளெல்லாந் தலை",பகுத்து உண்டு பல் உயிர் ஓம்புதல் நூலோர் தொகுத்தவற்றுள் எல்லாம் தலை
"ஒன்றாக நல்லது கொல்லாமை மறறதன்
பின்சாரப் பொய்யாமை நன்று",ஒன்றாக நல்லது கொல்லாமை மற்று அதன் பின் சாரப் பொய்யாமை நன்று
"நல்லா றெனப்படுவ தியாதெனின் யாதொன்றுங்
கொல்லாமை சூழு நெறி",நல் ஆறு எனப்படுவது யாது எனின் யாது ஒன்றும் கொல்லாமை சூழும் நெறி
"நிலையஞ்சி நீத்தாரு ளெல்லாங் கொலையஞ்சிக்
கொல்லாமை சூழ்வான் றலை",நிலை அஞ்சி நீத்தாருள் எல்லாம் கொலை அஞ்சிக் கொல்லாமை சூழ்வான் தலை
"கொல்லாமை மேற்கொண் டொழுகுவான் வாழ்நாண்மேற்
செல்லா துயிருண்ணுங் கூற்று",கொல்லாமை மேற்கொண்டு ஒழுகுவான் வாழ் நாள்மேல் செல்லாது உயிர் உண்ணும் கூற்று
"தன்னுயிர் நீப்பினுஞ் செய்யற்க தான்பிறி
தின்னுயிர் நீக்கும் வினை",தன் உயிர் நீப்பினும் செய்யற்க தான் பிறிது இன் உயிர் நீக்கும் வினை
"நன்றாகும் ஆக்கம் பெரிதெனினும் சான்றோர்க்குக்
கொன்றாகும் ஆக்கங் கடை",நன்று ஆகும் ஆக்கம் பெரிது எனினும் சான்றோர்க்குக் கொன்று ஆகும் ஆக்கம் கடை
"கொலைவினையரா கிய மாக்கள் புலைவினையர்
புன்மை தெரிவா ரகத்து",கொலை வினையர் ஆகிய மாக்கள் புலை வினையர் புன்மை தெரிவார் அகத்து
"நில்லாத வற்றை நிலையின வென்றுணரும்
புல்லறி வாண்மை கடை",நில்லாதவற்றை நிலையின என்று உணரும் புல் அறிவு ஆண்மை கடை
"கூத்தாட்டவைக் குழாத் தற்றே பெருஞ்செல்வம்
போக்கு மதுவிளிந் தற்று",கூத்துஆட்டு அவைக் குழாத்து அற்றே பெரும் செல்வம் போக்கும் அது விளிந்து அற்று
"அற்கா வியல்பிற்றுச் செல்வ மதுபெற்றா
லற்குப வாங்கே செயல்",அற்கா இயல்பிற்றுச் செல்வம் அது பெற்றால் அற்குப ஆங்கே செயல்
"நாளென வொன்றுபோற் காட்டி யுயிரீரும்
வாள துணர்வாற் பெறின்",நாள் என ஒன்று போல் காட்டி உயி்ர் ஈரும் வாளது உணர்வார்ப் பெறின்
"நாச்செற்று விக்குண்மேல் வாராமு னல்வினை
மேற்சென்று செய்யப் படும்",நா செற்று விக்குள் மேல்வாரா முன் நல்வினை மேல்சென்று செய்யப் படும்
"நெருந லுளனொருவ னின்றில்லை யென்னும்
பெருமை யுடைத்திவ் வுலகு",நெருநல் உளன் ஒருவன் இன்று இல்லை என்னும் பெருமை உடைத்து இவ் உலகு
"ஒருபொழுதும் வாழ்வ தறியார் கருதுப
கோடியு மல்ல பல",ஒரு பொழுதும் வாழ்வது அறியார் கருதுப கோடியும் அல்ல பல
"குடம்பை தனித்தொழியப் புட்பறந் தற்றே
யுடம்பொ டுயிரிடை நட்பு",குடம்பை தனித்து ஒழியப் புள் பறந்து அற்றே உடம்பொடு உயிர் இடை நட்பு
"உறங்கு வதுபோலுஞ் சாக்காடு உறங்கி
விழிப்பது போலும் பிறப்பு",உறங்குவது போலும் சாக்காடு உறங்கி விழிப்பது போலும் பிறப்பு
"புக்கி லமைந்தின்று கொல்லோ வுடம்பினுட்
டுச்சி லிருந்த வுயிர்க்கு",புக்கில் அமைந்தின்று கொல்லோ உடம்பின்உள் துச்சில் இருந்த உயிர்க்கு
"யாதனின் யாதனி னீங்கியா னோத
லதனி னதனி னிலன்",யாதனின் யாதனின் நீங்கியான் நோதல் அதனின் அதனின் இலன்
"வேண்டினுண் டாகத் துறக்க துறந்தபி
னீண்டியற் பால பல",வேண்டின் உண்டாகத் துறக்க துறந்த பின் ஈண்டு இயற்பால பல
"அடல்வேண்டு மைந்தன் புலத்தை விடல்வேண்டும்
வேண்டிய வெல்லா மொருங்கு",அடல் வேண்டும் ஐந்தன் புலத்தை விடல் வேண்டும் வேண்டிய எல்லாம் ஒருங்கு
"இயல்பாகு நோன்பிற்கொன் றின்மை யுடைமை
மயலாகு மற்றும் பெயர்த்து",இயல்பு ஆகும் நோன்பிற்கு ஒன்று இன்மை உடைமை மயல் ஆகும் மற்றும் பெயர்த்து
"மற்றும் தொடர்ப்பாடு எவன்கொல் பிறப்பறுக்கல்
உற்றார்க்கு உடம்பும் மிகை",மற்றும் தொடர்ப்பாடு எவன்கொல் பிறப்பு அறுக்கல் உற்றார்க்கு உடம்பும் மிகை
"பற்றி விடாஅ இடும்பைகள் பற்றினைப்
பற்றி விடாஅ தவர்க்கு",பற்றி விடாஅ இடும்பைகள் பற்றினைப் பற்றி விடாஅதவர்க்கு
"தலைப்பட்டார் தீரத் துறந்தார் மயங்கி
வலைப்பட்டார் மற்றை யவர்",தலைப்பட்டார் தீரத் துறந்தார் மயங்கி வலைப்பட்டார் மற்றையவர்
"பற்றற்ற கண்ணே பிறப்பறுக்கு மற்று
நிலையாமை காணப் படும்",பற்று அற்ற கண்ணே பிறப்பு அறுக்கும் மற்று நிலையாமை காணப்படும்
"பற்றுக பற்றற்றான் பற்றினை யப்பற்றைப்
பற்றுக பற்று விடற்கு",பற்றுக பற்று அற்றான் பற்றினை அப்பற்றைப் பற்றுக பற்று விடற்கு
"பொருளல் லவற்றைப் பொருளென் றுணரு
மருளானா மாணாப் பிறப்பு",பொருள் அல்லவற்றைப் பொருள் என்று உணரும் மருளான் ஆம் மாணாப் பிறப்பு
"இருணீங்கி யின்பம் பயக்கு மருணீங்கி
மாசறு காட்சி யவர்க்கு",இருள் நீங்கி இன்பம் பயக்கும் மருள் நீங்கி மாசு அறு காட்சியவர்க்கு
"ஐயத்தின் நீங்கித் தெளிந்தார்க்கு வையத்தின்
வான நணிய துடைத்து",ஐயத்தின் நீங்கித் தெளிந்தார்க்கு வையத்தின் வானம் நணியது உடைத்து
"ஐயுணர் வெய்தியக் கண்ணும் பயமின்றே
மெய்யுணர் வில்லா தவர்க்கு",ஐஉணர்வு எய்தியக் கண்ணும் பயம் இன்றே மெய் உணர்வு இல்லாதவர்க்கு
"எப்பொரு ளெத்தன்மைத் தாயினு மப்பொருண்
மெய்ப்பொருள் காண்ப தறிவு",எப்பொருள் எத்தன்மைத்து ஆயினும் அப்பொருள் மெய்ப்பொருள் காண்பது அறிவு
"கற்றீண்டு மெய்ப்பொருள் கண்டார் தலைப்படுவர்
மற்றீண்டு வாரா நெறி",கற்று ஈண்டு மெய்ப் பொருள் கண்டார் தலைப்படுவர் மற்று ஈண்டு வாரா நெறி
"ஓர்த்துள்ள முள்ள துணரி னொருதலையாப்
பேர்த்துள்ள வேண்டா பிறப்பு",ஓர்த்து உள்ளம் உள்ளது உணரின் ஒருதலையாப் பேர்த்து உள்ள வேண்டா பிறப்பு
"பிறப்பென்னும் பேதைமை நீங்கச் சிறப்பென்னும்
செம்பொருள் காண்ப தறிவு",பிறப்பு என்னும் பேதைமை நீங்கச் சிறப்பு என்னும் செம்பொருள் காண்பது அறிவு
"சார்புணர்ந்து சார்புகெட வொழுகின் மற்றழித்துச்
சார்தரா சார்தரு நோய்",சார்பு உணர்ந்து சார்பு கெட ஒழுகின் மற்று அழித்துச் சார் தரா சார்தரு நோய்
"காமம் வெகுளி மயக்க மிவைமூன்ற
னாமங் கெடக்கெடு நோய்",காமம் வெகுளி மயக்கம் இவை மூன்றன் நாமம் கெடக் கெடும் நோய்
"அவாவென்ப வெல்லா வுயிர்க்குமெஞ் ஞான்றுந்
தவாஅப் பிறப்பீனும் வித்து",அவா என்ப எல்லா உயிர்க்கும் எஞ்ஞான்றும் தவாஅப் பிறப்பு ஈனும் வித்து
"வேண்டுங்கால் வேண்டும் பிறவாமை மற்றது
வேண்டாமை வேண்ட வரும்",வேண்டுங்கால் வேண்டும் பிறவாமை மற்றுஅது வேண்டாமை வேண்ட வரும்
"வேண்டாமை அன்ன விழுச்செல்வம் ஈண்டில்லை
ஆண்டும் அஃதொப்பது இல்",வேண்டாமை அன்ன விழுச் செல்வம் ஈண்டு இல்லை ஆண்டும் அஃது ஒப்பது இல்
"தூஉய்மை யென்ப தவாவின்மை மற்றது
வாஅய்மை வேண்ட வரும்",தூஉய்மை என்பது அவா இன்மை மற்று அது வாஅய்மை வேண்ட வரும்
"அற்றவ ரென்பா ரவாவற்றார் மற்றையா
ரற்றாக வற்ற திலர்",அற்றவர் என்பார் அவா அற்றார் மற்றையர் அற்றாக அற்றது இலர்
"அஞ்சுவ தோரும் அறனே ஒருவனை
வஞ்சிப்ப தோரும் அவா",அஞ்சுவது ஓரும் அறனே ஒருவனை வஞ்சிப்பது ஓரும் அவா
"அவாவினை யாற்ற வறுப்பிற் றவாவினை
தான்வேண்டு மாற்றான் வரும்",அவாவினை ஆற்ற அறுப்பின் தவா வினை தான் வேண்டும் ஆற்றான் வரும்
"அவாவி்ல்லார்க் கில்லாகுந் துன்பமஃ துண்டேற்
றவாஅது மேன்மேல் வரும்",அவா இல்லார்க்கு இல்லாகும் துன்பம் அஃது உண்டேல் தவாஅது மேன்மேல் வரும்
"இன்பமிடை யறா தீண்டு மவாவென்னுந்
துன்பத்துட் டுன்பங் கெடின்",இன்பம் இடையறாது ஈண்டும் அவா என்னும் துன்பத்துள் துன்பம் கெடின்
"ஆரா வியற்கை யவாநீப்பி னந்நிலையே
பேரா வியற்கை தரும்",ஆரா இயற்கை அவா நீப்பின் அந்நிலையே பேரா இயற்கை தரும்
"ஆகூழாற் றோன்று மசைவின்மை கைப்பொருள்
போகூழாற் றோன்று மடி",ஆகு ஊழால் தோன்றும் அசைவு இன்மை கைப்பொருள் போகு ஊழால் தோன்றும் மடி
"பேதைப் படுக்கு மிழவூ ழறிவகற்று
மாகலூ ழுற்றக் கடை",பேதைப் படுக்கும் இழவு ஊழ் அறிவு அகற்றும் ஆகல் ஊழ் உற்றக் கடை
"நுண்ணிய நூல்பல கற்பினு மற்றுந்தன்
னுண்மை யறிவே மிகும்",நுண்ணிய நூல் பல கற்பினும் மற்றும் தன் உண்மை அறிவே மிகும்
"இருவே றுலகத் தியற்கை திருவேறு
தெள்ளிய லராதலும் வேறு",இரு வேறு உலகத்து இயற்கை திரு வேறு தெள்ளியர் ஆதலும் வேறு
"நல்லவை எல்லாஅந் தீயவாம் தீயவும்
நல்லவாம் செல்வம் செயற்கு",நல்லவை எல்லாம் தீயவாம் தீயவும் நல்லவாம் செல்வம் செயற்கு
"பரியினு மாகாவாம் பாலல்ல வுய்த்துச்
சொரியினும் போகா தம",பரியினும் ஆகாவாம் பால் அல்ல உய்த்துச் சொரியினும் போகா தம
"வகுத்தான் வகுத்த வகையல்லாற் கோடி
தொகுத்தார்க்குந் துய்த்த லரிது",வகுத்தான் வகுத்த வகை அல்லால் கோடி தொகுத்தார்க்கும் துய்த்தல் அரிது
"துறப்பார்மற் றுப்புர வில்லா ருறற்பால
வூட்டா கழியு மெனின்",துறப்பார்மன் துப்புரவு இல்லார் உறற் பால ஊட்டா கழியும் எனின்
"நன்றாங்கா னல்லவாக் காண்பவ ரன்றாங்கா
லல்லற் படுவ தெவன்",நன்று ஆம் கால் நல்லவாக் காண்பவர் அன்றாங்கால் அல்லல் படுவது எவன்
"ஊழிற் பெருவலி யாவுள மற்றொன்று
சூழினுந் தான்முந் துறும்",ஊழிற் பெருவலி யா உள மற்று ஒன்று சூழினும் தான் முந்துறும்
"படைகுடி கூழமைச்சு நட்பர ணாறு
முடையா னரசரு ளேறு",படை குடி கூழ் அமைச்சு நட்பு அரண் ஆறும் உடையான் அரசருள் ஏறு
"அஞ்சாமை யீகையறி வூக்க மிந்நான்கு
மெஞ்சாமை வேந்தற் கியல்பு",அஞ்சாமை ஈகை அறிவு ஊக்கம் இந்நான்கும் எஞ்சாமை வேந்தற்கு இயல்பு
"தூங்காமை கல்வி துணிவுடைமை யிம்மூன்றும்
நீங்கா நிலனாள் பவற்கு",தூங்காமை கல்வி துணிவு உடைமை இம் மூன்றும் நீங்கா நிலன் ஆள்பவற்கு
"அறனிழுக்கா தல்லவை நீக்கி மறனிழுக்கா
மான முடைய தரசு",அறன் இழுக்காது அல்லவை நீக்கி மறன் இழுக்கா மானம் உடையது அரசு
"இயற்றலு மீட்டலுங் காத்தலுங் காத்த
வகுத்தலும் வல்ல தரசு",இயற்றலும் ஈட்டலும் காத்தலும் காத்த வகுத்தலும் வல்லது அரசு
"காட்சிக் கெளியன் கடுஞ்சொல்ல னல்லனேல்
மீக்கூறும் மன்னன் நிலம்",காட்சிக்கு எளியன் கடும் சொல்லன் அல்லனேல் மீ கூறும் மன்னன் நிலம்
"இன்சொலா லீத்தளிக்க வல்லாற்குத் தன்சொலாற்
றான்கண் டனைத்திவ் வுலகு",இன்சொலால் ஈத்துஅளிக்க வல்லாற்கு தன்சொலால் தான் கண்டனைத்து இவ் உலகு
"முறைசெய்து காப்பாற்றும் மன்னவன் மக்கட்
கிறையென்று வைக்கப் படும்",முறை செய்து காப்பாற்றும் மன்னவன் மக்கட்கு இறை என்று வைக்கப்படும்
"செவிகைப்பச் சொற்பொறுக்கும் பண்புடை வேந்தன்
கவிகைக்கீழ்த் தங்கு முலகு",செவி கைப்ப சொல்பொறுக்கும்பண்புஉடை வேந்தன் கவிகை கீழ் தங்கும் உலகு
"கொடையளி செங்கோல் குடியோம்பல் நான்கும்
உடையானாம் வேந்தர்க் கொளி",கொடை அளி செங்கோல் குடியோம்பல் நான்கும் உடையானாம் வேந்தர்க்கு ஒளி
"கற்க கசடறக் கற்பவை கற்றபின்
நிற்க வதற்குத் தக",கற்க கசடு அறக் கற்பவை கற்ற பின் நிற்க அதற்குத் தக
"எண்ணென்ப வேனை யெழுத்தென்ப விவ்விரண்டுங்
கண்ணென்ப வாழு முயிர்க்கு",எண் என்ப ஏனை எழுத்து என்ப இவ்விரண்டும் கண் என்ப வாழும் உயிர்க்கு
"கண்ணுடைய ரென்பவர் கற்றோர் முகத்திரண்டு
புண்ணுடையர் கல்லா தவர்",கண் உடையர் என்பவர் கற்றோர் முகத்து இரண்டு புண் உடையர் கல்லாதவர்
"உவப்பத் தலைக்கூடி யுள்ளப் பிரித
லனைத்தே புலவர் தொழில்",உவப்பத் தலைக்கூடி உள்ளப் பிரிதல் அனைத்தே புலவர் தொழில்
"உடையார்முன் னில்லார்போ லேக்கற்றுங் கற்றார்
கடையரே கல்லா தவர்",உடையார் முன் இல்லார் போல் ஏக்கற்றும் கற்றார் கடையரே கல்லாதவர்
"தொட்டனைத் தூறு மணற்கேணி மாந்தர்க்குக்
கற்றனைத் தூறு மறிவு",தொட்ட அனைத்து ஊறும் மணற்கேணி மாந்தர் கற்ற அனைத்து ஊறும் அறிவு
"யாதானு நாடாமா லூராமா லென்னொருவன்
சாந்துணையுங் கல்லாத வாறு",யாதானும் நாடு ஆமால் ஊர்ஆமால் என் ஒருவன் சாம் துணையும் கல்லாத ஆறு
"ஒருமைக்கட் டான்கற்ற கல்வி யொருவற்
கெழுமையு மேமாப் புடைத்து",ஒருமைக்கண் தான் கற்ற கல்வி ஒருவற்கு எழுமையும் ஏமாப்பு உடைத்து
"தாமின் புறவது லகுஇன் புறக்கண்டு
காமுறுவர் கற்றறிந் தார்",தாம் இன்பு உறுவது உலகு இன்புறக் கண்டு காமுறுவர் கற்று அறிந்தார்
"கேடில் விழுச்செல்வங் கல்வி யொருவற்கு
மாடல்ல மற்றை யவை",கேடு இல் விழுச் செல்வம் கல்வி ஒருவற்கு மாடு அல்ல மற்றையவை
"அரங்கின்றி வட்டாடி யற்றே நிரம்பிய
நூலின்றிக் கோட்டி கொளல்",அரங்கு இன்றி வட்டு ஆடி அற்றே நிரம்பிய நூல் இன்றிக் கோட்டி கொளல்
"கல்லாதான் சொற்கா முறுதன் முலையிரண்டு
மில்லாதாள் பெண்காமுற் றற்று",கல்லாதான் சொல் காமுறுதல் முலை இரண்டும் இல்லாதாள் பெண் காமுற்று அற்று
"கல்லா தவரு நனிநல்லர் கற்றார்முற்
சொல்லா திருக்கப் பெறின்",கல்லாதவரும் நனி நல்லர் கற்றார் முன் சொல்லாது இருக்கப் பெறின்
"கல்லாதா னொட்பங் கழிய நன்றாயினுங்
கொள்ளா ரறிவுடை யார்",கல்லாதான் ஒட்பம் கழிய நன்று ஆயினும் கொள்ளார் அறிவுடையார்
"கல்லா வொருவன் றகைமை றலைப்பெய்து
சொல்லாடச் சோர்வு படும்",கல்லா ஒருவன் தகைமை தலைப்பெய்து சொல் ஆடச் சோர்வு படும்
"உளரென்னு மாத்திரைய ரல்லாற் பயவாக்
களரனையர் கல்லா தவர்",உளர் என்னும் மாத்திரையர் அல்லால் பயவாக் களர் அனையர் கல்லாதவர்
"நுண்மா ணுழைபுல மில்லா னெழினல
மண்மாண் புனைபாவை யற்று",நுண் மாண் நுழை புலம் இல்லான் எழில் நலம் மண் மாண் புனை பாவை அற்று
"நல்லார்கட் பட்ட வறுமையி னின்னாதே
கல்லார்கட் பட்ட திரு",நல்லார்கண் பட்ட வறுமையின் இன்னாதே கல்லார்கண் பட்ட திரு
"மேற்பிறந்தா ராயினுங் கல்லாதார் கீழ்ப்பிறந்துங்
கற்றா ரனைத்திலர் பாடு",மேல் பிறந்தார் ஆயினும் கல்லாதார் கீழ்ப் பிறந்தும் கற்றார் அனைத்து இலர் பாடு
"விலங்கொடு மக்க ளனைய ரிலங்குநூல்
கற்றாரோ டேனை யவர்",விலங்கொடு மக்கள் அனையர் இலங்கு நூல் கற்றாரோடு ஏனையவர்
"செல்வத்துட் செல்வஞ் செவிச்செல்வ மச்செல்வஞ்
செல்வத்து ளெல்லாந் தலை",செல்வத்துள் செல்வம் செவிச் செல்வம் அச்செல்வம் செல்வத்துள் எல்லாம் தலை
"செவிக்குண வில்லாத போழ்து சிறிது
வயிற்றுக்கு மீயப் படும்",செவிக்குணவு இல்லாத போழ்து சிறிது வயிற்றுக்கும் ஈயப் படும்
"செவியுணவிற் கேள்வி யுடையார் அவியுணவின்
ஆன்றாரோ டொப்பர் நிலத்து",செவியுணவின் கேள்வி உடையார் அவி உணவின் ஆன்றாரோடு ஒப்பர் நிலத்து
"கற்றில னாயினுங் கேட்க வஃதொருவற்
கொற்கத்தி னூற்றாந் துணை",கற்றிலன் ஆயினும் கேட்க அஃது ஒருவற்கு ஒற்கத்தின் ஊற்றாம் துணை
"இழுக்க லுடையுழி யூற்றுக்கோ லற்றே
யொழுக்க முடையார்வாய்ச் சொல்",இழுக்கல் உடையுழி ஊற்றுக் கோல் அற்றே ஒழுக்கம் உடையார் வாய்ச் சொல்
"எனைத்தானு நல்லவை கேட்க வனைத்தானு
மான்ற பெருமை தரும்",எனைத்தானும் நல்லவை கேட்க அனைத்தானும் ஆன்ற பெருமை தரும்
"பிழைத்துணர்ந்தும் பேதைமை சொல்லா ரிழைத்துணர்ந்
தீண்டிய கேள்வி யவர்",பிழைத்து உணர்ந்தும் பேதைமை சொல்லார் இழைத்து உணர்ந்து ஈண்டிய கேள்வியவர்
"கேட்பினுங் கேளாத் தகையவே கேள்வியாற்
றோட்கப் படாத செவி",கேட்பினும் கேளாத் தகையவே கேள்வியால் தோட்கப் படாத செவி
"நுணங்கிய கேள்விய ரல்லார் வணங்கிய
வாயின ராத லரிது",நுணங்கிய கேள்வியர் அல்லார் வணங்கிய வாயினர் ஆதல் அரிது
"செவியிற் சுவையுணரா வாயுணர்வின் மாக்க
ளவியினும் வாழினு மென்",செவியின் சுவை உணரா வாய் உணர்வின் மாக்கள் அவியினும் வாழினும் என்
"அறிவற்றங் காக்குங் கருவி செறுவார்க்கு
முள்ளழிக்க லாகா வரண்",அறிவு அற்றம் காக்கும் கருவி செறுவார்க்கும் உள் அழிக்கல் ஆகா அரண்
"சென்ற இடத்தால் செலவிடா தீதொரீஇ
நன்றின்பால் உய்ப்ப தறிவு",சென்ற இடத்தால் செல விடா தீது ஒரீஇ நன்றின் பால் உய்ப்பது அறிவு
"எப்பொருள் யார்யார்வாய்க் கேட்பினு மப்பொருண்
மெய்ப்பொருள் காண் பதறிவு",எப்பொருள் யார் யார் வாய்க் கேட்பினும் அப்பொருள் மெய்ப்பொருள் காண்பது அறிவு
"எண்பொருள வாகச் செலச்சொல்லித் தான்பிறர்வாய்
நுண்பொருள் காண்ப தறிவு",எண் பொருளவாகச் செலச் சொல்லித் தான் பிறர் வாய் நுண் பொருள் காண்பது அறிவு
"உலகந் தழீஇய தொட்ப மலர்தலுங்
கூம்பலு மில்ல தறிவு",உலகம் தழீஇயது ஒட்பம் மலர்தலும் கூம்பலும் இல்லது அறிவு
"எவ்வ துறைவ துலக முலகத்தோ
டவ்வ துறைவ தறிவு",எவ்வது உறைவது உலகம் உலகத்தோடு அவ்வது உறைவது அறிவு
"அறிவுடையா ராவ தறிவா ரறிவிலா
ரஃதறி கல்லா தவர்",அறிவு உடையார் ஆவது அறிவார் அறிவிலார் அஃது அறிகல்லாதவர்
"அஞ்சுவ தஞ்சாமை பேதைமை யஞ்சுவ
தஞ்ச லறிவார் தொழில்",அஞ்சுவது அஞ்சாமை பேதைமை அஞ்சுவது அஞ்சல் அறிவார் தொழில்
"எதிரதாக் காக்கு மறிவினார்க் கில்லை
யதிர வருவதோர் நோய்",எதிரதாக் காக்கும் அறிவினார்க்கு இல்லை அதிர வருவது ஓர் நோய்
"அறிவுடையா ரெல்லா முடையா ரறிவிலா
ரென்னுடைய ரேனு மிலர்",அறிவு உடையார் எல்லாம் உடையார் அறிவு இலார் என் உடையரேனும் இலர்
"செருக்குஞ் சினமுஞ் சிறுமையு மில்லார்
பெருக்கம் பெருமித நீர்த்து",செருக்கும் சினமும் சிறுமையும் இல்லார் பெருக்கம் பெருமித நீர்த்து
"இவறலு மாண்பிறந்த மானமு மாணா
வுவகையு மேத மிறைக்கு",இவறலும் மாண்பு இறந்த மானமும் மாணா உவகையு்ம் ஏதம் இறைக்கு
"தினைத்துணையாங் குற்றம் வரினும் பனைத்துணையாக்
கொள்வர் பழிநாணு வார்",தினைத் துணையாம் குற்றம் வரினும் பனைத் துணையாக் கொள்வர் பழி நாணுவார்
"குற்றமே காக்க பொருளாக குற்றமே
யற்றந் தரூஉம் பகை",குற்றமே காக்க பொருளாக குற்றமே அற்றம் தரூஉம் பகை
"வருமுன்னர்க் காவாதான் வாழ்க்கை யெரிமுன்னர்
வைத்தூறு போலக் கெடும்",வரு முன்னர்க் காவாதான் வாழ்க்கை எரி முன்னர் வைத் தூறு போலக் கெடும்
"தன்குற்ற நீக்கிப் பிறர்குற்றங் காண்கிற்பி
னென்குற்ற மாகு மிறைக்கு",தன் குற்றம் நீங்கிப் பிறர் குற்றம் காண்கில் பின் என் குற்றம் ஆகும் இறைக்கு
"செயற்பால செய்யா திவறியான் செல்வ
முயற்பால தன்றிக் கெடும்",செயல் பால செய்யாது இவறியான் செல்வம் உயற்பாலது அன்றிக் கெடும்
"பற்றுள்ள மென்னு மிவறன்மை யெற்றுள்ளு
மெண்ணப் படுவதொன் றன்று",பற்று உள்ளம் என்னும் இவறன்மை எற்றுள்ளும் எண்ணப் படுவது ஒன்று அன்று
"வியவற்க வெஞ்ஞான்றுந் தன்னை நயவற்க
நன்றி பயவா வினை",வியவற்க எஞ்ஞான்றும் தன்னை நயவற்க நன்றி பயவா வினை
"காதல காத லறியாமை யுய்க்கிற்பின்
னேதில வேதிலார் நூல்",காதல காதல் அறியாமை உய்க்கிற்பின் ஏதில ஏதிலார் நூல்
"அறனறிந்து மூத்த வறிவுடையார் கேண்மை
திறனறிந்து தேர்ந்து கொளல்",அறன் அறிந்து மூத்த அறிவு உடையார் கேண்மை திறன் அறிந்து தேர்ந்து கொளல்
"உற்றநோய் நீக்கி யுறாஅமை முற்காக்கும்
பெற்றியார்ப் பேணிக் கொளல்",உற்ற நோய் நீக்கி உறாஅமை முன் காக்கும் பெற்றியார்ப் பேணிக் கொளல்
"அரியவற்று ளெல்லா மரிதே பெரியாரைப்
பேணித் தமராக் கொளல்",அரியவற்றுள் எல்லாம் அரிதே பெரியாரைப் பேணித் தமராக் கொளல்
"தம்மிற் பெரியார் தமரா வொழுகுதல்
வன்மையு ளெல்லாந் தலை",தம்மின் பெரியார் தமரா ஒழுகுதல் வன்மையுள் எல்லாம் தலை
"சூழ்வார்கண் ணாக வொழுகலான் மன்னவன்
சூழ்வாரைச் சூழ்ந்து கொளல்",சூழ்வார் கண்ணாக ஒழுகலான் மன்னவன் சூழ்வாரைச் சூழ்ந்து கொளல்
"தக்கா ரினத்தனாய்த் தானொழுக வல்லானைச்
செற்றார் செயக்கிடந்த தில்",தக்கார் இனத்தனாய்த் தான் ஒழுக வல்லானைச் செற்றார் செயக்கிடந்தது இல்
"இடிக்குந் துணையாரை யாள்வாரை யாரே
கெடுக்குந் தகைமை யவர்",இடிக்கும் துணையாரை ஆள்வாரை யாரே கெடுக்கும் தகைமையவர்
"இடிப்பாரை யில்லாத வேமரா மன்னன்
கெடுப்பா ரிலானுங் கெடும்",இடிப்பாரை இல்லாத ஏமரா மன்னன் கெடுப்பார் இலானும் கெடும்
"முதலிலார்க் கூதிய மில்லை மதலையாஞ்
சார்பிலார்க் கில்லை நிலை",முதல் இலார்க்கு ஊதியம் இல்லை மதலையாம் சார்பு இலார்க்கு இல்லை நிலை
"பல்லார் பகைகொளலிற் பத்தடுத்த தீமைத்தே
நல்லார் தொடர்கை விடல்",பல்லார் பகை கொளலின் பத்து அடுத்த தீமைத்தே நல்லார் தொடர் கைவிடல்
"சிற்றின மஞ்சும் பெருமை சிறுமைதான்
சுற்றமாச் சூழ்ந்து விடும்",சிற்றினம் அஞ்சும் பெருமை சிறுமைதான் சுற்றமாச் சூழ்ந்து விடும்
"நிலத்தியல்பா னீர்திரிந் தற்றாகு மாந்தர்க்
கினத்தியல்ப தாகு மறிவு",நிலத்து இயல்பான் நீர் திரிந்து அற்றாகும் மாந்தர்க்கு இனத்து இயல்பதாகும் அறிவு
"மனத்தானாம் மாந்தர்க் குணர்ச்சி இனத்தானாம்
இன்னான் எனப்படுஞ் சொல்",மனத்தான் ஆம் மாந்தர்க்கு உணர்ச்சி இனத்தான் ஆம் இன்னான் எனப்படும் சொல்
"மனத்துளது போலக் காட்டி யொருவற்
கினத்துள தாகு மறிவு",மனத்து உளது போல் காட்டி ஒருவற்கு இனத்து உளது ஆகும் அறிவு
"மனந்தூய்மை செய்வினை தூய்மை யிரண்டு
மினந்தூய்மை தூவா வரும்",மனம் தூய்மை செய்வினை தூய்மை இரண்டும் இனம் தூய்மை தூவா வரும்
"மனந்தூயார்க் கெச்சநன் றாகு மினந்தூயார்க்கு
கில்லைநன் றாகா வினை",மனம் தூயார்க்கு எச்சம் நன்று ஆகும் இனம் தூயார்க்கு இல்லை நன்று ஆகா வினை
"மனநல மன்னுயிர்க் காக்க மினநல
மெல்லாப் புகழுந் தரும்",மன நலம் மன் உயிர்க்கு ஆக்கம் இனநலம் எல்லாப் புகழும் தரும்
"மனநல நன்குடைய ராயினுஞ் சான்றோர்க்
கினநல மேமாப் புடைத்து",மன நலம் நன்கு உடையர் ஆயினும் சான்றோர்க்கு இன நலம் ஏமாப்பு உடைத்து
"மனநலத்தி னாகு மறுமைமற் றஃது
மினநலத்தி னேமாப் புடைத்து",மன நலத்தின் ஆகும் மறுமை மற்று அஃது இன நலத்தின் ஏமாப்பு உடைத்து
"நல்லினத்தி னூங்குத் துணையில்லை தீயினத்தி
னல்லற் படுப்பதூஉ மில்",நல் இனத்தின் ஊங்குத் துணை இல்லை தீ இனத்தின் அல்லல் படுப்பதூஉம் இல்
"அழிவதூஉ மாவதூஉ மாகி வழிபயக்கு
மூதியமுஞ் சூழ்ந்து செயல்",அழிவதூஉம் ஆவதூஉம் ஆகி வழி பயக்கும் ஊதியமும் சூழ்ந்து செயல்
"தெரிந்தவினத் தொடு தேர்ந்தெண்ணிச் செய்வார்க்
கரும்பொருள் யாதொன்று மில்",தெரிந்த இனத்தொடு தேர்ந்து எண்ணிச் செய்வார்க்கு அரும் பொருள் யாது ஒன்றும் இல்
"ஆக்கம் கருதி முதலிழக்கும் செய்வினை
ஊக்கார் அறிவுடை யார்",ஆக்கம் கருதி முதல் இழக்கும் செய் வினை ஊக்கார் அறிவுடையார்
"தெளிவி லதனைத் தொடங்கார் இளிவென்னும்
ஏதப்பாடு அஞ்சு பவர்",தெளிவு இலதனைத் தொடங்கார் இளிவு என்னும் ஏதப்பாடு அஞ்சுபவர்
"வகையறச் சூழா தெழுதல் பகைவரைப்
பாத்திப் படுப்பதோ ராறு",வகை அறச் சூழாது எழுதல் பகைவரைப் பாத்திப் படுப்பது ஓர் ஆறு
"செய்தக்க வல்ல செயக்கெடுஞ் செய்தக்க
செய்யாமை யானுங் கெடும்",செய் தக்க அல்ல செயக் கெடும் செய் தக்க செய்யாமையானும் கெடும்
"எண்ணித் துணிக கருமந் துணிந்தபி
னெண்ணுவ மென்ப திழுக்கு",எண்ணித் துணிக கருமம் துணிந்த பின் எண்ணுவம் என்பது இழுக்கு
"ஆற்றின் வருந்தா வருத்தம் பலர்நின்று
போற்றினும் பொத்துப் படும்",ஆற்றின் வருந்தா வருத்தம் பலர் நின்று போற்றினும் பொத்துப் படும்
"நன்றாற்ற லுள்ளுந் தவறுண் டவரவர்
பண்பறிந் தாற்றாக் கடை",நன்று ஆற்றல் உள்ளும் தவறு உண்டு அவர் அவர் பண்பு அறிந்து ஆற்றாக் கடை
"எள்ளாத வெண்ணிச் செயல்வேண்டுந் தம்மொடு
கொள்ளாத கொள்ளா வுலகு",எள்ளாத எண்ணிச் செயல் வேண்டும் தம்மொடு கொள்ளாத கொள்ளாது உலகு
"வினைவலியுந் தன்வலியு மாற்றான் வலியுந்
துணைவலியுந் தூக்கிச் செயல்",வினை வலியும் தன் வலியும் மாற்றான் வலியும் துணை வலியும் தூக்கிச் செயல்
"உடைத்தம் வலியறியா ரூக்கத்தி னூக்கி
யிடைக்கண் முரிந்தார் பலர்",உடைத் தம் வலி அறியார் ஊக்கத்தின் ஊக்கி இடைக்கண் முரிந்தார் பலர்
"அமைந்தாங் கொழுகா னளவறியான் றன்னை
வியந்தான் விரைந்து கெடும்",அமைந்து ஆங்கு ஒழுகான் அளவு அறியான் தன்னை வியந்தான் விரைந்து கெடும்
"பீலிபெய் சாகாடு மச்சிறு மப்பண்டஞ்
சால மிகுத்துப் பெயின்",பீலி பெய் சாகாடும் அச்சு இறும் அப்பண்டம் சால மிகுத்துப் பெயின்
"நுனிக்கொம்ப ரேறினா ரஃதிறந் தூக்கி
னுயிர்க்கிறுதி யாகி விடும்",நுனிக் கொம்பர் ஏறினார் அஃது இறந்து ஊக்கின் உயிர்க்கு இறுதி ஆகி விடும்
"ஆற்றின் அளவறிந் தீக வதுபொருள்
போற்றி வழங்கு நெறி",ஆற்றின் அளவு அறிந்து ஈக அது பொருள் போற்றி வழங்கும் நெறி
"ஆகாறளவு இட்டி தாயினுங் கேடில்லை
போகா றகலாக் கடை",ஆகு ஆறு அளவு இட்டிது ஆயினும் கேடு இல்லை போகு ஆறு அகலாக் கடை
"அளவறிந்து வாழாதான் வாழ்க்கை யுளபோல
வில்லாகித் தோன்றாக் கெடும்",அளவு அறிந்து வாழாதான் வாழ்க்கை உள போல இல்லாகித் தோன்றாக் கெடும்
"உளவரை தூக்காத வொப்புர வாண்மை
வளவரை வல்லைக் கெடும்",உள வரை தூக்காத ஒப்புரவு ஆண்மை வள வரை வல்லைக் கெடும்
"பகல்வெல்லுங் கூகையைக் காக்கை யிகல்வெல்லும்
வேந்தர்க்கு வேண்டும் பொழுது",பகல் வெல்லும் கூகையைக் காக்கை இகல் வெல்லும் வேந்தர்க்கு வேண்டும் பொழுது
"பருவத்தோ டொட்ட வொழுக றிருவினைத்
தீராமை யார்க்குங் கயிறு",பருவத்தோடு ஒட்ட ஒழுகல் திருவினைத் தீராமை ஆர்க்கும் கயிறு
"அருவினை யென்ப வுளவோ கருவியாற்
கால மறிந்து செயின்",அருவினை என்ப உளவோ கருவியான் காலம் அறிந்து செயின்
"ஞாலங் கருதினுங் கைகூடுங் காலங்
கருதி யிடத்தாற் செயின்",ஞாலம் கருதினும் கைகூடும் காலம் கருதி இடத்தான் செயின்
"காலங் கருதி யிருப்பர் கலங்காது
ஞாலங் கருது பவர்",காலம் கருதி இருப்பர் கலங்காது ஞாலம் கருதுபவர்
"ஊக்க முடையா னொடுக்கம் பொருதகர்
தாக்கற்குப் பேருந் தகைத்து",ஊக்கம் உடையான் ஒடுக்கம் பொரு தகர் தாக்கற்குப் பேருந் தகைத்து
"பொள்ளென வாங்கே புறம்வேரார் காலம்பார்த்
துள்வேர்ப்ப ரொள்ளி யவர்",பொள் என ஆங்கே புறம் வேரார் காலம் பார்த்து உள் வேர்ப்பர் ஒள்ளியவர்
"செறுநரைக் காணிற் சுமக்க விறுவரை
காணிற் கிழக்காந் தலை",செறுநரைக் காணின் சுமக்க இறுவரை காணின் கிழக்காம் தலை
"எய்தற் கரிய தியைந்தக்கா லந்நிலையே
செய்தற் கரிய செயல்",எய்தற்கு அரியது இயைந்தக்கால் அந்நிலையே செய்தற்கு அரிய செயல்
"கொக்கொக்க கூம்பும் பருவத்து மற்றதன்
குத்தொக்க சீர்த்த விடத்து",கொக்கு ஒக்க கூம்பும் பருவத்து மற்று அதன் குத்து ஒக்க சீர்த்த இடத்து
"தொடங்கற்க வெவ்வினையு மெள்ளற்க முற்று
மிடங்கண்ட பின்னல் லது",தொடங்கற்க எவ் வினையும் எள்ளற்க முற்றும் இடம் கண்டபின் அல்லது
"முரண்சேர்ந்த மொய்ம்பி னவர்க்கு மரண்சேர்ந்தா
மாக்கம் பலவுந் தரும்",முரண் சேர்ந்த மொய்ம்பினவர்க்கும் அரண் சேர்ந்து ஆம் ஆக்கம் பலவும் தரும்
"ஆற்றாரு மாற்றி யடுப விடனறிந்து
போற்றார்கட் போற்றிச் செயின்",ஆற்றாரும் ஆற்றி அடுப இடன் அறிந்து போற்றார் கண் போற்றிச் செயின்
"எண்ணியா ரெண்ண மிழப்ப ரிடனறிந்து
துன்னியார் துன்னிச் செயின்",எண்ணியார் எண்ணம் இழப்பர் இடன் அறிந்து துன்னியார் துன்னிச் செயின்
"நெடும்புனலுள் வெல்லு முதலை யடும்புனலி
னீங்கி னதனைப் பிற",நெடும் புனலுள் வெல்லும் முதலை அடும் புனலின் நீங்கின் அதனைப் பிற
"கடலோடா கால்வ னெடுந்தேர் கடலோடு
நாவாயு மோடா நிலத்து",கடல் ஓடா கால் வல் நெடும் தேர் கடல் ஓடும் நாவாயும் ஓடா நிலத்து
"அஞ்சாமை யல்லாற் றுணைவேண்டா வெஞ்சாமை
யெண்ணி யிடத்தாற் செயின்",அஞ்சாமை அல்லால் துணை வேண்டா எஞ்சாமை எண்ணி இடத்தான் செயின்
"சிறுபடையான் செல்லிடஞ் சேரி னுறுபடையா
னூக்க மழிந்து விடும்",சிறு படையான் செல் இடம் சேரின் உறு படையான் ஊக்கம் அழிந்து விடும்
"சிறைநலனுஞ் சீரு மிலரெனினு மாந்த
ருறைநிலத்தோ டொட்ட லரிது",சிறை நிலனும் சீரும் இலர் எனினும் மாந்தர் உறை நிலத்தோடு ஒட்டல் அரிது
"காலாழ் களரி னரியடுங் கண்ணஞ்சா
வேலாண் முகத்த களிறு",கால் ஆழ் களரின் நரி அடும் கண் அஞ்சா வேல் ஆள் முகத்த களிறு
"அறம்பொரு ளின்ப முயிரச்ச நான்கின்
றிறந்தெரிந்து தேறப் படும்",அறம் பொருள் இன்பம் உயிர் அச்சம் நான்கின் திறம் தெரிந்து தேறப் படும்
"குடிப்பிறந்து குற்றத்தி னீங்கி வடுப்பரியு
நாணுடையான் கட்டே தெளிவு",குடிப் பிறந்து குற்றத்தின் நீங்கி வடுப் பரியும் நாண் உடையான் கட்டே தெளிவு
"அரியகற் றாசற்றார் கண்ணுந் தெரியுங்கா
லின்மை யரிதே வெளிறு",அரிய கற்று ஆசு அற்றார் கண்ணும் தெரியுங்கால் இன்மை அரிதே வெளிறு
"குணநாடிக் குற்றமு நாடி யவற்றுண்
மிகைநாடி மிக்க கொளல்",குணம் நாடிக் குற்றமும் நாடி அவற்றுள் மிகை நாடி மிக்க கொளல்
"பெருமைக்கு மேனைச் சிறுமைக்குந் தத்தங்
கருமமே கட்டளைக் கல்",பெருமைக்கும் ஏனைச் சிறுமைக்கும் தத்தம் கருமமே கட்டளைக் கல்
"அற்றாரைத் தேறுத லோம்புக மற்றவர்
பற்றிலர் நாணார் பழி",அற்றாரைத் தேறுதல் ஒம்புக மற்று அவர் பற்று இலர் நாணார் பழி
"காதன்மை கந்தா வறிவறியார்த் தேறுதல்
பேதைமை யெல்லாந் தரும்",காதன்மை கந்தா அறிவு அறியார்த் தேறுதல் பேதைமை எல்லாம் தரும்
"தேரான் பிறனைத் தெளிந்தான் வழிமுறை
தீரா விடும்பை தரும்",தேரான் பிறனைத் தெளிந்தான் வழிமுறை தீரா இடும்பை தரும்
"தேறற்க யாரையுந் தேராது தேர்ந்தபின்
றேறுக தேறும் பொருள்",தேறற்க யாரையும் தேராது தேர்ந்த பின் தேறுக தேறும் பொருள்
"தேரான் றெளிவுந் தெளிந்தான்க ணையுறவுந்
தீரா விடும்பை தரும்",தேரான் தெளிவும் தெளிந்தான் கண் ஐயுறவும் தீரா இடும்பை தரும்
"நன்மையுந் தீமையு நாடி நலம்புரிந்த
தன்மையா னாளப் படும்",நன்மையும் தீமையும் நாடி நலம் புரிந்த தன்மையான் ஆளப் படும்
"வாரி பெருக்கி வளம்படுத் துற்றவை
யாராய்வான் செய்க வினை",வாரி பெருக்கி வளம் படுத்து உற்றவை ஆராய்வான் செய்க வினை
"அன்பறிவு தேற்ற மவாவின்மை யிந்நான்கு
நன்குடையான் கட்டே தெளிவு",அன்பு அறிவு தேற்றம் அவா இன்மை இந்நான்கும் நன்கு உடையான் கட்டே தெளிவு
"எனைவகையாற் றேறியக் கண்ணும் வினைவகையான்
வேறாகு மாந்தர் பலர்",எனை வகையான் தேறியக் கண்ணும் வினை வகையான் வேறு ஆகும் மாந்தர் பலர்
"அறிந்தாற்றிச் செய்கிற்பாற் கல்லால் வினைதான்
சிறந்தானென் றேவற்பாற் றன்று",அறிந்து ஆற்றிச் செய்கிற்பாற்கு அல்லால் வினைதான் சிறந்தான் என்று ஏவற்பாற்று அன்று
"செய்வானை நாடி வினைநாடிக் காலத்தோ
டெய்த வுணர்ந்து செயல்",செய்வானை நாடி வினை நாடிக் காலத்தோடு எய்த உணர்ந்து செயல்
"இதனை யிதனா லிவன்முடிக்கு மென்றாய்ந்
ததனை யவன்கண் விடல்",இதனை இதனால் இவன் முடிக்கும் என்று ஆய்ந்து அதனை அவன்கண் விடல்
"வினைக்குரிமை நாடிய பின்றை யவனை
யதற்குரிய னாகச் செயல்",வினைக்கு உரிமை நாடிய பின்றை அவனை அதற்கு உரியனாகச் செயல்
"வினைக்கண் வினையுடையான் கேண்மைவே றாக
நினைப்பானை நீங்குந் திரு",வினைக்கண் வினை உடையான் கேண்மை வேறு ஆக நினைப்பானை நீங்கும் திரு
"நாடோறு நாடுக மன்னன் வினைசெய்வான்
கோடாமை கோடா துலகு",நாள் தோறும் நாடுக மன்னன் வினை செய்வான் கோடாமை கோடாது உலகு
"பற்றற்ற கண்ணும் பழைமைபா ராட்டுதல்
சுற்றத்தார் கண்ணே யுள",பற்று அற்ற கண்ணும் பழைமை பாராட்டுதல் சுற்றத்தார் கண்ணே உள
"விருப்பறாச் சுற்ற மியையி னருப்பறா
வாக்கம் பலவுந் தரும்",விருப்பு அறாச் சுற்றம் இயையின் அருப்பு அறா ஆக்கம் பலவும் தரும்
"அளவளா வி்ல்லாதான் வாழ்க்கை குளவளாக்
கோடின்றி நீர்நிறைந் தற்று",அளவளாவு இல்லாதான் வாழ்க்கை குள வளாக் கோடு இன்றி நீர் நிறைந்து அற்று
"சுற்றத்தாற் சுற்றப்பட வொழுகல் செல்வந்தான்
பெற்றத்தாற் பெற்ற பயன்",சுற்றத்தால் சுற்றப்பட ஒழுகல் செல்வம்தான் பெற்றத்தால் பெற்ற பயன்
"கொடுத்தலு மின்சொலு மாற்றி னடுக்கிய
சுற்றத்தாற் சுற்றப் படும்",கொடுத்தலும் இன்சொலும் ஆற்றின் அடுக்கிய சுற்றத்தான் சுற்றப்படும்
"பெருங்கொடையான் பேணான் வெகுளி யவனின்
மருங்குடையார் மாநிலத் தில்",பெரும் கொடையான் பேணான் வெகுளி அவனின் மருங்கு உடையார் மாநிலத்து இல்
"காக்கை கரவா கரைந்துண்ணு மாக்கமு
மன்னநீ ரார்க்கே யுள",காக்கை கரவா கரைந்து உண்ணும் ஆக்கமும் அன்ன நீரார்க்கே உள
"பொதுநோக்கான் வேந்தன் வரிசையா நோக்கி
னதுநோக்கி வாழ்வார் பலர்",பொது நோக்கான் வேந்தன் வரிசையா நோக்கின் அது நோக்கி வாழ்வார் பலர்
"தமராகித் தற்றுறந்தார் சுற்ற மமராமைக்
காரண மின்றி வரும்",தமர் ஆகித் தன் துறந்தார் சுற்றம் அமராமைக் காரணம் இன்றி வரும்
"உழைப்பிரிந்து காரணத்தின் வந்தானை வேந்த
னிழைத்திருந் தெண்ணிக் கொளல்",உழைப் பிரிந்து காரணத்தின் வந்தானை வேந்தன் இழைத்து இருந்து எண்ணிக் கொளல்
"இறந்த வெகுளியிற் றீதே சிறந்த
வுவகை மகிழ்ச்சியிற் சோர்வு",இறந்த வெகுளியின் தீதே சிறந்த உவகை மகிழ்ச்சியின் சோர்வு
"பொச்சாப்புக் கொல்லும் புகழை யறிவினை
நிச்ச நிரப்புக்கொன் றாங்கு",பொச்சாப்புக் கொல்லும் புகழை அறிவினை நிச்ச நிரப்புக் கொன்றாங்கு
"பொச்சாப்பார்க் கில்லை புகழ்மை யதுவுலகத்
தெப்பா னூலோர்க்குந் துணிவு",பொச்சாப்பார்க்கு இல்லை புகழ்மை அது உலகத்து எப்பால் நூலோர்க்கும் துணிவு
"அச்ச முடையார்க் கரணில்லை யாங்கில்லை
பொச்சாப் புடையார்க்கு நன்கு",அச்சம் உடையார்க்கு அரண் இல்லை ஆங்கு இல்லை பொச்சாப்பு உடையார்க்கு நன்கு
"முன்னுறக் காவா திழுக்கியான் றன்பிழை
பின்னூ றிரங்கி விடும்",முன்னுறக் காவாது இழுக்கியான் தன் பிழை பின் ஊறு இரங்கி விடும்
"இழுக்காமை யார்மாட்டு மென்றும் வழுக்காமை
வாயி னஃதுவொப்ப தில்",இழுக்காமை யார் மாட்டும் என்றும் வழுக்காமை வாயின் அது ஒப்பது இல்
"அரியவென் றாகாத வில்லைபொச் சாவாக்
கருவியாற் போற்றிச் செயின்",அரிய என்று ஆகாத இல்லை பொச்சாவாக் கருவியான் போற்றிச் செயின்
"புகழ்ந்தவை போற்றிச் செயல்வேண்டுஞ் செய்யா
திகழ்ந்தார்க் கெழுமையு மில்",புகழ்ந்தவை போற்றிச் செயல் வேண்டும் செய்யாது இகழ்ந்தார்க்கு எழுமையும் இல்
"இகழ்ச்சியிற் கெட்டாரை யுள்ளுக தாந்தம்
மகிழ்ச்சியின் மைந்துறும் போழ்து",இகழ்ச்சியின் கெட்டாரை உள்ளுக தாம் தம் மகிழ்ச்சியின் மைந்து உறும் பொழுது
"உள்ளிய தெய்த லெளிதுமன் மற்றுந்தா
னு்ள்ளிய துள்ளப் பெறின்",உள்ளியது எய்தல் எளிதுமன் மற்றும்தான் உள்ளியது உள்ளப் பெறின்
"ஓர்ந்துகண் ணோடா திறைபுரிந் தியார்மாட்டுந்
தேர்ந்துசெய் வஃதே முறை",ஓர்ந்து கண்ணோடாது இறை புரிந்து யார் மாட்டும் தேர்ந்து செய்வஃதே முறை
"வானோக்கி வாழு முலகெல்லா மன்னவன்
கோனோக்கி வாழுங் குடி",வான் நோக்கி வாழும் உலகு எல்லாம் மன்னவன் கோல் நோக்கி வாழும் குடி
"அந்தணர் நூற்கு மறத்திற்கு மாதியாய்
நின்றது மன்னவன் கோல்",அந்தணர் நூற்கும் அறத்திற்கு ஆதியாய் நின்றது மன்னவன் கோல்
"குடிதழீஇக் கோலோச்சு மாநில மன்ன
னடிதழீஇ நிற்கு முலகு",குடி தழீஇக் கோல் ஓச்சும் மாநில மன்னன் அடி தழீஇ நிற்கும் உலகு
"இயல்புளிக் கோலோச்சு மன்னவ னாட்ட
பெயலும் விளையுளுந் தொக்கு",இயல்புளிக் கோல் ஓச்சும் மன்னவன் நாட்ட பெயலும் விளையுளும் தொக்கு
"வேலன்று வென்றி தருவது மன்னவன்
கோலதூஉங் கோடா தெனின்",வேல் அன்று வென்றி தருவது மன்னவன் கோல் அதூஉம் கோடாது எனின்
"இறைகாக்கும் வையக மெல்லா மவனை
முறைகாக்கும் முட்டாச் செயின்",இறை காக்கும் வையகம் எல்லாம் அவனை முறை காக்கும் முட்டாச் செயின்
"எண்பதத்தா னோரா முறைசெய்யா மன்னவன்
றண்பதத்தாற் றானே கெடும்",எண் பதத்தான் ஓரா முறை செய்யா மன்னவன் தண் பதத்தான் தானே கெடும்
"குடிபுறங் காத்தோம்பிக் குற்றங் கடிதல்
வடுவன்று வேந்தன் றொழில்",குடி புறம் காத்து ஓம்பிக் குற்றம் கடிதல் வடு அன்று வேந்தன் தொழில்
"கொலையிற் கொடியாரை வேந்தொறுத்தல் பைங்கூழ்
களைகட் டதனொடு நேர்",கொலையின் கொடியாரை வேந்து ஒறுத்தல் பைங்கூழ் களை கட்டதனொடு நேர்
"கொலைமேற் கொண்டாரிற் கொடிதே யலைமேற்கொண்
டல்லவை செய்தொழுகும் வேந்து",கொலை மேற்கொண்டாரின் கொடிதே அலை மேற்கொண்டு அல்லவை செய்து ஒழுகும் வேந்து
"வேலொடு நின்றா னிடுவென் றதுபோலுங்
கோலொடு நின்றா னிரவு",வேலொடு நின்றான் இடு என்றது போலும் கோலொடு நின்றான் இரவு
"நாடொறு நாடி முறைசெய்ய மன்னவ
னாடொறு நாடு கெடும்",நாள்தொறும் நாடி முறைசெய்யா மன்னவன் நாள்தொறும் நாடு கெடும்
"கூழுங் குடியு மொருங்கிழக்குங் கோல்கோடிச்
சூழாது செய்ய மரசு",கூழும் குடியும் ஒருங்கு இழக்கும் கோல் கோடிச் சூழாது செய்யும் அரசு
"அல்லற்பட் டாற்றா தழுதகண் ணீரன்றே
செல்வத்தைத் தேய்க்கும் படை",அல்லல்பட்டு ஆற்றாது அழுத கண்ணீர் அன்றே செல்வத்தைத் தேய்க்கும் படை
"மன்னர்க்கு மன்னுதல் செங்கோன்மை யஃதின்றேன்
மன்னாவா மன்னர்க் கொளி",மன்னர்க்கு மன்னுதல் செங்கோன்மை அஃது இன்றேல் மன்னாவாம் மன்னர்க்கு ஒளி
"துளியின்மை ஞாலத்திற் கெற்றற்றே வேந்த
னளியின்மை வாழு முயிர்க்கு",துளி இன்மை ஞாலத்திற்கு எற்று அற்றே வேந்தன் அளி இன்மை வாழும் உயிர்க்கு
"இன்மையி னி்ன்னா துடைமை முறைசெய்யா
மன்னவன் கோற்கீழ்ப் படின்",இன்மையின் இன்னாது உடைமை முறை செய்யா மன்னவன் கோல் கீழ்ப் படின்
"முறைகோடி மன்னவன் செய்யி னுறைகோடி
யொல்லாது வானம் பெயல்",முறை கோடி மன்னவன் செய்யின் உறை கோடி ஒல்லாது வானம் பெயல்
"ஆபயன் குன்று மறுதொழிலோர் நூன்மறப்பர்
காவலன் காவா னெனின்",ஆ பயன் குன்றும் அறு தொழிலோர் நூல் மறப்பர் காவலன் காவான் எனின்
"தக்காங்கு நாடித் தலைச்செல்லா வண்ணத்தா
லொத்தாங் கொறுப்பது வேந்து",தக்காங்கு நாடித் தலைச்செல்லா வண்ணத்தால் ஒத்தாங்கு ஒறுப்பது வேந்து
"கடிதோச்சி மெல்ல வெறிக நெடிதாக்க
நீங்காமை வேண்டு பவர்",கடிது ஓச்சி மெல்ல எறிக நெடிது ஆக்கம் நீங்காமை வேண்டுபவர்
"வெருவந்த செய்தொழுகும் வெங்கோல னாயி
னொருவந்த மொல்லைக் கெடும்",வெருவந்த செய்து ஒழுகும் வெம் கோலன் ஆயின் ஒருவந்தம் ஒல்லைக் கெடும்
"இறைகடிய னென்றுரைக்கு மின்னாச்சொல் வேந்த
னுறைகடுகி யொல்லைக் கெடும்",இறை கடியன் என்று உரைக்கும் இன்னாச்சொல் வேந்தன் உறை கடுகி ஒல்லைக் கெடும்
"அருஞ்செவ்வி யின்னா முகத்தான் பெருஞ்செல்வம்
பேஎய்கண் டன்ன துடைத்து",அரும் செவ்வி இன்னா முகத்தான் பெரும் செல்வம் பேஎய் கண்டு அன்னது உடைத்து
"கடுஞ்சொல்லன் கண்ணில னாயி னெடுஞ்செல்வ
நீடின்றி யாங்கே கெடும்",கடும் சொல்லன் கண் இலன் ஆயின் நெடும் செல்வம் நீடு இன்றி ஆங்கே கெடும்
"கடுமொழியுங் கையிகந்த தண்டமும் வேந்த
னடுமுரண் டேய்க்கு மரம்",கடு மொழியும் கை இகந்த தண்டமும் வேந்தன் அடு முரண் தேய்க்கும் அரம்
"இனத்தாற்றி யெண்ணாத வேந்தன் சினத்தாற்றிச்
சீறிற் சிறுகுந் திரு",இனத்து ஆற்றி எண்ணாத வேந்தன் சினத்து ஆற்றிச் சீறின் சிறுகும் திரு
"செருவந்த போழ்திற் சிறைசெய்யா வேந்தன்
வெருவந்து வெய்து கெடும்",செரு வந்த போழ்தில் சிறை செய்யா வேந்தன் வெருவந்து வெய்து கெடும்
"கல்லார்ப் பிணிக்குங் கடுங்கோ லதுவல்ல
தில்லை நிலக்குப் பொறை",கல்லார்ப் பிணிக்கும் கடும்கோல் அதுவல்லது இல்லை நிலக்குப் பொறை
"கண்ணோட்ட மென்னுங் கழிபெருங் காரிகை
யுண்மையா னுண்டிவ் வுலகு",கண்ணோட்டம் என்னும் கழி பெரும் காரிகை உண்மையான் உண்டு இவ் உலகு
"கண்ணோட்டத் துள்ள துலகிய லஃதிலா
ருண்மை நிலக்குப் பொறை",கண்ணோட்டத்து உள்ளது உலகியல் அஃது இலார் உண்மை நிலக்குப் பொறை
"பண்ணென்னாம் பாடற் கியைபின்றேற் கண்ணென்னாங்
கண்ணோட்ட மில்லாத கண்",பண் என்னாம் பாடற்கு இயைபு இன்றேல் கண் என்னாம் கண்ணோட்டம் இல்லாத கண்
"உளபோன் முகத்தெவன் செய்யு மளவினாற்
கண்ணோட்ட மில்லாத கண்",உளபோல் முகத்து எவன் செய்யும் அளவினான் கண்ணோட்டம் இல்லாத கண்
"கண்ணிற் கணிகலங் கண்ணோட்ட மஃதின்றேற்
புண்ணென் றுணரப் படும்",கண்ணிற்கு அணிகலம் கண்ணோட்டம் அஃது இன்றேல் புண் என்று உணரப்படும்
"மண்ணோ டியைந்த மரத்தனையர் கண்ணோ
டியைந்துகண் ணோடா தவர்",மண்ணோடு இயைந்த மரத்து அனையர் கண்ணோடு இயைந்து கண்ணோடாதவர்
"கண்ணோட்ட மில்லவர் கண்ணிலர் கண்ணுடையார்
கண்ணோட்ட மின்மையு மில்",கண்ணோட்டம் இல்லவர் கண் இலர் கண் உடையார் கண்ணோட்டம் இன்மையும் இல்
"கருமஞ் சிதையாமற் கண்ணோட வல்லார்க்
குரிமை யுடைத்திவ் வுலகு",கருமம் சிதையாமல் கண்ணோட வல்லார்க்கு உரிமை உடைத்து இவ் உலகு
"ஒறுத்தாற்றும் பண்பினார் கண்ணுங்கண் ணோடிப்
பொறுத்தாற்றும் பண்பே தலை",ஒறுத்து ஆற்றும் பண்பினார் கண்ணும் கண்ணோடிப் பொறுத்து ஆற்றும் பண்பே தலை
"பெயக்கண்டு நஞ்சுண் டமைவர் நயத்தக்க
நாகரிகம் வேண்டு பவர்",பெயக் கண்டும் நஞ்சு உண்டு அமைவர் நயத் தக்க நாகரிகம் வேண்டுபவர்
"ஒற்றுமுரை சான்ற நூலு மிவையிரண்டுந்
தெற்றென்க மன்னவன் கண்",ஒற்றும் உரைசான்ற நூலும் இவை இரண்டும் தெற்றென்க மன்னவன் கண்
"எல்லார்க்கு மெல்ல நிகழ்பவை யெஞ்ஞான்றும்
வல்லறிதல் வேந்தன் றொழில்",எல்லார்க்கும் எல்லாம் நிகழ்பவை யெஞ்ஞான்றும் வல் அறிதல் வேந்தன் தொழில்
"ஒற்றினா னொற்றிப் பொருடெரியா மன்னவன்
கொற்றங் கொளக்கிடந்த தில்",ஒற்றினான் ஒற்றிப் பொருள் தெரியா மன்னவன் கொற்றம் கொளக் கிடந்தது இல்
"வினைசெய்வார் தஞ்சுற்றம் வேண்டாதா ரென்றாங்
கனைவரையு மாராய்வ தொற்று",வினை செய்வார் தம் சுற்றம் வேண்டாதார் என்று ஆங்கு அனைவரையும் ஆய்வது ஒற்று
"கடாஅவுரு வொடு கண்ணஞ்சா தியாண்டு
முகாஅமை வல்லதே யொற்று",கடாஅ உருவொடு கண் அஞ்சாது யாண்டும் உகாஅமை வல்லதே ஒற்று
"துறந்தார் படிவத்த ராகி யிறந்தாராய்ந்
தென்செயினுஞ் சோர்வில தொற்று",துறந்தார் படிவத்தர் ஆகி இறந்து ஆராய்ந்து என் செயினும் சோர்வு இலது ஒற்று
"மறைந்தவை கேட்கவற் றாகி யறிந்தவை
யையப்பா டில்லதே யொற்று",மறைந்தவை கேட்க வற்று ஆகி அறிந்தவை ஐயப்பாடு இல்லதே ஒற்று
"ஒற்றொற்றித் தந்த பொருளையு மற்றுமோ
ரொற்றினா லொற்றிக் கொளல்",ஒற்று ஒற்றித் தந்த பொருளையும் மற்றும் ஓர் ஒற்றினால் ஒற்றிக் கொளல்
"ஒற்றொற் றுணராமை யாள்க வுடன்மூவர்
சொற்றொக்க தேறப் படும்",ஒற்று ஒற்று உணராமை ஆள்க உடன் மூவர் சொல் தொக்க தேறப் படும்
"சிறப்பறிய வொற்றின்கட் செய்யற்க செய்யிற்
புறப்படுத்தா னாகு மறை",சிறப்பு அறிய ஒற்றின்கண் செய்யற்க செய்யின் புறப்படுத்தான் ஆகும் மறை
"உடைய ரெனப்படுவ தூக்கமஃ தில்லா
ருடைய துடையரோ மற்று",உடையர் எனப்படுவது ஊக்கம் அஃது இல்லார் உடையது உடையரோ மற்று
"உள்ள முடைமை யுடைமை பொருளுடைமை
நில்லாது நீங்கி விடும்",உள்ளம் உடைமை உடைமை பொருள் உடைமை நில்லாது நீங்கி விடும்
"ஆக்க மிழந்தேமென் றல்லாவா ரூக்க
மொருவந்தங் கைத்துடை யார்",ஆக்கம் இழந்தேம் என்று அல்லாவார் ஊக்கம் ஒருவந்தம் கைத்து உடையார்
"ஆக்க மதர்வினாய்ச் செல்லு மசைவிலா
வூக்க முடையா னுழை",ஆக்கம் அதர் வினாய்ச் செல்லும் அசைவு இலா ஊக்கம் உடையான் உழை
"வெள்ளத் தனைய மலர்நீட்ட மாந்தர்த
முள்ளத் தனைய துயர்வு",வெள்ளத்து அனைய மலர் நீ்ட்டம் மாந்தர் தம் உள்ளத்து அனையது உயர்வு
"உள்ளுவ தெல்லா முயர்வுள்ளன் மற்றது
தள்ளினுந் தள்ளாமை நீர்த்து",உள்ளுவது எல்லாம் உயர்வு உள்ளல் மற்று அது தள்ளினும் தள்ளாமை நீர்த்து
"சிதைவிடத் தொல்கா ருரவோர் புதையம்பிற்
பட்டுப்பா டூன்றுங் களிறு",சிதைவு இடத்து ஒல்கார் உரவோர் புதை அம்பின் பட்டுப் பாடு ஊன்றும் களிறு
"உள்ள மிலாதவ ரெய்தா ருலகத்து
வள்ளிய ரென்னுஞ் செருக்கு",உள்ளம் இலாதவர் எய்தார் உலகத்து வள்ளியர் என்னும் செருக்கு
"பரியது கூர்ங்கோட்ட தாயினும் யானை
வெரூஉம் புலிதாக் குறின்",பரியது கூர்ங் கோட்டது ஆயினும் யானை வெரூஉம் புலி தாக்குறின்
"உரமொருவற் குள்ள வெறுக்கையஃ தில்லார்
மரமக்க ளாதலே வேறு",உரம் ஒருவற்கு உள்ள வெறுக்கை அஃது இல்லார் மரம் மக்கள் ஆதலே வேறு
"குடியென்னுங் குன்றா விளக்க மடியென்னு
மாசூர மாய்ந்து விடும்",குடி என்னும் குன்றா விளக்கம் மடி என்னும் மாசு ஊர மாய்ந்து விடும்
"மடியை மடியா வொழுகல் குடியைக்
குடியாக வேண்டு பவர்",மடியை மடியா ஒழுகல் குடியைக் குடியாக வேண்டுபவர்
"மடிமடிக் கொண்டொழுகும் பேதை பிறந்த
குடிமடியுந் தன்னினு முந்து",மடி மடிக்கொண்டு ஒழுகும் பேதை பிறந்த குடி மடியும் தன்னினும் முந்து
"குடிமடிந்து குற்றம் பெருகு மடிமடிந்து
மாண்ட வுஞற்றில வர்க்கு",குடி மடிந்து குற்றம் பெருகும் மடி மடிந்து மாண்ட உஞற்று இலவர்க்கு
"நெடுநீர் மறவி மடிதுயி னான்குங்
கெடுநீரார் காமக் கலன்",நெடுநீர் மறவி மடி துயில் நான்கும் கெடும் நீரார் காமக் கலன்
"படியுடையார் பற்றமைந்தக் கண்ணு மடியுடையார்
மாண்பய னெய்த லரிது",படி உடையார் பற்று அமைந்தக் கண்ணும் மடி உடையார் மாண் பயன் எய்தல் அரிது
"இடிபுரிந் தெள்ளுஞ்சொற் கேட்பர் மடிபுரிந்து
மாண்ட வுஞற்றி லவர்",இடி புரிந்து எள்ளும் சொல் கேட்பர் மடி புரிந்து மாண்ட உஞற்று இலவர்
"மடிமை குடிமைக்கட் டங்கி்ற்றன் னொன்னார்க்
கடிமை புகுத்தி விடும்",மடிமை குடிமைக் கண் தங்கின் தன் ஒன்னார்க்கு அடிமை புகுத்தி விடும்
"குடியாண்மை யுள்வந்த குற்றம் ஒருவன்
மடியாண்மை மாற்றக் கெடும்",குடி ஆண்மையுள் வந்த குற்றம் ஒருவன் மடி ஆண்மை மாற்றக் கெடும்
"மடியிலா மன்னவ னெய்து மடியளந்தான்
றாஅய தெல்லா மொருங்கு",மடி இலா மன்னவன் எய்தும் அடி அளந்தான் தாஅயது எல்லாம் ஒருங்கு
"அருமை யுடைத்தென் றசாவாமை வேண்டும்
பெருமை முயற்சி தரும்",அருமை உடைத்து என்று அசாவாமை வேண்டும் பெருமை முயற்சி தரும்
"வினைக்கண் வினைகெட லோம்பல் வினைக்குறை
தீர்ந்தாரிற் றீர்ந்தன் றுலகு",வினைக் கண் வினை கெடல் ஓம்பல் வினைக் குறை தீர்ந்தாரின் தீர்ந்தன்று உலகு
"தாளாண்மை யென்னும் தகைமக்கட் டங்கிற்றே
வேளாண்மை என்னுஞ் செருக்கு",தாளாண்மை என்னும் தகைமைக் கண் தங்கிற்றே வேளாண்மை என்னும் செருக்கு
"தாளாண்மை யில்லாதான் வேளாண்மை பேடிகை
வாளாண்மை போலக் கெடும்",தாளாண்மை இல்லாதான் வேளாண்மை பேடி கை வாளாண்மை போலக் கெடும்
"இன்பம் விழையான் வினைவிழைவான் றன்கேளிர்
துன்பந் துடைத்தூன்றுந் தூண்",இன்பம் விழையான் வினை விழைவான் தன் கேளிர் துன்பம் துடைத்து ஊன்றும் தூண்
"முயற்சி திருவினை யாக்கு முயற்றின்மை
யின்மை புகுத்தி விடும்",முயற்சி திருவினை ஆக்கும் முயற்று இன்மை இன்மை புகுத்தி விடும்
"மடியுளாண் மாமுகடி யென்ப மடியிலான்
றாளுளா டாமரையி னாள்",மடி உளாள் மா முகடி என்ப மடி இலான் தாள் உளாள் தாமரையினாள்
"பொறியின்மை யார்க்கும் பழியன் றறிவறிந்
தாள்வினை யின்மை பழி",பொறி இன்மை யார்க்கும் பழி அன்று அறிவு அறிந்து ஆள்வினை இன்மை பழி
"தெய்வத்தா னாகா தெனினு முயற்சிதன்
மெய்வருத்தக் கூலி தரும்",தெய்வத்தான் ஆகாது எனினும் முயற்சி தன் மெய் வருத்தக் கூலி தரும்
"ஊழையு முப்பக்கங் காண்ப ருலைவின்றித்
தாழா துஞற்று பவர்",ஊழையும் உப்பக்கம் காண்பர் உலைவு இன்றித் தாழாது உஞற்றுபவர்
"இடுக்கண் வருங்கா னகுக வதனை
யடுத்தூர்வ தஃதொப்ப தில்",இடுக்கண் வருங்கால் நகுக அதனை அடுத்து ஊர்வது அஃது ஒப்பது இல்
"வெள்ளத் தனைய விடும்பை யறிவுடையா
னுள்ளத்தி னுள்ளக் கெடும்",வெள்ளத்து அனைய இடும்பை அறிவு உடையான் உள்ளத்தின் உள்ளக் கெடும்
"இடும்பைக் கிடும்பை படுப்ப ரிடும்பைக்
கிடும்பை படாஅ தவர்",இடும்பைக்கு இடும்பை படுப்பர் இடும்பைக்கு இடும்பை படாஅதவர்
"மடுத்தவா யெல்லாம் பகடன்னா னுற்ற
விடுக்க ணிடர்ப்பாடு டைத்து",மடுத்த வாய் எல்லாம் பகடு அன்னான் உற்ற இடுக்கண் இடர்ப்பாடு உடைத்து
"அடுக்கி வரினு மழிவிலா னுற்ற
விடுக்க ணிடுக்கட் படும்",அடுக்கி வரினும் அழிவு இலான் உற்ற இடுக்கண் இடுக்கண் படும்
"அற்றேமென் றல்லற் படுபவோ பெற்றேமென்
றோம்புத றேற்றா தவர்",அற்றேம் என்று அல்லல் படுபவோ பெற்றேம் என்று ஓம்புதல் தேற்றாதவர்
"இலக்க முடம்பிடும்பைக் கென்று கலக்கத்தைக்
கையாறாக் கொள்ளாதா மேல்",இலக்கம் உடம்பு இடும்பைக்கு என்று கலக்கத்தைக் கையாறாக் கொள்ளாதாம் மேல்
"இன்பம் விழையா னிடும்பை யியல்பென்பான்
றுன்ப முறுத லிலன்",இன்பம் விழையான் இடும்பை இயல்பு என்பான் துன்பம் உறுதல் இலன்
"இன்பத்து ளின்பம் விழையாதான் றுன்பத்துட்
டுன்ப முறுத லிலன்",இன்பத்துள் இன்பம் விழையாதான் துன்பத்துள் துன்பம் உறுதல் இலன்
"இன்னாமை யின்ப மெனக்கொளி னாகுந்தன்
னொன்னார் விழையுஞ் சிறப்பு",இன்னாமை இன்பம் எனக் கொளின் ஆகும் தன் ஒன்னார் விழையும் சிறப்பு
"கருவியுங் காலமுஞ் செய்கையுஞ் செய்யு
மருவினையு மாண்ட தமைச்சு",கருவியும் காலமும் செய்கையும் செய்யும் அரு வினையும் மாண்டது அமைச்சு
"வன்கண் குடிகாத்தல் கற்றறித லாள்வினையோ
டைந்துடன் மாண்ட தமைச்சு",வன்கண் குடி காத்தல் கற்று அறிதல் ஆள்வினையோடு ஐந்துடன் மாண்டது அமைச்சு
"பிரித்தலும் பேணிக் கொளலும் பிரிந்தார்ப்
பொருத்தலும் வல்ல தமைச்சு",பிரித்தலும் பேணிக் கொளலும் பிரிந்தார்ப் பொருத்தலும் வல்லது அமைச்சு
"தெரிதலுந் தேர்ந்து செயலு மொருதலையாச்
சொல்லலும் வல்ல தமைச்சு",தெரிதலும் தேர்ந்து செயலும் ஒருதலையாச் சொல்லலும் வல்லது அமைச்சு
"அறனறிந் தான்றமைந்த சொல்லானெஞ் ஞான்றுந்
திறனறிந்தான் றேர்ச்சித் துணை",அறன் அறிந்தான் ஆன்று அமைந்த சொல்லான் எஞ்ஞான்றும் திறன் அறிந்தான் தேர்ச்சித் துணை
"மதிநுட்ப நூலோ டுடையார்க் கதிநுட்பம்
யாவுள முன்னிற் பவை",மதி நுட்பம் நூலோடு உடையார்க்கு அதி நுட்பம் யா உள முன் நிற்பவை
"செயற்கை யறிந்தக் கடைத்து முலகத்
தியற்கை யறிந்து செயல்",செயற்கை அறிந்தக் கடைத்தும் உலகத்து இயற்கை அறிந்து செயல்
"அறிகொன்று அறியான் எனினும் உறுதி
உழையிருந்தான் கூறல் கடன்",அறி கொன்று அறியான் எனினும் உறுதி உழை இருந்தான் கூறல் கடன்
"பழுதெண்ணு மந்திரியிற் பக்கத்துட் டெவ்வோ
ரெழுபது கோடி யுறும்",பழுது எண்ணும் மந்திரியின் பக்கத்துள் தெவ்வோர் எழுபது கோடி உறும்
"முறைப்படச் சூழ்ந்து முடிவிலவே செய்வர்
திறப்பா டிலாஅ தவர்",முறைப் படச் சூழ்ந்தும் முடிவு இலவே செய்வர் திறப்பாடு இலாஅதவர்
"நாநல மென்னு நலனுடைமை யந்நலம்
யாநலத் துள்ளதூஉ மன்று",நா நலம் என்னும் நலன் உடைமை அந்நலம் யா நலத்து உள்ளதூஉம் அன்று
"ஆக்கமுங் கேடு மதனால் வருதலாற்
காத்தோம்பல் சொல்லின்கட் சோர்வு",ஆக்கமும் கேடும் அதனால் வருதலால் காத்து ஓம்பல் சொல்லின் கண் சோர்வு
"திறனறிந்து சொல்லுக சொல்லை யறனும்
பொருளு மதனினூஉங் கில்",திறன் அறிந்து சொல்லுக சொல்லை அறனும் பொருளும் அதனின் ஊஉங்கு இல்
"சொல்லுக சொல்லைப் பிறிதோர்சொ லச்சொல்லை
வெல்லுஞ்சொ லின்மை யறிந்து",சொல்லுக சொல்லைப் பிறிது ஓர் சொல் அச் சொல்லை வெல்லும் சொல் இன்மை யறிந்து
"வேட்பத்தாஞ் சொல்லிப் பிறர்சொற் பயன்கோடன்
மாட்சியின் மாசற்றார் கோள்",வேட்பத்தாம் சொல்லிப் பிறர் சொல் பயன் கோடல் மாட்சியின் மாசு அற்றார் கோள்
"சொலல்வல்லன் சோர்வில னஞ்சா னவனை
யிகல்வெல்லல் யார்க்கு மரிது",சொலல் வல்லன் சோர்வு இலன் அஞ்சான் அவனை இகல் வெல்லல் யார்க்கும் அரிது
"விரைந்து தொழில்கேட்கு ஞால நிரந்தினிது
சொல்லுதல் வல்லார்ப் பெறின்",விரைந்து தொழில் கேட்கும் ஞாலம் நிரந்து இனிது சொல்லுதல் வல்லார்ப் பெறின்
"பலசொல்லக் காமுறுவர் மன்றமா சற்ற
சிலசொல்லத் தேற்றா தவர்",பல சொல்லக் காமுறுவர் மன்ற மாசு அற்ற சில சொல்லத் தேற்றாதவர்
"இணரூழ்த்து நாறா மலரனையர் கற்ற
துணர விரித்துரையா தார்",இணர் ஊழ்த்தும் நாறா மலர் அனையர் கற்றது உணர விரித்து உரையாதார்
"துணைநல மாக்கந் தரூஉம் வினைநலம்
வேண்டிய வெல்லாந் தரும்",துணை நலம் ஆக்கம் தரூஉம் வினை நலம் வேண்டிய எல்லாம் தரும்
"என்று மொருவுதல் வேண்டும் புகழொடு
நன்றி பயவா வினை",என்றும் ஒருவுதல் வேண்டும் புகழொடு நன்றி பயவா வினை
"ஓஒதல் வேண்டு மொளிமாழ்குஞ் செய்வினை
யாஅது மென்னு மவர்",ஓஒதல் வேண்டும் ஒளி மாழ்கும் செய் வினை ஆஅதும் என்னுமவர்
"இடுக்கட் படினு மிளிவந்த செய்யார்
நடுக்கற்ற காட்சி யவர்",இடுக்கண் படினும் இளிவந்த செய்யார் நடுக்கு அற்ற காட்சியவர்
"எற்றென் றிரங்குவ செய்யற்க செய்வானேல்
மற்றன்ன செய்யாமை நன்று",எற்று என்று இரங்குவ செய்யற்க செய்வானேல் மற்று அன்ன செய்யாமை நன்று
"ஈன்றாள் பசிகாண்பா னாயினுஞ் செய்யற்க
சான்றோர் பழிக்கும் வினை",ஈன்றாள் பசி காண்பான் ஆயினும் செய்யற்க சான்றோர் பழிக்கும் வினை
"பழிமலைந் தெய்திய வாக்கத்திற் சான்றோர்
கழிநல் குரவே தலை",பழி மலைந்து எய்திய ஆக்கத்தின் சான்றோர் கழி நல்குரவே தலை
"கடிந்த கடிந்தொரார் செய்தார்க் கவைதா
முடிந்தாலும் பீழை தரும்",கடிந்த கடிந்து ஒரார் செய்தார்க்கு அவைதாம் முடிந்தாலும் பீழை தரும்
"அழக்கொண்ட வெல்லா மழப்போ மிழப்பினும்
பிற்பயக்கு நற்பா லவை",அழக் கொண்ட எல்லாம் அழப் போம் இழப்பினும் பின் பயக்கும் நல் பாலவை
"சலத்தாற் பொருள்செய்தே மார்த்தல் பசுமட்
கலத்துணீர் பெய்திரீஇ யற்று",சலத்தால் பொருள்செய்து ஏமார்த்தல் பசு மண் கலத்துள் நீர் பெய்து இரீஇ அற்று
"வினைத்திட்ப மென்ப தொருவன் மனத்திட்ப
மற்றைய வெல்லாம் பிற",வினைத் திட்பம் என்பது ஒருவன் மனத் திட்பம் மற்றைய எல்லாம் பிற
"ஊறொரா லுற்றபி னொல்காமை யிவ்விரண்டி
னாறென்ப வாய்ந்தவர் கோள்",ஊறு ஒரால் உற்ற பின் ஒல்காமை இவ் இரண்டின் ஆறு என்ப ஆய்ந்தவர் கோள்
"கடைக்கொட்கச் செய்தக்க தாண்மை யிடைக்கொட்கி
னெற்றா விழுமந் தரும்",கடைக் கொட்கச் செய்தக்கது ஆண்மை இடைக் கொட்கின் எற்றா விழுமம் தரும்
"சொல்லுதல் யார்க்கு மெளிய வரியவாஞ்
சொல்லிய வண்ணஞ் செயல்",சொல்லுதல் யார்க்கும் எளிய அரியவாம் சொல்லிய வண்ணம் செயல்
"வீறெய்தி மாண்டார் வினைத்திட்பம் வேந்தன்க
னூறெய்தி யுள்ளப் படும்",வீறு எய்தி மாண்டார் வினைத் திட்பம் வேந்தன்கண் ஊறு எய்தி உள்ளப் படும்
"எண்ணிய வெண்ணியாங் கெய்துப வெண்ணியார்
திண்ணிய ராகப் பெறின்",எண்ணிய எண்ணியாங்கு எய்துப எண்ணியார் திண்ணியர் ஆகப் பெறின்
"உருவுகண் டெள்ளாமை வேண்டு முருள்பெருந்தேர்க்
கச்சாணி யன்னா ருடைத்து",உருவு கண்டு எள்ளாமை வேண்டும் உருள் பெரும் தேர்க்கு அச்சாணி அன்னார் உடைத்து
"கலங்காது கண்ட வினைக்கட் டுளங்காது
தூக்கங் கடிந்து செயல்",கலங்காது கண்ட வினைக் கண் துளங்காது தூக்கம் கடிந்து செயல்
"துன்ப முறவரினுஞ் செய்க துணிவாற்றி
யின்பம் பயக்கும் வினை",துன்பம் உற வரினும் செய்க துணிவு ஆற்றி இன்பம் பயக்கும் வினை
"எனைத்திட்ப மெய்தியக் கண்ணும் வினைத்திட்பம்
வேண்டாரை வேண்டா துலகு",எனைத் திட்பம் எய்தியக் கண்ணும் வினைத் திட்பம் வேண்டாரை வேண்டாது உலகு
"சூழ்ச்சி முடிவுதுணி வெய்த லத்துணிவு
தாழ்ச்சியுட் டங்குத றீது",சூழ்ச்சி முடிவு துணிவு எய்தல் அத் துணிவு தாழ்ச்சியுள் தங்குதல் தீது
"தூங்குக தூங்கிச் செயற்பால தூங்கற்க
தூங்காது செய்யும் வினை",தூங்குக தூங்கிச் செயல்பால தூங்கற்க தூங்காது செய்யும் வினை
"ஒல்லும்வா யெல்லாம் வினைநன்றே யொல்லாக்கால்
செல்லும்வாய் நோக்கிச் செயல்",ஒல்லும் வாய் எல்லாம் வினை நன்றே ஒல்லாக்கால் செல்லும் வாய் நோக்கிச் செயல்
"வினைபகை யென்றிரண் டினெச்ச நினையுங்காற்
றீயெச்சம் போலத் தெறும்",வினை பகை என்று இரண்டின் எச்சம் நினையும் கால் தீ எச்சம் போலத் தெறும்
"பொருள்கருவி காலம் வினையிட னொடைந்து
மிருடீர வெண்ணிச் செயல்",பொருள் கருவி காலம் வினை இடனொடு ஐந்தும் இருள் தீர எண்ணிச் செயல்
"முடிவு மிடையூறு முற்றியாங் கெய்தும்
படுபயனும் பார்த்துச் செயல்",முடிவும் இடையூறும் முற்றியாங்கு எய்தும் படுபயனும் பார்த்துச் செயல்
"செய்வினை செய்வான் செயன்முறை யவ்வினை
யுள்ளறிவா னுள்ளங் கொளல்",செய்வினை செய்வான் செயல்முறை அவ்வினை உள்ளறிவான் உள்ளம் கொளல்
"வினையான் வினையாக்கிக் கோட னனைகவுள்
யானையால் யானையாத் தற்று",வினையான் வினை ஆக்கிக் கோடல் நனை கவுள் யானையால் யானை யாத்து அற்று
"நட்டார்க்கு நல்ல செயலின் விரைந்ததே
யொட்டாரை யொட்டிக் கொளல்",நட்டார்க்கு நல்ல செயலின் விரைந்ததே ஒட்டாரை ஒட்டிக் கொளல்
"உறைசிறியா ருண்ணடுங்க லஞ்சிக் குறைபெறிற்
கொள்வர் பெரியார்ப் பணிந்து",உறை சிறியார் உள் நடுங்கல் அஞ்சிக் குறைபெறின் கொள்வர் பெரியார்ப் பணிந்து
"அன்புடைமை யான்ற குடிப்பிறத்தல் வேந்தவாம்
பண்புடைமை தூதுரைப்பான் பண்பு",அன்பு உடைமை ஆன்ற குடிப் பிறத்தல் வேந்து அவாம் பண்பு உடைமை தூது உரைப்பான் பண்பு
"அன்பறி வாராய்ந்த சொல்வன்மை தூதுரைப்பார்க்
கின்றி யமையாத மூன்று",அன்பு அறிவு ஆராய்ந்த சொல் வன்மை தூது உரைப்பார்க்கு இன்றியமையாத மூன்று
"நூலாரு ணூல்வல்ல னாகுதல் வேலாருள்
வென்றி வினையுரைப்பான் பண்பு",நூலாருள் நூல் வல்லன் ஆகுதல் வேலாருள் வென்றி வினை உரைப்பான் பண்பு
"அறிவுரு வாராய்ந்த கல்வியிம் மூன்றன்
செறிவுடையான் செல்க வினைக்கு",அறிவு உரு ஆராய்ந்த கல்வி இம் மூன்றன் செறிவு உடையான் செல்க வினைக்கு
"தொகச்சொல்லித் தூவாத நீக்கி நகச்சொல்லி
நன்றி பயப்பதாந் தூது",தொகச் சொல்லித் தூவாத நீக்கி நகச் சொல்லி நன்றி பயப்பதாம் தூது
"கற்றுக்கண் ணஞ்சான் செலச்சொல்லிக் காலத்தாற்
றக்க தறிவதாந் தூது",கற்றுக் கண் அஞ்சான் செலச் சொல்லிக் காலத்தால் தக்கது அறிவதாம் தூது
"கடனறிந்து காலங் கருதி யிடனறிந்
தெண்ணி யுரைப்பான் றலை",கடன் அறிந்து காலம் கருதி இடன் அறிந்து எண்ணி உரைப்பான் தலை
"தூய்மை துணைமை துணிவுடைமை யிம்மூன்றின்
வாய்மை வழியுரைப்பான் பண்பு",தூய்மை துணைமை துணிவு உடைமை இம் மூன்றின் வாய்மை வழி உரைப்பான் பண்பு
"விடுமாற்றம் வேந்தர்க் குரைப்பான் வடுமாற்றம்
வாய்சோரா வன்க ணவன்",விடு மாற்றம் வேந்தர்க்கு உரைப்பான் வடு மாற்றம் வாய் சோரா வன்கண் அவன்
"இறுதி பயப்பினு மெஞ்சா திறைவற்
குறுதி பயப்பதாந் தூது",இறுதி பயப்பினும் எஞ்சாது இறைவற்கு உறுதி பயப்பதாம் தூது
"அகலா தணுகாது தீக்காய்வார் போல்க
இகல்வேந்தர்ச் சேர்ந்தொழுகு வார்",அகலாது அணுகாது தீக் காய்வார் போல்க இகல் வேந்தர்ச் சேர்ந்து ஒழுகுவார்
"மன்னர் விழைப விழையாமை மன்னரான்
மன்னிய வாக்கந் தரும்",மன்னர் விழைப விழையாமை மன்னரான் மன்னிய ஆக்கம் தரும்
"போற்றி னரியவை போற்றல் கடுத்தபின்
றேற்றுதல் யார்க்கு மரிது",போற்றின் அரியவை போற்றல் கடுத்த பின் தேற்றுதல் யார்க்கும் அரிது
"செவிச்சொல்லுஞ் சேர்ந்த நகையு மவித்தொழுக
லான்ற பெரியா ரகத்து",செவிச் சொல்லும் சேர்ந்த நகையும் அவித்து ஒழுகல் ஆன்ற பெரியார் அகத்து
"எப்பொருளு மோரார் தொடரார்மற் றப்பொருளை
விட்டக்காற் கேட்க மறை",எப்பொருளும் ஓரார் தொடரார் மற்று அப்பொருளை விட்டக்கால் கேட்க மறை
"குறிப்பறிந்து காலங் கருதி வெறுப்பில
வேண்டுப வேட்பச் சொலல்",குறிப்பு அறிந்து காலம் கருதி வெறுப்பு இல வேண்டுப வேட்பச் சொலல்
"வேட்பன சொல்லி வினையில வெஞ்ஞான்றுங்
கேட்பினுஞ் சொல்லா விடல்",வேட்பன சொல்லி வினை இல எஞ்ஞான்றும் கேட்பினும் சொல்லா விடல்
"இளைய ரினமுறைய ரென்றிகழார் நின்ற
வொளியோ டொழுகப் படும்",இளையர் இன முறையர் என்று இகழார் நின்ற ஒளியோடு ஒழுகப் படும்
"கொளப்பட்டே மென்றெண்ணிக் கொள்ளாத செய்யார்
துளக்கற்ற காட்சி யவர்",கொளப் பட்டேம் என்று எண்ணிக் கொள்ளாத செய்யார் துளக்கு அற்ற காட்சியவர்
"பழைய மெனக்கருதிப் பண்பல்ல செய்யுங்
கெழுதகைமை கேடு தரும்",பழையம் எனக் கருதிப் பண்பு அல்ல செய்யும் கெழுதகைமை கேடு தரும்
"கூறாமை நோக்கிக் குறிப்பறிவா னெஞ்ஞான்று
மாறாநீர் வையக் கணி",கூறாமை நோக்கிக் குறிப்பு அறிவான் எஞ்ஞான்றும் மாறா நீர் வையக்கு அணி
"ஐயப் படாஅ தகத்த துணர்வானைத்
தெய்வத்தோ டொப்பக் கொளல்",ஐயப் படாஅது அகத்தது உணர்வானைத் தெய்வத்தோடு ஒப்பக் கொளல்
"குறிப்பிற் குறிப்புணர் வாரை யுறுப்பினுள்
யாது கொடுத்துங் கொளல்",குறிப்பின் குறிப்பு உணர்வாரை உறுப்பினுள் யாது கொடுத்தும் கொளல்
"குறித்தது கூறாமைக் கொள்வாரோ டேனை
யுறுப்போ ரனையரால் வேறு",குறித்தது கூறாமைக் கொள்வாரோடு ஏனை உறுப்பு ஓர்அனையரால் வேறு
"குறிப்பிற் குறிப்புணரா வாயி னுறுப்பினு
ளென்ன பயத்தவோ கண்",குறிப்பின் குறிப்பு உணராவாயின் உறுப்பினுள் என்ன பயத்தவோ கண்
"அடுத்தது காட்டும் பளிங்குபோ னெஞ்சங்
கடுத்தது காட்டு முகம்",அடுத்தது காட்டும் பளிங்கு போல் நெஞ்சம் கடுத்தது காட்டும் முகம்
"முகத்தின் முதுக்குறைந்த துண்டோ வுவப்பினுங்
காயினுந் தான்முந் துறும்",முகத்தின் முதுக்குறைந்தது உண்டோ உவப்பினும் காயினும் தான் முந்துறும்
"முகநோக்கி நிற்க வமையு மகநோக்கி
யுற்ற துணர்வார்ப் பெறின்",முகம் நோக்கி நிற்க அமையும் அகம் நோக்கி உற்றது உணர்வார்ப் பெறின்
"பகைமையுங் கேண்மையுங் கண்ணுரைக்குங் கண்ணின்
வகைமை யுணர்வார்ப் பெறின்",பகைமையும் கேண்மையும் கண் உரைக்கும் கண்ணின் வகைமை உணர்வார்ப் பெறின்
"நுண்ணிய மென்பா ரளக்குங்கோல் காணுங்காற்
கண்ணல்ல தில்லை பிற",நுண்ணியம் என்பார் அளக்கும் கோல் காணுங்கால் கண் அல்லது இல்லை பிற
"அவை யறிந்தாராய்ந்து சொல்லுக சொல்லின்
றொகையறிந்த தூய்மை யவர்",அவை அறிந்து ஆராய்ந்து சொல்லுக சொல்லின் தொகை அறிந்த தூய்மையவர்
"இடைதெரிந்து நன்குணர்ந்து சொல்லுக சொல்லி
னடைதெரிந்த நன்மை யவர்",இடை தெரிந்து நன்கு உணர்ந்து சொல்லுக சொல்லின் நடை தெரிந்த நன்மையவர்
"அவையறியார் சொல்லன்மேற் கொள்பவர் சொல்லின்
வகையறியார் வல்லதூஉ மில்",அவை அறியார் சொல்லல் மேற்கொள்பவர் சொல்லின் வகை அறியார் வல்லதூஉம் இல்
"ஒளியார்முன் ஒள்ளிய ராதல் வெளியார்முன்
வான்சுதை வண்ணங் கொளல்",ஒளியார் முன் ஒள்ளியர் ஆதல் வெளியார் முன் வான் சுதை வண்ணம் கொளல்
"நன்றென் றவற்றுள்ளு நன்றே முதுவருண்
முந்து கிளவாச் செறிவு",நன்று என்றவற்றுள்ளும் நன்றே முதுவருள் முந்து கிளவாச் செறிவு
"ஆற்றி னிலைதளர்ந் தற்றே வியன்புல
மேற்றுணர்வார் முன்ன ரிழுக்கு",ஆற்றின் நிலை தளர்ந்து அற்றே வியன் புலம் ஏற்று உணர்வார் முன்னர் இழுக்கு
"கற்றறிந்தார் கல்வி விளங்குங் கசடறச்
சொற்றெரிதல் வல்லா ரகத்து",கற்று அறிந்தார் கல்வி விளங்கும் கசடு அறச் சொல் தெரிதல் வல்லார் அகத்து
"உணர்வ துடையார்முற் சொல்லல் வளர்வதன்
பாத்தியு ணீர்சொரிந் தற்று",உணர்வது உடையார் முன் சொல்லல் வளர்வதன் பாத்தியுள் நீர் சொரிந்து அற்று
"புல்லவையுட் பொச்சாந்துஞ் சொல்லற்க நல்லவையு
ணன்கு செலச்சொல்லு வார்",புல் அவையுள் பொச்சாந்தும் சொல்லற்க நல் அவையுள் நன்கு செலச் சொல்லுவார்
"அங்கணத்து ளு்க்க வமிழ்தற்றாற் றங்கணத்த
ரல்லார்முற் கோட்டி கொளல்",அங்கணத்துள் உக்க அமிழ்து அற்றால் தம் கணத்தர் அல்லார் முன் கோட்டி கொளல்
"வகையறிந்து வல்லவை வாய்சோரார் சொல்லின்
றொகையறிந்த தூய்மை யவர்",வகை அறிந்து வல்லவை வாய் சோரார் சொல்லின் தொகை அறிந்த தூய்மையவர்
"கற்றாருட் கற்றா ரெனப்படுவர் கற்றார்முற்
கற்ற செலச்சொல்லு வார்",கற்றாருள் கற்றார் எனப்படுவர் கற்றார் முன் கற்ற செலச் சொல்லுவார்
"பகையகத்துச் சாவா ரெளிய ரரிய
ரவையகத் தஞ்சா தவர்",பகை அகத்துச் சாவார் எளியர் அரியர் அவை அகத்து அஞ்சாதவர்
"கற்றார்முற் கற்ற செலச்சொல்லித் தாங்கற்ற
மிக்காருண் மிக்க கொளல்",கற்றார் முன் கற்ற செலச் சொல்லித் தாம் கற்ற மிக்காருள் மிக்க கொளல்
"ஆற்றி னளவறிந்து கற்க வவையஞ்சா
மாற்றங் கொடுத்தற் பொருட்டு",ஆற்றின் அளவு அறிந்து கற்க அவை அஞ்சா மாற்றம் கொடுத்தல் பொருட்டு
"வாளொடென் வன்கண்ண ரல்லார்க்கு நூலொடெ
னுண்ணவை யஞ்சு பவர்க்கு",வாளொடு என் வன்கண்ணர் அல்லார்க்கு நூலொடு என் நுண் அவை அஞ்சுபவர்க்கு
"பகையகத்துப் பேடிகை யொள்வா ளவையகத்
தஞ்சு மவன்கற்ற நூல்",பகை அகத்துப் பேடி கை ஒள்வாள் அவை அகத்து அஞ்சும் அவன் கற்ற நூல்
"பல்லவை கற்றும் பயமிலரே நல்லவையு
ணன்கு செலச்சொல்லா தார்",பல்லவை கற்றும் பயம் இலரே நல் அவையுள் நன்கு செலச் சொல்லாதார்
"கல்லா தவரின் கடையென்ப கற்றறிந்தும்
நல்லா ரவையஞ்சு வார்",கல்லாதவரின் கடை என்ப கற்று அறிந்தும் நல்லார் அவை அஞ்சுவார்
"உளரெனினு மில்லாரொ டொப்பர் களனஞ்சிக்
கற்ற செலச்சொல்லா தார்",உளர் எனினும் இல்லாரொடு ஒப்பர் களன் அஞ்சிக் கற்ற செலச் சொல்லாதார்
"தள்ளா விளையுளுந் தக்காருந் தாழ்விலாச்
செல்வருஞ் சேர்வது நாடு",தள்ளா விளையுளும் தக்காரும் தாழ்வு இலாச் செல்வரும் சேர்வது நாடு
"பெரும்பொருளாற் பெட்டத்த தாகி யருங்கேட்டா
லாற்ற விளைவது நாடு",பெரும் பொருளால் பெட்டக்கது ஆகி அரும் கேட்டால் ஆற்ற விளைவது நாடு
"பொறையொருங்கு மேல்வருங்காற் றாங்கி யிறைவற்
கிறையொருங்கு நேர்வது நாடு",பொறை ஒருங்கு மேல் வரும்கால் தாங்கி இறைவற்கு இறை ஒருங்கு நேர்வது நாடு
"உறுபசியு மோவாப் பிணியுஞ் செறுபகையுஞ்
சேரா தியல்வது நாடு",உறு பசியும் ஓவாப் பிணியும் செறு பகையும் சேராது இயல்வது நாடு
"பல்குழுவும் பாழ்செய்யு முட்பகையும் வேந்தலைக்குங்
கொல்குறும்பு மில்லது நாடு",பல் குழுவும் பாழ் செய்யும் உட் பகையும் வேந்து அலைக்கும் கொல் குறும்பும் இல்லது நாடு
"கேடறியாக் கெட்ட விடத்தும் வளங்குன்றா
நாடென்ப நாட்டிற் றலை",கேடு அறியாக் கெட்ட இடத்தும் வளம் குன்றா நாடு என்ப நாட்டில் தலை
"இருபுனலும் வாய்ந்த மலையும் வருபுனலும்
வல்லரணு நாட்டிற் குறுப்பு",இரு புனலும் வாய்ந்த மலையும் வரு புனலும் வல் அரணும் நாட்டிற்கு உறுப்பு
"பிணியின்மை செல்வம் விளைவின்ப மேம
மணியென்ப நாட்டிற்கிவ் வைந்து",பிணி இன்மை செல்வம் விளைவு இன்பம் ஏமம் அணி என்ப நாட்டிற்கு இவ் ஐந்து
"நாடென்ப நாடா வளத்தன நாடல்ல
நாட வளந்தரு நாடு",நாடு என்ப நாடா வளத்தன நாடு அல்ல நாட வளம் தரு நாடு
"ஆங்கமை வெய்தியக் கண்ணும் பயமின்றே
வேந்தமை வில்லாத நாடு",ஆங்கு அமைவு எய்தியக் கண்ணும் பயம் இன்றே வேந்து அமைவு இல்லாத நாடு
"ஆற்று பவர்க்கும் அரண்பொருள் அஞ்சித்தற்
போற்று பவர்க்கும் பொருள்",ஆற்றுபவர்க்கும் அரண் பொருள் அஞ்சித் தன் போற்றுபவர்க்கும் பொருள்
"மணிநீரும் மண்ணும் மலையும் அணிநிழற்
காடும் உடைய தரண்",மணி நீரும் மண்ணும் மலையும் அணிநிழல் காடும் உடையது அரண்
"உயர்வகலந் திண்மை யருமையிந் நான்கி
னமைவர ணென்றுரைக்கு நூல்",உயர்வு அகலம் திண்மை அருமை இந் நான்கின் அமைவு அரண் என்று உரைக்கும் நூல்
"சிறுகாப்பிற் பேரிடத்த தாகி யுறுபகை
யூக்க மழிப்ப தரண்",சிறுகாப்பில் பேர் இடத்தது ஆகி உறு பகை ஊக்கம் அழிப்பது அரண்
"கொளற்கரி தாய்க்கொண்ட கூழ்த்தாகி யகத்தார்
நிலைக்கெளிதா நீர தரண்",கொளற்கு அரிதாய்க் கொண்ட கூழ்த்து ஆகி அகத்தார் நிலைக்கு எளிதாம் நீரது அரண்
"எல்லாப் பொருளும் உடைத்தாய் இடத்துதவும்
நல்லாள் உடையது அரண்",எல்லாப் பொருளும் உடைத்தாய் இடத்து உதவும் நல் ஆள் உடையது அரண்
"முற்றியு முற்றா தெறிந்து மறைப்படுத்தும்
பற்றற் கரிய தரண்",முற்றியும் முற்றாது எறிந்தும் அறைப் படுத்தும் பற்றற்கு அரியது அரண்
"முற்றாற்றி முற்றி யவரையும் பற்றாற்றிப்
பற்றியார் வெல்வ தரண்",முற்று ஆற்றி முற்றியவரையும் பற்று ஆற்றிப் பற்றியார் வெல்வது அரண்
"முனைமுகத்து மாற்றலர் சாய வினைமுகத்து
வீறெய்தி மாண்ட தரண்",முனை முகத்து மாற்றலர் சாய வினை முகத்து வேறு எய்தி மாண்டது அரண்
"எனைமாட்சித் தாகியக் கண்ணும் வினைமாட்சி
யில்லார்க ணில்ல தரண்",எனை மாட்சித்து ஆகியக் கண்ணும் வினை மாட்சி இல்லார் கண் இல்லது அரண்
"பொருளல் லவரைப் பொருளாகச் செய்யும்
பொருளல்ல தில்லை பொருள்",பொருள் அல்லவரைப் பொருள் ஆகச் செய்யும் பொருள் அல்லது இல்லை பொருள்
"இல்லாரை யெல்லாரு மெள்ளுவர் செல்வரை
யெல்லாருஞ் செய்வர் சிறப்பு",இல்லாரை எல்லாரும் எள்ளுவர் செல்வரை எல்லாரும் செய்வர் சிறப்பு
"பொருளென்னும் பொய்யா விளக்க மிருளறுக்கு
மெண்ணிய தேயத்துச் சென்று",பொருள் என்னும் பொய்யா விளக்கம் இருள் அறுக்கும் எண்ணிய தேயத்துச் சென்று
"அறனீனு மின்பமு மீனுந் திறனறிந்து
தீதின்றி வந்த பொருள்",அறன் ஈனும் இன்பமும் ஈனும் திறன் அறிந்து தீது இன்றி வந்த பொருள்
"அருளொடு மன்பொடும் வாரார் பொருளாக்கம்
புல்லார் புரள விடல்",அருளொடும் அன்பொடும் வாராப் பொருள் ஆக்கம் புல்லார் புரள விடல்
"உறுபொருளு முல்கு பொருளுந்தன் னொன்னார்த்
தெறுபொருளும் வேந்தன் பொருள்",உறு பொருளும் உல்கு பொருளும் தன் ஒன்னார்த் தெறு பொருளும் வேந்தன் பொருள்
"அருளென்னு மன்பீன் குழவி பொருளென்னுஞ்
செல்வச் செவிலியா லுண்டு",அருள் என்னும் அன்பு ஈன் குழவி பொருள் என்னும் செல்வச் செவிலியால் உண்டு
"குன்றேறி யானைப்போர் கண்டற்றாற் றன்கைத்தொன்
றுண்டாகச் செய்வான் வினை",குன்று ஏறி யானைப் போர் கண்டு அற்றுஆல் தன் கைத்து ஒன்று உண்டாகச் செய்வான் வினை
"செய்க பொருளைச் செறுநர் செருக்கறுக்கு
மெஃகதனிற் கூரிய தில்",செய்க பொருளைச் செறுநர் செருக்கு அறுக்கும் எஃகு அதனில் கூரியது இல்
"ஒண்பொருள் காழ்ப்ப வியற்றியார்க் கெண்பொரு
ளேனை யிரண்டு மொருங்கு",ஒண் பொருள் காழ்ப்ப இயற்றியார்க்கு எண் பொருள் ஏனை இரண்டும் ஒருங்கு
"உறுப்பமைந் தூறஞ்சா வெல்படை வேந்தன்
வெறுக்கையு ளெல்லாந் தலை",உறுப்பு அமைந்து ஊறு அஞ்சா வெல் படை வேந்தன் வெறுக்கையுள் எல்லாம் தலை
"உலைவிடத் தூறஞ்சா வன்கண் டொலைவிடத்துத்
தொல்படைக் கல்லா லரிது",உலைவு இடத்து ஊறு அஞ்சா வன்கண் தொலைவு இடத்துத் தொல் படைக்கு அல்லால் அரிது
"ஒலித்தக்கால் லென்னா முவரி யெலிப்பகை
நாக முயிர்ப்பக் கெடும்",ஒலித்தக்கால் என் ஆம் உவரி எலிப் பகை நாகம் உயிர்ப்பக் கெடும்
"அழிவின்றறை போகா தாகி வழிவந்த
வன்க ணதுவே படை",அழிவு இன்று அறைபோகாது ஆகி வழி வந்த வன்கண் அதுவே படை
"கூற்றுடன்று மேல்வரினுங் கூடி யெதிர்நிற்கு
மாற்ற லதுவே படை",கூற்று உடன்று மேல் வரினும் கூடி எதிர் நிற்கும் ஆற்றலதுவே படை
"மறமான மாண்ட வழிச்செலவு தேற்ற
மெனநான்கே யேமம் படைக்கு",மறம் மானம் மாண்ட வழிச் செலவு தேற்றம் என நான்கே ஏமம் படைக்கு
"தார்தாங்கிச் செல்வது தானை தலைவந்த
போர்தாங்குந் தன்மை யறிந்து",தார் தாங்கிச் செல்வது தானை தலைவந்த போர் தாங்கும் தன்மை அறிந்து
"அடற்றகையு மாற்றலு மில்லெனினுந் தானை
படைத்தகையாற் பாடு பெறும்",அடல் தகையும் ஆற்றலும் இல் எனினும் தானை படைத் தகையால் பாடு பெறும்
"சிறுமையுஞ் செல்லாத் துனியும் வறுமையு
மில்லாயின் வெல்லும் படை",சிறுமையும் செல்லாத் துனியும் வறுமையும் இல்லாயின் வெல்லும் படை
"நிலைமக்கள் சால வுடைத்தெனினுந் தானை
தலைமக்க ளில்வழி யில்",நிலை மக்கள் சால உடைத்து எனினும் தானை தலைமக்கள் இல் வழி இல்
"என்னைமுன் னில்லன்மின் றெவ்விர் பலரென்னை
முன்னின்று கன்னின் றவர்",என் ஐ முன் நில்லன்மின் தெவ்விர் என் ஐ முன் நின்று கல் நின்றவர்
"கான முயலெய்த வம்பினில் யானை
பிழைத்தவே லேந்த லினிது",கான முயல் எய்த அம்பினில் யானை பிழைத்த வேல் ஏந்தல் இனிது
"பேராண்மை யென்ப தறுகணொன் றுற்றுக்கா
லூராண்மை மற்றத னெஃகு",பேராண்மை என்ப தறுகண் ஒன்று உற்றக்கால் ஊராண்மை மற்று அதன் எஃகு
"கைவேல் களிற்றொடு போக்கி வருபவன்
மெய்வேல் பறியா நகும்",கை வேல் களிற்றொடு போக்கி வருபவன் மெய் வேல் பறியா நகும்
"விழித்தகண் வேல்கொண் டெறிய வழித்திமைப்பி
னொட்டன்றோ வன்க ணவர்க்கு",விழித்த கண் வேல் கொண்டு எறிய அழித்து இமைப்பின் ஒட்டு அன்றோ வன்கண் அவர்க்கு
"விழுப்புண் படாதநா ளெல்லாம் வழுக்கினுள்
வைக்குந்தன் னாளை யெடுத்து",விழுப்புண் படாத நாள் எல்லாம் வழுக்கினுள் வைக்கும் தன் நாளை எடுத்து
"சுழலு மிசைவேண்டி வேண்டா வுயிரார்
கழல்யாப்புக் காரிகை நீர்த்து",சுழலும் இசை வேண்டி வேண்டா உயிரார் கழல் யாப்புக் காரிகை நீர்த்து
"உறின்உயிர் அஞ்சா மறவர் இறைவன்
செறினும் சீர்குன்றல் இலர்",உறின் உயிர் அஞ்சா மறவர் இறைவன் செறினும் சீர் குன்றல் இலர்
"இழைத்த திகவாமைச் சாவாரை யாரே
பிழைத்த தொறுக்கிற் பவர்",இழைத்தது இகவாமைச் சாவாரை யாரே பிழைத்தது ஒறுக்கிற்பவர்
"புரந்தார்கண் ணீர்மல்கச் சாகி்ற்பிற் சாக்கா
டிரந்துகோட் தக்க துடைத்து",புரந்தார் கண் நீர் மல்கச் சாகில் பின் சாக்காடு இரந்து கோள் தக்கது உடைத்து
"செயற்கரிய யாவுள நட்பி னதுபோல்
வினைக்கரிய யாவுள காப்பு",செயற்கு அரிய யா உள நட்பின் அது போல் வினைக்கு அரிய யா உள காப்பு
"நிறைநீர நீரவர் கேண்மை பிறைமதிப்
பின்னீர பேதையார் நட்பு",நிறை நீர நீரவர் கேண்மைப் பிறை மதிப் பின் நீர பேதையார் நட்பு
"நவிறொறு நூனயம் போலும் பயிறொறும்
பண்புடை யாளர் தொடர்பு",நவில்தொறும் நூல் நயம் போலும் பயில் தொறும் பண்பு உடையாளர் தொடர்பு
"நகுதற் பொருட்டன்று நட்டன் மிகுதிக்கண்
மேற்சென் றிடித்தற் பொருட்டு",நகுதல் பொருட்டு அன்று நட்பு மிகுதிக்கண் மேல் சென்று இடித்தல் பொருட்டு
"புணர்ச்சி பழகுதல் வேண்டா வுணர்ச்சிதா
னட்பாங் கிழமை தரும்",புணர்ச்சி பழகுதல் வேண்டா உணர்ச்சி தான் நட்பு ஆம் கிழமை தரும்
"முகநக நட்பது நட்பன்று நெஞ்சத்
தகநக நட்பது நட்பு",முகம் நக நட்பது நட்பு அன்று நெஞ்சத்து அகம் நக நட்பது நட்பு
"அழிவி னவைநீக்கி யாறுய்த் தழிவின்க
ணல்ல லுழப்பதா நட்பு",அழிவின் அவை நீக்கி ஆறு உய்த்து அழிவின்கண் அல்லல் உழப்பது ஆம் நட்பு
"உடுக்கை யிழந்தவன் கைபோல வாங்கே
யிடுக்கண் களைவதா நட்பு",உடுக்கை இழந்தவன் கை போல ஆங்கே இடுக்கண் களைவது ஆம் நட்பு
"நட்பிற்கு வீற்றிருக்கை யாதெனிற் கொட்பின்றி
யொல்லும்வா யூன்று நிலை",நட்பிற்கு வீற்று இருக்கை யாது எனில் கொட்பு இன்றி ஒல்லும் வாய் ஊன்றும் நிலை
"இனைய ரிவரெமக் கின்னம்யா மென்று
புனையினும் புல்லென்னு நட்பு",இனையர் இவர் எமக்கு இன்னம் யாம் என்று புனையினும் புல்லென்னும் நட்பு
"நாடாது நட்டலிற் கேடில்லை நட்டபின்
வீடில்லை நட்பாள் பவர்க்கு",நாடாது நட்டலின் கேடு இல்லை நட்ட பின் வீடு இல்லை நாடு ஆள்பவர்க்கு
"ஆய்ந்தாய்ந்து கொள்ளாதான் கேண்மை கடைமுறை
தான்சாந் துயரந் தரும்",ஆய்ந்து ஆய்ந்து கொள்ளாதான் கேண்மை கடை முறை தான் சாம் துயரம் தரும்
"குணனுங் குடிமையுங் குற்றமுங் குன்றா
வினனு மறிந்தியாக்க நட்பு",குணனும் குடிமையும் குற்றமும் குன்றா இனனும் அறிந்து யாக்க நட்பு
"குடிப்பிறந்து தன்கட் பழிநாணு வானைக்
கொடுத்துங் கொளல்வேண்டு நட்பு",குடிப் பிறந்து தன்கண் பழி நாணுவானைக் கொடுத்தும் கொளல் வேண்டும் நட்பு
"அழச்சொல்லி யல்ல திடித்து வழக்கறிய
வல்லார்நட் பாய்ந்து கொளல்",அழச் சொல்லி அல்லது இடித்து வழக்கு அறிய வல்லார் நட்பு ஆய்ந்து கொளல்
"கேட்டினு முண்டோ ருறுதி கிளைஞரை
நீட்டி யளப்பதோர் கோல்",கேட்டினும் உண்டு ஓர் உறுதி கிளைஞரை நீட்டி அளப்பது ஓர் கோல்
"ஊதிய மென்ப தொருவற்குப் பேதையார்
கேண்மை யொரீஇ விடல்",ஊதியம் என்பது ஒருவற்குப் பேதையார் கேண்மை ஒரீஇ விடல்
"உள்ளற்க வுள்ளஞ் சிறுகுவ கொள்ளற்க
வல்லற்க ணாற்றறுப்பார் நட்பு",உள்ளற்க உள்ளம் சிறுகுவ கொள்ளற்க அல்லல் கண் ஆற்று அறுப்பார் நட்பு
"கெடுங்காலைக் கைவிடுவார் கேண்மை யடுங்காலை
யுள்ளினு முள்ளஞ் சுடும்",கெடும் காலை கை விடுவார் கேண்மை அடும் காலை உள்ளினும் உள்ளம் சுடும்
"மருவுக மாசற்றார் கேண்மையொன் றீத்து
மொருவுக வொப்பிலார் நட்பு",மருவுக மாசு அற்றார் கேண்மை ஒன்று ஈத்தும் ஒருவுக ஒப்பிலார் நட்பு
"பழைமை யெனப்படுவ தியாதெனின் யாதுங்
கிழைமையைக் கீழ்ந்திடா நட்பு",பழைமை எனப்படுவது யாது எனின் யாதும் கிழைமையைக் கீழ்ந்து இடா நட்பு
"நட்பிற் குறுப்புக் கெழுதகைமை மற்றதற்கு
உப்பாதல் சான்றோர் கடன்",நட்பிற்கு உறுப்புக் கெழுதகைமை மற்று அதற்கு உப்பு ஆதல் சான்றோர் கடன்
"பழகிய நட்பெவன் செய்யுங் கெழுதகைமை
செய்தாங் கமையாக் கடை",பழகிய நட்பு எவன் செய்யும் கெழுதகைமை செய்து ஆங்கு அமையாக் கடை
"விழைதகையான் வேண்டி யிருப்பர் கெழுதகையாற்
கெளாது நட்டார் செயின்",விழை தகையான் வேண்டி இருப்பர் கெழுதகையான் கேளாது நட்டார் செயின்
"பேதைமை யொன்றோ பெருங்கிழமை யென்றுணர்க
நோதக்க நட்டார் செயின்",பேதைமை ஒன்றோ பெரும் கிழமை என்று உணர்க நோ தக்க நட்டார் செயின்
"எல்லைக்கணி ன்றார் துறவார் தொலைவிடத்துந்
தொல்லைக்க ணின்றார் தொடர்பு",எல்லைக்கண் நின்றார் துறவார் தொலைவு இடத்தும் தொல்லைக்கண் நின்றார் தொடர்பு
"அழிவந்த செய்யினு மன்பறா ரன்பின்
வழிவந்த கேண்மை யவர்",அழிவந்த செய்யினும் அன்பு அறார் அன்பின் வழி வந்த கேண்மையவர்
"கேளிழுக்கங் கேளாக் கெழுதகைமை வல்லார்க்கு
நாளிழுக்க நட்டார் செயின்",கேள் இழுக்கம் கேளாக் கெழுதகைமை வல்லார்க்கு நாள் இழுக்கம் நட்டார் செயின்
"கெடாஅவழி வந்த கேண்மையார் கேண்மை
விடாஅர் விழையு முலகு",கெடாஅ வழிவந்த கேண்மையார் கேண்மை விடாஅர் விழையும் உலகு
"விழையார் விழையப் படுப பழையார்கட்
பண்பிற் றலைப்பிரியா தார்",விழையார் விழையப் படுப பழையார்கண் பண்பில் தலைப்பிரியாதார்
"பருகுவார் போலினும் பண்பிலார் கேண்மை
பெருகலிற் குன்ற லினிது",பருகுவார் போலினும் பண்பு இலார் கேண்மை பெருகலின் குன்றல் இனிது
"உறினட்டறி னொரூஉ மொப்பிலார் கேண்மை
பெறினு மிழப்பினு மென்",உறின் நட்டு அறின் ஒரூஉம் ஒப்பு இலார் கேண்மை பெறினும் இழப்பினும் என்
"உறுவதுசீர் தூக்கு நட்பும் பெறுவது
கொள்வாருங் கள்வரு நேர்",உறுவது சீர்தூக்கும் நட்பும் பெறுவது கொள்வாரும் கள்வரும் நேர்
"அமரகத் தாற்றறுக்குங் கல்லாமா வன்னார்
தமரிற் றனிமை தலை",அமர் அகத்து ஆற்று அறுக்கும் கல்லா மா அன்னார் தமரின் தனிமை தலை
"செய்தேமஞ் சாராச் சிறியவர் புன்கேண்மை
யெய்தலி னெய்தாமை நன்று",செய்து ஏமம் சாராச் சிறியவர் புன் கேண்மை எய்தலின் எய்தாமை நன்று
"பேதைபெருங் கழீஇ நட்பி னறிவுடையா
ரேதின்மை கோடி யுறும்",பேதை பெரும் கெழீஇ நட்பின் அறிவுடையார் ஏதின்மை கோடி உறும்
"நகைவகை யராகிய நட்பிற் பகைவராற்
பத்தடுத்த கோடி யுறும்",நகை வகையர் ஆகிய நட்பின் பகைவரால் பத்து அடுத்த கோடி உறும்
"ஒல்லும் கருமம் உடற்று பவர்கேண்மை
சொல்லாடார் சோர விடல்",ஒல்லும் கருமம் உடற்றுபவர் கேண்மை சொல் ஆடார் சோர விடல்
"கனவினு மின்னாது மன்னோ வினைவேறு
சொல்வேறு பட்டார் தொடர்பு",கனவினும் இன்னாது மன்னோ வினை வேறு சொல் வேறு பட்டார் தொடர்பு
"எனைத்துங் குறுகுத லோம்பன் மனைக்கெழீஇ
மன்றிற் பழிப்பார் தொடர்பு",எனைத்தும் குறுகுதல் ஒம்பல் மனைக் கெழீஇ மன்றில் பழிப்பார் தொடர்பு
"சீரிடங் காணி னெறிதற்குப் பட்டடை
நேரா நிரந்தவர் நட்பு",சீர் இடம் காணின் எறிதற்குப் பட்டடை நேரா நிரந்தவர் நட்பு
"இனம்போன்றின மல்லார் கேண்மை மகளிர்
மனம்போல வேறு படும்",இனம் போன்று இனம் அல்லார் கேண்மை மகளிர் மனம் போல வேறு படும்
"பலநல்ல கற்றக் கடைத்து மனநல்ல
ராகுதன் மாணார்க் கரிது",பல நல்ல கற்றக் கடைத்தும் மன நல்லர் ஆகுதல் மாணார்க்கு அரிது
"முகத்தி னினிய நகாஅ வகத்தின்னா
வஞ்சரை யஞ்சப் படும்",முகத்தின் இனிய நகாஅ அகத்தின் இன்னா வஞ்சரை அஞ்சப் படும்
"மனத்தின் அமையா தவரை எனைத்தொன்றும்
சொல்லினால் தேறற்பாற்று அன்று",மனத்தின் அமையாதவரை எனைத்து ஒன்றும் சொல்லினால் தேறல் பாற்று அன்று
"நட்டார்போ னல்லவை சொல்லினு மொட்டார்சொ
லொல்லை யுணரப் படும்",நட்டார் போல் நல்லவை சொல்லினும் ஒட்டார் சொல் ஒல்லை உணரப் படும்
"சொல்வணக்கம் மொன்னார்கட் கொள்ளற்க வில்வணக்கந்
தீங்கு குறித்தமை யான்",சொல் வணக்கம் ஒன்னார்கண் கொள்ளற்க வில் வணக்கம் தீங்கு குறித்தமையான்
"தொழுதகை யுள்ளும் படையொடுங்கு மொன்னா
ரழுதகண் ணீரு மனைத்து",தொழுத கை உள்ளும் படை ஒடுங்கும் ஒன்னார் அழுத கண்ணீரும் அனைத்து
"மிகச்செய்து தம்மெள்ளு வாரை நகச்செய்து
நட்பினுட் சாப்புல்லற் பாற்று",மிகச் செய்து தம் எள்ளுவாரை நகச் செய்து நட்பினுள் சாப் புல்லல் பாற்று
"பகைநட்பாங் காலம் வருங்கான் முகநட்
டகநட் பொரீஇ விடல்",பகை நட்பாம் காலம் வருங்கால் முகம் நட்டு அகம் நட்பு ஒரீஇ விடல்
"பேதைமை யென்பதொன் றியாதெனி னேதங்கொண்
டூதியம் போக விடல்",பேதைமை என்பது ஒன்று யாது எனின் ஏதம் கொண்டு ஊதியம் போக விடல்
"பேதைமையு ளெல்லாம் பேதைமை காதன்மை
கையல்ல தன்கட் செயல்",பேதைமையுள் எல்லாம் பேதைமை காதன்மை கையல்ல தன்கண் செயல்
"நாணாமை நாடாமை நாரின்மை யாதொன்றும்
பேணாமை பேதை தொழில்",நாணாமை நாடாமை நார் இன்மை யாது ஒன்றும் பேணாமை பேதை தொழில்
"ஓதி யுணர்ந்தும் பிறர்க்குரைத்துந் தானடங்காப்
பேதையிற் பேதையா ரில்",ஓதி உணர்ந்தும் பிறர்க்கு உரைத்தும் தான் அடங்காப் பேதையின் பேதையார் இல்
"ஒருமைச் செயலாற்றும் பேதை யெழுமையுந்
தான்புக் கழுந்து மளறு",ஒருமைச் செயல் ஆற்றும் பேதை எழுமையும் தான் புக்கு அழுந்தும் அளறு
"பொய்படு மொன்றோ புனைபூணுங் கையறியாப்
பேதை வினைமேற் கொளின்",பொய்படும் ஒன்றோ புனை பூணு்ம் கை அறியாப் பேதை வினை மேற்கொளின்
"ஏதிலா ராரத் தமர்பசிப்பர் பேதை
பெருஞ்செல்வ முற்றக் கடை",ஏதிலார் ஆரத் தமர் பசிப்பர் பேதை பெரும் செல்வம் உற்றக் கடை
"மையலொரு வன்களித் தற்றாற் பேதைதன்
கையொன் றுடைமை பெறின்",மையல் ஒருவன் களித்தற்றால் பேதை தன் கை ஒன்று உடைமை பெறின்
"பெரிதினிது பேதையார் கேண்மை பிரிவின்கட்
பீழை தருவதொன் றில்",பெரிது இனிது பேதையார் கேண்மை பிரிவின்கண் பீழை தருவது ஒன்று இல்
"கழாஅக்கால் பள்ளியுள் வைத்தற்றாற் சான்றோர்
குழாஅத்துப் பேதை புகல்",கழாஅக் கால் பள்ளியுள் வைத்தற்றால் சான்றோர் குழாஅத்துப் பேதை புகல்
"அறிவின்மை யின்மையு ளின்மை பிறிதின்மை
யின்மையா வையா துலகு",அறிவு இன்மை இன்மையுள் இன்மை பிறிது இன்மை இன்மையா வையாது உலகு
"அறிவிலா னெஞ்சுவந் தீதல் பிறிதியாது
மில்லை பெறுவான் றவம்",அறிவிலான் நெஞ்சு உவந்து ஈதல் பிறிது யாதும் இல்லை பெறுவான் தவம்
"அறிவிலார் தாந்தம்மைப் பீழிக்கும் பீழை
செறுவார்க்குஞ் செய்த லரிது",அறிவு இலார் தாம் தம்மைப் பீழிக்கும் பீழை செறுவார்க்கும் செய்தல் அரிது
"வெண்மை யெனப்படுவ தியாதெனி னொண்மை
யுடையம்யா மென்னுஞ் செருக்கு",வெண்மை எனப்படுவது யாது எனின் ஒண்மை உடையம் யாம் என்னும் செருக்கு
"கல்லாத மேற்கொண் டொழுகல் கசடற
வல்லதூஉ மையந் தரும்",கல்லாத மேற்கொண்டு ஒழுகல் கசடு அற வல்லதூஉம் ஐயம் தரும்
"அற்ற மறைத்தலோ புல்லறிவு தம்வயிற்
குற்ற மறையா வழி",அற்றம் மறைத்தலோ புல் அறிவு தம் வயின் குற்றம் மறையா வழி
"அருமறை சோரு மறிவிலான் செய்யும்
பெருமிறை தானே தனக்கு",அரு மறை சோரும் அறிவு இலான் செய்யும் பெரும் மிறை தானே தனக்கு
"ஏவவுஞ் செய்கலான் றான்றேறா னவ்வுயிர்
போஒ மளவுமோர் நோய்",ஏவவும் செய்கலான் தான் தேறான் அவ் உயிர் போஒம் அளவும் ஓர் நோய்
"காணாதாற் காட்டுவான் றான்காணான் காணாதான்
கண்டானாந் தான்கண்டா வாறு",காணாதான் காட்டுவான் தான் காணான் காணாதான் கண்டானாம் தான் கண்டவாறு
"உலகத்தா ருண்டென்ப தில்லென்பான் வையத்
தலகையா வைக்கப் படும்",உலகத்தார் உண்டு என்பது இல் என்பான் வையத்து அலகையா வைக்கப் படும்
"இகலென்ப வெல்லா வுயிர்க்கும் பகலென்னும்
பண்பின்மை பாரிக்கு நோய்",இகல் என்ப எல்லா உயிர்க்கும் பகல் என்னும் பண்பு இன்மை பாரிக்கும் நோய்
"பகல்கருதிப் பற்றா செயினு மிகல்கருதி
யின்னாசெய் யாமை தலை",பகல் கருதிப் பற்றா செயினும் இகல் கருதி இன்னா செய்யாமை தலை
"இகலென்னும் எவ்வநோய் நீக்கின் தவலில்லாத்
தாவில் விளக்கம் தரும்",இகல் என்னும் எவ்வ நோய் நீக்கின் தவல் இல்லாத் தாவில் விளக்கம் தரும்
"இன்பத்து ளின்பம் பயக்கு மிகலென்னுந்
துன்பத்துட் டுன்பங் கெடின்",இன்பத்துள் இன்பம் பயக்கும் இகல் என்னும் துன்பத்துள் துன்பம் கெடின்
"இகலெதிர் சாய்ந்தொழுக வல்லாரை யாரே
மிகலூக்குந் தன்மை யவர்",இகல் எதிர் சாய்ந்து ஒழுக வல்லாரை யாரே மிகல் ஊக்கும் தன்மையவர்
"இகலின் மிகலினி தென்பவன் வாழ்க்கை
தவலுங் கெடலு நணித்து",இகலின் மிகல் இனிது என்பவன் வாழ்க்கை தவலும் கெடலும் நணித்து
"மிகன்மேவன் மெய்ப்பொருள் காண ரிகன்மேவ
லின்னா வறிவி னவர்",மிகல் மேவல் மெய்ப் பொருள் காணார் இகல் மேவல் இன்னா அறிவினவர்
"இகலிற் கெதிர்சாய்த லாக்க மதனை
மிகலூக்கி னூக்குமாங் கேடு",இகலிற்கு எதிர் சாய்தல் ஆக்கம் அதனை மிகல் ஊக்கின் ஊக்குமாம் கேடு
"இகல்காணா னாக்கம் வருங்கா லதனை
மிகல்காணுங் கேடு தரற்கு",இகல் காணான் ஆக்கம் வருங்கால் அதனை மிகல் காணும் கேடு தரற்கு
"இகலானாம் மின்னாத வெல்லா நகலானா
நன்னய மென்னுஞ் செருக்கு",இகலான் ஆம் இன்னாத எல்லாம் நகலான் ஆம் நல் நயம் என்னும் செருக்கு
"வலியார்க்கு மாறேற்ற லோம்புக வோம்பா
மெலியார்மேன் மேக பகை",வலியார்க்கு மாறு ஏற்றல் ஒம்புக ஓம்பா மெலியார் மேல் மேக பகை
"அன்பிலன் ஆன்ற துணையிலன் தான்துவ்வான்
என்பரியும் ஏதிலான் துப்பு",அன்பு இலன் ஆன்று துணை இலன் தான் துவ்வான் என் பரியும் ஏதிலான் துப்பு
"அஞ்சும் அறியான் அமைவிலன் ஈகலான்
தஞ்சம் எளியன் பகைக்கு",அஞ்சும் அறியான் அமைவுஇலன் ஈகலான் தஞ்சம் எளியன் பகைக்கு
"நீங்கான் வெகுளி நிறையில னெஞ்ஞான்றும்
யாங்கணும் யார்க்கு மெளிது",நீங்கான் வெகுளி நிறை இலன் எஞ்ஞான்றும் யாங்கணும் யார்க்கும் எளிது
"வழிநோக்கான் வாய்ப்பன செய்யான் பழிநோக்கான்
பண்பிலன் பற்றார்க் கினிது",வழி நோக்கான் வாய்ப்பன செய்யான் பழி நோக்கான் பண்பு இலான் பற்றார்க்கு இனிது
"காணாச் சினத்தான் கழிபெருங் காமத்தான்
பேணாமை பேணப் படும்",காணாச் சினத்தான் கழி பெரும் காமத்தான் பேணாமை பேணப் படும்
"கொடுத்துங் கொளல்வேண்டு மன்ற வடுத்திருந்து
மாணாத செய்வான் பகை",கொடுத்தும் கொளல் வேண்டும் மன்ற அடுத்து இருந்து மாணாத செய்வான் பகை
"குணனிலனாய்க் குற்றம் பலவாயின் மாற்றார்க்
கினனிலனா மேமாப் புடைத்து",குணன் இலனாய்க் குற்றம் பல ஆயின் மாற்றார்க்கு இனன் இலனாம் ஏமாப்பு உடைத்து
"செறுவார்க்குச் சேணிகவா வின்ப மறிவிலா
வஞ்சும் பகைவர்ப் பெறின்",செறுவார்க்குச் சேண் இகவா இன்பம் அறிவு இலா அஞ்சும் பகைவர்ப் பெறின்
"கல்லான் வெகுளுஞ் சிறுபொரு ளெஞ்ஞான்று
மொல்லானை ஒல்லா தொளி",கல்லான் வெகுளும் சிறுபொருள் எஞ்ஞான்றும் ஒல்லானை ஒல்லாது ஒளி
"பகையென்னும் பண்பி லதனை யொருவ
னகையேயும் வேண்டற்பாற் றன்று",பகை என்னும் பண்பு இலதனை ஒருவன் நகையேயும் வேண்டற்பாற்று அன்று
"வில்லேர் உழவர் பகைகொளினும் கொள்ளற்க
சொல்லேர் உழவர் பகை",வில் ஏர் உழவர் பகை கொளினும் கொள்ளற்க சொல் ஏர் உழவர் பகை
"ஏமுற் றவரினும் ஏழை தமியனாய்ப்
பல்லார் பகைகொள் பவன்",ஏமுற்றவரினும் ஏழை தமியனாய்ப் பல்லார் பகை கொள்பவன்
"பகைநட்பாக் கொண்டொழுகும் பண்புடை யாளன்
றகைமைக்கட் டங்கிற் றுலகு",பகை நட்பாக் கொண்டு ஒழுகும் பண்புடையாளன் தகைமைக்கண் தங்கிற்று உலகு
"தன்றுணையின் றாற் பகையிரண்டாற் றானொருவன்
னின்றுணையாக் கொள்கவற்றி னொன்று",தன் துணை இன்று ஆல் பகை இரண்டு ஆல் தான் ஒருவன் இன் துணையாக் கொள்க அவற்றின் ஒன்று
"தேறினுந் தேறா விடினு மழிவின்கட்
டேறான் பகாஅன் விடல்",தேறினும் தேறா விடினும் அழிவின்கண் தேறான் பகாஅன் விடல்
"நோவற்க நொந்த தறியார்க்கு மேவற்க
மேன்மை பகைவ ரகத்து",நோவற்க நொந்தது அறியார்க்கு மேவற்க மென்மை பகைவர் அகத்து
"வகையறிந்து தற்செய்து தற்காப்ப மாயும்
பகைவர்கட் பட்ட செருக்கு",வகை அறிந்து தற்செய்து தன் காப்ப மாயும் பகைவர்கண் பட்ட செருக்கு
"இளைதாக முள்மரம் கொல்க களையுநர்
கைகொல்லுங் காழ்த்த விடத்து",இளைதாக முள் மரம் கொல்க களையுநர் கை கொல்லும் காழ்த்த இடத்து
"உயிர்ப்ப வுளரல்லர் மன்ற செயிர்ப்பவர்
செம்மல் சிதைக்கலா தார்",உயிர்ப்ப உளர் அல்லர் மன்ற செயிர்ப்பவர் செம்மல் சிதைக்கலாதார்
"நிழனீரு மின்னாத வின்ன தமர்நீரு
மின்னாவா மின்னா செயின்",நிழல் நீரும் இன்னாத இன்னா தமர் நீரும் இன்னாவாம் இன்னா செயின்
"வாள்போல் பகைவரை யஞ்சற்க வஞ்சுக
கேள்போல் பகைவர் தொடர்பு",வாள் போல் பகைவரை அஞ்சற்க அஞ்சுக கேள் போல் பகைவர் தொடர்பு
"உட்பகை அஞ்சித்தற் காக்க உலைவிடத்து
மட்பகையின் மாணத் தெறும்",உள்பகை அஞ்சித் தன் காக்க உலைவு இடத்து மண் பகையின் மாணத் தெறும்
"மனமாணா வுட்பகை தோன்றி னினமாணா
வேதம் பலவுந் தரும்",மனம் மாணா உட்பகை தோன்றின் இனம் மாணா ஏதம் பலவும் தரும்
"உறன்முறையா னுட்பகை தோன்றி னிறன்முறையா
னேதம் பலவுந் தரும்",உறல் முறையான் உட்பகை தோன்றின் இறல் முறையான் ஏதம் பலவும் தரும்
"ஒன்றாமை யொன்றியார் கட்படி னெஞ்ஞான்றும்
பொன்றாமை யொன்ற லரிது",ஒன்றாமை ஒன்றியார் கண் படின் எஞ்ஞான்றும் பொன்றாமை ஒன்றல் அரிது
"செப்பின் புணர்ச்சிபோற் கூடினுங் கூடாதே
யுட்பகை யுற்ற குடி",செப்பின் புணர்ச்சி போல் கூடினும் கூடாதே உட்பகை உற்ற குடி
"அரம்பொருத பொன்போலத் தேயு முரம்பொரு
துட்பகை யுற்ற குடி",அரம் பொருத பொன் போலத் தேயும் உரம் பொருது உட்பகை உற்ற குடி
"எட்பக வன்ன சிறுமைத்தே யாயினு
முட்பகை யுள்ளதாங் கேடு",எள் பகவு அன்ன சிறுமைத்தே ஆயினும் உட்பகை உள்ளதாம் கேடு
"உடம்பாடிலா தவர் வாழ்க்கை குடங்கருட்
பாம்போ டுடனுறைந் தற்று",உடம்பாடு இலாதவர் வாழ்க்கை குடங்கருள் பாம்போடு உடன் உறைந்து அற்று
"ஆற்றுவா ராற்ற லிகழாமை போற்றுவார்
போற்றலு ளெல்லாந் தலை",ஆற்றுவார் ஆற்றல் இகழாமை போற்றுவார் போற்றலுள் எல்லாம் தலை
"பெரியாரைப் பேணா தொழுகிற் பெரியாராற்
பேரா விடும்பை தரும்",பெரியாரைப் பேணாது ஒழுகின் பெரியாரால் பேரா இடும்பை தரும்
"கெடல்வேண்டிற் கேளாது செய்க வடல்வேண்டி
னாற்று பவர்க ணிழுக்கு",கெடல் வேண்டின் கேளாது செய்க அடல் வேண்டின் ஆற்றுபவர்கண் இழுக்கு
"கூற்றத்தைக் கையால் விளித்தற்றா லாற்றுவார்க்
காற்றாதா ரின்னா செயல்",கூற்றத்தைக் கையால் விளித்தற்றால் ஆற்றுவார்க்கு ஆற்றாதார் இன்னா செயல்
"யாண்டுச்சென் றியாண்டு முளராகார் வெந்துப்பின்
வேந்து செறப்பட்ட வர்",யாண்டுச் சென்று யாண்டும் உளராகார் வெந்துப்பின் வேந்து செறப்பட்டவர்
"எரியாற் சுடப்படினு முய்வுண்டா முய்யார்
பெரியார்ப் பிழைத்தொழுகு வார்",எரியால் சுடப்படினும் உய்வு உண்டாம் உய்யார் பெரியார்ப் பிழைத்து ஒழுகுவார்
"வகைமாண்ட வாழ்க்கையு வான்பொருளு மென்னாந்
தகைமாண்ட தக்கார் செறின்",வகை மாண்ட வாழ்க்கையும் வான் பொருளும் என் ஆம் தகை மாண்ட தக்கார் செறின்
"குன்றன்னார் குன்ற மதிப்பிற் குடியொடு
நின்றன்னார் மாய்வர் நிலத்து",குன்று அன்னார் குன்ற மதிப்பின் குடியொடு நின்றன்னார் மாய்வர் நிலத்து
"ஏந்திய கொள்கையார் சீறி னிடைமுரிந்து
வேந்தனும் வேந்து கெடும்",ஏந்திய கொள்கையார் சீறின் இடை முரிந்து வேந்தனும் வேந்து கெடும்
"இறந்தமைந்த சார்புடைய ராயினு முய்யார்
சிறந்தமைந்த சீரார் செறின்",இறந்து அமைந்த சார்பு உடையர் ஆயினும் உய்யார் சிறந்து அமைந்த சீரார் செறின்
"மனைவிழைவார் மாண்பய னெய்தார் வினைவிழைவார்
வேண்டாப் பொருளு மது",மனை விழைவார் மாண் பயன் எய்தார் வினை விழைவார் வேண்டாப் பொருளும் அது
"பேணாது பெண்விழைவா னாக்கம் பெரியதோர்
நாணாக நாணுத் தரும்",பேணாது பெண் விழைவான் ஆக்கம் பெரியது ஓர் நாண் ஆக நாணுத் தரும்
"இல்லாள்கட் டாழ்ந்த வியல்பின்மை யெஞ்ஞான்று
நல்லாரு ணாணுத் தரும்",இல்லாள் கண் தாழ்ந்த இயல்பு இன்மை எஞ்ஞான்றும் நல்லாருள் நாணுத்தரும்
"மனையாளை யஞ்சு மறுமை யிலாளன்
வினையாண்மை வீறெய்த லின்று",மனையாளை அஞ்சும் மறுமை இலாளன் வினை ஆண்மை வீறு எய்தல் இன்று
"இல்லாளை யஞ்சுவா னஞ்சுமற் றெஞ்ஞான்று
நல்லார்க்கு நல்ல செயல்",இல்லாளை அஞ்சுவான் அஞ்சும் மற்று எஞ்ஞான்றும் நல்லார்க்கு நல்ல செயல்
"இமையாரின் வாழினும் பாடிலரே யில்லா
ளமையார்டோ ளஞ்சு பவர்",இமையாரின் வாழினும் பாடு இலரே இல்லாள் அமையார் தோள் அஞ்சுபவர்
"பெண்ணேவல் செய்தொழுகு மாண்மையி னாணுடைப்
பெண்ணே பெருமை உடைத்து",பெண் ஏவல் செய்து ஒழுகும் ஆண்மையின் நாண் உடைப் பெண்ணே பெருமை உடைத்து
"நட்டார்குறை முடியார் நன்றாற்றார் நன்னுதலாட்
பெட்டாங் கொழுகு பவர்",நட்டார் குறை முடியார் நன்று ஆற்றார் நல் நுதலாள் பெட்டாங்கு ஒழுகுபவர்
"அறவினையு மான்ற பொருளும் பிறவினையும்
பெண்ணேவல் செய்வார்க ணில்",அற வினையும் ஆன்ற பொருளும் பிற வினையும் பெண் ஏவல் செய்வார்கண் இல்
"எண்சேர்ந்த நெஞ்சத் திடனுடையார்க் கெஞ்ஞான்றும்
பெண்சேர்ந்தாம் பேதைமை யில்",எண் சேர்ந்த நெஞ்சத்து இடன் உடையார்க்கு எஞ்ஞான்றும் பெண் சேர்ந்து ஆம் பேதைமை இல்
"அன்பின் விழையார் பொருள்விழையு மாய்தொடியா
ரின்சொ லிழுக்குத் தரும்",அன்பின் விழையார் பொருள் விழையும் ஆய் தொடியார் இன் சொல் இழுக்குத் தரும்
"பயன்றூக்கிப் பண்புரைக்கும் பண்பின் மகளிர்
நயன்றூக்கி நள்ளா விடல்",பயன் தூக்கிப் பண்பு உரைக்கும் பண்பு இல் மகளிர் நயன் தூக்கி நள்ளா விடல்
"பொருட்பெண்டிர் பொய்ம்மை முயக்க மிருட்டறையி
லேதில் பிணந்தழீஇ யற்று",பொருள் பெண்டிர் பொய்ம்மை முயக்கம் இருட்டு அறையில் ஏது இல் பிணம் தழீஇ அற்று
"பொருட்பொருளார் புன்னலந் தோயா ரருட்பொரு
ளாயு மறிவி னவர்",பொருள் பொருளார் புன் நலம் தோயார் அருள் பொருள் ஆயும் அறிவினவர்
"பொதுநலத்தார் புன்னலந் தோயார் மதிநலத்தின்
மாண்ட வறிவி னவர்",பொது நலத்தார் புன் நலம் தோயார் மதி நலத்தின் மாண்ட அறிவினவர்
"தந்நல பாரிப்பார் தோயார் தகைசெருக்கிப்
புன்னலம் பாரிப்பார் தோள்",தம் நலம் பாரிப்பார் தோயார் தகை செருக்கிப் புன் நலம் பாரிப்பார் தோள்
"நிறைநெஞ்ச மில்லவர் தோய்வர் பிறநெஞ்சிற்
பேணிப் புணர்பவர் தோள்",நிறை நெஞ்சம் இல்லவர் தோய்வர் பிற நெஞ்சின் பேணிப் புணர்பவர் தோள்
"ஆயும் அறிவினர் அல்லார்க்கு அணங்கென்ப
மாய மகளிர் முயக்கு",ஆயும் அறிவினர் அல்லார்க்கு அணங்கு என்ப மாய மகளிர் முயக்கு
"வரைவிலா மாணிழையார் மென்றோள் புரையிலாப்
பூரியர்க ளாழு மளறு",வரைவு இலா மாண் இழையார் மென் தோள் புரை இலாப் பூரியர்கள் ஆழும் அளறு
"இருமனப் பெண்டிருங் கள்ளுங் கவறுந்
திருநீக்கப் பட்டார் தொடர்பு",இரு மனப் பெண்டிரும் கள்ளும் கவறும் திரு நீக்கப்பட்டார் தொடர்பு
"உட்கப் படாஅ ரொளியிழப்ப ரெஞ்ஞான்றுங்
கட்காதல் கொண்டொழுகு வார்",உட்கப்படாஅர் ஒளி இழப்பர் எஞ்ஞான்றும் கள் காதல் கொண்டு ஒழுகுவார்
"உண்ணற்க கள்ளை யுணிலுண்க சான்றோரா
னெண்ணப் படவேண்டா தார்",உண்ணற்க கள்ளை உணில் உண்க சான்றோரான் எண்ணப்பட வேண்டாதார்
"ஈன்றாண் முகத்தேயு மின்னாதா லென்மற்றுச்
சான்றோர் முகத்துக் களி",ஈன்றாள் முகத்தேயும் இன்னாதால் என்மற்றுச் சான்றோர் முகத்துக் களி
"நாணென்னு நல்லாள் புறங்கொடுக்குங் கள்ளென்னும்
பேணாப் பெருங்குற்றத் தார்க்கு",நாண் என்னும் நல் ஆள் புறம் கொடுக்கும் கள் என்னும் பேணாப் பெரும் குற்றத்தார்க்கு
"கையறி யாமை யுடைத்தே பொருள்கொடுத்து
மெய்யறி யாமை கொளல்",கை அறியாமை உடைத்தே பொருள் கொடுத்து மெய் அறியாமை கொளல்
"துஞ்சினார் செத்தாரின் வேறல்ல ரெஞ்ஞான்று
நஞ்சுண்பார் கள்ளுண் பவர்",துஞ்சினார் செத்தாரின் வேறு அல்லர் எஞ்ஞான்றும் நஞ்சு உண்பார் கள் உண்பவர்
"உள்ளொற்றி யுள்ளூர் நகப்படுவ ரெஞ்ஞான்றுங்
கள்ளொற்றிக் கண்சாய் பவர்",உள் ஒற்றி உள்ளூர் நகப்படுவர் எஞ்ஞான்றும் கள் ஒற்றிக் கண் சாய்பவர்
"களித்தறியே னென்பது கைவிடுக நெஞ்சத்
தொளித்ததூஉ மாங்கே மிகும்",களித்து அறியேன் என்பது கைவிடுக நெஞ்சத்து ஒளித்ததூஉம் ஆங்கே மிகும்
"களித்தானைக் காரணங் காட்டுதல் கீழ்நீர்க்
குளித்தானைத் தீத்துரீஇ யற்று",களித்தானைக் காரணம் காட்டுதல் கீழ் நீர்க் குளித்தானைத் தீத்துரீஇ அற்று
"கள்ளுண்ணாப் போழ்திற் களித்தானைக் காணுங்கா
லுள்ளான்கொ லுண்டதன் சோர்வு",கள் உண்ணாப் போழ்தில் களித்தானைக் காணுங்கால் உள்ளான்கொல் உண்டதன் சோர்வு
"வேண்டற்க வென்றிடினுஞ் சூதினை வென்றதூஉந்
தூண்டிற்பொன் மீன்விழுங்கி யற்று",வேண்டற்க வென்றிடினும் சூதினை வென்றதூஉம் தூண்டில் பொன் மீன் விழுங்கி அற்று
"ஒன்றெய்தி நூறிழக்குஞ் சூதர்க்கு முண்டாங்கொ
னன்றெய்தி வாழ்வதோ ராறு",ஒன்று எய்தி நூறு இழக்கும் சூதர்க்கும் உண்டாம் கொல் நன்று எய்தி வாழ்வது ஓர் ஆறு
"உருளாய மோவாது கூறிற் பொருளாயம்
போஒய்ப் புறமே படும்",உருள் ஆயம் ஓவாது கூறின் பொருள் ஆயம் போஒய்ப் புறமே படும்
"சிறுமைபல செய்து சீரழிக்குங் சூதின்
வறுமை தருவதொன் றில்",சிறுமை பல செய்து சீர் அழிக்கும் சூதின் வறுமை தருவது ஒன்று இல்
"கவறுங் கழகமுங் கையுந் தருக்கி
யிவறியா ரில்லாகி யார்",கவறும் கழகமும் கையும் தருக்கி இவறியார் இல்லாகியார்
"அகடாரா ரல்ல லுழப்பர்சூ தென்னு
முகடியான் மூடப்பட் டார்",அகடு ஆரார் அல்லல் உழப்பர் சூது என்னும் முகடியான் மூடப்பட்டார்
"பழகிய செல்வமும் பண்புங் கெடுக்கும்
கழகத்துக் காலை புகின்",பழகிய செல்வமும் பண்பும் கெடுக்கும் கழகத்துக் காலை புகின்
"பொருள்கெடுத்துப் பொய்மேற் கொளீஇ யருள்கெடுத்
தல்ல லுழப்பிக்குஞ் சூது",பொருள் கெடுத்துப் பொய் மேற்கொளீஇ அருள் கெடுத்து அல்லல் உழப்பிக்கும் சூது
"உடைசெல்வ மூணொளி கல்வியென் றைந்து
மடையாவா மாயங் கொளின்",உடை செல்வம் ஊண் ஒளி கல்வி என்று ஐந்தும் அடையாவாம் ஆயம் கொளின்
"இழத்தொறூஉங் காதலிக்குஞ் சூதேபோற் றுன்ப
முழத்தொறூஉங் காதற் றுயிர்",இழத்தொறூஉம் காதலிக்கும் சூதே போல் துன்பம் உழத்தொறூஉம் காதற்று உயிர்
"மருந்தென வேண்டாவாம் யாக்கைக் கருந்திய
தற்றது போற்றி யுணின்",மருந்து என வேண்டாவாம் யாக்கைக்கு அருந்தியது அற்றது போற்றி உணின்
"அற்றா லளவறிந் துண்க வஃதுடம்பு
பெற்றா னெடிதுய்க்கு மாறு",அற்றால் அளவு அறிந்து உண்க அஃது உடம்பு பெற்றான் நெடிது உய்க்குமாறு
"அற்றது அறிந்து கடைப்பிடித்து மாறல்ல
துய்க்க துவரப் பசித்து",அற்றது அறிந்து கடைப்பிடித்து மாறு அல்ல துய்க்கத் துவரப் பசித்து
"மாறுபாடு இல்லாத உண்டி மறுத்துண்ணின்
ஊறுபாடு இல்லை உயிர்க்கு",மாறுபாடு இல்லாத உண்டி மறுத்து உண்ணின் ஊறுபாடு இல்லை உயிர்க்கு
"இழிவறிந் துண்பான்க ணின்பம்போ னிற்கும்
கழிபே ரிரையான்க ணோய்",இழிவு அறிந்து உண்பான்கண் இன்பம் போல் நிற்கும் கழி பேர் இரையான்கண் நோய்
"தீயள வன்றித் தெரியான் பெரிதுண்ணின்
நோயள வின்றிப் படும்",தீ அளவு அன்றித் தெரியான் பெரிது உண்ணின் நோய் அளவு இன்றிப் படும்
"நோய்நாடி நோய்முத னாடி யதுதணிக்கும்
வாய்நாடி வாய்ப்பச் செயல்",நோய் நாடி நோய் முதல் நாடி அது தணிக்கும் வாய் நாடி வாய்ப்பச் செயல்
"உற்றா னளவும் பிணியளவுங் காலமுங்
கற்றான் கருதிச் செயல்",உற்றான் அளவும் பிணி அளவும் காலமும் கற்றான் கருதிச் செயல்
"உற்றவன் றீர்ப்பான் மருந்துழைச் செல்வானென்
றப்பானாற் கூற்றே மருந்து",உற்றவன் தீர்ப்பான் மருந்து உழைச்செல்வான் என்று அப்பால் நாற்கூற்றே மருந்து
"இற்பிறந்தார் கண்ணல்ல தில்லை யியல்பாகச்
செப்பமும் நாணு மொருங்கு",இல் பிறந்தார்கண் அல்லது இல்லை இயல்பாகச் செப்பமும் நாணும் ஒருங்கு
"ஒழுக்கமும் வாய்மையு நாணுமிம் மூன்று
மிழுக்கார் குடிப்பிறந் தார்",ஒழுக்கமும் வாய்மையும் நாணும் இம் மூன்றும் இழுக்கார் குடிப்பிறந்தார்
"நகையீகை யின்சொ லிகழாமை நான்கும்
வகையென்ப வாய்மைக் குடிக்கு",நகை ஈகை இன்சொல் இகழாமை நான்கும் வகை என்ப வாய்மைக் குடிக்கு
"அடுக்கிய கோடி பெறினுங் குடிப்பிறந்தார்
குன்றுவ செய்த லிலர்",அடுக்கிய கோடி பெறினும் குடிப் பிறந்தார் குன்றுவ செய்தல் இலர்
"வழங்குவ துள்வீழ்ந்தக் கண்ணும் பழங்குடி
பண்பிற் றலைப்பிரித லின்று",வழங்குவது உள் வீழ்ந்தக் கண்ணும் பழம் குடி பண்பில் தலைப்பிரிதல் இன்று
"சலம்பற்றிச் சால்பில செய்யார்மா சற்ற
குலம்பற்றி வாழ்துமென் பார்",சலம் பற்றிச் சால்பு இல செய்யார் மாசு அற்ற குலம் பற்றி வாழ்தும் என்பார்
"குடிப்பிறந்தார் கண்விளங்குங் குற்றம் விசும்பின்
மதிக்கண் மறுப்போ லுயர்ந்து",குடிப் பிறந்தார் கண் விளங்கும் குற்றம் விசும்பின் மதிக் கண் மறுப்போல் உயர்ந்து
"நலத்தின்க ணாரின்மை தோன்றி னவனைக்
குலத்தின்க ணையப் படும்",நலத்தின் கண் நார் இன்மை தோன்றின் அவனைக் குலத்தின் கண் ஐயப் படும்
"நிலத்திற் கிடந்தமை கால்காட்டுங் காட்டுங்
குலத்திற் பிறந்தார்வாய்ச் சொல்",நிலத்தின் கிடந்தமை கால் காட்டும் காட்டும் குலத்தின் பிறந்தார் வாய்ச் சொல்
"நலம்வேண்டி னாணுடைமை வேண்டுங் குலம்வேண்டின்
வேண்டுக யார்க்கும் பணிவு",நலம் வேண்டின் நாண் உடைமை வேண்டும் குலம் வேண்டின் வேண்டுக யார்க்கும் பணிவு
"இன்றி யமையாச் சிறப்பின வாயினுங்
குன்ற வருப விடல்",இன்றி அமையாச் சிறப்பின ஆயினும் குன்ற வருப விடல்
"சீரினுஞ் சீரல்ல செய்யாரே சீரொடு
பேராண்மை வேண்டு பவர்",சீரினும் சீர் அல்ல செய்யாரே சீரொடு பேராண்மை வேண்டுபவர்
"பெருக்கத்து வேண்டும் பணிதல் சிறிய
சுருக்கத்து வேண்டு முயர்வு",பெருக்கத்து வேண்டும் பணிதல் சிறிய சுருக்கத்து வேண்டும் உயர்வு
"தலையின் இழிந்த மயிரனையர் மாந்தர்
நிலையின் இழிந்தக் கடை",தலையின் இழிந்த மயிர் அனையர் மாந்தர் நிலையின் இழிந்தக் கடை
"குன்றி னனையாருங் குன்றுவர் குன்றுவ
குன்றி யனைய செயின்",குன்றின் அனையாரும் குன்றுவர் குன்றுவ குன்றி அனைய செயின்
"புகழின்றாற் புத்தேணாட் டுய்யாதா லென்மற்
றிகழ்வார்பின் சென்று நிலை",புகழ் இன்றால் புத்தேள் நாட்டு உய்யாதால் என் மற்று இகழ்வார் பின் சென்று நிலை
"ஒட்டார்பின் சென்றொருவன் வாழ்தலி னந்நிலையே
கெட்டா னெனப்படுத னன்று",ஒட்டார் பின் சென்று ஒருவன் வாழ்தலின் அந் நிலையே கெட்டான் எனப்படுதல் நன்று
"மருந்தோமற் றூனோம்பும் வாழ்க்கை பெருந்தகைமை
பீடழிய வந்த விடத்து",மருந்தோ மற்று ஊன் ஓம்பும் வாழ்க்கை பெரும் தகைமை பீடு அழிய வந்த இடத்து
"மயிர்நீப்பின் வாழாக் கவரிமா வன்னா
ருயிர்நீப்பர் மானம் வரின்",மயிர் நீப்பின் வாழாக் கவரிமா அன்னார் உயிர் நீப்பர் மானம் வரின்
"இளிவரின் வாழாத மான முடையா
ரொளிதொழு தேத்து முலகு",இளி வரின் வாழாத மானம் உடையார் ஒளி தொழுது ஏத்தும் உலகு
"ஒளியொருவற் குள்ள வெறுக்கை யிளியொருவற்
கஃதிறந்து வாழ்து மெனல்",ஒளி ஒருவற்கு உள்ள வெறுக்கை இளி ஒருவற்கு அஃது இறந்து வாழ்தும் எனல்
"பிறப்பொக்கு மெல்லா வுயிர்க்குஞ் சிறப்பொவ்வா
செய்தொழில் வேற்றுமை யான்",பிறப்பு ஒக்கும் எல்லா உயிர்க்கும் சிறப்பு ஒவ்வா செய் தொழில் வேற்றுமையான்
"மேலிருந்து மேலல்லார் மேலல்லர் கீழிருந்துங்
கீழல்லார் கீழல் லவர்",மேல் இருந்தும் மேல் அல்லார் மேல் அல்லர் கீழ் இருந்தும் கீழ் அல்லார் கீழ் அல்லவர்
"ஒருமை மகளிரே போலப் பெருமையுந்
தன்னைத்தான் கொண்டொழுகி னுண்டு",ஒருமை மகளிரே போலப் பெருமையும் தன்னைத் தான் கொண்டு ஒழுகின் உண்டு
"பெருமை யுடையவ ராற்றுவா ராற்றி
னருமை யுடைய செயல்",பெருமை உடையவர் ஆற்றுவார் ஆற்றின் அருமை உடைய செயல்
"சிறியா ருணர்ச்சியு ளி்ல்லை பெரியாரைப்
பேணிக்கொள் வேமென்னு நோக்கு",சிறியார் உணர்ச்சியுள் இல்லை பெரியாரைப் பேணிக் கொள்வேம் என்னும் நோக்கு
"இறப்பே புரிந்த தொழிற்றாஞ் சிறப்புந்தான்
சீரல் லவர்கட் படின்",இறப்பே புரிந்த தொழிற்றாம் சிறப்பும் தான் சீர் அல்லவர்கண் படின்
"பணியுமா மென்றும் பெருமை சிறுமை
யணியுமாந் தன்னை வியந்து",பணியுமாம் என்றும் பெருமை சிறுமை அணியுமாம் தன்னை வியந்து
"பெருமை பெருமித மின்மை சிறுமை
பெருமித மூர்ந்து விடல்",பெருமை பெருமிதம் இன்மை சிறுமை பெருமிதம் ஊர்ந்து விடல்
"அற்ற மறைக்கும் பெருமை சிறுமைதான்
குற்றமே கூறி விடும்",அற்றம் மறைக்கும் பெருமை சிறுமைதான் குற்றமே கூறிவிடும்
"கடனென்ப நல்லவை யெல்லாங் கடனறிந்து
சான்றாண்மை மேற்கொள் பவர்க்கு",கடன் என்ப நல்லவை எல்லாம் கடன் அறிந்து சான்றாண்மை மேற்கொள்பவர்க்கு
"குணநலஞ் சான்றோர் நலனே பிறநல
மெந்நலத் துள்ளதூஉ மன்று",குணநலம் சான்றோர் நலனே பிற நலம் எந்நலத்து உள்ளதூஉம் அன்று
"அன்புநா ணொப்புரவு கண்ணோட்டம் வாய்மையொ
டைந்துசால் பூன்றிய தூண்",அன்பு நாண் ஒப்புரவு கண்ணோட்டம் வாய்மையொடு ஐந்து சால்பு ஊன்றிய தூண்
"கொல்லா நலத்தது நோன்மை பிறர்தீமை
சொல்லா நலத்தது சால்பு",கொல்லா நலத்தது நோன்மை பிறர் தீமை சொல்லா நலத்தது சால்பு
"ஆற்றுவா ராற்றல் பணித லதுசான்றோர்
மாற்றாரை மாற்றும் படை",ஆற்றுவார் ஆற்றல் பணிதல் அது சான்றோர் மாற்றாரை மாற்றும் படை
"சால்பிற்குக் கட்டளை யாதெனிற் றோல்வி
துலையல்லார் கண்ணுங் கொளல்",சால்பிற்குக் கட்டளை யாது எனின் தோல்வி துலை அல்லார் கண்ணும் கொளல்
"இன்னாசெய் தார்க்கு மினியவே செய்யாக்கா
லென்ன பயத்ததோ சால்பு",இன்னா செய்தார்க்கும் இனியவே செய்யாக்கால் என்ன பயத்ததோ சால்பு
"இன்மை யொருவற் கிளிவன்று சால்பென்னுந்
தி்ண்மை யுண்டாகப் பெறின்",இன்மை ஒருவற்கு இளிவு அன்று சால்பு என்னும் திண்மை உண்டாகப் பெறின்
"ஊழி பெயரினுந் தாம்பெயரார் சான்றாண்மைக்
காழி யெனப்படு வார்",ஊழி பெயரினும் தாம் பெயரார் சான்றாண்மைக்கு ஆழி எனப்படுவார்
"சான்றவர் சான்றாண்மை குன்றி னிருநிலந்தான்
தாங்காது மன்னோ பொறை",சான்றவர் சான்றாண்மை குன்றின் இரு நிலம்தான் தாங்காது மன்னோ பொறை
"எண்பதத்தா லெய்த லெளிதென்ப யார்மாட்டும்
பண்புடைமை யென்னும் வழக்கு",எண் பதத்தால் எய்தல் எளிது என்ப யார் மாட்டும் பண்பு உடைமை என்னும் வழக்கு
"அன்புடைமை யான்ற குடிப்பிறத்த லிவ்விரண்டும்
பண்புடைமை யென்னும் வழக்கு",அன்புடைமை ஆன்ற குடிப் பிறத்தல் இவ் இரண்டும் பண்பு உடைமை என்னும் வழக்கு
"உறுப்பொத்தன் மக்களொப் பன்றால் வெறுத்தக்க
பண்பொத்த லொப்பதா மொப்பு",உறுப்பு ஒத்தல் மக்கள் ஒப்பு அன்று வெறுத்தக்க பண்பு ஒத்தல் ஒப்பதாம் ஒப்பு
"நயனொடு நன்றி புரிந்த பயனுடையார்
பண்புபா ராட்டு முலகு",நயனொடு நன்றி புரிந்த பயன் உடையார் பண்பு பாராட்டும் உலகு
"நகையுள்ளு மின்னா திகழ்ச்சி பகையுள்ளும்
பண்புள பாடறிவார் மாட்டு",நகை உள்ளும் இன்னாது இகழ்ச்சி பகை உள்ளும் பண்பு உள பாடு அறிவார் மாட்டு
"பண்புடையார்ப் பட்டுண் டுலக மதுவின்றேன்
மண்புக்கு மாய்வது மன்",பண்பு உடையார்ப் பட்டு உண்டு உலகம் அது இன்றேல் மண் புக்கு மாய்வது மன்
"அரம்போலுங் கூர்மைய ரேனு மரம்போல்வர்
மக்கட்பண் பில்லா தவர்",அரம் போலும் கூர்மையரேனும் மரம் போல்வர் மக்கள் பண்பு இல்லாதவர்
"நண்பாற்றா ராகி நயமில செய்வார்க்கும்
பண்பாற்றா ராதல் கடை",நண்பு ஆற்றார் ஆகி நயம் இல செய்வார்க்கும் பண்பு ஆற்றார் ஆதல் கடை
"நகல்வல்ல ரல்லார்க்கு மாயிரு ஞாலம்
பகலும்பாற் பட்டன் றிருள்",நகல் வல்லர் அல்லார்க்கு மா இரு ஞாலம் பகலும்பாற் பட்டன்று இருள்
"பண்பிலான் பெற்ற பெருஞ்செல்வ நன்பாற்
கலந்தீமை யாற்றிரிந் தற்று",பண்பு இலான் பெற்ற பெரும் செல்வம் நன் பால் கலம் தீமையால் திரிந்து அற்று
"வைத்தான் வாய்சான்ற பெரும்பொரு ளஃதுண்ணான்
செத்தான் செயக்கிடந்த தில்",வைத்தான் வாய் சான்ற பெரும்பொருள் அஃது உண்ணான் செத்தான் செயக்கிடந்தது இல்
"பொருளானா மெல்லாமென் றீயா திவறு
மருளானா மாணாப் பிறப்பு",பொருளான் ஆம் எல்லாம் என்று ஈயாது இவறும் மருளான் ஆம் மாணாப் பிறப்பு
"ஈட்ட மிவறி யிசைவேண்டா வாடவர்
தோற்ற நிலக்குப் பொறை",ஈட்டம் இவறி இசை வேண்டா ஆடவர் தோற்றம் நிலக்குப் பொறை
"எச்சமென் றென்னெண்ணுங் கொல்லோ வொருவரா
னச்சப் படாஅ தவன்",எச்சம் என்று என் எண்ணும் கொல்லோ ஒருவரால் நச்சப்படாஅதவன்
"கொடுப்பதூஉந் துய்ப்பதூஉ மில்லார்க் கடுக்கிய
கோடியுண் டாயினு மில்",கொடுப்பதூஉம் துய்ப்பதூஉம் இல்லார்க்கு அடுக்கிய கோடி உண்டாயினும் இல்
"ஏதம்பெருஞ் செல்வந் தான்றுவ்வான் றக்கார்க்கொன்
றீத லியல்பிலா தான்",ஏதம் பெரும் செல்வம் தான் துவ்வான் தக்கார்க்கு ஒன்று ஈதல் இயல்பு இலாதான்
"அற்றார்க்கொன் றாற்றாதான் செல்வ மிகநலம்
பெற்றா டமியண்மூத் தற்று",அற்றார்க்கு ஒன்று ஆற்றாதான் செல்வம் மிக நலம் பெற்றாள் தமியள் மூத்து அற்று
"நச்சப் படாஅதவன் செல்வ நடுவூரு
ணச்சு மரம்பழுத் தற்று",நச்சப்படாஅதவன் செல்வம் நடு ஊருள் நச்சு மரம் பழுத்து அற்று
"அன்பொரீஇத் தற்செற் றறநோக்கா தீட்டிய
வொண்பொருள் கொள்வார் பிறர்",அன்பு ஒரீஇத் தன் செற்று அறம் நோக்காது ஈட்டிய ஒண் பொருள் கொள்வார் பிறர்
"சீருடைச் செல்வர் சிறுதுனி மாரி
வறங்கூர்ந் தனைய துடைத்து",சீர் உடைச் செல்வர் சிறு துனி மாரி வறம் கூர்ந்து அனையது உடைத்து
"கருமத்தா னாணுத னாணுத் திருநுத
னல்லவர் நாணுப் பிற",கருமத்தால் நாணுதல் நாணுத் திரு நுதல் நல்லவர் நாணுப் பிற
"ஊணுடை யெச்ச முயிர்க்கெல்லாம் வேறல்ல
நாணுடைமை மாந்தர் சிறப்பு",ஊண் உடை எச்சம் உயிர்க்கு எல்லாம் வேறு அல்ல நாண் உடைமை மாந்தர் சிறப்பு
"ஊனைக் குறித்த உயிரெல்லாம் நாண்என்னும்
நன்மை குறித்தது சால்பு",ஊனைக் குறித்த உயிர் எல்லாம் நாண் என்னும் நன்மை குறித்தது சால்பு
"அணியன்றோ நாணுடைமை சான்றோர்க் கஃதின்றேற்
பிணியன்றோ பீடு நடை",அணி அன்றோ நாண் உடைமை சான்றோர்க்கு அஃது இன்றேல் பிணி அன்றோ பீடு நடை
"பிறர்பழியுந் தம்பழியு நாணுவர் நாணுக்
குறைபதி யென்னு முலகு",பிறர் பழியும் தம் பழியும் நாணுவார் நாணுக்கு உறைபதி என்னும் உலகு
"நாண்வேலி கொள்ளாது மன்னோ வியன்ஞாலம்
பேணலர் மேலா யவர்",நாண் வேலி கொள்ளாது மன்னோ வியன் ஞாலம் பேணலர் மேலாயவர்
"நாணா லுயிரைத் துறப்ப ருயிர்ப்பொருட்டா
னாண்டுறவார் நாணாள் பவர்",நாணால் உயிரைத் துறப்பர் உயிர்ப்பொருட்டான் நாண் துறவார் நாண் ஆள்பவர்
"பிறர்நாணத் தக்கது தானாணா னாயி
னறநாணத் தக்க துடைத்து",பிறர் நாணத்தக்கது தான் நாணான் ஆயின் அறம் நாணத் தக்கது உடைத்து
"குலஞ்சுடுங் கொள்கை பிழைப்பி னலஞ்சுடு
நாணின்மை நின்றக் கடை",குலம் சுடும் கொள்கை பிழைப்பின் நலம் சுடும் நாண் இன்மை நின்றக் கடை
"நாணகத் தில்லா ரியக்க மரப்பாவை
நாணா லுயிர்மருட்டி யற்று",நாண் அகத்து இல்லார் இயக்கம் மரப் பாவை நாணால் உயிர் மருட்டி அற்று
"கருமஞ் செயவொருவன் கைதூவே னென்னும்
பெருமையிற் பீடுடைய தில்",கருமம் செய ஒருவன் கைதூவேன் என்னும் பெருமையின் பீடு உடையது இல்
"ஆள்வினையு மான்ற வறிவு மெனவிரண்டி
னீள்வினையா னீளுங் குடி",ஆள்வினையும் ஆன்ற அறிவும் என இரண்டின் நீள் வினையான் நீளும் குடி
"குடிசெய்வ லென்னு மொருவற்குத் தெய்வ
மடிதற்றுத் தான்முந் துறும்",குடி செய்வல் என்னும் ஒருவற்குத் தெய்வம் மடி தற்றுத் தான் முந்துறும்
"சூழாமற் றானே முடிவெய்துந் தங்குடியைத்
தாழா துஞற்று பவர்க்கு",சூழாமல் தானே முடிவு எய்தும் தம் குடியைத் தாழாது உஞற்றுபவர்க்கு
"குற்றம் இலனாய்க் குடிசெய்து வாழ்வானைச்
சுற்றமாச் சுற்றும் உலகு",குற்றம் இலனாய்க் குடி செய்து வாழ்வானைச் சுற்றமாச் சுற்றும் உலகு
"நல்லாண்மை யென்ப தொருவற்குத் தான்பிறந்த
வில்லாண்மை யாக்கிக் கொளல்",நல் ஆண்மை என்பது ஒருவற்குத் தான் பிறந்த இல் ஆண்மை ஆக்கிக் கொளல்
"அமரகத்து வன்கண்ணர் போலத் தமரகத்து
மாற்றுவார் மேற்றே பொறை",அமர் அகத்து வன்கண்ணர் போலத் தமர் அகத்தும் ஆற்றுவார் மேற்றே பொறை
"குடிசெய்வார்க் கில்லை பருவ மடிசெய்து
மானங் கருதக் கெடும்",குடி செய்வார்க்கு இல்லை பருவம் மடி செய்து மானம் கருதக் கெடும்
"இடும்பைக்கே கொள்கலங் கொல்லோ குடும்பத்தைக்
குற்ற மறைப்பா னுடம்பு",இடும்பைக்கே கொள்கலம் கொல்லோ குடும்பத்தைக் குற்றம் மறைப்பான் உடம்பு
"இடுக்கண்கால் கொன்றிட வீழு மடுத்தூன்று
நல்லா ளிலாத குடி",இடுக்கண் கால் கொன்றிட வீழும் அடுத்து ஊன்றும் நல் ஆள் இலாத குடி
"சுழன்று மேர்ப்பின்ன துலக மதனா
லுழந்து முழவே தலை",சுழன்றும் ஏர்ப் பின்னது உலகம் அதனால் உழந்தும் உழவே தலை
"உழுவார் உலகத்தார்க்கு ஆணிஅஃ தாற்றாது
எழுவாரை எல்லாம் பொறுத்து",உழுவார் உலகத்தார்க்கு ஆணி அஃது ஆற்றாது எழுவாரை எல்லாம் பொறுத்து
"உழுதுண்டு வாழ்வாரே வாழ்வார்மற் றெல்லாந்
தொழுதுண்டு பின்செல் பவர்",உழுது உண்டு வாழ்வாரே வாழ்வார் மற்று எல்லாம் தொழுது உண்டு பின் செல்பவர்
"பலகுடை நீழலுந் தங்குடைக்கீழ்க் காண்ப
ரலகுடை நீழ லவர்",பல குடை நீழலும் தம் குடைக் கீழ்க் காண்பர் அலகு உடை நீழலவர்
"இரவாரிரப் பார்க்கொன் றீவர் கரவாது
கைசெய்தூண் மாலை யவர்",இரவார் இரப்பார்க்கு ஒன்று ஈவர் கரவாது கை செய்து ஊண் மாலையவர்
"உழவினார் கைம்மடங்கி னில்லை விழைவதூஉம்
விட்டேமென் பார்க்கு நிலை",உழவினார் கைம் மடங்கின் இல்லை விழைவதூஉம் விட்டேம் என்பார்க்கு நிலை
"தொடிப்புழுதி கஃசா உணக்கின் பிடித்தெருவும்
வேண்டாது சாலப் படும்",தொடிப் புழுதி கஃசா உணக்கின் பிடித்து எருவும் வேண்டாது சாலப் படும்
"ஏரினு நன்றா மெருவிடுதல் கட்டபி
னீரினு நன்றதன் காப்பு",ஏரினும் நன்றாம் எரு இடுதல் கட்டபின் நீரினும் நன்றதன் காப்பு
"செல்லான் கிழவ னிருப்பி னிலம்புலந்
தில்லாளி னூடி விடும்",செல்லான் கிழவன் இருப்பின் நிலம் புலந்து இல்லாளின் ஊடி விடும்
"இலமென்ற சைஇ யிருப்பாரைக் காணி
னிலமென்னு நல்லா ணகும்",இலம் என்று அசைஇ இருப்பாரைக் காணின் நிலம் என்னும் நல்லாள் நகும்
"இன்மையி னின்னாத தியாதெனி னின்மையி
னின்மையே யின்னா தது",இன்மையின் இன்னாதது யாது எனின் இன்மையின் இன்மையே இன்னாதது
"இன்மை யெனவொரு பாவி மறுமையு
மிம்மையு மின்றி வரும்",இன்மை என ஒரு பாவி மறுமையும் இம்மையும் இன்றி வரும்
"தொல்வரவுந் தோலுங் கெடுக்குந் தொகையாக
நல்குர வென்னு நசை",தொல் வரவும் தோலும் கெடுக்கும் தொகையாக நல்குரவு என்னும் நசை
"இற்பிறந்தார் கண்ணேயு மின்மை யிளிவந்த
சொற்பிறக்குஞ் சோர்வு தரும்",இல் பிறந்தார் கண்ணேயும் இன்மை இளி வந்த சொல் பிறக்கும் சோர்வு தரும்
"நல்குரவு என்னும் இடும்பையுள் பல்குரைத்
துன்பங்கள் சென்று படும்",நல்குரவு என்னும இடும்பையு்ள் பல் குரைத் துன்பங்கள் சென்று படும்
"நற்பொரு ணன்குணர்ந்து சொல்லினு நல்கூர்ந்தார்
சொற்பொருள் சோர்வு படும்",நல் பொருள் நன்கு உணர்ந்து சொல்லினும் நல்கூர்ந்தார் சொல் பொருள் சோர்வு படும்
"அறஞ்சாரா நல்குர வீன்றதா யானும்
பிறன்போல நோக்கப் படும்",அறம் சாரா நல்குரவு ஈன்ற தாயானும் பிறன் போல நோக்கப் படும்
"இன்றும் வருவது கொல்லோ நெருநலும்
கொன்றது போலும் நிரப்பு",இன்றும் வருவது கொல்லோ நெருநலும் கொன்றது போலும் நிரப்பு
"நெருப்பினுட் டுஞ்சலு மாகு நிரப்பினுள்
யாதொன்றுங் கண்பா டரிது",நெருப்பினுள் துஞ்சலும் ஆகும் நிரப்பினுள் யாது ஒன்றும் கண் பாடு அரிது
"துப்புர வில்லார் துவரத் துறவாமை
உப்பிற்கும் காடிக்கும் கூற்று",துப்புரவு இல்லார் துவரத் துறவாமை உப்பிற்கும் காடிக்கும் கூற்று
"இரக்க விரத்தக்கார்க் காணிற் கரப்பி
னவர்பழி தம்பழி யன்று",இரக்க இரத்தக்கார்க் காணின் கரப்பின் அவர் பழி தம் பழி அன்று
"இன்பமொரு வற் கிரத்த லிரந்தவை
துன்ப முறாஅ வரின்",இன்பம் ஒருவற்கு இரத்தல் இரந்தவை துன்பம் உறாஅ வரின்
"கரப்பிலா நெஞ்சிற் கடனறிவார் முன்னின்
றிரப்புமோ ரேஎ ருடைத்து",கரப்பு இலா நெஞ்சின் கடன் அறிவார் முன் நின்று இரப்பும் ஓர் ஏஎர் உடைத்து
"இரத்தலு மீதலே போலுங் கரத்தல்
கனவிலுந் தேற்றாதார் மாட்டு",இரத்தலும் ஈதலே போலும் கரத்தல் கனவிலும் தேற்றாதார் மாட்டு
"கரப்பிலார் வையகத் துண்மையாற் கண்ணின்
றிரப்பவர் மேற்கொள் வது",கரப்பு இலார் வையகத்து உண்மையான் கண்ணின்று இரப்பவர் மேற்கொள்வது
"கரப்பிடும்பை யில்லாரைக் காணி னிரப்பிடும்பை
யெல்லா மொருங்கு கெடும்",கரப்பு இடும்பை இல்லாரைக் காணின் நிரப்பு இடும்பை எல்லாம் ஒருங்கு கெடும்
"இகழ்ந்தெள்ளா தீவாரைக் காணின் மகிழ்ந்துள்ள
முள்ளு ளுவப்ப துடைத்து",இகழ்ந்து எள்ளாது ஈவாரைக் காணின் மகிழ்ந்து உள்ளம் உள் உள் உவப்பது உடைத்து
"இரப்பாரை யில்லாயி னீர்ங்கண்மா ஞால
மரப்பாவை சென்றுவந் தற்று",இரப்பாரை இல்லாயின் ஈர்ங்கண் மா ஞாலம் மரப் பாவை சென்று வந்தற்று
"ஈவார்கண் ணென்னுண்டாந் தோற்ற மிரந்துகோள்
மேவா ரிலாஅக் கடை",ஈவார்கண் என் உண்டாம் தோற்றம் இரந்து கோள் மேவார் இலாஅக் கடை
"இரப்பான் வெகுளாமை வேண்டும் நிரப்பிடும்பை
தானேயுஞ் சாலுங் கரி",இரப்பான் வெகுளாமை வேண்டும் நிரப்பு இடும்பை தானேயும் சாலும் கரி
"கரவா துவந்தீயுங் கண்ணன்னார் கண்ணு
மிரவாமை கோடி யுறும்",கரவாது உவந்து ஈயும் கண் அன்னார் கண்ணும் இரவாமை கோடி உறும்
"இரந்துமுயிர் வாழ்தல் வேண்டிற் பரந்து
கெடுக வுலகியற்றி யான்",இரந்தும் உயிர் வாழ்தல் வேண்டின் பரந்து கெடுக உலகு இயற்றியான்
"இன்மையிடும் பை யிரந்துதீர் வாமென்னும்
வன்மையின் வன்பாட்ட தில்",இன்மை இடும்பை இரந்து தீர்வாம் என்னும் வன்மையின் வன்பாட்டது இல்
"இடமெல்லாங் கொள்ளாத் தகைத்தே யிடமில்லாக்
காலு மிரவொல்லாச் சால்பு",இடம் எல்லாம் கொள்ளாத் தகைத்தே இடம் இல்லாக் காலும் இரவு ஒல்லாச் சால்பு
"தெண்ணீரடு புற்கை யாயினுந் தாடந்த
துண்ணலி னூங்கினிய தில்",தெள் நீர் அடு புற்கை ஆயினும் தாள் தந்தது உண்ணலின் ஊங்கு இனியது இல்
"ஆவிற்கு நீரென் றிரப்பினு நாவிற்
கிரவி னிளிவந்த தில்",ஆவிற்கு நீர் என்று இரப்பினும் நாவிற்கு இரவின் இளி வந்தது இல்
"இரப்பன் இரப்பாரை யெல்லா மிரப்பிற்
கரப்பா ரிரவன்மி னென்று",இரப்பன் இரப்பாரை எல்லாம் இரப்பின் கரப்பாரை இரவன்மின் என்று
"இரவென்னு மேமாப்பி றோணி கரவென்னும்
பார்தாக்கப் பக்கு விடும்",இரவு என்னும் ஏமாப்பு இல் தோணி கரவு என்னும் பார் தாக்கப் பக்கு விடும்
"இரவுள்ள வுள்ள முருகுங் கரவுள்ள
வுள்ளதூஉ மின்றிக் கெடும்",இரவு உள்ள உள்ளம் உருகும் கரவு உள்ள உள்ளதூஉம் இன்றிக் கெடும்
"கரப்பவர்க்கி யங்கொளிக்குங் கொல்லோ விரப்பவர்
சொல்லாடப் போஒ முயிர்",கரப்பவர்க்கு யாங்கு ஒளிக்கும் கொல்லோ இரப்பவர் சொல் ஆடப் போஒம் உயிர்
"மக்களே போல்வர் கயவ ரவரன்ன
வொப்பாரி யாங்கண்ட தில்",மக்களே போல்வர் கயவர் அவர் அன்ன ஒப்பார் யாம் கண்டது இல்
"நன்றறி வாரிற் கயவர் திருவுடையர்
நெஞ்சத் தவல மிலர்",நன்று அறிவாரின் கயவர் திரு உடையர் நெஞ்சத்து அவலம் இலர்
"தேவர் அனையர் கயவர் அவருந்தாம்
மேவன செய்தொழுக லான்",தேவர் அனையர் கயவர் அவரும் தாம் மேவன செய்து ஒழுகலான்
"அகப்பட்டி யாவாரைக் காணி னவரின்
மிகப்பட்டுச் செம்மாக்குங் கீழ்",அகப்பட்டி ஆவாரைக் காணின் அவரின் மிகப் பட்டுச் செம்மாக்கும் கீழ்
"அச்சமே கீழ்கள தாசார மெச்ச
மவாவுண்டே லுண்டாஞ் சிறிது",அச்சமே கீழ்களது ஆசாரம் எச்சம் அவா உண்டேல் உண்டாம் சிறிது
"அறைபறை யன்னர் கயவர்தாங் கேட்ட
மறைபிறர்க் குய்த்துரைக்க லான்",அறை பறை அன்னர் கயவர் தாம் கேட்ட மறை பிறர்க்கு உய்த்து உரைக்கலான்
"ஈர்ங்கை விதிரார் கயவர் கொடிறுடைக்குங்
கூன்கைய ரல்லா தவர்க்கு",ஈர்ங்கை விதிரார் கயவர் கொடிறு உடைக்கும் கூன் கையர் அல்லாதவர்க்கு
"சொல்லப்பயன் படுவர் சான்றோர் கரும்புபோற்
கொல்லப் பயன்படுங் கீழ்",சொல்லப் பயன்படுவர் சான்றோர் கரும்பு போல் கொல்லப் பயன்படும் கீழ்
"உடுப்பதூஉம் உண்பதூஉம் காணின் பிறர்மேல்
வடுக்காண வற்றாகும் கீழ்",உடுப்பதூஉம் உண்பதூஉம் காணின் பிறர்மேல் வடுக் காண வற்றாகும் கீழ்
"எற்றிற்கு உரியர் கயவரொன் றுற்றக்கால்
விற்றற் குரியர் விரைந்து",எற்றிற்கு உரியர் கயவர் ஒன்று உற்றக்கால் விற்றற்கு உரியர் விரைந்து
"அணங்குகொ லாய்மயில் கொல்லோ கனங்குழை
மாதர்கொன் மாலுமென் னெஞ்சு",அணங்கு கொல் ஆய் மயில் கொல்லோ கனம் குழை மாதர் கொல் மாலும் என் நெஞ்சு
"நோக்கினா ணோக்கெதிர் நோக்குத றாக்கணங்கு
தானைக்கொண் டன்ன துடைத்து",நோக்கினாள் நோக்கு எதிர் நோக்குதல் தாக்கு அணங்கு தானைக் கொண்டு அன்னது உடைத்து
"பண்டறியேன் கூற்றென் பதனை யினியறிந்தேன்
பெண்டகையாற் பேரமர்க் கட்டு",பண்டு அறியேன் கூற்று என்பதனை இனி அறிந்தேன் பெண் தகையால் பேர் அமர்க் கட்டு
"கண்டா ருயிருண்ணுந் தோற்றத்தாற் பெண்டகைப்
பேதைக் கமர்த்தன கண்",கண்டார் உயிர் உண்ணும் தோற்றத்தான் பெண் தகை பேதைக்கு அமர்த்தன கண்
"கூற்றமோ கண்ணோ பிணையோ மடவர
னோக்கமிம் மூன்று முடைத்து",கூற்றமோ கண்ணோ பிணையோ மடவரல் நோக்கம் இம் மூன்றும் உடைத்து
"கொடும்புருவங் கோடா மறைப்பி னடுங்கஞர்
செய்யல மன்னிவள் கண்",கொடும் புருவம் கோடா மறைப்பின் நடுங்கு அஞர் செய்யலமன் இவள் கண்
"கடாஅக் களிற்றின்மேற் கட்படா மாதர்
படாஅ முலைமேற் றுகில்",கடாஅக் களிற்றின் மேல் கட்படாம் மாதர் படாஅ முலை மேல் துகில்
"ஒண்ணுதற் கோஒ உடைந்ததே ஞாட்பினுள்
நண்ணாரும் உட்குமென் பீடு",ஒள் நுதலுக்கோஒ உடைந்ததே ஞாட்பின் உள் நண்ணாரும் உட்கும் என் பீடு
"பிணையேர் மடநோக்கு நாணு முடையாட்
கணியெவனோ வேதில தந்து",பிணை ஏர் மட நோக்கும் நாணும் உடையாட்கு அணி எவனோ ஏதில தந்து
"உண்டார்க ணல்ல தடுநறாக் காமம்போற்
கண்டார் மகிழ்செய்த லின்று",உண்டார் கண் அல்லது அடு நறாக் காமம் போல் கண்டார் மகிழ் செய்தல் இன்று
"இருநோக் கிவளுண்க ணுள்ள தொருநோக்கு
நோய்நோக்கொன் றந்நோய் மருந்து",இரு நோக்கு இவள் உண்கண் உள்ளது ஒரு நோக்கு நோய் நோக்கு ஒன்று அந் நோய் மருந்து
"கண்களவு கொள்ளுஞ் சிறுநோக்கங் காமத்திற்
செம்பாக மன்று பெரிது",கண் களவு கொள்ளும் சிறு நோக்கம் காமத்தில் செம்பாகம் அன்று பெரிது
"நோக்கினா ணோக்கி யிறைஞ்சினா ளஃதவள்
யாப்பினு ளட்டிய நீர்",நோக்கினாள் நோக்கி இறைஞ்சினாள் அஃது அவள் யாப்பினுள் அட்டிய நீர்
"யானோக்குங் காலை நிலனோக்கு நோக்காக்காற்
றானோக்கி மெல்ல நகும்",யான் நோக்கும் காலை நிலன் நோக்கும் நோக்காக் கால் தான் நோக்கி மெல்ல நகும்
"குறிக்கொண்டு நோக்காமை யல்லா லொருகண்
சிறக்கணித்தாள் போல நகும்",குறிக்கொண்டு நோக்காமை அல்லால் ஒரு கண் சிறக்கணித்தாள் போல நகும்
"உறாஅ தவர்போற் சொலினுஞ் செறாஅர்சொ
லொல்லை யுணரப் படும்",உறாஅதவர் போல் சொலினும் செறாஅர் சொல் ஒல்லை உணரப் படும்
"செறாஅச் சிறுசொல்லுஞ் செற்றார்போ னோக்கு
முறாஅர்போன் றுற்றார் குறிப்பு",செறாஅச் சிறு சொல்லும் செற்றார் போல் நோக்கும் உறாஅர் போன்று உற்றார் குறிப்பு
"அசையியற் குண்டாண்டோ ரேஎர்யா னோக்கப்
பசையினள் பைய நகும்",அசை இயற்கு உண்டு ஆண்டு ஓர் ஏஎர் யான் நோக்கப் பசையினள் பைய நகும்
"ஏதிலார் போலப் பொதுநோக்கு நோக்குதல்
காதலார் கண்ணே உள",ஏதிலார் போலப் பொது நோக்கு நோக்குதல் காதலார் கண்ணே உள
"கண்ணொடு கண்ணிணை நோக்கொக்கின் வாய்ச்சொற்க
ளென்ன பயனு மில",கண்ணொடு கண் இணை நோக்கு ஒக்கின் வாய்ச் சொற்கள் என்ன பயனும் இல
"கண்டுகேட் டுண்டுயிர்த் துற்றறியு மைம்புலனு
மொண்டொடி கண்ணே யுள",கண்டு கேட்டு உண்டு உயிர்த்து உற்று அறியும் ஐம் புலனும் ஒள் தொடி கண்ணே உள
"பிணிக்கு மருந்து பிறம னணியிழை
தன்னோய்க்குத் தானே மருந்து",பிணிக்கு மருந்து பிற மன் அணி இழை தன் நோய்க்குத் தானே மருந்து
"தாம்வீழ்வார் மென்றோட் டுயிலி னினிதுகொ
றாமரைக் கண்ணா னுலகு",தாம் வீழ்வார் மென் தோள் துயிலின் இனிது கொல் தாமரைக் கண்ணான் உலகு
"நீங்கிற் றெறூஉங் குறுகுங்காற் றண்ணென்னுந்
தீயாண்டுப் பெற்றா ளிவள்",நீங்கின் தெறூஉம் குறுகுங்கால் தண் என்னும் தீ யாண்டுப் பெற்றாள் இவள்
"வேட்ட பொழுதி னவையவை போலுமே
தோட்டார் கதுப்பினா டோள்",வேட்ட பொழுதின் அவை அவை போலுமே தோடு ஆர் கதுப்பினாள் தோள்
"உறுதோ றுயிர்தளிர்ப்பத் தீண்டலாற் பேதைக்
கமுதி னியன்றன தோள்",உறுதோறு உயிர் தளிர்ப்பத் தீண்டலாற் பேதைக்கு அமுதின் இயன்றன தோள்
"தம்மி லிருந்து தமதுபாத் துண்டற்றா
லம்மா வரிவை முயக்கு",தம் இல் இருந்து தமது பாத்து உண்டு அற்றால் அம் மா அரிவை முயக்கு
"வீழு மிருவர்க் கினிதே வளியிடை
போழப் படாஅ முயக்கு",வீழும் இருவர்க்கு இனிதே வளி இடை போழப் படாஅ முயக்கு
"ஊட லுணர்தல் புணர்த லிவைகாமங்
கூடியார் பெற்ற பயன்",ஊடல் உணர்தல் புணர்தல் இவை காமம் கூடியார் பெற்ற பயன்
"அறிதோ றறியாமை கண்டற்றாற் காமஞ்
செறிதோறுஞ் சேயிழை மாட்டு",அறிதோறு அறியாமை கண்டு அற்றால் காமம் செறிதோறும் சேயிழை மாட்டு
"நன்னீரை வாழி யனிச்சமே நின்னினு
மென்னீரள் யாம்வீழ் பவள்",நல் நீரை வாழி அனிச்சமே நின்னினும் மெல் நீரள் யாம் வீழ்பவள்
"மலர்காணின் மையாத்தி நெஞ்சே யிவள்கண்
பலர்காணும் பூவொக்கு மென்று",மலர் காணின் மையாத்தி நெஞ்சே இவள் கண் பலர் காணும் பூ ஒக்கும் என்று
"முறிமேனி முத்த முறுவல் வெறிநாற்றம்
வேலுண்கண் வேய்த்தோ ளவட்கு",முறி மேனி முத்தம் முறுவல் வெறி நாற்றம் வேய்த் தோள் அவட்கு
"காணின் குவளை கவிழ்ந்து நிலன்நோக்கும்
மாணிழை கண்ணொவ்வேம் என்று",காணின் குவளை கவிழ்ந்து நிலன் நோக்கும் மாண் இழை கண் ஒவ்வோம் என்று
"அனிச்சப்பூக் கால்களையாள் பெய்தா ணுசுப்பிற்கு
நல்ல படாஅ பறை",அனிச்சப் பூக் கால் களையாள் பெய்தாள் நுசுப்பிற்கு நல்ல படாஅ பறை
"மதியு மடந்தை முகனு மறியா
பதியிற் கலங்கிய மீன்",மதியும் மடந்தை முகனும் அறியா பதியின் கலங்கிய மீன்
"அறுவாய் நிறைந்த வவிர்மதிக்குப் போல
மறுவுண்டோ மாதர் முகத்து",அறு வாய் நிறைந்த அவிர் மதிக்குப் போல மறு உண்டோ மாதர் முகத்து
"மாதர் முகம்போ லொளிவிட வல்லையேற்
காதலை வாழி மதி",மாதர் முகம் போல் ஒளி விட வல்லையேல் காதலை வாழி மதி
"மலரன்ன கண்ணாண் முகமொத்தி யாயிற்
பலர்காணத் தோன்றன் மதி",மலர் அன்ன கண்ணாள் முகம் ஒத்தியாயின் பலர் காணத் தோன்றல் மதி
"அனிச்சமு மன்னத்தின் றூவியு மாத
ரடிக்கு நெருஞ்சிப் பழம்",அனிச்சமும் அன்னத்தின் தூவியும் மாதர் அடிக்கு நெருஞ்சிப் பழம்
"பாலொடு தேன்கலந் தற்றே பணிமொழி
வாலெயி றூறிய நீர்",பாலொடு தேன் கலந்து அற்றே பணி மொழி வால் எயிறு ஊறிய நீர்
"உடம்பொ டுயிரிடை யென்னமற் றன்ன
மடந்தையொ டெம்மிடை நட்பு",உடம்பொடு உயிரிடை என்ன மற்று அன்ன மடந்தையொடு எம் இடை நட்பு
"கருமணியிற் பாவாய்நீ போதாயாம் வீழுந்
திருநுதற் கி்ல்லை யிடம்",கரு மணியின் பாவாய் நீ போதாய் யாம் வீழும் திரு நுதற்கு இல்லை இடம்
"வாழ்தலுயிர்க் கன்ன ளாயிழை சாத
லதற்கன்ன ணீங்கு மிடத்து",வாழ்தல் உயிர்க்கு அன்னள் ஆயிழை சாதல் அதற்கு அன்னள் நீங்கும் இடத்து
"உள்ளுவன்மன் யான் மறப்பின் மறப்பறியே
னொள்ளமர்க் கண்ணாள் குணம்",உள்ளுவன் மன் யான் மறப்பின் மறப்பு அறியேன் ஒள் அமர்க் கண்ணாள் குணம்
"கண்ணுள்ளிற் போகா ரிமைப்பிற் பருவரார்
நுண்ணியரெங் காத லவர்",கண் உள்ளில் போகார் இமைப்பின் பருவரார் நுண்ணியர் எம் காதலவர்
"கண்ணுள்ளார் காத லவராகக் கண்ணும்
எழுதேம் கரப்பாக்கு அறிந்து",கண் உள்ளார் காதலவர் ஆகக் கண்ணும் எழுதேம் கரப்பாக்கு அறிந்து
"நெஞ்சத்தார் காத லவராக வெய்துண்டல்
அஞ்சுதும் வேபாக் கறிந்து",நெஞ்சத்தார் காதலவர் ஆக வெய்து உண்டல் அஞ்சுதும் வேபாக்கு அறிந்து
"இமைப்பிற் கரப்பாக் கறிவ லனைத்திற்கே
யேதில ரென்னுமிவ் வூர்",இமைப்பின் கரப்பாக்கு அறிவல் அனைத்திற்கே ஏதிலர் என்னும் இவ் ஊர்
"உவந்துறைவர் ருள்ளத்து ளென்று மிகந்துறைவ
ரேதில ரென்னுமிவ் வூர்",உவந்து உறைவர் உள்ளத்துள் என்றும் இகந்து உறைவர் ஏதிலர் என்னும் இவ் ஊர்
"காம முழந்து வருந்தினார்க் கேம
மடலல்ல தில்லை வலி",காமம் உழந்து வருந்தினார்க்கு ஏம மடல் அல்லது இல்லை வலி
"நோனா வுடம்பு முயிரு மடலேறு
நாணினை நீக்கி நிறுத்து",நோனா உடம்பும் உயிரும் மடல் ஏறும் நாணினை நீக்கி நிறுத்து
"நாணொடு நல்லாண்மை பண்டுடையே னின்றுடையேன்
காமுற்றா ரேறு மடல்",நாணொடு நல் ஆண்மை பண்டு உடையேன் இன்று உடையேன் காமுற்றார் ஏறும் மடல்
"காமக் கடும்புன லுய்க்குமே நாணொடு
நல்லாண்மை யென்னும் புணை",காமக் கடும் புனல் உய்க்குமே நாணொடு நல் ஆண்மை என்னும் புணை
"தொடலைக் குறுந்தொடி தந்தாண் மடலொடு
மாலை யுழக்குந் துயர்",தொடலைக் குறும் தொடி தந்தாள் மடலொடு மாலை உழக்கும் துயர்
"மடலூர்தல் யாமத்து முள்ளுவேன் மன்ற
படலொல்லா பேதைக்கென் கண்",மடல் ஊர்தல் யாமத்தும் உள்ளுவேன் மன்ற படல் ஒல்லா பேதைக்கு என் கண்
"கடலன்ன காம முழந்து மடலேறாப்
பெண்ணிற் பெருந்தக்க தில்",கடல் அன்ன காமம் உழந்தும் மடல் ஏறாப் பெண்ணின் பெருந்தக்கது இல்
"நிறையரி யர்மன்னளிய ரென்னாது காம
மறையிறந்து மன்று படும்",நிறை அரியர் மன் அளியர் என்னாது காமம் மறை இறந்து மன்று படும்
"அறிகிலா ரெல்லாரு மென்றேயென் காம
மறுகின் மறுகு மருண்டு",அறிகிலார் எல்லாரும் என்றே என் காமம் மறுகின் மறுகு மருண்டு
"யாங்கண்ணிற் காண வறிவில்லார் நகுப
யாம்பட்ட தாம்படா வாறு",யாம் கண்ணின் காண அறிவு இல்லார் நகுப யாம் பட்ட தாம் படாவாறு
"அலரெழ வாருயிர் நிற்கு மதனைப்
பலரறியார் பாக்கியத் தால்",அலர் எழ ஆர் உயிர் நிற்கும் அதனைப் பலர் அறியார் பாக்கியத்தால்
"மலரன்ன கண்ணா ளருமை யறியா
தலரெமக் கீந்ததிவ் வூர்",மலர் அன்ன கண்ணாள் அருமை அறியாது அலர் எமக்கு ஈந்தது இவ் ஊர்
"உறாஅதோ வூரறிந்த கௌவை யதனைப்
பெறாஅது பெற்றன்ன நீர்த்து",உறாஅதோ ஊர் அறிந்த கௌவை அதனைப் பெறாஅது பெற்று அன்ன நீர்த்து
"கவ்வையாற் கவவிது காம மதுவின்றேற்
றவ்வென்னுந் தன்மை யிழந்து",கவ்வையால் கவ்விது காமம் அது இன்றேல் தவ் என்னும் தன்மை இழந்து
"களித்தொறுங் கள்ளுண்டல் வேட்டற்றாற் காமம்
வெளிப்படுந் தோறு மினிது",களித்தொறும் கள் உண்டல் வேட்டு அற்றால் காமம் வெளிப்படும் தோறும் இனிது
"கண்டது மன்னு மொருநா லலர்மன்னுந்
திங்களைப் பாம்புகொண் டற்று",கண்டது மன்னும் ஒருநாள் அலர்மன்னும் திங்களைப் பாம்பு கொண்டு அற்று
"ஊரவர் கௌவை எருவாக வன்னைசொன்
னீராக நீளுமிந் நோய்",ஊரவர் கௌவை எருவாக அன்னை சொல் நீர் ஆக நீளும் இந் நோய்
"நெய்யா லெரிநுதுப்பே மென்றற்றாற் கௌவையாற்
காம நுதுப்பே மெனல்",நெய்யால் எரி நுதுப்பேம் என்று அற்றால் கௌவையால் காம நுதுப்பேம் எனல்
"அலர்நாண வொல்வதோ வஞ்சலோம் பென்றார்
பலர்நாண நீத்தக் கடை",அலர் நாண் ஒல்வதோ அஞ்சல் ஓம்பு என்றார் பலர் நாண நீத்தக் கடை
"தாம்வேண்டி னல்குவர் காதலர் யாம்வேண்டுங்
கௌவை யெடுக்குமிவ் வூர்",தாம் வேண்டின் நல்குவர் காதலர் யாம் வேண்டும் கௌவை எடுக்கும் இவ் ஊர்
"செல்லாமை யுண்டே லெனக்குரை மற்றுநின்
வல்வரவு வாழ்வார்க் குரை",செல்லாமை உண்டேல் எனக்கு உரை மற்று நின் வல் வரவு வாழ்வார்க்கு உரை
"இன்க ணுடைத்தவர் பார்வல் பிரிவஞ்சும்
புன்க ணுடைத்தாற் புணர்வு",இன்கண் உடைத்து அவர் பார்வல் பிரிவு அஞ்சும் புன்கண் உடைத்தால் புணர்வு
"அரிதரோ தேற்ற மறிவுடையார் கண்ணும்
பிரிவோ ரிடத்துண்மை யான்",அரிது அரோ தேற்றம் அறிவு உடையார் கண்ணும் பிரிவு ஓர் இடத்து உண்மையான்
"அளித்தஞ்ச லென்றவர் நீப்பிற் றெளித்தசொற்
றேறியார்க் குண்டோ தவறு",அளித்து அஞ்சல் என்றவர் நீப்பின் தெளித்த சொல் தேறியார்க்கு உண்டோ தவறு
"ஓம்பி னமைந்தார் பிரிவோம்பன் மற்றவர்
நீங்கி னரிதாற் புணர்வு",ஓம்பின் அமைந்தார் பிரிவு ஓம்பல் மற்று அவர் நீங்கின் அரிதால் புணர்வு
"பிரிவுரைக்கும் வன்கண்ண ராயி னரிதவர்
நல்குவ ரென்னும் நசை",பிரிவு உரைக்கும் வன்கண்ணர் ஆயின் அரிது அவர் நல்குவர் என்னும் நசை
"துறைவன் றுறந்தமை தூற்றாகொன் முன்கை
யிறையிறவா நின்ற வளை",துறைவன் துறந்தமை தூற்றா கொல் முன் கை இறை இறவா நின்ற வளை
"இன்னா தினனில்லூர் வாழ்த லதனினு
மின்னா தினியார்ப் பிரிவு",இன்னாது இனன் இல் ஊர் வாழ்தல் அதனினும் இன்னாது இனியார்ப் பிரிவு
"தொடிற் சுடினல்லது காமநோய் போல
விடிற்சுட லாற்றுமோ தீ",தொடின் சுடில் அல்லது காம நோய் போல விடின் சுடல் ஆற்றுமோ தீ
"அரிதாற்றி யல்லனோய் நீக்கிப் பிரிவாற்றிப்
பின்னிருந்து வாழ்வார் பலர்",அரிது ஆற்றி அல்லல் நோய் நீக்கிப் பிரிவு ஆற்றிப் பின் இருந்து வாழ்வார் பலர்
"மறைப்பேன்மன் யானிஃதோ நோயை யிறைப்பவர்க்
கூற்றுநீர் போல மிகும்",மறைப்பேன் மன் யான் இஃதோ நோயை இறைப்பார்க்கு ஊற்று நீர் போல மிகும்
"கரத்தலு மாற்றேனிந் நோயைநோய் செய்தார்க்
குரைத்தலு நாணுத் தரும்",கரத்தலும் ஆற்றேன் இந் நோயை நோய் செய்தார்க்கு உரைத்தலும் நாணுத்தரும்
"காமமு நாணு முயிர்காவாத் தூங்குமென்
னோனா வுடம்பி னகத்து",காமமும் நாணும் உயிர்காவாத் தூங்கும் என் நோனா உடம்பின் அகத்து
"காமக் கடன்மன்னு முண்டே யதுநீந்து
மேமப் புணைமன்னு மில்",காமக் கடல் மன்னும் உ்ண்டே அது நீந்தும் ஏமப் புணை மன்னும் இல்
"துப்பி னெவனாவர் மற்கொ றுயர்வரவு
நட்பினு ளாற்று பவர்",துப்பின் எவன் ஆவர் மன் கொல் துயர் வரவு நட்பினுள் ஆற்றுபவர்
"இன்பங் கடன்மற்றுக் காம மஃதடுங்காற்
றுன்ப மதனிற் பெரிது",இன்பம் கடல்மற்றுக் காமம் அஃது அடுங்கால் துன்பம் அதனின் பெரிது
"காமக் கடும்புன னீந்திக் கரைகாணேன்
யாமத்தும் யானே யுளேன்",காமக் கடும் புனல் நீந்திக் கரை காணேன் யாமத்தும் யானே உளன்
"மன்னுயிரெல் லாந் துயிற்றி யளித்திரா
வென்னல்ல தில்லை துணை",மன் உயிர் எல்லாம் துயிற்றி அளித்து இரா என் அல்லது இல்லை துணை
"கொடியார் கொடுமையிற் றாங்கொடிய விந்நா
ணெடிய கழியு மிரா",கொடியார் கொடுமையின் தாம் கொடிய இந்நாள் நெடிய கழியும் இரா
"உள்ளம்போன் றுள்வழிச் செல்கிற்பின் வெள்ளநீர்
நீந்தல மன்னோவென் கண்",உள்ளம் போன்று இள்வழிச் செல்கிற்பின் வெள்ளநீர் நீந்தல மன்னோ என் கண்
"கண்டாங் கலுழ்வ தெவன்கொலோ தண்டாநோய்
தாங்காட்ட யாங்கண் டது",கண் தாம் கலுழ்வது எவன் கொலோ தண்டா நோய் தாம் காட்ட யாம் கண்டது
"தெரிந்துணரா நோக்கிய வுண்கண் பரிந்துணராப்
பைத லுழப்ப தெவன்",தெரிந்து உணரா நோக்கிய உண் கண் பரிந்து உணராப் பைதல் உழப்பது எவன்
"கதுமெனத் தாநோக்கித் தாமே கலுழு
மிதுநகத் தக்க துடைத்து",கதும் எனத் தாம் நோக்கித் தாமே கலுழும் இது நகத்தக்கது உடைத்து
"பெயலாற்றா நீருலந்த வுண்க ணுயலாற்றா
வுய்வினோ யென்க ணிறுத்து",பெயல் ஆற்றா நீர் உலந்த உண் கண் உயல் ஆற்றா உய்வு இல் நோய் என் கண் நிறுத்து
"படலாற்றா பைத லுழக்குங் கடலாற்றாக்
காமநோய் செய்தவென் கண்",படல் ஆற்றா பைதல் உழக்கும் கடல் ஆற்றாக் காம நோய் செய்த என் கண்
"ஓஒ வினிதே யெமக்கிந்நோய் செய்தகண்
டாஅ மிதற்பட் டது",ஓஒ இனிதே எமக்கு இந்நோய் செய்த கண் தாஅம் இதற்பட்டது
"உழந்துழந் துண்ணீ ரறுக விழைந்திழைந்து
வேண்டி யவர்க்கண்ட கண்",உழந்து உழந்து உள் நீர் அறுக விழைந்து இழைந்து வேண்டி அவர்க் கண்ட கண்
"பேணாது பெட்டா ருளர்மன்னோ மற்றவர்க்
காணாது அமைவில கண்",பேணாது பெட்டார் உளர் மன்னோ மற்று அவர்க் காணாது அமைவில கண்
"வாராக்கால் றுஞ்சா வரிற்றுஞ்சா வாயிடை
யாரஞ ருற்றன கண்",வாராக்கால் துஞ்சா வரின் துஞ்சா ஆயிடை ஆர் அஞர் உற்றன கண்
"மறைபெற லூரார்க் கரிதன்றா லெம்போ
லறைபறை கண்ணா ரகத்து",மறை பெறல் ஊரார்க்கு அரிது அன்றால் எம் போல் அறை பறை கண்ணார் அகத்து
"நயந்தவர்க்கு நல்காமை நேர்ந்தேன் பசந்தவென்
பண்பியார்க் குரைக்கோ பிற",நயந்தவர்க்கு நல்காமை நேர்ந்தேன் பசந்த என் பண்பு யார்க்கு உரைக்கோ பிற
"அவர்தந்தா ரென்னுந் தகையா லிவர்தந்தென்
மேனிமே லூரும் பசப்பு",அவர் தந்தார் என்னும் தகையால் இவர் தந்து என் மேனி மேல் ஊரும் பசப்பு
"சாயலு நாணு மவர்கொண்டார் கைம்மாறா
நோயும் பசலையுந் தந்து",சாயலும் நாணும் அவர் கொண்டார் கைம்மாறா நோயும் பசலையும் தந்து
"உள்ளுவன் மன்யா னுரைப்ப தவர்திறமாற்
கள்ளம் பிறவோ பசப்பு",உள்ளுவன் மன் யான் உரைப்பது அவர் திறம் ஆல் கள்ளம் பிறவோ பசப்பு
"உவக்காணெங் காதலர் செல்வா ரிவக்காணென்
மேனி பசப்பூர் வது",உவக்காண் எம் காதலர் செல்வார் இவக்காண் என் மேனி பசப்பு ஊர்வது
"விளக்கற்றம் பார்க்கு மிருளேபோற் கொண்கன்
முயக்கற்றம் பார்க்கும் பசப்பு",விளக்கு அற்றம் பார்க்கும் இருளே போல் கொண்கன் முயக்கு அற்றம் பார்க்கும் பசப்பு
"புல்லிக் கிடந்தேன் புடைபெயர்ந்தேன் அவ்வளவில்
அள்ளிக்கொள் வற்றே பசப்பு",புல்லிக் கிடந்தேன் புடை பெயர்ந்தேன் அவ் அளவில் அள்ளிக் கொள்வற்றே பசப்பு
"பசந்தா ளிவளென்ப தல்லா லிவளைத்
துறந்தா ரவரென்பா ரில்",பசந்தாள் இவள் என்பது அல்லால் இவளைத் துறந்தார் அவர் என்பார் இல்
"பசக்கமற் பட்டாங்கென் மேனி நயப்பித்தார்
நன்னிலைய ராவ ரெனின்",பசக்க மன் பட்டாங்கு என் மேனி நயப்பித்தார் நல் நிலையர் ஆவர் எனின்
"பசப்பெனப் பேர்பெறுத னன்றே நயப்பித்தார்
நல்காமை தூற்றா ரெனின்",பசப்பு எனப் பேர் பெறுதல் நன்றே நயப்பித்தார் நல்காமை தூற்றார் எனின்
"தாம்வீழ்வார் தம்வீழப் பெற்றவர் பெற்றாரே
காமத்துக் காழில் கனி",தாம் வீழ்வார் தம் வீழப் பெற்றவர் பெற்றாரே காமத்துக் காழ் இல் கனி
"வாழ்வார்க்கு வானம் பயந்தற்றால் வீழ்வார்க்கு
வீழ்வா ரளிக்கு மளி",வாழ்வார்க்கு வானம் பயந்து அற்றால் வீழ்வார்க்கு வீழ்வார் அளிக்கும் அளி
"வீழுநர் வீழப் படுவார்க்கு அமையுமே
வாழுநம் என்னும் செருக்கு",வீழுநர் வீழப்படுவார்க்கு அமையுமே வாழுநம் என்னும் செருக்கு
"வீழப் படுவார் கெழீஇயிலர் தாம்வீழ்வார்
வீழப் படாஅ ரெனின்",வீழப்படுவார் கெழீஇ இலர் தாம் வீழ்வார் வீழப்படாஅர் எனின்
"நாங்காதல் கொண்டார் நமக்கெவன் செய்பவோ
தாங்காதல் கொள்ளாக் கடை",நாம் காதல் கொண்டார் நமக்கு எவன் செய்பவோ தாம் காதல் கொள்ளாக்கடை
"ஒருதலையா னின்னாது காமங்காப் போல
விருதலை யானு மினிது",ஒருதலையான் இன்னாது காமம் காப் போல இருதலையானும் இனிது
"பருவரலும் பைதலுங் காணான்கொல் காம
னொருவர்க ணின்றொழுகு வான்",பருவரலும் பைதலும் காணான்கொல் காமன் ஒருவர்கண் நின்று ஒழுகுவான்
"வீழ்வாரி னின்சொற் பெறாஅ துலகத்து
வாழ்வாரின் வன்கணா ரில்",வீழ்வாரின் இன்சொல் பெறாஅது உலகத்து வாழ்வாரின் வன்கணார் இல்
"நசைஇயார் நல்கார் எனினும் அவர்மாட்டு
இசையும் இனிய செவிக்கு",நசைஇயார் நல்கார் எனினும் அவர் மாட்டு இசையும் இனிய செவிக்கு
"உறாஅர்க் குறுநோ யுரைப்பாய் கடலைச்
செறாஅய் வாழிய நெஞ்சு",உறாஅர்க்கு உறு நோய் உரைப்பாய் கடலைச் செறாஅஅய் வாழிய நெஞ்சு
"உள்ளினுந் தீராப் பெருமகிழ் செய்தலாற்
கள்ளினுங் காம மினிது",உள்ளினும் தீராப் பெரு மகிழ்ச்சி செய்தலால் கள்ளினும் காமம் இனிது
"எனைத்தொன் றினிதேகாண் காமந்தாம் வீழ்வார்
நினைப்ப வருவதொன் றில்",எனைத்து ஒன்று இனிதே காண் காமம் தாம் வீழ்வார் நினைப்ப வருவது ஒன்று இல்
"நினைப்பவர் போன்று நினையார்கொ றும்மல்
சினைப்பது போன்று கெடும்",நினைப்பவர் போன்று நினையார்கொல் தும்மல் சினைப்பது போன்று கெடும்
"யாமு முளேங்கொ லவர்நெஞ்சத் தெந்நெஞ்சத்
தோஒ வுளரே யவர்",யாமும் உளேம்கொல் அவர் நெஞ்சத்து எம் நெஞ்சத்து ஓஒ உளரே அவர்
"தந்நெஞ்சத் தெம்மைக் கடிகொண்டார் நாணார்கொ
லெந்நெஞ்சத் தோவா வரல்",தம் நெஞ்சத்து எம்மைக் கடி கொண்டார் நாணார்கொல் எம் நெஞ்சத்து ஓவா வரல்
"மற்றுயா னென்னுளேன் மன்னோ வவரொடியா
னுற்றநா ளுள்ள வுளேன்",மற்று யான் என் உளேன் மன்னோ அவரொடு யான் உற்ற நாள் உள்ள உளேன்
"மறப்பினெவ னாவன் மற்கொன் மறப்பறியே
னுள்ளினு முள்ளஞ் சுடும்",மறப்பின் எவன் ஆவன்மன்கொல் மறப்பு அறியேன் உள்ளினும் உள்ளம் சுடும்
"எனைத்து நினைப்பினும் காயார் அனைத்தன்றோ
காதலர் செய்யும் சிறப்பு",எனைத்து நினைப்பினும் காயார் அனைத்து அன்றோ காதலர் செய்யும் சிறப்பு
"விளியுமெ னின்னுயிர் வேறல்ல மென்பா
ரளியின்மை யாற்ற நினைந்து",விளியும் என் இன் உயிர் வேறு அல்லம் என்பார் அளி இன்மை ஆற்ற நினைந்து
"விடாஅது சென்றாரைக் கண்ணினாற் காணப்
படாஅதி வாழி மதி",விடாஅது சென்றாரைக் கண்ணினால் காணப் படாஅதி வாழி மதி
"காதலர் தூதொடு வந்த கனவினுக்
கியாதுசெய் வேன்கொல் விருந்து",காதலர் தூதொடு வந்த கனவினுக்கு யாது செய்வேன்கொல் விருந்து
"கயலுண்கண் யானிரப்பத் துஞ்சிற் கலந்தார்க்
குயலுண்மை சாற்றுவேன் மன்",கயல் உண்கண் யான் இரப்பத் துஞ்சின் கலந்தார்க்கு உயல் உண்மை சாற்றுவேன் மன்
"நனவினா னல்கா தவரைக் கனவினாற்
காண்டலி னுண்டென் னுயிர்",நனவினான் நல்காதவரை கனவினாற் காண்டலின் உண்டு என் உயிர்
"கனவினா னுண்டாகுங் காம நனவினா
னல்காரை நாடித் தரற்கு",கனவினான் உண்டாகும் காமம் நனவினான் நல்காரை நாடித் தரற்கு
"நனவினாற்கண்ட தூஉ மாங்கே கனவுந்தான்
கண்ட பொழுதே யினிது",நனவினால் கண்டதூஉம் ஆங்கே கனவுந்தான் கண்ட பொழுதே இனிது
"நனவென வொன்றில்லை யாயிற் கனவினாற்
காதலர் நீங்கலர் மன்",நனவு என ஒன்று இல்லையாயின் கனவினான் காதலர் நீங்கலர் மன்
"நனவினா னல்காக் கொடியார் கனவினா
னென்னெம்மைப் பீழிப் பது",நனவினான் நல்காக் கொடியார் கனவினான் என் எம்மைப் பீழிப்பது
"துஞ்சுங்காற் றோண்மேல ராகி விழிக்குங்கா
னெஞ்சத்த ராவர் விரைந்து",துஞ்சும்கால் தோள் மேலர் ஆகி விழிக்குங்கால் நெஞ்சத்தர் ஆவர் விரைந்து
"நனவினா னல்காரை நோவர் கனவினாற்
காதலர்க் காணா தவர்",நனவினான் நல்காரை நோவர் கனவினான் காதலர்க் காணாதவர்
"நனவினா னந்நீத்தா ரென்பர் கனவினாற்
காணார்கொ லிவ்வூ ரவர்",நனவினான் நம் நீத்தார் என்பர் கனவினால் காணார்கொல் இவ் ஊரவர்
"மாலையோ வல்லை மணந்தா ருயிருண்ணும்
வேலைநீ வாழி பொழுது",மாலையோ அல்லை மணந்தார் உயிர் உண்ணும் வேலை நீ வாழி பொழுது
"புன்கண்ணை வாழி மருண்மாலை யெங்கேள்போல்
வன்கண்ண தோநின் றுணை",புன்கண்ணை வாழி மருள் மாலை எம் கேள் போல் வன்கண்ணதோ நின் துணை
"பனியரும்பிப் பைதல்கொண் மாலை துனியரும்பித்
துன்பம் வளர வரும்",பனி அரும்பிப் பைதல் கொள் மாலை துனி அரும்பித் துன்பம் வளர வரும்
"காதல ரில்வழி மாலை கொலைக்களத்
தேதிலர் போல வரும்",காதலர் இல்வழி மாலை கொலைக் களத்து ஏதிலர் போல வரும்
"காலைக்குச் செய்தநன் றென்கொ லெவன்கொல்யான்
மாலைக்குச் செய்த பகை",காலைக்குச் செய்த நன்று என்கொல் எவன் கொல் யான் மாலைக்குச் செய்த பகை
"மாலைநோய் செய்தன் மணந்தா ரகலாத
காலை யறிந்த திலேன்",மாலை நோய் செய்தல் மணந்தார் அகலாத காலை அறிந்தது இலேன்
"காலை அரும்பிப் பகலெல்லாம் போதாகி
மாலை மலரும்இந் நோய்",காலை அரும்பி பகல் எல்லாம் போது ஆகி மாலை மலரும் இந் நோய்
"அழல்போலு மாலைக்குத் தூதாகி யாயன்
குழல்போலுங் கொல்லும் படை",அழல் போலும் மாலைக்குத் தூது ஆகி ஆயன் குழல் போலும் கொல்லும் படை
"பதிமருண்டு பைத லுழக்கு மதிமருண்டு
மாலை படர்தரும் போழ்து",பதி மருண்டு பைதல் உழக்கும் மதி மருண்டு மாலை படர்தரும் போழ்து
"பொருண்மாலை யாளரை யுள்ளி மருண்மாலை
மாயுமென் மாயா வுயிர்",பொருள்மாலையாளரை உள்ளி மருள் மாலை மாயும் என் மாயா உயிர்
"சிறுமை நமக்கொழியச் சேட்சென்றா ருள்ளி
நறுமலர் நாணின கண்",சிறுமை நமக்கு ஒழியச் சேண் சென்றார் உள்ளி நறு மலர் நாணின கண்
"நயந்தவர் நல்காமை சொல்லுவ போலும்
பசந்து பனிவாருங் கண்",நயந்தவர் நல்காமை சொல்லுவ போலும் பசந்து பனிவாரும் கண்
"தணந்தமை சால வறிவிப்ப போலு
மணந்தநாள் வீங்கிய தோள்",தணந்தமை சால அறிவிப்ப போலும் மணந்த நாள் வீங்கிய தோள்
"பணைநீங்கிப் பைந்தொடி சோருந் துணைநீங்கித்
தொல்கவின் வாடிய தோள்",பணை நீங்கிப் பைந் தொடி சோரும் துணை நீங்கித் தொல் கவின் வாடிய தோள்
"கொடியார் கொடுமை உரைக்குந் தொடியொடு
தொல்கவின் வாடிய தோள்",கொடியார் கொடுமை உரைக்கும் தொடியொடு தொல் கவின் வாடிய தோள்
"தொடியொடு தோணெகிழ நோவ லவரைக்
கொடிய ரெனக்கூற னொந்து",தொடியொடு தோள் நெகிழ நோவல் அவரை கொடியர் எனக் கூறல் நொந்து
"பாடு பெறுதியோ நெஞ்சே கொடியார்க்கென்
வாடுதோட் பூச லுரைத்து",பாடு பெறுதியோ நெஞ்சே கொடியார்க்கு என் வாடு தோள் பூசல் உரைத்து
"முயங்கிய கைகளை யூக்கப் பசந்தது
பைந்தொடிப் பேதை நுதல்",முயங்கிய கைகளை ஊக்க பசந்தது பைந் தொடிப் பேதை நுதல்
"முயக்கிடைத் தண்வளி போழப் பசப்புற்ற
பேதை பெருமழைக் கண்",முயக்கு இடைத் தண் வளி போழ பசப்பு உற்ற பேதை பெரு மழைக்கண்
"கண்ணின் பசப்போ பருவர லெய்தின்றே
யொண்ணுதல் செய்தது கண்டு",கண்ணின் பசப்போ பருவரல் எய்தின்றே ஒள் நுதல் செய்தது கண்டு
"நினைத்தொன்று சொல்லாயோ நெஞ்சே யெனைத்தொன்று
மெவ்வநோய் தீர்க்கு மருந்து",நினைத்து ஒன்றும் சொல்லாயோ நெஞ்சே எனைத்தொன்றும் எவ்வநோய் தீர்க்கும் மருந்து
"காத லவரில ராகநீ நோவது
பேதைமை வாழியென் னெஞ்சு",காதல் அவர் இலராக நீ நோவது பேதைமை வாழி என் நெஞ்சு
"இருந்துள்ளி யென்பரித னெஞ்சே பரிந்துள்ளல்
பைதனோய் செய்தார் கணில்",இருந்து உள்ளி என் பரிதல் நெஞ்சே பரிந்து உள்ளல் பைதல் நோய் செய்தார்கண் இல்
"கண்ணுங்கொளச் சேறி நெஞ்சே யிவையென்னைத்
தின்னு மவர்க்காண லுற்று",கண்ணும் கொளச் சேறி நெஞ்சே இவை என்னைத் தின்னும் அவர்க் காணல் உற்று
"செற்றாரெனக் கைவிடல் உண்டோ நெஞ்சேயா
முற்றா லுறாஅ தவர்",செற்றார் எனக் கைவிடல் உண்டோ நெஞ்சே யாம் உற்றால் உறாஅதவர்
"கலந்துணர்த்துங் காதலர்க் கண்டாற் புலந்துணராய்
பொய்க்காய்வு காய்தியென் னெஞ்சு",கலந்து உணர்த்தும் காதலர்க் கண்டால் புலந்து உணராய் பொய்க்காய்வு காய்தி என் நெஞ்சு
"காமம்விடு வொன்றோ நாண்விடு நன்னெஞ்சே
யானோ பொறேனிவ் விரண்டு",காமம் விடு ஒன்றோ நாண் விடு நல் நெஞ்சே யானோ பொறேன் இவ் இரண்டு
"பரிந்தவர் நல்காரென் றேங்கிப் பிரிந்தவர்
பின்செல்வாய் பேதையென் னெஞ்சு",பரிந்து அவர் நல்கார் என்று ஏங்கிப் பிரிந்தவர் பின் செல்வாய் பேதை என் நெஞ்சு
"உள்ளத்தார் காத லவராக வுள்ளிநீ
யாருழைச் சேறியென் னெஞ்சு",உள்ளத்தார் காதலர் ஆக உள்ளி நீ யாருழைச் சேறி என் நெஞ்சு
"துன்னாத் துறந்தாரை நெஞ்சத் துடையேமா
வின்னு மிழத்துங் கவின்",துன்னாத் துறந்தாரை நெஞ்சத்து உடையேமா இன்னும் இழத்தும் கவின்
"காமக் கணிச்சி யுடைக்கு நிறையென்னு
நாணுத்தாழ் வீழ்த்த கதவு",காமக் கணிச்சி உடைக்கும் நிறை என்னும் நாணுத் தாழ் வீழ்த்த கதவு
"காம மெனவொன்றோ கண்ணின்றென் நெஞ்சத்தை
யாமத்து மாளுந் தொழில்",காமம் என ஒன்றோ கண் இன்று என் நெஞ்சத்தை யாமத்தும் ஆளும் தொழில்
"மறைப்பேன்மற் காமத்தை யானோ குறிப்பின்றித்
தும்மல்போற் றோன்றி விடும்",மறைப்பேன்மன் காமத்தை யானோ குறிப்பு இன்றித் தும்மல் போல் தோன்றி விடும்
"நிறையுடையே னென்பேன்மன் யானோவென் காம
மறையிறந்து மன்று படும்",நிறையுடையேன் என்பேன்மன் யானோ என் காமம் மறை இறந்து மன்று படும்
"செற்றார்பின் செல்லாப் பெருந்தகைமை காமநோ
யுற்ற ரறிவதொன் றன்று",செற்றார் பின் செல்லாப் பெருந்தகைமை காமநோய் உற்றார் அறிவது ஒன்று அன்று
"செற்றவர் பின்சேறல் வேண்டி யளித்தரோ
வெற்றென்னை யுற்ற துயர்",செற்றவர் பின் சேறல் வேண்டி அளித்து அரோ எற்று என்னை உற்ற துயர்
"நாணென வொன்றோ வறியலங் காமத்தாற்
பேணியார் பெட்ப செயின்",நாண் என ஒன்று அறியலம் காமத்தால் பேணியார் பெட்ப செயின்
"பன்மாயக் கள்வன் பணிமொழி யன்றோநம்
பெண்மை யுடைக்கும் படை",பல் மாயக் கள்வன் பணி மொழி அன்றோ நம் பெண்மை உடைக்கும் படை
"புலப்ப லெனச்சென்றேன் புல்லினே னெஞ்சங்
கலத்த லுறுவது கண்டு",புலப்பல் எனச் சென்றேன் புல்லினேன் நெஞ்சம் கலத்தல் உறுவது கண்டு
"நிணந்தீயி லிட்டன்ன நெஞ்சினார்க் குண்டோ
புணர்ந்தூடி நிற்பே மெனல்",நிணம் தீயில் இட்டு அன்ன நெஞ்சினார்க்கு உண்டோ புணர்ந்து ஊடி நிற்பேம் எனல்
"வாளற்றுப் புற்கென்ற கண்ணு மவர்சென்ற
நாளொற்றித் தேய்ந்த விரல்",வாள் அற்றுப் புற்கு என்ற கண்ணும் அவர் சென்ற நாள் ஒற்றித் தேய்ந்த விரல்
"இலங்கிழா யின்று மறப்பினென் றோண்மேற்
கலங்கழியுங் காரிகை நீத்து",இலங்கு இழாய் இன்று மறப்பின் என் தோள் மேல் கலம் கழியும் காரிகை நீத்து
"உரனசைஇ யுள்ளந் துணையாகச் சென்றார்
வரனசைஇ யின்னு முளேன்",உரன் நசைஇ உள்ளம் துணையாச் சென்றார் வரல் நசைஇ இன்னும் உளேன்
"கூடிய காமம் பிரிந்தார் வரவுள்ளிக்
கோடுகொ டேறுமென் னெஞ்சு",கூடிய காமம் பிரிந்தார் வரவு உள்ளிக் கோடு கொடு ஏறும் என் நெஞ்சு
"காண்கமற் கொண்கனைக் கண்ணாரக் கண்டபி
னீங்குமென் மென்றோட் பசப்பு",காண்கமன் கொண்கனை கண் ஆரக் கண்டபின் நீங்கும் என் மென் தோள் பசப்பு
"வருகமன் கொண்கன் ஒருநாள் பருகுவன்
பைதல்நோய் எல்லாம் கெட",வருகமன் கொண்கன் ஒரு நாள் பருகுவன் பைதல் நோய் எல்லாம் கெட
"புலப்பேன்கொல் புல்லுவேன் கொல்லோ கலப்பேன்கொல்
கண்ணன்ன கேளிர் வரின்",புலப்பேன்கொல் புல்லுவேன்கொல்லோ கலப்பேன்கொல் கண் அன்ன கேளிர் வரின்
"வினைகலந்து வென்றீக வேந்தன் மனைகலந்து
மாலை யயர்கம் விருந்து",வினை கலந்து வென்று ஈக வேந்தன் மனை கலந்து மாலை அயர்கம் விருந்து
"ஒருநா ளெழுநாள்போற் செல்லுஞ்சேட் சென்றார்
வருநாள்வைத் தேங்கு பவர்க்கு",ஒரு நாள் எழு நாள் போல் செல்லும் சேண் சென்றார் வரு நாள் வைத்து ஏங்குபவர்க்கு
"பெறினென்னாம் பெற்றக்கா லென்னா முறினென்னா
முள்ள முடைந்துக்கக் கால்",பெறின் என்னாம் பெற்றக்கால் என்னாம் உறின் என்னாம் உள்ளம் உடைந்து உக்கக்கால்
"கரப்பினுங் கையிகந் தொல்லாநின் னுண்க
ணுரைக்க லுறுவதொன் றுண்டு",கரப்பினும் கை இகந்து ஒல்லா நின் உண்கண் உரைக்கல் உறுவது ஒன்று உண்டு
"கண்ணிறைந்த காரிகைக் காம்பேர்தோட் பேதைக்குப்
பெண்ணிறைந்த நீர்மை பெரிது",கண் நிறைந்த காரிகைக் காம்பு ஏர் தோள் பேதைக்குப் பெண் நிறைந்த நீர்மை பெரிது
"மணியிற் றிகழ்தரு நூல்போன் மடந்தை
யணியிற் றிகழ்வதொன் றுண்டு",மணியில் திகழ்தரும் நூல் போல் மடந்தை அணியில் திகழ்வது ஒன்று உண்டு
"முகைமொக்குள் உள்ளது நாற்றம்போல் பேதை
நகைமொக்குள் உள்ளதொன் றுண்டு",முகை மொக்குள் உள்ளது நாற்றம் போல் பேதை நகைமொக்குள் உள்ளது ஒன்று உண்டு
"செறிதொடி செய்திறந்த கள்ள முறுதுயர்
தீர்க்கும் மருந்தொன் றுடைத்து",செறி தொடி செய்து இறந்த கள்ளம் உறு துயர் தீர்க்கும் மருந்து ஒன்று உண்டு
"பெரிதாற்றிப் பெட்பக் கலத்த லரிதாற்றி
யன்பின்மை சூழ்வ துடைத்து",பெரிது ஆற்றிப் பெட்பக் கலத்தல் அரிது ஆற்றி அன்பு இன்மை சூழ்வது உடைத்து
"தண்ணந் துறைவன் றணந்தமை நம்மினு
முன்ன முணர்ந்த வளை",தண் அம் துறைவன் தணந்தமை நம்மினும் முன்னம் உணர்ந்த வளை
"நெருநற்றுச் சென்றாரெங் காதலர் யாமு
மெழுநாளே மேனி பசந்து",நெருநற்றுச் சென்றார் எம் காதலர் யாமும் எழு நாளேம் மேனி பசந்து
"தொடிநோக்கி மென்றோளு நோக்கி யடிநோக்கி
யஃதாண் டவள்செய் தது",தொடி நோக்கி மெல் தோளும் நோக்கி அடி நோக்கி அஃது ஆண்டு அவள் செய்தது
"பெண்ணினாற் பெண்மை யுடைத்தென்ப கண்ணினாற்
காமநோய் சொல்லி யிரவு",பெண்ணினால் பெண்மை உடைத்து என்ப கண்ணினால் காம நோய் சொல்லி இரவு
"உள்ளக் களித்தலுங் காண மகிழ்தலுங்
கள்ளுக்கில் காமத்திற் குண்டு",உள்ளக் களித்தலும் காண மகிழ்தலும் கள்ளுக்கு இல் காமத்திற்கு உண்டு
"தினைத்துணையும் ஊடாமை வேண்டும் பனைத்துணையும்
காம நிறைய வரின்",தினைத் துணையும் ஊடாமை வேண்டும் பனைத் துணையும் காம நிறைய வரின்
"பேணாது பெட்பவே செய்யினுங் கொண்கனைக்
காணா தமையல கண்",பேணாது பெட்பவே செய்யினும் கொண்கனைக் காணாது அமையல கண்
"ஊடற்கண் சென்றேன்மற் றோழி அதுமறந்து
கூடற்கட் சென்றதென் னெஞ்சு",தோழி ஊடற்கண் சென்றேன்மன் அது மறந்து கூடற்கண் சென்றது என் நெஞ்சு
"எழுதுங்காற் கோல்காணாக் கண்ணேபோற் கொண்கன்
பழிகாணேன் கண்ட விடத்து",எழுதும்கால் கோல் காணாக் கண்ணே போல் கொண்கன் பழி காணேன் கண்ட இடத்து
"காணுங்காற் காணேன் றவறாய காணாக்காற்
காணேன் றவறல் லவை",காணுங்கால் தவறாய காணேன் காணாக்கால் காணேன் தவறு அல்லவை
"உய்த்த லறிந்து புனல்பாய் பவரேபோற்
பொய்த்த லறிந்தென் புலந்து",உய்த்தல் அறிந்து புனல் பாய்பவரே போல் பொய்த்தல் அறிந்து என் புலந்து
"இளி்த்தக்க வின்னா செயினுங் களித்தார்க்குக்
கள்ளற்றே கள்வநின் மார்பு",கள்வ களித்தார்க்கு இளித்தக்க இன்னா செயினும் கள் அற்றே நின் மார்பு
"மலரினு மெல்லிது காமஞ் சிலரதன்
செவ்வி தலைப்படு வார்",மலரினும் மெல்லிது காமம் சிலர் அதன் செவ்வி தலைப்படுவார்
"கண்ணிற் றுனித்தே கலங்கினாள் புல்லுத
லென்னினுந் தான்விதுப் புற்று",கண்ணின் துனித்தே கலங்கினாள் புல்லுதல் என்னினும் தான் விதுப்பு உற்று
"அவர்நெஞ் சவர்க்காதற் கண்டு மெவனெஞ்சே
நீயெமக் காகா தது",அவர் நெஞ்சு அவர்க்கு ஆதல் கண்டும் எவன் நெஞ்சே நீ எமக்கு ஆகாதது
"உறாஅதவர்க் கண்ட கண்ணும் அவரைச்
செறாஅரெனச் சேறியென் னெஞ்சு",உறாஅதவர்க் கண்ட கண்ணும் அவரைச் செறாஅர் எனச் சேறி என் நெஞ்சு
"கெட்டார்க்கு நட்டாரில் லென்பதோ நெஞ்சேநீ
பெட்டாங் கவர்பின் செலல்",கெட்டார்க்கு நட்டார் இல் என்பதோ நெஞ்சே நீ பெட்டாங்கு அவர்பின் செலல்
"இனியன்ன நின்னொடு சூழ்வார்யார் நெஞ்சே
துனிசெய்து துவ்வாய்காண் மற்று",இனி அன்ன நின்னொடு சூழ்வார் யார் நெஞ்சே துனி செய்து துவ்வாய்காண் மற்று
"பெறாஅமை யஞ்சும் பெறிற்பிரி வஞ்சு
மறாஅ விடும்பைத்தென் னெஞ்சு",பெறாஅமை அஞ்சும் பெறின் பிரிவு அஞ்சும் அறாஅ இடும்பைத்து என் நெஞ்சு
"தனியே இருந்து நினைத்தக்கால் என்னைத்
தினிய விருந்ததென் னெஞ்சு",தனியே இருந்து நினைத்தக்கால் என்னைத் தினிய இருந்தது என் நெஞ்சு
"நாணுமறந் தேனவர் மறக்கல்லா வென்
மாணா மடநெஞ்சிற் பட்டு",நாணும் மறந்தேன் அவர் மறக்கல்லா என் மாணா மட நெஞ்சில் பட்டு
"எள்ளி னிளிவாமென் றெண்ணி யவர்திற
முள்ளு முயிர்க்காத னெஞ்சு",எள்ளின் இளிவு ஆம் என்று எண்ணி அவர் திறம் உள்ளும் உயிர்க் காதல் நெஞ்சு
"துன்பத்திற் கியாரே துணையாவார் தாமுடைய
நெஞ்சந் துணையல் வழி",துன்பத்திற்கு யாரே துணை ஆவார் தாம் உடைய நெஞ்சம் துணை அல்வழி
"தஞ்சந் தமரல்ல ரேதிலார் தாமுடைய
நெஞ்சந் தமரல் வழி",தஞ்சம் தமர் அல்லர் ஏதிலார் தாம் உடைய நெஞ்சம் தமர் அல்வழி
"புல்லா திராஅப் புலத்தை அவர்உறும்
அல்லல்நோய் காண்கம் சிறிது",புல்லாது இராப் புலத்தை அவர் உறும் அல்லல் நோய் காண்கம் சிறிது
"உப்பமைந் தற்றாற் புலவி யதுசிறிது
மிக்கற்றா னீள விடல்",உப்பு அமைந்து அற்றால் புலவி அது சிறிது மிக்கற்று ஆல் நீள விடல்
"அலந்தாரை யல்லனோய் செய்தற்றாற் றம்மைப்
புலந்தாரைப் புல்லா விடல்",அலந்தாரை அல்லல் நோய் செய்து அற்றால் தம்மைப் புலந்தாரைப் புல்லா விடல்
"ஊடி யவரை உணராமை வாடிய
வள்ளி முதலரிந் தற்று",ஊடியவரை உணராமை வாடிய வள்ளி முதல் அரிந்தற்று
"நலத்தகை நல்லவர்க் கேஎர் புலத்தகை
பூவன்ன கண்ணா ரகத்து",நலத்தகை நல்லவர்க்கு ஏஎர் புலத்தகை பூ அன்ன கண்ணார் அகத்து
"துனியும் புலவியு மி்ல்லாயிற் காமங்
கனியுங் கருக்காயு மற்று",துனியும் புலவியும் இல்லாயின் காமம் கனியும் கருக்காயும் அற்று
"ஊடலின் உண்டாங்கோர் துன்பம் புணர்வது
நீடுவ தன்றுகொல் என்று",ஊடலின் ஓர் துன்பம் உண்டு புணர்வது நீடுவது அன்றுகொல் என்று
"நோதல் எவன்மற்று நொந்தாரென்று அஃதறியும்
காதலர் இல்லா வழி",நோதல் எவன் மற்று நொந்தார் என்று அஃது அறியும் காதலர் இல்லா வழி
"நீரும் நிழலது இனிதே புலவியும்
வீழுநர் கண்ணே இனிது",நீரும் நிழலது இனிதே புலவியும் வீழுநர் கண்ணே இனிது
"ஊடல் உணங்க விடுவாரோடு என்நெஞ்சம்
கூடுவேம் என்பது அவா",ஊடல் உணங்க விடுவாரோடு என் நெஞ்சம் கூடுவேம் என்பது அவா
"பெண்ணியலா ரெல்லாருங் கண்ணிற் பொதுவுண்பர்
நண்ணேன் பரத்தநின் மார்பு",பெண் இயலார் எல்லாரும் கண்ணில் பொது உண்பர் நண்ணேன் பரத்த நின் மார்பு
"ஊடி இருந்தேமாத் தும்மினார் யாம்தம்மை
நீடுவாழ் கென்பாக் கறிந்து",ஊடி இருந்தேமாத் தும்மினார் யாம் தம்மை நீடு வாழ்க என்பாக்கு அறிந்து
"கோட்டுப்பூச் சூடினுங் காயு மொருத்தியைக்
காட்டிய சூடினீ ரென்று",கோட்டுப் பூச் சூடினும் காயும் ஒருத்தியைக் காட்டிய சூடினீர் என்று
"யாரினுங் காதல மென்றேனா வூடினாள்
யாரினும் யாரினும் என்று",யாரினும் காதலம் என்றேனா யாரினும் யாரினும் என்று ஊடினாள்
"இம்மைப் பிறப்பிற் பிரியல மென்றேனா
கண்ணிறை நீர்கொண் டனள்",இம்மைப் பிறப்பில் பிரியலம் என்றேனா கண் நிறை நீர் கொண்டனள்
"உள்ளினே னென்றேன்மற் றென்மறந்தீ ரென்றென்னைப்
புல்லாள் புலத்தக் கனள்",உள்ளினேன் என்றேன் மற்று என் மறந்தீர் என்று என்னைப் புல்லாள் புலத்தக்கனள்
"வழுத்தினா டும்மினே னாக வழித்தழுதாள்
யாருள்ளித் தும்மினீ ரென்று",வழுத்தினாள் தும்மினேன் ஆக அழித்து அழுதாள் யார் உள்ளித் தும்மினீர் என்று
"தும்முச் செறுப்ப வழுதா ணுமருள்ள
லெம்மை மறைத்திரோ வென்று",தும்முச் செறுப்ப அழுதாள் நுமர் உள்ளல் எம்மை மறைத்திரோ என்று
"தன்னை யுணர்த்தினுங் காயும் பிறர்க்குநீ
ரிந்நீர ராகுதி ரென்று",தன்னை உணர்த்தினும் காயும் பிறர்க்கு நீர் இந் நீரர் ஆகுதிர் என்று
"நினைத்திருந்து நோக்கினுங் காயு மனைத்துநீர்
யாருள்ளி நோக்கினீ ரென்று",நினைத்து இருந்து நோக்கினும் காயும் அனைத்து நீர் யார் உள்ளி நோக்கினீர் என்று
"இல்லை தவறவர்க் காயினு மூடுதல்
வல்ல தவரளிக்கு மாறு",இல்லை தவறு அவர்க்கு ஆயினும் ஊடுதல் வல்லது அவர் அளிக்குமாறு
"ஊடலிற் றோன்றுஞ் சிறுதுனி நல்லளி
வாடினும் பாடு பெறும்",ஊடலின் தோன்றும் சிறு துனி நல்லளி வாடினும் பாடு பெறும்
"புலத்தலிற் புத்தேணா டுண்டோ நிலத்தொடு
நீரியைந் தன்னா ரகத்து",புலத்தலின் புத்தேள் நாடு உண்டோ நிலத்தொடு நீர் இயைந்து அன்னார் அகத்து
"புல்லிவிடா அப் புலவியுட் டோன்றுமென்
னுள்ள முடைக்கும் படை",புல்லி விடாஅப் புலவியுள் தோன்றும் என் உள்ளம் உடைக்கும் படை
"தவறில ராயினுந் தாம்வீழ்வார் மென்றோ
ளகறலி னாங்கொன் றுடைத்து",தவறு இலராயினும் தாம் வீழ்வார் மெல் தோள் அகறலின் ஆங்கு ஒன்று உடைத்து
"உணலினு முண்ட தறலினிது காமம்
புணர்தலி னூட லினிது",உணலினும் உண்டது அறல் இனிது காமம் புணர்தலின் ஊடல் இனிது
"ஊடலிற் றோற்றவர் வென்றா ரதுமன்னும்
கூடலிற் காணப் படும்",ஊடலின் தோற்றவர் வென்றார் அது மன்னும் கூடலில் காணப்படும்
"ஊடிப் பெறுகுவம் கொல்லோ நுதல்வெயர்ப்பக்
கூடலில் தோன்றிய உப்பு",ஊடிப் பெறுகுவம் கொல்லோ நுதல் வெயர்ப்பக் கூடலில் தோன்றிய உப்பு
"ஊடுக மன்னோ வொளியிழை யாமிரப்ப
நீடுக மன்னோ விரா",ஊடுக மன்னோ ஒளி இழை யாம் இரப்ப நீடுக மன்னோ இரா
"ஊடுதல் காமத்திற்கு இன்பம் அதற்கின்பம்
கூடி முயங்கப் பெறின்",ஊடுதல் காமத்திற்கு இன்பம் அதற்கு இன்பம் கூடி முயங்கப் பெறின்
"வண்மைதரு மாகமநூன் வைத்த பொருள்வழுவா
உண்மை விளக்க முரைசெய்யத் திண்மதஞ்சே
ரந்திநிறத் தந்திமுகத் தொந்திவயிற் றைங்கரனைப்
பந்தமறப் புந்தியுள்வைப் பாம்",வண்மை தரும் ஆகம நூல் வைத்த பொருள் வழுவா உண்மைவிளக்கம் உரை செய்யத் திண் மதம் சேர் அந்தி நிறத் தந்தி முகத் தொந்தி வயிற்று ஐங்கரனைப் பந்தம் அறப் புந்தியுள் வைப்பாம்
"பொய்காட்டிப் பொய்யகற்றிப் போதானந் தப்பொருளாம்
மெய்காட்டும் மெய்கண்டாய் விண்ணப்பம் பொய்காட்டா
மெய்யா திருவெண்ணெய் வித்தகா சுத்தவினா
வையாநீ தான்கேட் டருள்",பொய்காட்டிப் பொய் அகற்றிப் போதானந்தப் பொருளாம் மெய் காட்டும் மெய் கண்டாய் விண்ணப்பம் பொய் காட்டா மெய்யா திரு வெண்ணெய் வித்தகா சுத்த வினா ஐயா நீ தான் கேட்டு அருள்
"ஆறாறு தத்துவமே தாணவமே தன்றேதான்
மாறா வினையேது மற்றிவற்றின் வேறாகா
நானேது நீயேது நாதனட மஞ்செழுத்துத்
தானேது தேசிகனே சாற்று",ஆறு ஆறு தத்துவம் ஏது ஆணவம் ஏது அன்றே தான் மாறா வினை ஏது மற்று இவற்றின் வேறு ஆகா நான் ஏது நீ ஏது நாதன் நடம் அஞ்சு எழுத்துத் தான் ஏது தேசிகனே சாற்று
"நாற்கோணம் பூமிபுனல் நண்ணுமதி யின்பாதி
யேற்குமனல் முக்கோண மெப்போது மார்க்கு
மறுகோணங் கால்வட்ட மாகாய மான்மா
வுறுகாய மாமிவற்றா லுற்று",நால் கோணம் பூமி புனல் நண்ணும் மதியின் பாதி ஏற்கும் அனல் முக்கோணம் எப்போதும் ஆர்க்கும் அறு கோணம் கால் வட்டம் ஆகாயம் ஆன்மா உறு காயம் ஆம் இவற்றால் உற்று
"பொன்பார் புனல்வெண்மை பொங்கு மனற்சிவப்பு
வன்காற் கருமைவளர் வான்தூம மென்பா
ரெழுத்து லவரயஅர் பாராதி கன்று
மழுத்தமதாய் நிற்கு மது",பொன் பார் புனல் வெண்மை பொங்கும் அனல் சிவப்பு வன் கால் கருமை வளர் வான் தூமம் என்பார் எழுத்து ல வ ர ய அர் பார் ஆதி கன்றும் அழுத்தமதாய் நிற்கும் அது
"குறிகுலிசம் கோகநதங் கொள்சுவத்தி குன்றா
வறுபுள்ளி யாரமுத விந்துப் பிறிவின்றி
மண்புனல்தீக் கால்வான மன்னு மடைவேயென்
றொண்புதல்வா வாகமமோ தும்",குறி குலிசம் கோகநதம் கொள் சுவத்தி குன்றா அறு புள்ளி ஆர் அமுத விந்துப் பிறிவு இன்றி மண் புனல் தீக் கால் வானம் மன்னும் அடைவே என்று ஒண் புதல்வா ஆகமம் ஓதும்
"பாராதி யைந்துக்கும் பன்னுமதி தெய்வங்க
ளாரா ரயனாதி யைவரா மோரோர்
தொழிலவர்க்குச் சொல்லுங்காற் றோற்றமுத லைந்தும்
பழுதறவே பண்ணுவர்காண் பார்",பார் ஆதி ஐந்துக்கும் பன்னும் அதி தெய்வங்கள் ஆர் ஆர் அயன் ஆதி ஐவராம் ஓர் ஓர் தொழில் அவர்க்குச் சொல்லும் கால் தோற்றம் முதல் ஐந்தும் பழுது அறவே பண்ணுவர் காண்பார்
"படைப்ப னயனளிப்பன் பங்கயக்கண் மாயன்
றுடைப்ப னுருத்திரனுஞ் சொல்லில் திடப்பெறவே
யென்றுந் திரோபவிப்ப ரீசர் சதாசிவரு
மன்றே யநுக்கிரக ராம்",படைப்பன் அயன் அளிப்பன் பங்கயம் கண் மாயன் துடைப்பன் உருத்திரனும் சொல்லில் திடப்பெறவே என்றும் திரோபவிப்பர் ஈசர் சதாசிவரும் அன்றே அநுக்கிரகர் ஆம்
"மண்கடின மாய்த்தரிக்கும் வாரிகுளிர்ந் தேபதமா
மொண்கனற்சுட் டொன்றுவிக்கு மோவாமல் வண்காற்
பரந்துசலித் துத்திரட்டும் பார்க்கிலா காய
நிரந்தரமாய் நிற்கு நிறைந்து",மண் கடினமாய்த் தரிக்கும் வாரி குளிர்ந்தே பதமாம் ஒண் கனல் சுட்டு ஒன்றுவிக்கும் ஓவாமல் வண் கால் பரந்து சலித்துத் திரட்டும் பார்க்கில் ஆகாயம் நிரந்தரமாய் நிற்கும் நிறைந்து
"உள்ளபடி மாபூத மோதினோ முன்றனக்குக்
கள்ளமிகு மைம்புலனுங் கட்டுரைக்கில் மெள்ளவே
வோசை பரிச முருவஞ் சுவைநாற்ற
மாசைதரு மைம்புலனே யாம்",உள்ளபடி மா பூதம் ஓதினோம் உன் தனக்குக் கள்ளம் மிகும் ஐம் புலனும் கட்டுரைக்கில் மெள்ளவே ஓசை பரிசம் உருவம் சுவை நாற்றம் ஆசை தரும் ஐம் புலனே ஆம்
"வானிடமா நின்றுசெவி மன்னு மொலியதனை
யீனமிகுந் தோற்கா லிடமாக வூனப்
பரிசந் தனையறியும் பார்வையிற்கண் ணங்கி
விரவியுரு வங்காணு மே",வான் இடமா நின்று செவி மன்னும் ஒலி அதனை ஈனம் மிகும் தோல் கால் இடமாக ஊனப் பரிசம் தனை அறியும் பார்வையின் கண் அங்கி விரவி உருவம் காணுமே
"நன்றாக நீரிடமா நாவிரதந் தானறியும்
பொன்றா மணமூக்குப் பூவிடமா நின்றறியு
மென்றோது மன்றே யிறையா கமமிதனை
வென்றார்சென் றாரின்ப வீடு",நன்றாக நீர் இடமா நா இரதம் தான் அறியும் பொன்றா மணம் மூக்குப் பூ இடமா நின்று அறியும் என்று ஓதும் அன்றே இறை ஆகமம் இதனை வென்றார் சென்றார் இன்ப வீடு
"கண்ணுதனூ லோதியிடுங் கன்மேந் திரியங்க
ளெண்ணுவச னாதிக் கிடமாக நண்ணியிடும்
வாக்குப்பா தம்பாணி மன்னு குதமுபத்த
மாக்கருது நாளு மது",கண்ணுதல் நூல் ஓதியிடும் கன்ம இந்திரியங்கள் எண்ணு வசன ஆதிக்கு இடமாக நண்ணி இடும் வாக்குப் பாதம் பாணி மன்னு குதம் உபத்தமாக் கருதும் நாளும் அது
"வாக்காகா கயமிடமா வந்துவச னிக்குங்காற்
போக்காருங் காற்றிடமாப் புல்கியன லேற்கு
மிடுங்கை குதநீ ரிடமா மலாதி
விடும்பா ரிடமுபத்தம் விந்து",வாக்கு ஆகாயம் இடமா வந்து வசனிக்கும் கால் போக்க ஆரும்காற்று இடமாப் புல்கி அனல் ஏற்கும் இடும் கை குதம் நீர் இடமா மல ஆதி விடும் பார் இடம் உபத்தம் விந்து
"அந்தக் கரண மடைவே யுரைக்கக்கே
ளந்தமனம் புத்தியுட னாங்காரஞ் சிந்தையிவை
பற்றியது நிச்சயித்துப் பலகா லெழுந்திருந்தங்
குற்றதுசிந் திக்கு முணர்",அந்தக்கரணம் அடைவே உரைக்கக் கேள் அந்த மனம் புத்தியுடன் ஆங்காரம் சிந்தை இவை பற்றியது நிச்சயித்துப் பலகால் எழுந்திருந்து அங்கு உற்றது சிந்திக்கும் உணர்
"ஓதியிடு நாலாறு முற்றான்ம தத்துவமென்
றாதி யருணூ லறையுங்காண் தீதறவே
வித்தியா தத்துவங்க டம்மை விளம்பக்கே
ளுத்தமனே நன்றாக வுனக்கு",ஓதியிடும் நால் ஆறும் உற்று ஆன்ம தத்துவம் என்று ஆதி அருள் நூல் அறையும் காண் தீது அறவே வித்தியா தத்துவங்கள் தம்மை விளம்பக் கேள் உத்தமனே நன்றாக உனக்கு
"கால நியதி கருதும் கலைவித்தை
யேலவிரா கம்புருட னேமாயை மாலறவே
சொன்னோ மடைவாகச் சொன்னவிவை தன்னுண்மை
யுன்னி யுரைக்குநா முற்று",காலம் நியதி கருதும் கலை வித்தை ஏல இராகம் புருடனே மாயை மால் அறவே சொன்னோம் அடைவாகச் சொன்ன இவை தன் உண்மை உன்னி உரைக்கும் நாம் உற்று
"எல்லை பலம்புதுமை யெப்போது நிச்சயித்த
லல்லல் தருங்கிரியை யான்மாவுக் கொல்லை
யறிவாசை யைம்புலனு மாரவருங் காலங்
குறியா மயக்கென்று கொள்",எல்லை பலம் புதுமை எப்போதும் நிச்சயித்தல் அல்லல் தரும் கிரியை ஆன்மாவுக்கு ஒல்லை அறிவு ஆசை ஐம் புலனும் ஆரவரும் காலம் குறியா மயக்கு என்று கொள்
"வித்தியா தத்துவங்க ளேழும் விளம்பினோஞ்
சுத்தமாந் தத்துவங்கள் சொல்லக்கேள் நித்தமாஞ்
சுத்தவித்தை யீசுரம்பின் சொல்லும் சதாசிவநற்
சத்திசிவங் காணவைக டாம்",வித்தியா தத்துவங்கள் ஏழும் விளம்பினோம் சுத்தமாம் தத்துவங்கள் சொல்லக் கேள் நித்தமாம் சுத்த வித்தை ஈசுரம் பின் சொல்லும் சதாசிவம் நல் சத்தி சிவம் காண் அவைகள் தாம்
"சுத்தவித்தை ஞானமிகுந் தொன்மையவா மீசுரந்தா
னத்தன் றொழிலதிக மாக்கியிடு மொத்தலிவை
சாதாக்கிய மென்றுஞ் சத்தி சிவங்கிரியை
யாதார ஞானவுரு வாம்",சுத்த வித்தை ஞானம் மிகும் தொன்மையவாம் ஈசுரந்தான் அத்தன் தொழில் அதிகம் ஆக்கி இடும் ஒத்தல் இவை சாதாக்கியம் என்றும் சத்தி சிவம் கிரியை ஆதார ஞான உருவாம்
"ஆறாறு தத்துவமுஞ் சொன்னோ மடைவாக
மாறா மலமிரண்டும் வாசொல்லக் கூறி
லறியாமை யாணவநீ யானசுக துக்கங்
குறியா வினையென்று கொள்",ஆறு ஆறு தத்துவமும் சொன்னோம் அடைவாக மாறா மலம் இரண்டும் வாசொல்லக் கூறில் அறியாமை ஆணவம் நீயான சுக துக்கம் குறியா வினை என்று கொள்
"ஆறாறு தத்துவமு மாணவமும் வல்வினையு
மாறா வருளால் வகுத்துரைத்தீர் வேறாகா
வென்னை வெனக்கறியக் காட்டீ ரிவைகண்டே
னுன்னரிய தேசிகரே யுற்று",ஆறாறு தத்துவமும் ஆணவமும் வல் வினயும் மாறா அருளால் வகுத்து உரைத்தீர் வேறு ஆகா என்னை எனக்கு அறியக் காட்டீர் இவை கண்டேன் உன்னரிய தேசிகரே உற்று
"தத்துவங்க ளாறாறுந் தம்மைத்தா மென்றறியா
வெத்தன்மை யென்னி லியம்பக்கேள் சுத்தமா
மாறு சுவையு மறியாது தன்னைத்தான்
கூறி லவையிவைபோற் கொள்",தத்துவங்கள் ஆறாறும் தம்மைத் தாம் என்று அறியா எத்தன்மை என்னில் இயம்பக் கேள் சுத்தமாம் ஆறு சுவையும் அறியாது தன்னைத் தான் கூறில் அவை இவை போல் கொள்
"ஆறு சுவையு மருந்தி யவைதம்மை
வேறொருவன் கூறியிடு மேன்மைபோ லாறாறு
மொன்றென்றா நாடியுணர்ந் தோதிலதி லுற்றறிவாய்
நின்றபொருள் தானேகா ணீ",ஆறு சுவையும் அருந்தி அவை தம்மை வேறு ஒருவன் கூறி இடும் மேன்மை போல் ஆறு ஆறும் ஒன்று என்றா நாடி உணர்ந்து ஓதில் அதில் உற்று அறிவாய் நின்ற பொருள் தானே காண் நீ
"அன்றியுங்கே ளான்மாவா லாய்ந்தறியு மைம்பொறிக
ளின்றி யறியா விவையென்ன நின்றதுபோ
லோவாம லுன்னை யுணர்த்துவோ முன்னறிவில்
மேவாமல் மேவிநா மே",அன்றியும் கேள் ஆன்மாவால் ஆய்ந்து அறியும் ஐம்பொறிகள் இன்றி அறியா இவை என்ன நின்றது போல் ஓவாமல் உன்னை உணர்த்துவோம் உன் அறிவில் மேவாமல் மேவி நாமே
"அக்கரங்கட் கெல்லா மகரவுயிர் நின்றாற்போல்
மிக்க வுயிர்க்குயிராய் மேவினோ மெக்கண்ணு
நில்லா விடத்துயிர்க்கு நில்லா தறிவென்று
நல்லா கமமோது நாடு",அக்கரங்கட்கு எல்லாம் அகர உயிர் நின்றாற் போல் மிக்க உயிர்க்கு உயிராய் மேவினோம் எக்கண்ணும் நில்லா இடத்து உயிர்க்கு நில்லாது அறிவு என்று நல் ஆகமம் ஓதும் நாடு
"நற்றவத்தோர் தாங்காண நாதாந்தத் தஞ்செழுத்தா
லுற்றுருவாய் நின்றாட லுள்ளபடி பெற்றிடநான்
விண்ணார் பொழில்வெண்ணெய் மெய்கண்ட நாதனே
தண்ணா ரருளாலே சாற்று",நல் தவத்தோர் தாம் காண நாதாந்தத்து அஞ்சு எழுத்தால் உற்று உருவாய் நின்று ஆடல் உள்ளபடி பெற்றிட நான் விண்ணார் பொழில் வெண்ணெய் மெய் கண்ட நாதனே தண் ஆர் அருளாலே சாற்று
"எட்டு மிரண்டு முருவான லிங்கத்தே
நட்டம் புதல்வா நவிலக்கேள் சிட்டன்
சிவாயநம வென்னுந் திருவெழுத்தஞ் சாலே
யவாயமற நின்றாடு வான்",எட்டும் இரண்டும் உருவான லிங்கத்தே நட்டம் புதல்வா நவிலக் கேள் சிட்டன் சிவாய நம என்னும் திரு எழுத்து அஞ்சாலே அவாயம் அற நின்று ஆடுவான்
"ஆடும் படிகேணல் லம்பலத்தா னையனே
நாடுந் திருவடியி லேநகரங் கூடு
மகர முதரம் வளர்தோள் சிகரம்
பகருமுகம் வாமுடியப் பார்",ஆடும் படி கேள் நல் அம்பலத்தான் ஐயனே நாடும் திரு அடியிலே நகரம் கூடும் மகரம் உதரம் வளர் தோள் சிகரம் பகரும் முகம் வா முடியப் பார்
"சேர்க்குந் துடிசிகரஞ் சிற்கனவா வீசுகர
மார்க்கு யகர மபயகரம் பார்க்கிலிறைக்
கங்கி நகர மடிக்கீழ் முயலகனார்
தங்கு மகரமது தான்",சேர்க்கும் துடி சிகரம் சிற்கனவா வீசு கரம் ஆர்க்கும் யகரம் அபய கரம் பார்க்கில் இறைக்கு அங்கி நகரம் அடிக் கீழ் முயலகனார் தங்கும் மகரம் அது தான்
"ஓங்கார மேநல் திருவாசி யுற்றதனில்
நீங்கா வெழுத்தே நிறைசுடரா மாங்கார
மற்றா ரறிவரணி யம்பலத்தா னாடலிது
பெற்றார் பிறப்பற்றார் பின்",ஓங்காரமே நல் திருவாசி உற்று அதனில் நீங்கா எழுத்தே நிறை சுடராம் ஆங்காரம் அற்றார் அறிவர் அணி அம்பலத்தான் ஆடல் இது பெற்றார் பிறப்பு அற்றார் பின்
"மாயை தனையுதறி வல்வினையைச் சுட்டுமலஞ்
சாய வமுக்கியரு டானெடுத்து நேயத்தா
லானந்த வாரிதியி லான்மாவைத் தானழுத்த
டானெந்தை யார்பரதந் தான்",மாயை தனை உதறி வல் வினையைச் சுட்டு மலம் சாய அமுக்கி அருள் தான் எடுத்து நேயத்தால் ஆனந்த வாரிதியில் ஆன்மாவைத் தான் அழுத்தல் தான் எந்தையார் பரதம் தான்
"மோனந்த மாமுனிவர் மும்மலத்தை மோசித்துத்
தானந்த மானிடத்தே தங்கியிடு மானந்தம்
மொண்டருந்தி நின்றாடற் காணுமருள் மூர்த்தியாக்
கொண்டதிரு வம்பலத்தான் கூத்து",மோனந்த மா முனிவர் மும் மலத்தை மோசித்துத் தான் அந்தமான இடத்தே தங்கியிடும் ஆனந்தம் மொண்டு அருந்தி நின்று ஆடல் காணும் அருள் மூர்த்தியாக் கொண்ட திரு அம்பலத்தான் கூத்து
"பரையிடமா நின்று பஞ்சாக் கரத்தா
லுரையுணர்வுக் கெட்டா வொருவன் வரைமகடான்
காணும் படியே கருணையுருக் கொண்டாடல்
பேணுமவர்க் குண்டோ பிறப்பு",பரை இடமா நின்று பஞ்ச அக்கரத்தால் உரை உணர்வுக்கு எட்டா ஒருவன் வரை மகள் தான் காணும் படியே கருணை உருக் கொண்டு ஆடல் பேணும் அவர்க்கு உண்டோ பிறப்பு
"நாதாந்த நாடகத்தை நன்றா யருள்செய்தீ
ரோதீ ரெழுத்தஞ்சு முள்ளபடி தீதறவே
யஞ்செழுத்தீ தாகி லழியுமெழுத் தாய்விடுமோ
தஞ்ச வருட்குருவே சாற்று",நாதாந்த நாடகத்தை நன்றாய் அருள் செய்தீர் ஓதீர் எழுத்து அஞ்சும் உள்ளபடி தீது அறவே அஞ்சு எழுத்து ஈது ஆகில் அழியும் எழுத்து ஆய் விடுமோ தஞ்ச அருள் குருவே சாற்று
"உற்ற குறியழியு மோதுங்காற் பாடைகளிற்
சற்றும் பொருடான் சலியாது மற்றதுகே
ளீசனரு ளாவி யெழிலார் திரோதமல
மாசிலெழுத் தஞ்சினடை வாம்",உற்ற குறி அழியும் ஓதுங்கால் பாடைகளில் சற்றும் பொருள் தான் சலியாது மற்று அது கேள் ஈசன் அருள் ஆவி எழில் ஆர் திரோத மலம் ஆசு இல் அஞ்சு எழுத்தின் அடைவாம்
"சிவனரு ளாவி திரோதமல மைந்து
மவனஞ் செழுத்தி னடைவா மிவனின்று
நம்முதலா வோதிலரு ணாநாடாது நாடுமருள்
சிம்முதலா வோதுநீ சென்று",சிவன் அருள் ஆவி திரோதம் மலம் ஐந்தும் அவன் அஞ்சு எழுத்தின் அடைவாம் இவன் இன்று நம் முதலா ஓதில் அருள் நாடாது நாடும் அருள் சிம் முதலா ஓது நீ சென்று
"அண்ணல் முதலா வழகா ரெழுத்தைந்து
மெண்ணி லிராப்பகலற் றின்பத்தே நண்ணி
யருளா னதுசிவத்தே யாக்கு மணுவை
யிருளா னுதுதீர வின்று",அண்ணல் முதலா அழகு ஆர் எழுத்து ஐந்தும் எண்ணில் இராப் பகல் அற்று இன்பத்தே நண்ணி அருளானது சிவத்தே ஆக்கும் அணுவை இருளானது தீர இன்று
"ஆதி மலமிரண்டு மாதியா யோதினாற்
சேதியா மும்மலமுந் தீர்வாகா போத
மதிப்பரிதா மின்பத்தே வாழலா மாறி
விதிப்படியோ தஞ்செழுத்து மே",ஆதி மலம் இரண்டும் ஆதியாய் ஓதினால் சேதியா மும் மலமும் தீர்வு ஆகா போதம் மதிப்பு அரிதாம் இன்பத்தே வாழலாம் மாறி விதிப்படி ஓது அஞ்சு எழுத்துமே
"அஞ்செழுத்தே யாகமு மண்ண லருமறையு
மஞ்செழுத்தே யாதிபு ராணமனைத்து மஞ்செழுத்தே
யானந்தத் தாண்டவமு மாறாறுக் கப்பாலா
மோனந்த மாமுத்தி யும்",அஞ்சு எழுத்தே ஆகமும் அண்ணல் அரு மறையும் அஞ்சு எழுத்தே ஆதி புராணம் அனைத்தும் அஞ்சு எழுத்தே ஆனந்தத் தாண்டவமும் ஆறு ஆறுக்கு அப்பாலாம் மோனந்த மா முத்தியும்
"முத்தி தனையடைந்தோர் முந்துபழம் போதங்கி
வித்தகமாம் வீணை யிவையிற்றி னொத்த
விரதமண வெம்மை யெழில்நாதம் போல
விரவுவரென் றோதும் விதி",முத்தி தனை அடைந்தோர் முந்து பழம் போது அங்கி வித்தகமாம் வீணை இவை இற்றின் ஒத்த இரதம் மணம் வெம்மை எழில் நாதம் போல விரவுவர் என்று ஓதும் விதி
"தத்துவங்க ளெல்லாம் சகசமா வான்மாவிற்
பெத்தத்தில் நிற்கின்ற பெற்றிபோல் முத்திதனிற்
சித்தமல மற்றார் செறிந்திடுவ ரென்றுமறை
சத்தியமா வோதியிடுந் தான்",தத்துவங்கள் எல்லாம் சகசமா ஆன்மாவில் பெத்தத்தில் நிற்கின்ற பெற்றி போல் முத்திதனில் சித்த மலம் அற்றார் செறிந்திடுவர் என்று மறை சத்தியமா ஓதி இடும் தான்
"ஆதவன்றன் சந்நிதியி லம்புலியி னார்சோதி
பேதமற நிற்கின்ற பெற்றிபோல் நாதாந்தத்
தண்ணல் திருவடியி லான்மா வணைந்தின்பக்
கண்ணி லழுந்தியிடுங் காண்",ஆதவன் தன் சந்நிதியில் அம்புலியின் ஆர் சோதி பேதம் அற நிற்கின்ற பெற்றி போல் நாதாந்தத்து அண்ணல் திருவடியில் ஆன்மா அணைந்து இன்பக் கண்ணில் அழுந்தியிடும் காண்
"சென்றிவன்றா னொன்றிற் சிவபூர ணஞ்சிதையு
மன்றவன்றா னொன்றுமெனி லந்நியமா மின்றிரண்டு
மற்றநிலை யேதென்னி லாதித்த னந்தன்விழிக்
குற்றமற நின்றதுபோற் கொள்",சென்று இவன் தான் ஒன்றில் சிவ பூரணம் சிதையும் அன்று அவன்தான் ஒன்றும் எனில் அந்நியமாம் இன்று இரண்டும் அற்ற நிலை ஏது என்னில் ஆதித்தன் அந்தன் விழிக் குற்றம் அற நின்றது போல் கொள்
"வாக்கு மனமிறந்த வான்கருணை யாளனுருத்
தாக்கறவே நிற்குந் தனிமுதல்வா நீக்காப்
பதியினைப்போ னித்தம் பசுபாச மென்றாய்
கதியிடத்து மூன்றினையுங் காட்டு",வாக்கு மனம் இறந்த வான் கருணையாளன் உருத் தாக்கு அறவே நிற்கும் தனி முதல்வா நீக்காப் பதியினைப் போல் நித்தம் பசுபாசம் என்றாய் கதி இடத்து மூன்றினையும் காட்டு
"முத்திதனின் மூன்று முதலு மொழியக்கேள்
சுத்தவநு போகத்தைத் துய்த்தலணு மெத்தவே
யின்பங் கொடுத்தலிறை யித்தைவிளை வித்தல்மல
மன்புடனே கண்டுகொளப் பா",முத்திதனில் மூன்று முதலும் மொழியக் கேள் சுத்த அநுபோகத்தைத் துய்த்தல் அணு மெத்தவே இன்பம் கொடுத்தல் இறை இத்தை விளைவித்தல் மலம் அன்புடனே கண்டுகொள் அப்பா
"அப்பாவிம் முத்திக் கழியாத காரணந்தான்
செப்பா யருளாலே செப்பக்கே ளொப்பில்
குருலிங்க வேடமெனக் கூறிலிவை கொண்டார்
கருவொன்றி நில்லார்கள் காண்",அப்பா இம் முத்திக்கு அழியாத காரணம் தான் செப்பாய் அருளாலே செப்பக் கேள் ஒப்பில் குரு லிங்க வேடம் எனக் கூறில் இவை கொண்டார் கரு ஒன்றி நில்லார்கள் காண்
"கற்றா மனம்போற் கசிந்துகசிந் தேயுருகி
யுற்றாசான் லிங்க முயர்வேடம் பற்றாக
முத்தித் தலைவர் முழுமலத்தை மோசிக்கும்
பத்திதனில் நின்றிடுவர் பார்",கற்றா மனம் போல் கசிந்து கசிந்தே உருகி உற்று ஆசான் லிங்கம் உயர் வேடம் பற்றாக முத்தித் தலைவர் முழு மலத்தை மோசிக்கும் பத்தி தனில் நின்றிடுவர் பார்
"வாழ்ந்தே னருட்கடலே வற்றாப் பவக்கடலில்
வீழ்ந்தே யலையாமல் மேதினியிற் சூழ்ந்துவிடா
வெண்ணெய்ச் சுவேதவன மெய்கண்ட நாதனே
யுண்மைத் தவப்பய னுற்று",வாழ்ந்தேன் அருள் கடலே வற்றாப் பவக் கடலில் வீழ்ந்தே அலையாமல் மேதினியில் சூழ்ந்து விடா வெண்ணெய்ச் சுவேத வன மெய்கண்ட நாதனே உண்மைத் தவப் பயன் உற்று
"மன்னதிகை வாழு மனவாசகங் கடந்தான்
மின்னனையார் வாழ்விலுறா மெய்கண்டான் பன்மறைகள்
வண்மைதரு மாகமநூல் வைத்தபொருள் வழுவா
நுண்மைவிளக் கஞ்செய்தா னுற்று",மன் அதிகை வாழும் மன வாசகம் கடந்தான் மின் அனையார் வாழ்வில் உறா மெய்கண்டான் பல் மறைகள் வண்மை தரும் ஆகம நூல் வைத்த பொருள் வழுவா நுண்மை விளக்கம் செய்தான் உற்று
"நன்றி யறிதல் பொறையுடைமை இன்சொல்லோடு
இன்னாத எவ்வுயிர்க்கும் செய்யாமை கல்வியோடு
ஒப்புரவு ஆற்ற அறிதல் அறிவுடைமை
நல்லினத் தாரோடு நட்டல் இவைஎட்டும்
சொல்லிய ஆசார வித்து",நன்றி அறிதல் பொறையுடைமை இன் சொல்லோடு இன்னாத எவ் உயிர்க்கும் செய்யாமை கல்வியோடு ஒப்புரவு ஆற்ற அறிதல் அறிவுடைமை நல் இனத்தாரோடு நட்டல் இவை எட்டும் சொல்லிய ஆசார வித்து
"பிறப்பு நெடுவாழ்க்கை செல்வம் வனப்பு
நிலக்கிழமை மீக்கூற்றம் கல்விநோ யின்மை
இலக்கணத்தால் இவ்வெட்டும் எய்துப என்றும்
ஒழக்கம் பிழையா தவர்",பிறப்பு நெடு வாழ்க்கை செல்வம் வனப்பு நிலக் கிழமை மீக்கூற்றம் கல்வி நோய் இன்மை இலக்கணத்தால் இவ் வெட்டும் எய்துப என்றும் ஒழுக்கம் பிழையாதவர்
"தக்கிணை வேள்வி தவம்கல்வி இந்நான்கும்
முப்பால் ஒழுக்கினால் காத்துய்க்க உய்க்காக்கால்
எப்பாலும் ஆகா கெடும்",தக்கிணை வேள்வி தவம் கல்வி இந் நான்கும் முப் பால் ஒழுக்கினால் காத்து உய்க்க உய்யாக்கால் எப் பாலும் ஆகா கெடும்
"வைகறை யாமம் துயிலெழுந்து தான்செய்யும்
நல்லறமும் ஒண்பொருளும் சிந்தித்து வாய்வதில்
தந்தையும் தாயும் தொழுதெழுக என்பதே
முந்தையோர் கண்ட முறை",வைகறை யாமம் துயில் எழுந்து தான் செய்யும் நல் அறமும் ஒண் பொருளும் சிந்தித்து வாய்வதின் தந்தையும் தாயும் தொழுது எழுக என்பதே முந்தையோர் கண்ட முறை
"எச்சிலார் தீண்டார் பசுப்பார்ப்பார் தீத்தேவர்
உச்சந் தலையோடு இவைஎன்ப யாவரும்
திட்பத்தால் தீண்டாப் பொருள்",எச்சிலார் தீண்டார் பசு பார்ப்பார் தீ தேவர் உச்சந் தலையோடு இவை என்ப யாவரும் திட்பத்தால் தீண்டாப் பொருள்
"எச்சிலார் நோக்கார் புலைதிங்கள் ஞாயிறுநாய்
தக்கவீழ் மீனோடே இவ்வைந்தும் தெற்றென
நன்கறிவார் நாளும் விரைந்து",எச்சிலார் நோக்கார் புலை திங்கள் நாய் நாயிறு அத்தக வீழ்மீனோடு இவ் ஐந்தும் தெற்றென நன்கு அறிவார் நாளும் விரைந்து
"எச்சில் பலவும் உளமற் றவற்றுள்
இயக்கம் இரண்டும் இணைவிழைச்சு வாயின்
விழைச்சுஇவை எச்சில் இந்நான்கு",எச்சில் பலவும் உள மற்று அவற்றுள் இயக்கம் இரண்டும் இணைவிழைச்சு வாயில் விழைச்சு இவை எச்சில் இந் நான்கு
"நால்வகை எச்சிலும் நன்கு கடைப்பிடித்து
ஓதார் உரையார் வளராரே எஞ்ஞான்றும்
மேதைகள் ஆகுறு வார்",நால் வகை எச்சிலும் நன்கு கடைப்பிடித்து ஓதார் உரையார் வளராரே எஞ் ஞான்றும் மேதைகள் ஆகுறுவார்
"நாளந்தி கோல்தின்று கண்கழீஇத் தெய்வத்தைத்
தானறியும் ஆற்றால் தொழுதெழுக அல்கந்தி
நின்று தொழுதல் பழி",நாள் அந்தி கோல் தின்று கண் கழீஇத் தெய்வத்தைத் தான் அறியுமாற்றால் தொழுது எழுக அல்கு அந்தி நின்று தொழுதல் பழி
"தேவர் வழிபாடு தீக்கனா வாலாமை
உண்டது கான்றல் மயிர்களைதல் ஊண்பொழுது
வைகு துயிலொடு இணைவிழைச்சுக் கீழ்மக்கள்
மெய்யுறல் ஏனை மயலுறல் ஈரைந்தும்
ஐயுறாது ஆடுக நீர்",தேவர் வழிபாடு தீக் கனா வாலாமை உண்டது கான்றல் மயிர் களைதல் ஊண் பொழுது வைகு துயிலோடு இணைவிழைச்சு கீழ் மக்கள் மெய் உறல் ஏனை மயல் உறல் ஈர் ஐந்தும் ஐயுறாது ஆடுக நீர்
"உடுத்தலால் நீராடார் ஒன்றுடுத்து உண்ணார்
உடுத்தாடை நீருள் பிழியார் விழுத்தக்கார்
ஒன்றுடுத்து என்றும் அவைபுகார் என்பதே
முந்தையோர் கண்ட முறை",உடுத்து அலால் நீர் ஆடார் ஒன்று உடுத்து உண்ணார் உடுத்த ஆடை நீருள் பிழியார் விழுத்தக்கார் ஒன்று உடுத்து என்றும் அவை புகார் என்பதே முந்தையோர் கண்ட முறை
"தலையுரைத்த எண்ணெயால் எவ்வுறுப்பும் தீண்டார்
பிறர்உடுத்த மாசுணியும் தீண்டார் செருப்புக்
குறையெனினும் கொள்ளார் இரந்து",தலை உரைத்த எண்ணெயால் எவ் உறுப்பும் தீண்டார் பிறர் உடுத்த மாசுணியும் தீண்டார் செருப்பு குறை எனினும் கொள்ளார் இரந்து
"நீருள் நிழல்புரிந்து நோக்கார் நிலம்இராக்
கீறார் இராமரமும் சேரார் இடர்எனினும்
நீர்தொடாது எண்ணெய் உரையார் உரைத்தபின்
நீர்தொடார் நோக்கார் புலை",நீருள் நிழல் புரிந்து நோக்கார் நிலம் இரா கீறார் இரா மரமும் சேரார் இடர் எனினும் நீர் தொடாது எண்ணெய் உரையார் உரைத்த பின் நீர் தொடார் நோக்கார் புலை
"நீராடும் போழ்தில் நெறிப்பட்டார் எஞ்ஞான்றும்
நீந்தார் உமியார் திளையார் விளையாடார்
காய்ந்தது எனினும் தலைஒழிந்து ஆடாரே
ஆய்ந்த அறிவி னவர்",நீராடும் போழ்தில் நெறிப் பட்டார் எஞ் ஞான்றும் நீந்தார் உமியார் திளையார் விளையாடார் காய்ந்தது எனினும் தலை ஒழிந்து ஆடாரே ஆய்ந்த அறிவினவர்
"ஐம்பூதம் பார்ப்பார் பசுத்திங்கள் ஞாயிறு
தம்பூதம் எண்ணாது இகழ்வானேல் தம்மெய்க்கண்
ஐம்பூதம் அன்றே கெடும்",ஐம் பூதம் பார்ப்பார் பசு திங்கள் ஞாயிறு தம் பூதம் எண்ணாது இகழ்வானேல் தம் மெய்க்கண் ஐம் பூதம் அன்றே கெடும்
"குரவர் உரையிகந்து செய்யார் விரதம்
குறையுடையார் தீர மறவார் நிறையுவா
மேல்கோலும் தின்னார் மரங்குறையார் என்பவே
நல்லறி வாளர் துணிவு",குரவர் உரையிகந்து செய்யார் விரதம் குறையுடையார் தீர மறவார் நிறையுவா மெல் கோலும் தின்னார் மரம் குறையார் என்பதே நல் அறிவாளர் துணிவு
"நீராடிக் கால்கழுவி வாய்பூசி மண்டலஞ்செய்து
உண்டாரே உண்டார் எனப்படுவர் அல்லாதார்
உண்டார்போல் வாய்பூசிச் செல்வர் அதுவெறுத்துக்
கொண்டார் அரக்கர் குறித்து",நீராடிக் கால்கழுவி வாய்பூசி மண்டலம்செய்து உண்டாரே உண்டார் எனப்படுவார் அல்லாதார் உண்டார்போல் வாய்பூசிச் செல்வர் அது எடுத்துக் கொண்டார் அரக்கர் குறித்து
"காலினீர் நீங்காமை உண்டிடுக பள்ளியுள்
ஈரம் புலராமை ஏறற்க என்பதே
பேரறி வாளர் துணிவு",காலின் நீர் நீங்காமை உண்டிடுக பள்ளியும் ஈரம் புலராமை எறற்க என்பதே பேர் அறிவாளர் துணிவு
"உண்ணுங்கால் நோக்கும் திசைகிழக்குக் கண்ணமர்ந்து
தூங்கான் துளங்காமை நன்குஇரீஇ யாண்டும்
பிறிதியாதும் நோக்கான் உரையான் தொழுதுகொண்டு
உண்க உகாஅமை நன்கு",உண்ணுங்கால் நோக்கும் திசை கிழக்குக்கண் அமர்ந்து தூங்கான் துளங்காமை நன்கு இரீஇ யாண்டும் பிறிதி யாதும் நோக்கான் உரையான் தொழுது கொண்டு உண்க உகாஅமை நன்கு
"விருந்தினர் மூத்தோர் பசுசிறை பிள்ளை
இவர்க்கூண் தொடுத்தல்லால் உண்ணாரே என்றும்
ஒழுக்கம் பிழையா தவர்",விருந்தினர் மூத்தோர் பசு சிறை பிள்ளை இவர்க்கு ஊண் கொடுத்து அல்லால் உண்ணாரே என்றும் ஒழுக்கம் பிழையாதவர்
"ஒழிந்த திசையும் வழிமுறையால் நல்ல
முகட்டு வழியூண் புகழ்ந்தார் இகழ்ந்தார்
முகட்டு வழிகட்டில் பாடு",ஒழிந்த திசையும் வழிமுறையான் நல்ல முகட்டு வழி ஊண் புகழ்ந்தார் இகழ்ந்தார் முகட்டு வழி கட்டில் பாடு
"கிடந்துண்ணார் நின்றுண்ணார் வெள்ளிடையும் உண்ணார்
சிறந்து மிகவுண்ணார் கட்டில்மேல் உண்ணார்
இறந்தொன்றும் தின்னற்க நின்று",கிடந்து உண்ணார் நின்று உண்ணார் வெள்ளிடையும் உண்ணார் சிறந்து மிக உண்ணார் கட்டில்மேல் உண்ணார் இறந்து ஒன்றும் தின்னற்க நின்று
"முன்துவ்வார் முன்னெழார் மிக்குறார் ஊணின்கண்
என்பெறினும் ஆற்றவலம் இரார் தம்மிற்
பெரியார்தம் பாலிருந்தக் கால்",முன் துவ்வார் முன் எழார் மிக்கு உறார் ஊணின்கண் என் பெறினும் ஆற்ற வலம் இரார் தம்மின் பெரியார் தம்பால் இருந்தக்கால்
"கைப்பன எல்லாம் கடைதலை தித்திப்ப
மெச்சும் வகையால் ஒழிந்த இடையாகத்
துய்க்க முறைவகையால் ஊண்",கைப்பன எல்லாம் கடை தலை தித்திப்ப மெச்சும் வகையால் ஒழிந்த இடை ஆக துய்க்க முறை வகையால் ஊண்
"முதியவரைப் பக்கத்து வையார் விதிமுறையால்
உண்பவற்றுள் எல்லாஞ் சிறிய கடைப்பிடித்து
அன்பில் திரியாமை ஆசாரம் நீங்காமை
பண்பினால் நீக்கல் கலம்",முதியவரைப் பக்கத்து வையார் விதி முறையால் உண்பவற்றுள் எல்லாம் சிறிய கடைப்பிடித்து அன்பின் திரியாமை ஆசாரம் நீங்காமை பண்பினால் நீக்கல் கலம்
"இழியாமை நன்குமிழ்ந்து எச்சில் அறவாய்
அடியோடு நன்கு துடைத்து வடிவுடைத்தா
முக்கால் குடித்துத் துடைத்து முகத்துறுப்பு
ஒத்த வகையால் விரலுறுத்தி வாய்பூசல்
மிக்கவர் கண்ட நெறி",இழியாமை நன்கு உமிழ்ந்து எச்சில் அற வாய் அடியோடு நன்கு துடைத்து வடிவு உடைத்தா முக் கால் குடித்துத் துடைத்து முகத்து உறுப்பு ஒத்த வகையால் விரல் உறுத்தி வாய்பூசல் மிக்கவர் கண்ட நெறி
"இருகையால் தண்ணீர் பருகார் ஒருகையால்
கொள்ளார் கொடாஅர் குரவர்க்கு இருகை
சொறியார் உடம்பு மடுத்து",இரு கையால் தண்ணீர் பருகார் ஒரு கையால் கொள்ளார் கொடாஅர் குரவர்க்கு இரு கை சொறியார் உடம்பு மடுத்து
"அந்திப் பொழுது கிடவார் நடவாரே
உண்ணார் வெகுளார் விளக்கிகழார் முன்னந்தி
அல்குண்டு அடங்கல் வழி",அந்திப் பொழுது கிடவார் நடவாரே உண்ணார் வெகுளார் விளக்கு இகழார் முன் அந்தி அல்கு உண்டு அடங்கல் வழி
"கிடக்குங்கால் கைகூப்பித் தெய்வம் தொழுது
வடக்கொடு கோணம் தலைசெய்யார் மீக்கோள்
உடற்கொடுத்துச் சேர்தல் வழி",கிடக்குங்கால் கை கூப்பித் தெய்வம் தொழுது வடக்கொடு கோணம் தலை வையார் மீக்கோள் உடல் கொடுத்து சேர்தல் வழி
"இருதேவர் பார்ப்பார் இடைபோகார் தும்மினும்
மிக்கார் வழுத்தில் தொழுதெழுக ஒப்பார்க்கு
உடன்செல்லல் உள்ளம் உவந்து",இரு தேவர் பார்ப்பார் இடை போகார் தும்மினும் மிக்கார் வழுத்தின் தொழுது எழுக ஒப்பார்க்கு உடன் செல்க உள்ளம் உவந்து
"புற்பைங்கூழ் ஆப்பி சுடலை வழிதீர்த்தம்
தேவ குலம்நிழல் ஆநிலை வெண்பலிஎன்று
ஈரைந்தின் கண்ணும் உமிழ்வோடு இருபுலனும்
சோரார் உணர்வுடை யார்",புல் பைங்கூழ் ஆப்பி சுடலை வழி தீர்த்தம் தேவகுலம் நிழல் ஆன் நிலை வெண்பலி என்று ஈர் ஐந்தின்கண்ணும் உமிழ்வோடு இரு புலனும் சோரார் உணர்வு உடையார்
"பகல்தெற்கு நோக்கார் இராவடக்கு நோக்கார்
பகல்பெய்யார் தீயுனுள் நீர்",பகல் தெற்கு நோக்கார் இரா வடக்கு நோக்கார் பகல் பெய்யார் தீயினுள் நீர்
"பத்துத் திசையும் மனத்தான் மறைத்தபின்
அந்தரத்து அல்லால் உமிழ்வோடு இருபுலனும்
இந்திர தானம் பெறினும் இகழாரே
தந்திரத்து வாழ்துமென் பார்",பத்துத் திசையும் மனத்தால் மறைத்தபின் அந்தரத்து அல்லால் உமிவோடு இரு புலனும் இந்திர தானம் பெறினும் இகழாரே தந்திரத்து வாழ்தும் என்பார்
"நடைவரவு நீரகத்து நின்றுவாய் பூசார்
வழிநிலை நீருள்ளும் பூசார் மனத்தால்
வரைந்துகொண் டல்லது பூசார் கலத்தினால்
பெய்பூச்சுச் சீரா தெனின்",நடைவரவு நீரகத்து நின்று வாய்பூசார் வழி நிலை நீருள்ளும் பூசார் மனத்தால் வரைந்து கொண்டு அல்லது பூசார் கலத்தினால் பெய் பூச்சுச் சீராது எனின்
"சுடரிடைப் போகார் சுவர்மேல் உமியார்
இடரெனினும் மாசுணி கீழ்தம்மேற் கொள்ளார்
படைவரினும் ஆடை வளியுரைப்பப் போகார்
பலரிடை ஆடை உதிராரே என்றும்
கடனறி காட்சி யவர்",சுடர் இடைப் போகார் சுவர்மேல் உமியார் இடர் எனினும் மாசுணி தம் கீழ் மேல் கொள்ளார் படை வரினும் ஆடை வளி உரைப்பப் போகார் பலர் இடை ஆடை உதிராரே என்றும் கடன் அறி காட்சியவர்
"பொய்குறளை வெளவல் அழுக்காறு இவைநான்கும்
ஐயம்தீர் காட்சியார் சிந்தியார் சிந்திப்பின்
ஐயம் புகுவித்து அருநிரயத் துய்த்திடும்
தெய்வமும் செற்று விடும்",பொய் குறளை வெளவல் அழுக்காறு இவை நான்கும் ஐயம் தீர் காட்சியார் சிந்தியார் சிந்திப்பின் ஐயம் புகுவித்து அரு நிரயத்து உய்த்திடும் தெய்வமும் செற்றுவிடும்
"தமக்கென்று உலையேற்றார் தம்பொருட்டூண் கொள்ளார்
அடுக்களை எச்சில் படாஅர் மனைப்பலி
ஊட்டினமை கண்டுண்க ஊண்",தமக்கு என்று உலை ஏற்றார் தம்பொருட்டு ஊன் கொள்ளார் அடுக்களை எச்சில் படாஅர் மனைப் பலி ஊட்டினமை கண்டு உண்க ஊண்
"உயர்ந்ததன் மேலிரார் உள்ளழிவு செய்யார்
இறந்தின்னா செய்தக் கடைத்தும் குரவர்
இளங்கிளைஞர் உண்ணு மிடத்து",உயர்ந்ததின் மேல் இரார் உள் அழிவு செய்யார் இறந்து இன்னா செய்தக்கடைத்தும் குரவர் இளங் கிளைகள் உண்ணும் இடத்து
"கண்ணெச்சில் கண்ணூட்டார் காலொடு கால்தேயார்
புண்ணியம் ஆய தலையோடு றுப்புறுத்த
நுண்ணிய நூலறிவி னார்",கண் எச்சில் கண் ஊட்டார் காலொடு கால் தேயார் புண்ணிய ஆய தலையோடு உறுப்பு உறுத்த நுண்ணிய நூல் உணர்வினார்
"தீண்டாநாள் முந்நாளும் நோக்கார்நீ ராடியபின்
ஈராறு நாளும் இகவற்க என்பதே
பேரறி வாளர் துணிவு",தீண்டா நாள் முந் நாளும் நோக்கார் நீர் ஆடியபின் ஈர் ஆறு நாளும் இகவற்க என்பதே பேர் அறிவாளர் துணிவு
"உச்சியம் போழ்தோடு இடையாமம் ஈரந்தி
மிக்க இருதேவர் நாளோ டுவாத்திதிநாள்
அட்டமியும் ஏனைப் பிறந்தநாள் இவ்வனைத்தும்
ஒட்டார் உடனுறைவின் கண்",உச்சிஅம் போழ்தோடு இடை யாமம் ஈர் அந்தி மிக்க இரு தேவர் நாளோடு உவாத்திதி நாள் அட்டமியும் ஏனைப் பிறந்த நாள் இவ் அனைத்தும் ஒட்டார் உடன் உறைவின்கண்
"நாழி மணைமேல் இரியார் மணைகவிழார்
கோடி கடையுள் விரியார் கடைத்தலை
ஓராது கட்டில் பாடஅர் அறியாதார்
தந்தலைக்கண் நில்லா விடல்",நாழி மணைமேல் இரியார் மணை கவிழார் கோடி கடையுள் விரியார் கடைத்தலை ஓராது கட்டில் படாஅர் அறியாதார் தம் தலைக்கண் நில்லாவிடல்
"துடைப்பம் துகள்காடு புல்லிதழ்ச் செத்தல்
கருங்கலம் கட்டில் கிழிந்ததனோடு ஐந்தும்
பரப்பற்க பந்த ரகத்து",துடைப்பம் துகட் காடு புல் இதழ் செத்தல் கருங் கலம் கட்டில் கிழிந்ததனோடு ஐந்தும் பரப்பற்க பந்தரகத்து
"காட்டுக் களைந்து கலம்கழீஇ இல்லத்தை
ஆப்பிநீ ரெங்கும் தெளித்துச் சிறுகாலை
நீர்ச்சால் கரக நிறைய மலரணிந்து
இல்லம் பொலிய அடுப்பினுள் தீப்பெய்க
நல்லது உறல்வேண்டு வார்",காட்டுக் களைந்து கலம் கழீஇ இல்லத்தை ஆப்பி நீர் எங்கும் தெளித்து சிறுகாலை நீர்ச் சால் கரகம் நிறைய மலர் அணிந்து இல்லம் பொலிய அடுப்பினுள் தீப் பெய்க நல்லது உறல் வேண்டுவார்
"அட்டமியும் ஏனை உவாவும் பதினான்கும்
அப்பூமி காப்பார்க்கு உறுகண்ணும் மிக்க
நிலத்துளக்கு விண்ணதிர்ப்பு வாலாமை பார்ப்பார்
இலங்குநூல் ஓதாத நாள்",அட்டமியும் ஏனை உவாவும் பதினான்கும் அப் பூமி காப்பார்க்கு உறுகண்ணும் மிக்க நிலத் துளக்கு விண் அதிர்ப்பு வாலாமை பார்ப்பார் இலங்கு நூல் ஓதாத நாள்
"கலியாணம் தேவர் பிதிர்விழா வேள்வியென்ற
ஐவகை நாளும் இகழா தறஞ்செய்க
பெய்க விருந்திற்கும் கூழ்",கலியாணம் தேவர் பிதிர் விழா வேள்வி என்று ஐவகை நாளும் இகழாது அறம் செய்க பெய்க விருந்திற்கும் கூழ்
"உடைநடை சொற்சோர்வு வைதலிந் நான்கும்
நிலைமைக்கும் கல்விக்கும் ஆண்மைக்கும் தத்தம்
குடிமைக்கும் தக்க செயல்",உடை நடை சொற் செலவு வைதல் இந் நான்கும் நிலைமைக்கும் ஆண்மைக்கும் கல்விக்கும் தத்தம் குடிமைக்கும் தக்க செயல்
"பழியார் இழியார் பலருள் உறங்கார்
இசையாத நேர்ந்து கரவார் இசைவின்றி
இல்லாரை எள்ளி இகழ்ந்துரையார் தள்ளியும்
தாங்கருங் கேள்வி யவர்",பழியார் இழியார் பலருள் உறங்கார் இசையாத நேர்ந்து கரவார் இசைவு இன்றி இல்லாரை எள்ளி இகந்து உரையார் தள்ளியும் தாங்க அருங் கேள்வியவர்
"மின்னொளியும் வீழ்மீனும் வேசையர்கள் கோலமும்
நம்மொளி வேண்டுவார் நோக்கார் பகற்கிழவோன்
முன்னொளியும் பின்னொளியும் அற்று",மின் ஒளியும் வீழ்மீனும் வேசையர்கள் கோலமும் தம் ஒளி வேண்டுவார் நோக்கார் பகற் கிழவோன் முன் ஒளியும் பின் ஒளியும் அற்று
"படிறும் பயனிலவும் பட்டி யுரையும்
வசையும் புறனும் உரையாரே என்றும்
அசையாத உள்ளத் தவர்",படிறும் பயனிலவும் பட்டி உரையும் வசையும் புறனும் உரையாரே என்றும் அசையாத உள்ளத்தவர்
"முறுவல் இனிதுரை கால்நீர் இணைபாய்
கிடக்கையோடு இவ்வைந்து மென்ப தலைச்சென்றார்க்கு
ஊணொடு செய்யும் சிறப்பு",முறுவல் இனிதுரை கால் நீர் மணை பாய் கிடக்கையோடு இவ் ஐந்தும் என்ப தலைச் சென்றார்க்கு ஊணொடு செய்யும் சிறப்பு
"கறுத்த பகைமுனையும் கள்ளாட்டுக் கண்ணும்
நிறுத்த மனமில்லார் சேரி அகத்தும்
குணநோக்கிக் கொண்டவர் கோள்விட் டுழியும்
நிகரில் அறிவினார் வேண்டார் பலர்தொகு
நீர்க்கரையும் நீடு நிலை",கறுத்த பகை முனையும் கள்ளாட்டுக்கண்ணும் நிறுத்த மனம் இல்லார் சேரியகத்தும் குணம் நோக்கிக் கொண்டவர் கோள் விட்டுழியும் நிகர் இல் அறிவினார் வேண்டார் பலர் தொகு நீர்க்கரையும் நீடு நிலை
"முளிபுல்லும் கானமும் சேரார்தீக் கூட்டார்
துளிவிழக் கால்பரப்பி ஓடார் தெளிவிலாக்
கானம் தமியர் இயங்கார் துளியஃகி
நல்குரவு ஆற்றப் பெருகினும் செய்யாரே
தொல்வரவின் தீர்ந்த தொழில்",முளி புல்லும் கானமும் சேரார் தீக்கு ஊட்டார் துளி விழ கால் பரப்பி ஓடார் தெளிவு இலாக் கானம் தமியர் இயங்கார் துளி அஃகி நல்குரவு ஆற்றப் பெருகினும் செய்யாரே தொல் வரவின் தீர்ந்த தொழில்
"பாழ்மனையும் தேவ குலனும் சுடுகாடும்
ஊரில் வழியெழுந்த ஒற்றை முதுமரனும்
தாமே தமியர் புகாஅர் பகல்வளரார்
நோயின்மை வேண்டு பவர்",பாழ் மனையும் தேவ குலனும் சுடுகாடும் ஊர் இல் வழி எழுந்த ஒற்றை முது மரனும் தாமே தமியர் புகாஅர் பகல் வளரார் நோய் இன்மை வேண்டுபவர்
"எழுச்சிக்கண் பிற்கூவார் தும்மார் வழுக்கியும்
எங்குற்றுச் சேறீரோ என்னாரே முன்புக்கு
எதிர்முகமா நின்றும் உரையார் இருசார்வும்
கொள்வர் குரவர் வலம்",எழுச்சிக்கண் பின் கூவார் தும்மார் வழுக்கியும் எங்கு உற்றுச் சேறிரோ என்னாரே முன் புக்கு எதிர் முகமா நின்றும் உரையார் இரு சார்வும் கொள்வர் குரவர் வலம்
"உடம்புநன்று என்றுரையார் ஊதார் விளக்கும்
அடுப்பினுள் தீநந்தக் கொள்ளார் அதனைப்
படக்காயார் தம்மேற் குறித்து",உடம்பு நன்று என்று உரையார் ஊதார் விளக்கும் அடுப்பினுள் தீ நந்தக் கொள்ளார் அதனைப் படக் காயார் தம்மேல் குறித்து
"வான்முறை யான்வந்த நான்மறை யாளரை
மேன்முறைப் பால்தம் குரவரைப் போலொழுகல்
நூன்முறை யாளர் துணிவு",வால் முறையான் வந்த நான் மறையாளரை மேல் முறைப் பால் தம் குரவரைப்போல் ஒழுகல் நூல் முறையாளர் துணிவு
"கால்வாய்த் தொழுவு சமயம் எழுந்திருப்பு
ஆசாரம் என்பர் குரவர்க்கு இவையிவை
சாரத்தால் சொல்லிய மூன்று",கால்வாய்த் தொழுவு சமயம் எழுந்திருப்பு ஆசாரம் என்ப குரவர்க்கு இவை இவை சாரத்தால் சொல்லிய மூன்று
"துறந்தாரைப் பேணலும் நாணலும்தாம் கற்ற
மறந்தும் குரவர்முன் சொல்லாமை மூன்றும்
திறங்கண்டார் கண்ட நெறி",துறந்தாரைப் பேணலும் நாணலும் தாம் கற்ற மறந்தும் குரவர் முன் சொல்லாமை மூன்றும் திறம் கண்டார் கண்ட நெறி
"பார்ப்பார் தவரே சுமந்தார் பிணிப்பட்டார்
மூத்தார் இளையார் பசுப்பெண்டிர் என்றிவர்கட்டு
ஆற்ற வழிவிலங்கி னாரே பிறப்பிடைப்
போற்றி யெனப்படு வார்",பார்ப்பார் தவரே சுமந்தார் பிணிப்பட்டார் மூத்தார் இளையார் பசு பெண்டிர் என்று இவர்கட்கு ஆற்ற வழி விலங்கினாரே பிறப்பினுள் போற்றி எனப்படுவார்
"தமக்குற்ற கட்டுரையும் தம்மிற் பெரியார்
உரைத்ததற்கு உற்ற உரையுமஃ தன்றிப்
பிறர்க்குற்ற கட்டுரையும் சொல்லற்க சொல்லின்
வடுக்குற்ற மாகி விடும்",தமக்கு உற்ற கட்டுரையும் தம்மில் பெரியார் உரைத்ததற்கு உற்ற உரையும் அஃது அன்றிப் பிறர்க்கு உற்ற கட்டுரையும் சொல்லற்க சொல்லின் வடுக் குற்றம் ஆகிவிடும்
"பெரியார் உவப்பனதாம் உவவார் இல்லம்
சிறியாரைக் கொண்டு புகாஅர் அறிவறியாப்
பிள்ளையே ஆயினும் இழித்துரையார் தம்மோடு
அளவளா வில்லா இடத்து",பெரியார் உவப்பன தாம் உவவார் இல்லம் சிறியாரைக் கொண்டு புகாஅர் அறிவு அறியாப் பிள்ளையேயானும் இழித்து உரையார் தம்மோடு அளவளாவு இல்லா இடத்து
"முனியார் துனியார் முகத்தெதிர் நில்லார்
தனிமை இடத்துக்கண் தம்கருமம் சொல்லார்
இனியவை யாமறிதும் என்னார் கசிவின்று
காக்கைவெள் என்னும் எனின்",முனியார் துனியார் முகத்து எதிர் நில்லார் தனிமை இடத்துக்கண் தம் கருமம் சொல்லார் இனியவை யாம் அறிதும் என்னார் கசிவு இன்று காக்கை வெள்ளென்னும் எனின்
"உமிவும் உயர்ந்துழி ஏறலும் பாக்கும்
வகையில் உரையும் வளர்ச்சியும் ஐந்தும்
புணரார் பெரியா ரகத்து",உமிவும் உயர்ந்துழி ஏறலும் பாக்கும் வகைஇல் உரையும் வளர்ச்சியும் ஐந்தும் புணரார் பெரியாரகத்து
"இறைவர்முன் செல்வமும் கல்வியும் தேசும்
குணனும் குலமுடையார் கூறார் பகைவர்போல்
பாரித்துப் பல்காற் பயின்று",இறைவர் முன் செல்வமும் கல்வியும் தேசும் குணனும் குலம் உடையார் கூறார் பகைவர்போல் பாரித்து பல் கால் பயின்று
"பெரியார் மனையகத்தும் தேவ குலத்தும்
வணங்கார் குரவரையும் கண்டால் அணங்கொடு
நேர்பெரியார் செல்லு மிடத்து",பெரியார் மனையகத்தும் தேவகுலத்தும் வணங்கார் குரவரையும் கண்டால் அணங்கொடு நேர் பெரியார் செல்லும் இடத்து
"நகையொடு கொட்டாவி காறிப்புத் தும்மல்
இவையும் பெரியார்முன் செய்யாரே செய்யின்
அசையாது நிற்கும் பழி",நகையொடு கொட்டாவி காறிப்பு தும்மல் இவையும் பெரியார் முன் செய்யாரே செய்யின் அசையாது நிற்கும் பழி
"நின்றக்கால் நிற்க அடக்கத்தால் என்றும்
இருந்தக்கால் ஏவாமை ஏகார் பெருந்தக்கார்
சொல்லிற் செவிகொடுத்துக் கேட்டீக மீட்டும்
வினாவற்க சொல்லொழிந்தக் கால்",நின்றக்கால் நிற்க அடக்கத்தால் என்றும் இருந்தக்கால் ஏவாமை ஏகார் பெருந்தக்கார் சொல்லின் செவி கொடுத்துக் கேட்டீக மீட்டும் வினாவற்க சொல் ஒழிந்தக்கால்
"உடுக்கை இகவார் செவிசொறுண்டார் கைம்மேல்
எடுத்துரையார் பெண்டிர்மேல் நோக்கார் செவிச்சொல்லும்
கொள்ளார் பெரியார் அகத்து",உடுக்கை இகவார் செவி சொறண்டார் கை மேல் எடுத்து உரையார் பெண்டிர்மேல் நோக்கார் செவிச் சொல்லும் கொள்ளார் பெரியார் அகத்து
"தம்மேனி நோக்கார் தலையுளரார் கைந்நொடியார்
எம்மேனி ஆயினும் நோக்கார் தலைமகன்
தம்மேனி அல்லால் பிற",தம் மேனி நோக்கார் தலை உளரார் கைந் நொடியார் எம் மேனி ஆயினும் நோக்கார் தலைமகன் தம் மேனி அல்லால் பிற
"பிறரொடு மந்திரம் கொள்ளார் இறைவனைச்
சாரார் செவியோரார் சாரின் பிறிதொன்று
தேர்வார்போல் நிற்க திரிந்து",பிறரொடு மந்திரம் கொள்ளார் இறைவனைச் சாரார் செவி ஓரார் சாரின் பிறிது ஒன்று தேர்வார்போல் நிற்க திரிந்து
"துன்பத்துள் துன்புற்று வாழ்தலும் இன்பத்துள்
இன்ப வகையால் ஒழுகலும் அன்பின்
செறப்பட்டார் இல்லம் புகாமையும் மூன்றும்
திறப்பட்டார் கண்ணே உள",துன்பத்துள் துன்புற்று வாழ்தலும் இன்பத்துள் இன்ப வகையான் ஒழுகலும் அன்பின் செறப்பட்டார் இல்லம் புகாமை இம் மூன்றும் திறப்பட்டார் கண்ணே உள
"தெறுவந்தும் தங்குரவர் பேருரையார் இல்லத்து
உறுமி நெடிதும் இராஅர் பெரியாரை
என்று முறைகொண்டு கூறார் புலையரையும்
நன்கறிவார் கூறார் முறை",தெறுவந்தும் தம் குரவர் பேர் உரையார் இல்லத்து உறுமி நெடிதும் இராஅர் பெரியாரை என்றும் முறை கொண்டு கூறார் புலையரையும் நன்கு அறிவார் கூறார் முறை
"வண்ண மகளிரி இடத்தொடு தம்மிடம்
ஒள்ளியம் என்பார் இடம்கொள்ளார் தெள்ளி
மிகக்கிழமை உண்டெனினும் வேண்டாவே பெண்டிர்க்கு
உவப்பன வேறாய் விடும்",வண்ணமகளிர் இடத்தொடு தம் இடம் ஒள்ளியம் என்பார் இடம் கொள்ளார் தெள்ளி மிகக் கிழமை உண்டுஎனினும் வேண்டாவே பெண்டிர்க்கு உவப்பன வேறாய்விடும்
"அளையுறை பாம்பும் அரசும் நெருப்பும்
முழைஉறை சீயமும் என்றிவை நான்கும்
இளைய எளிய பயின்றனஎன்று எண்ணி
இகழின் இழுக்கந் தரும்",அளை உறை பாம்பும் அரசும் நெருப்பும் முழை உறை சீயமும் என்று இவை நான்கும் இளைய எளிய பயின்றன என்று எண்ணி இகழின் இழுக்கம் தரும்
"அறத்தொடு கல்யாணம் ஆள்வினை கூரை
இறப்பப் பெருகியக் கண்ணும் திறப்பட்டார்
மன்னரின் மேம்பட்ட செய்யற்க செய்யின்
மன்னிய செல்வம் கெடும்",அறத்தொடு கல்யாணம் ஆள்வினை கூரை இறப்பப் பெருகியக்கண்ணும் திறப்பட்டார் மன்னரின் மேம்படச் செய்யற்க செய்பவேல் மன்னிய செல்வம் கெடும்
"உண்டது கேளார் குரவரை மிக்காரைக்
கண்டுழிக் கண்டால் மனந்திரியார் புல்லரையும்
உண்டது கேளார் விடல்",உண்டது கேளார் குரவரை மிக்காரை கண்டுழி கண்டால் முகம் திரியார் புல்லரையும் உண்டது கேளார் விடல்
"கிடந்தாரைக் கால்கழுவார் பூப்பெய்யார் சாந்தும்
மறந்தானும் எஞ்ஞான்றும் பூசார் கிடந்தார்கண்
நில்லார்தாம் கட்டின் மிசை",கிடந்தாரைக் கால் கழுவார் பூப்பெய்யார் சாந்தம் மறந்தானும் எஞ் ஞான்றும் பூசார் கிடந்தார்கண் நில்லார் தாம் கட்டில்மிசை
"உதவிப் பயனுரையார் உண்டி பழியார்
அறத்தொடு தான்நோற்ற நோன்பு வியவார்
திறத்துளி வாழ்தும்என் பார்",உதவிப் பயன் உரையார் உண்டி பழியார் அறத்தொடு தாம் நோற்ற நோன்பு வியவார் திறத்துளி வாழ்தும் என்பார்
"மோட்டுடைப் போர்வையோடு ஏக்கழுத்துந் தாளிசைப்பும்
காட்டுளே யானும் பழித்தார மாம்தம்மின்
மூத்த உளஆக லான்",மோட்டுடைப் போர்வையோடு ஏக்கழுத்தும் தாள் இசைப்பு காட்டுளேயானும் பழித்தார் மரம் தம்மின் மூத்த உள ஆகலான்
"கைசுட்டிக் கட்டுரையார் கால்மேல் எழுத்திடார்
மெய்சுட்டி இல்லாரை உள்ளாரோடு ஒப்புரையார்
கையில் குரவர் கொடுப்ப இருந்துஏலார்
ஐயமில் காட்சி யவர்",கை சுட்டிக் கட்டுரையார் கால்மேல் எழுத்து இடார் மெய் சுட்டி இல்லாரை உள்ளாரோடு ஒப்பு உரையார் கையில் குரவர் கொடுப்ப இருந்து ஏலார் ஐயம் இல் காட்சியவர்
"தன்னுடம்பு தாரம் அடைக்கலம் தன்னுயிர்க்குஎன்று
உன்னித்து வைத்த பொருளோ டிவைநான்கும்
பொன்னினைப் போல்போற்றிக் காத்துய்க்க உய்க்காக்கால்
மன்னிய ஏதம் தரும்",தன் உடம்பு தாரம் அடைக்கலம் தன் உயிர்க்கு என்று உன்னித்து வைத்த பொருளோடு இவை நான்கும் பொன்னினைப்போல் போற்றிக் காத்து உய்க்க உய்க்காக்கால் மன்னிய ஏதம் தரும்
"நந்தெறும்பு தூக்கணம் புள்காக்கை என்றிவைபோல்
தம்கருமம் நல்ல கடைப்பிடித்துத் தங்கருமம்
அப்பெற்றி யாக முயல்பவர்க்கு ஆசாரம்
எப்பெற்றி யானும் படும்",நந்து எறும்பு தூக்கணம்புள் காக்கை என்று இவைபோல் தம் கருமம் நல்ல கடைப்பிடித்து தம் கருமம் அப் பெற்றியாக முயல்பவர்க்கு ஆசாரம் எப் பெற்றியானும் படும்
"தொழுதாலும் வாய்புதைத் தானும் அஃதன்றிப்
பெரியார்முன் யாதும் உரையார் பழியவர்
கண்ணுள்ளே நோக்கி யுரை",தொழுதானும் வாய் புதைத்தானும் அஃது அன்றி பெரியார்முன் யாதும் உரையார் பழி அவர் கண்ணுளே நோக்கி உரை
"சூதர் கழகம் அரவம் அறாக்களம்
பேதைகள் அல்லார் புகாஅர் புகுபவேல்
ஏதம் பலவும் தரும்",சூதர் கழகம் அரவர் அறாக் களம் பேதைகள் அல்லார் புகாஅர் புகுபவேல் ஏதம் பலவும் தரும்
"உரற்களத்தும் அட்டிலும் பெண்டிர்கள் மேலும்
நடுக்கற்ற காட்சியார் நோக்கார் எடுத்திசையார்
இல்லம் புகாஅர் விடல்",உரற் களத்தும் அட்டிலும் பெண்டிர்கள் மேலும் நடுக்கு அற்ற காட்சியார் நோக்கார் எடுத்து இசையார் இல்லம் புகாஅர் விடல்
"அறியாத தேயத்தான் ஆதுலன் மூத்தான்
இளையான் உயிரிழந்தான் அஞ்சினான் உண்டான்
அரசர் தொழில்தலை வைத்தான் மணாளனென்ற
ஒன்பதின்மர் கண்டீர் உரைக்குங்கால் மெய்யான
ஆசாரம் வீடுபெற் றார்",அறியாத தேயத்தான் ஆதுலன் மூத்தான் இளையான் உயிர் இழந்தான் அஞ்சினான் உண்பான் அரசர் தொழில் தலைவைத்தான் மணாளன் என்று ஒன்பதின்மர் கண்டீர் உரைக்குங்கால் மெய்யான் ஆசாரம் வீடு பெற்றார்
"நாண்ஞாயி றுற்ற செருவிற்கு வீழ்ந்தவர்
வாண்மாய் குருதி களிறுழக்கத் தாண்மாய்ந்து
முன்பசு லெல்லாங் குழம்பாகிப் பின்பகல்
துப்புத் துகளிற் கெழூஉம் புனனாடான்
தப்பியா ரட்ட களத்து",நாள் ஞாயிறு உற்ற செருவிற்கு வீழ்ந்தவர் வாள் மாய் குருதி களிறு உழக்க தாள் மாய்ந்து முற்பகல் எல்லாம் குழம்பு ஆகி பிற்பகல் துப்புத் துகளின் கெழூஉம் புனல் நாடன் தப்பியார் அட்ட களத்து
"ஞாட்பினு ளெஞ்சிய ஞாலஞ்சேர் யானைக்கீழ்
போர்ப்பி லிடிமுரசி னூடுபோ மொண்குருதி
கார்ப்பெயல் பெய்தபிற் செங்குளக் கோட்டுக்கீழ்
நீர்த்தூம்பு நீருமிழ்வ போன்ற புனனாடன்
ஆர்த்தம ரட்ட களத்து",ஞாட்பினுள் எஞ்சிய ஞாலம் சேர் யானைக் கீழ்ப் போர்ப்பு இல் இடி முரசின் ஊடு போம் ஒண் குருதி கார்ப்பெயல் பெய்த பின் செங் குளக் கோட்டுக் கீழ் நீர்த் தூம்பு நீர் உமிழ்வ போன்ற புனல் நாடன் ஆர்த்து அமர் அட்ட களத்து
"ஒழுக்குங் குருதி யுழக்கித் தளர்வார்
இழுக்குங் களிற்றுக்கோ டூன்றி யெழுவர்
மழைக்குரன் மாமுரசின் மல்குநீர் நாடன்
பிழைத்தாரை யட்ட களத்து",ஒழுக்கும் குருதி உழக்கித் தளர்வார் இழுக்கும் களிற்றுக் கோடு ஊன்றி எழுவர் மழைக் குரல் மா முரசின் மல்கு நீர் நாடன் பிழைத்தாரை அட்ட களத்து
"உருவக் கடுந்தேர் முருக்கிமற் றத்தேர்ப்
பரிதி சுமந்தெழுந்த யானை யிருவிசும்பிற்
செல்சுடர் சேர்ந்த மலைபோன்ற செங்கண்மால்
புல்லாரை யட்ட களத்து",உருவக் கடுந் தேர் முருக்கி மற்று அத் தேர்ப் பருதி சுமந்து எழுந்த யானை இரு விசும்பில் செல் சுடர் சேர்ந்த மலை போன்ற செங் கண் மால் புல்லாரை அட்ட களத்து
"தெரிகணை யெஃகந் திறந்தவர் யெல்லாம்
குருதி படிந்துண்ட காகம் உருவிழந்து
குக்கிற் புறத்த சிரல்வாய செங்கண்மால்
தப்பியா ரட்ட களத்து",தெரி கணை எஃகம் திறந்த வாய் எல்லாம் குருதி படிந்து உண்ட காகம் உரு இழந்து குக்கில் புறத்த சிரல் வாய செங் கண் மால் தப்பியார் அட்ட களத்து
"அஞ்சனக் குன்றேய்க்கும் யானை யமருழக்கி
இங்கு லிகக்குன்றே போற்றோன்றுஞ் செங்கண்
வரிவரான் மீன்பிறழுங் காவிரி நாடன்
பொருநரை யட்ட களத்து",அஞ்சனக் குன்று ஏய்க்கும் யானை அமர் உழக்கி இங்குலிகக் குன்றேபோல் தோன்றுமே செங் கண் வரி வரால் மீன் பிறழும் காவிரி நாடன் பொருநரை அட்ட களத்து
"யானைமேல் யானை நெரிதர வானாது
கண்ணேர் கடுங்கணை மெய்ம்மாய்ப்ப எவ்வாயும்
எண்ணருங் குன்றிற் குரீஇயினம் போன்றவே
பண்ணா ரிடிமுரசிற் பாய்ப்புன னீர்நாடன்
நண்ணாரை யட்ட களத்து",யானைமேல் யானை நெரிதர ஆனாது கண் நேர் கடுங் கணை மெய்ம் மாய்ப்ப எவ்வாயும் எண்ண அருங் குன்றில் குரீஇஇனம் போன்றவே பண் ஆர் இடி முரசின் பாய் புனல் நீர் நாடன் நண்ணாரை அட்ட களத்து
"மேலோரைக் கீழோர் குறுகிக் குறைத்திட்ட
காலார்சோ டற்ற கழற்கா லிருங்கடல்
ஊணில் சுறபிறழ்வ போன்ற புனனாடன்
நேராரை யட்ட களத்து",மேலோரைக் கீழோர் குறுகிக் குறைத்திட்ட கால் ஆசோடு அற்ற கழற் கால் இருங்கடலுள் நீலச் சுறாப் பிறழ்வ போன்ற புனல் நாடன் நேராரை அட்ட களத்து
"பல்கணை யெவ்வாயும் பாய்தலிற் செல்கலா
தொல்கி யுயங்குங் களிறெல்லாந் தொல்சிறப்பிற்
செவ்வலங் குன்றம்போற் றோன்றும் புனனாடன்
தெவ்வரை யட்ட களத்து",பல் கணை எவ் வாயும் பாய்தலின் செல்கலாது ஒல்கி உயங்கும் களிறு எல்லாம் தொல் சிறப்பின் செவ்வல் அம் குன்றம்போல் தோன்றும் புனல் நாடன் தெவ்வரை அட்ட களத்து
"கழுமிய ஞாட்பினுண் மைந்திகந்தா ரிட்ட
ஒழிமுரச மொண்குருதி யாடித் தொழின்மடிந்து
கண்காணா யானை யுதைப்ப விழுமென
மங்குன் மழையி னிதிரு மதிராப்போர்ச்
செங்கண்மா லட்ட களத்து",கழுமிய ஞாட்பினுள் மைந்து இகந்தார் இட்ட ஒழி முரசம் ஒண் குருதி ஆடி தொழில் மடிந்து கண் காணா யானை உதைப்ப இழுமென மங்குல் மழையின் அதிரும் அதிராப் போர்ச் செங் கண் மால் அட்ட களத்து
"ஒவாக் கணைபாய வொல்கி யெழில்வேழந்
தீவாய்க் குருதி யிழிதலாற் செந்தலைப்
பூவலங் குன்றம் புயற்கேற்ற போன்றவெ
காவிரி நாடன் கடாஅய்க் கடிதாகக்
கூடாரை யட்ட களத்து",ஓவாக் கணை பாய ஒல்கி எழில் வேழம் தீவாய்க் குருதி இழிதலால் செந் தலைப் பூவல்அம் குன்றம் புயற்கு ஏற்ற போன்றவே காவிரி நாடன் கடாஅய் கடிது ஆகக் கூடாரை அட்ட களத்து
"நிரைகதிர் நீளெஃக நீட்டி வயவர்
வரைபுரை யானைக்கை நூற வரைமேல்
உருமெறி பாம்பிற் புரளுஞ் செருமொய்ம்பிற்
செஎய்பொரு தட்ட களத்து",நிரை கதிர் நீள் எஃகம் நீட்டி வயவர் வரை புரை யானைக் கை நூற வரை மேல் உரும் எறி பாம்பின் புரளும் செரு மொய்ம்பின் சேய் பொருது அட்ட களத்து
"கவளங்கொள் யானையின் கைதுணிக்கப் பட்டுப்
பவளஞ் சொரிதரு பைபோற் றிவளொளிய
வொண்செங் குருதி யுமிழும் புனனாடன்
கொங்கரை யட்ட களத்து",கவளம் கொள் யானையின் கைகள் துணிக்க பவளம் சொரிதரு பை போல் திவள் ஒளிய ஒண் செங் குருதி உமிழும் புனல் நாடன் கொங்கரை அட்ட களத்து
"கொல்யானை பாயக் குடைமுருக்கி யெவ்வாயும்
புக்கவா யெல்லாம் பிணம்பிறங்கத் தச்சன்
வினைபடு பள்ளிறிய் றோன்றும் செங்கட்
சினமால் பொருத களத்து",கொல் யானை பாய குடை முருக்கி எவ்வாயும் புக்க வாய் எல்லாம் பிணம் பிறங்க தச்சன் வினை படு பள்ளியின் தோன்றுமே செங் கண் சின மால் பொருத களத்து
"பரும வினமாக் கடவித் தெரிமறவர்
ஊக்கி யெடுத்த வரவத்தி னார்ப்பஞ்சாக்
குஞ்சரக் கும்பத்துப் பாய்வன குன்றிவரும்
வேங்கை யிரும்புலி போன்ற புனனாடன்
வேந்தரை யட்ட களத்து",பரும இன மாக் கடவி தெரி மறவர் ஊக்கி எடுத்த அரவத்தின் ஆர்ப்பு அஞ்சாக் குஞ்சரக் கும்பத்துப் பாய்வன குன்று இவரும் வேங்கை இரும் புலி போன்ற புனல் நாடன் வேந்தரை அட்ட களத்து
"ஆர்ப்பெழுந்த ஞாட்பினு ளாளா ளெதிர்த்தோடித்
தாக்கி யெறிதா வீழ்தரு மொண்குருதி
கார்த்திகைச் சாற்றிற் கழிவிளக்கைப் போன்றனவே
ஆர்த்தம ரட்ட களத்து",ஆர்ப்பு எழுந்த ஞாட்பினுள் ஆள் ஆள் எதிர்த்து ஓடி தாக்கி எறிதர வீழ்தரும் ஒண் குருதி கார்த்திகைச் சாற்றில் கழி விளக்குப் போன்றனவே போர்க் கொடித் தானை பொரு புனல் நீர் நாடன் ஆர்த்து அமர் அட்ட களத்து
"இரிசிறக ரீர்க்குப் பரப்பி யெருவை
குருதி பிணங்கவருந் தோற்றம் அதிர்விலாச்
சீர்முழாப் பண்ணமைப்பான் போன்ற புனனாடன்
நேராரை யட்ட களத்து",இரு சிறகர் ஈர்க்கும் பரப்பி எருவை குருதி பிணம் கவரும் தோற்றம் அதிர்வு இலாச் சீர் முழாப் பண் அமைப்பான் போன்ற புனல் நாடன் நேராரை அட்ட களத்து
"இணைவே லெழின்மருமத் திங்கப்புண் கூர்ந்து
கணையலைக் கொல்கிய யானை துணையிலவாய்த்
தொல்வலி யாற்றித் துளங்கினவாய் மெல்ல
நிலங்கால் கவரு மலைபோன்ற செங்கட்
சினமால் பொருத களத்து",இணை வேல் எழில் மார்வத்து இங்க புண் கூர்ந்து கணை அலைக்கு ஒல்கிய யானை துணை இலவாய் தொல் வலியின் தீரா துளங்கினவாய் மெல்ல நிலம் கால் கவவு மலை போன்ற செங் கண் சின மால் பொருத களத்து
"இருநிலஞ் சேர்ந்த குடைக்கீழ் வரிநுதல்
ஆடியல் யானைத் தடக்கை யொளிறுவாள்
ஓடா மறவர் துணிப்பத் துணிந்தவை
கோடுகொ ளொண்மதியை நக்கும்பரம் பொக்குமே
பாடா ரிடிமுரசிற் பாய்ப்புன னீர்நாடன்
கூடாரை யட்ட களத்து",இரு நிலம் சேர்ந்த குடைக் கீழ் வரி நுதல் ஆடு இயல் யானைத் தடக் கை ஒளிறு வாள் ஓடா மறவர் துணிப்ப துணிந்தவை கோடு கொள் ஒண் மதியை நக்கும் பாம்பு ஒக்குமே கூடாரை அட்ட களத்து
"எவ்வாயு மோடி வயவர் துணித்திட்ட
கைவாயிற் கொண்டெழுந்த செஞ்செவிப் புன்சேவல்
ஐவாய் வயநாகங் கவ்வி விசும்பிவருஞ்
செவ்வா யுவணத்திற் றோன்றும் புனனாடன்
தெவ்வாரை யட்ட களத்து",எவ் வாயும் ஓடி வயவர் துணித்திட்ட கை வாயில் கொண்டு எழுந்த செஞ் செவிப் புன் சேவல் ஐ வாய் வய நாகம் கவ்வி விசும்பு இவரும் செவ் வாய் உவணத்தின் தோன்றும் புனல் நாடன் தெவ்வாரை அட்ட களத்து
"செஞ்சேற்றுட் செல்யானை சீறி மிதித்தலால்
ஒண்செங் குருதிகள் தொக்கீண்டி நின்றவை
பூநீர் வியன்றமிடாப் போன்ற புனனாடன்
மேவாரை யட்ட களத்து",செஞ் சேற்றுள் செல் யானை சீறி மிதித்தலால் ஒண் செங் குருதி தொகுபு ஈண்டி நின்றவை பூ நீர் வியல் மிடாப் போன்ற புனல் நாடன் மேவாரை அட்ட களத்து
"கடிகாவிற் காற்றுற் றெறிய வெடிபாட்டி
வீற்றுவீற் றோடு மயிலினம்போல் நாற்றிசையும்
கேளி ரிழந்தா ரலறுபவே செங்கட்
சினமால் பொருத களத்து",கடி காவில் காற்று உற்று எறிய வெடி பட்டு வீற்று வீற்று ஓடும் மயல் இனம்போல் நால் திசையும் கேளிர் இழந்தார் அலமருப செங் கண் சின மால் பொருத களத்து
"ஓடா மறவ ரெறிய நுதல்பிளந்த
கோடேந்து கொல்களிற்றுக் கும்பத் தெழிலோடை
மின்னுக் கொடியின் மிளிரும் புனனாடன்
ஒன்னாரை யட்ட களத்து",ஓடா மறவர் எறிய நுதல் பிளந்த கோடு ஏந்து கொல் களிற்றின் கும்பத்து எழில் ஓடை மின்னுக் கொடியின் மிளிரும் புனல் நாடன் ஒன்னாரை அட்ட களத்து
"ஓஓ உவம னுறழ்வின்றி யொத்ததே
காவிரி நாடன் கழுமலங் கொண்டநாள்
மாவுதைப்ப மாற்றார் குடையெலாங் கீழ்மேலா
ஆவுதை காளாம்பி போன்ற புனனாடன்
மேவாரை யட்ட களத்து",ஓஒ உவமன் உறழ்வு இன்றி ஒத்ததே காவிரி நாடன் கழுமலம் கொண்ட நாள் மா உதைப்ப மாற்றார் குடை எலாம் கீழ் மேலாய் ஆ உதை காளாம்பி போன்ற புனல் நாடன் மேவாரை அட்ட களத்து
"அரசர் பிணங்கான்ற நெய்த்தோர் முரசொடு
முத்தடைக் கோட்ட களிறீர்ப்ப எத்திசையும்
பெளவம் புணரம்பி போன்ற புனனாடன்
தெவ்வரை யட்ட களத்து",அரசர் பிணம் கான்ற நெய்த்தோர் முரசொடு முத்துடைக் கோட்ட களிறு ஈர்ப்ப எத் திசையும் பெளவம் புணர் அம்பி போன்ற புனல் நாடன் தெவ்வரை அட்ட களத்து
"வெள்ளிவெண் ணாஞ்சிலான் ஞால முழுவனபோல்
எல்லாக் களிறு நிலஞ்சேர்ந்த பல்வேற்
பணைமுழங்கு போர்த்தானைடச் செங்கட் சினமால்
கணைமாரி பெய்த களத்து",வெள்ளி வெண் நாஞ்சிலால் ஞாலம் உடுவன போல் எல்லாக் களிறும் நிலம் சேர்ந்த பல் வேல் பணை முழங்கு போர்த் தானைச் செங் கண் சின மால் கணை மாரி பெய்த களத்து
"வேனிறத் திங்க வயவரா லேறுண்டு
கானிலங் கொள்ளாக் கலங்கிச் செவிசாய்த்து
மாநிலங் கூறு மறைகேட்ப போன்றவே
பாடா ரிடிமுரசிற் பாய்புன னீர்நாடன்
கூடாரை யட்ட களத்து",வேல் நிறத்து இங்க வயவரால் ஏறுண்டு கால் நிலை கொள்ளாக் கலங்கி செவி சாய்த்து மா நிலம் கூறும் மறை கேட்ப போன்றவே பாடு ஆர் இடி முரசின் பாய் புனல் நீர் நாடன் கூடாரை அட்ட களத்து
"ஆற்றும் இளமைக்கண் கற்கலான் மூப்பின்கண்
போற்றும் எனவும் புணருமோ ஆற்றச்
சுரம்போக்கி உல்குகொண்டார் இல்லையே யில்லை
மரம்போக்கிக் கூலிகொண் டார்",ஆற்றும் இளமைக்கண் கற்கலான் மூப்பின்கண் போற்றும் எனவும் புணருமே ஆற்றச் சுரம் போக்கி உல்கு கொண்டார் இல்லையே இல்லை மரம் போக்கிக் கூலி கொண்டார்
"சொற்றொறும் சோர்வு படுதலால் சோர்வின்றிக்
கற்றொறும் கல்லாதேன் என்று வழியிரங்கி
உற்றொன்று சிந்தித்து உழன்றொன்று அறியுமேல்
கற்றொறுந்தான் கல்லாத வாறு",சொற்றொறும் சோர்வு படுதலால் சோர்வு இன்றிக் கற்றொறும் கல்லாதேன் என்று வழி இரங்கி உற்று ஒன்று சிந்தித்து உழந்து ஒன்று அறியுமேல் கற்றொறும் தான் கல்லாத வாறு
"விளக்கு விலைகொடுத்துக் கோடல் விளக்குத்
துளக்கமின் றென்றனைத்தும் தூக்கி விளக்கு
மருள்படுவ தாயின் மலைநாட என்னை
பொருள்கொடுத்துக் கொள்ளார் இருள்",விளக்கு விலை கொடுத்துக் கோடல் விளக்குத் துளக்கம் இன்று என்று அனைத்தும் தூக்கி விளக்கு மருள் படுவது ஆயின் மலை நாட என்னை பொருள் கொடுத்துக் கொள்ளார் இருள்
"ஆற்றவும் கற்றவும் அறிவுடையார் அஃதுடையார்
நாற்றிசையும் செல்லாத நாடில்லை அந்நாடு
வேற்றுநா டாகா தமவேயாம் ஆயினால்
ஆற்றுணா வேண்டுவ தில்",ஆற்றவும் கற்றார் அறிவுடையார் அஃது உடையார் நால் திசையும் செல்லாத நாடு இல்லை அந் நாடு வேற்று நாடு ஆகா தமவே ஆம் ஆயினால் ஆற்று உணா வேண்டுவது இல்
"உரைமுடிவு காணான் இளமையோன் என்ற
நரைமுது மக்கள் உவப்ப நரைமுடித்துச்
சொல்லால் முறைசெய்தான் சோழன் குலவிச்சை
கல்லாமல் பாகம் படும்",உரை முடிவு காணான் இளமையோன் என்ற நரை முது மக்கள் உவப்ப நரை முடித்து சொல்லால் முறை செய்தான் சோழன் குல விச்சை கல்லாமல் பாகம் படும்
"புலமிக் கவரைப் புலமை தெரிதல்
புலமிக் கவர்க்கே புலனாம் நலமிக்க
பூம்புனல் ஊர பொதுமக்கட் காகாதே
பாம்பறியும் பாம்பின கால்",புலம் மிக்கவரைப் புலமை தெரிதல் புலம் மிக்கவர்க்கே புலனாம் நலம் மிக்க பூம் புனல் ஊர் பொது மக்கட்கு ஆகாதே பாம்பு அறியும் பாம்பின கால்
"நல்லார் நலத்தை உணரின் அவரினும்
நல்லார் உணர்ப பிறருணரார் நல்ல
மயிலாடு மாமலை வெற்ப மற்றென்றும்
அயிலாலே போழ்ப அயில்",நல்லார் நலத்தை உணரின் அவரினும் நல்லார் உணர்ப பிறர் உணரார் நல்ல மயில் ஆடும் மா மலை வெற்ப மற்று என்றும் அயிலாலே போழ்ப அயில்
"கற்றறிந்தார் கண்ட அடக்கம் அறியாதார்
பொச்சாந்து தம்மைப் புகழ்ந்துரைப்பார் தெற்ற
அறைகல் அருவி அணிமலை நாட
நிறைகுடம் நீர்தளும்பல் இல்",கற்று அறிந்தார் கண்ட அடக்கம் அறியாதார் பொச்சாந்து தம்மைப் புகழ்ந்து உரைப்பர் தெற்ற அறை கல் அருவி அணி மலை நாட நிறை குடம் நீர் தளும்பல் இல்
"விதிப்பட்ட நூலுணர்ந்து வேற்றுமை இல்லார்
கதிப்பவர் நூலினைக் கையிகந்தா ராகிப்
பதிப்பட வாழ்வார் பழியாய செய்தல்
மதிப்புறத்துப் பட்ட மறு",விதிப் பட்ட நூல் உணர்ந்து வேற்றுமை இல்லார் கதிப்பவர் நூலினைக் கையிகந்தார் ஆகி பதிப்பட வாழ்வார் பழி ஆய செய்தல் மதிப்புறத்துப் பட்ட மறு
"கல்லாதான் கண்ட கழிநுட்பம் கற்றார்முன்
சொல்லுங்கால் சோர்வு படுதலால் நல்லாய்
வினாமுந் துறாத உரையில்லை இல்லை
கனாமுந் துறாத வினை",கல்லாதான் கண்ட கழி நுட்பம் கற்றார்முன் சொல்லுங்கால் சோர்வு படுதலால் நல்லாய் வினா முந்துறாத உரை இல்லை இல்லை கனா முந்துறாத வினை
"கல்வியான் ஆய சுழிநுட்பம் கல்லார்முன்
சொல்லிய நல்லவும் தீயவாம் எல்லாம்
இவர்வரை நாட தமரையில் லார்க்கு
நகரமும் காடுபோன் றாங்கு",கல்வியான் ஆய கழி நுட்பம் கல்லார் முன் சொல்லிய நல்லவும் தீய ஆம் எல்லாம் இவர் வரை நாட தமரை இல்லார்க்கு நகரமும் காடு போன்றாங்கு
"கல்லா தவரிடைக் கட்டுரையின் மிக்கதோர்
பொல்லாத தில்லை ஒருவற்கு நல்லாய்
இழுக்கத்தின் மிக்க இழிவில்லை இல்லை
ஒழுக்கத்தின் மிக்க உயர்வு",கல்லாதவரிடைக் கட்டுரையின் மிக்கது ஓர் பொல்லாதது இல்லை ஒருவற்கு நல்லாய் இழுக்கத்தின் மிக்க இழிவு இல்லை இல்லை ஒழுக்கத்தின் மிக்க உயர்வு
"கற்றாற்று வாரைக் கறுப்பித்துக் கல்லாதார்
சொற்றாற்றுக் கொண்டு சுனைத்தெழுதல் எற்றெனின்
தானும் நடவான் முடவன் பிடிப்பூணி
யானையோ டாடல் உறவு",கற்று ஆற்றுவாரைக் கறுப்பித்து கல்லாதார் சொல் தாற்றுக் கொண்டு சுனைத்து எழுதல் எற்று எனின் தானும் நடவான் முடவன் பிடிப்பூணி யானையோடு ஆடல் உறவு
"கேட்பாரை நாடிக் கிளக்கப் படும்பொருட்கண்
வேட்கை அறிந்துரைப்பார் வித்தகர் வேட்கையால்
வண்டு வழிபடரும் வாட்கண்ணாய் தோற்பன
கொண்டு புகாஅர் அவை",கேட்பாரை நாடி கிளக்கப்படும் பொருட்கண் வேட்கை அறிந்து உரைப்பார் வித்தகர் வேட்கையால் வண்டு வழிபடரும் வாள் கண்ணாய் தோற்பன கொண்டு புகாஅர் அவை
"ஒருவர் உரைப்ப உரைத்தால் அதுகொண்டு
இருவரா வாரும் எதிர்மொழியல் பாலா
பெருவரை நாட சிறிதேனும் இன்னாது
இருவர் உடனாடல் நாய்",ஒருவர் உரைப்ப உரைத்தால் அது கொண்டு இருவர் ஆவாரும் எதிர் மொழியற் பாலா பெரு வரை நாட சிறிதேனும் இன்னாது இருவர் உடன் ஆடல் நாய்
"துன்னி இருவர் தொடங்கிய மாற்றத்தில்
பின்னை உரைக்கப் படற்பாலான் முன்னி
மொழிந்தால் மொழியறியான் கூறல் முழந்தாள்
கிழிந்தானை மூக்குப் பொதிவு",துன்னி இருவர் தொடங்கிய மாற்றத்தில் பின்னை உரைக்கப் படற்பாலான் முன்னி மொழிந்தால் மொழி அறியான் கூறல் முழந்தாள் கிழிந்தானை மூக்குப் பொதிவு
"அகலம் உடைய அறிவடையார் நாப்பண்
புகலறியார் புக்கவர் தாமே இகலினால்
வீண்சேர்ந்த புன்சொல் விளம்பல் அதுவன்றோ
பாண்சேரி பற்கிளக்கு மாறு",அகலம் உடைய அறிவுடையார் நாப்பண் புகல் அறியார் புக்கு அவர் தாமே இகலினால் வீண் சேர்ந்த புன் சொல் விளம்பல் அது அன்றோ பாண் சேரிப் பல் கிளக்கும் ஆறு
"மானமும் நாணும் அறியார் மதிமயங்கி
ஞானம் அறிவார் இடைப்புக்குத் தாமிருந்து
ஞானம் வினாஅய் உரைத்தல் நகையாகும்
யானைப்பல் காண்பான் புகல்",மானமும் நாணும் அறியார் மதி மயங்கி ஞானம் அறிவார் இடைப்புக்கு தாம் இருந்து ஞானம் வினாஅய் உரைக்கின் நகை ஆகும் யானைப் பல் காண்பான் புகல்
"அல்லவையுள் தோன்றி அலவலைத்து வாழ்பவர்
நல்லவையுள் புக்கிருந்து நாவடங்கக் கல்வி
அளவிறந்து மிக்கார் அறிவெள்ளிக் கூறல்
மிளகுளு வுண்பான் புகல்",அல்லவையுள் தோன்றி அலவலைத்து வாழ்பவர் நல் அவையுள் புக்கு இருந்து நா அடங்க கல்வி அளவு இறந்து மிக்கார் அறிவு எள்ளிக் கூறல் மிளகு உளு உண்பான் புகல்
"நல்லவை கண்டக்கால் நாச்சுருட்டி நன்றுணராப்
புல்லவையுள் தம்மைப் புகழ்ந்துரைத்தல் புல்லார்
புடைத்தறுகண் அஞ்சுவான் இல்லுள்வில் லேற்றி
இடைக்கலத்து எய்து விடல்",நல் அவை கண்டக்கால் நாச் சுருட்டி நன்று உணராப் புல் அவையுள் தம்மைப் புகழ்ந்து உரைத்தல் புல்லார் புடைத் தறுகண் அஞ்சுவான் இல்லுள் வில் ஏற்றி இடைக் கலத்து எய்துவிடல்
"நடலை இலராகி நன்றுணரார் ஆய
முடலை முழுமக்கள் மொய்கொள் அவையுள்
உடலா ஒருவற்கு உறுதி உரைத்தல்
கடலுளால் மாவடித் தற்று",நடலை இலர் ஆகி நன்று உணராராய முடலை முழுமக்கள் மொய் கொள் அவையுள் உடலா ஒருவற்கு உறுதி உரைத்தல் கடலுளால் மாவடித் தற்று
"ஆயிரவ ரானும் அறிவிலார் தொக்கக்கால்
மாயிரு ஞாலத்து மாண்பொருவன் போல்கலார்
பாயிருள் நீக்கும் மதியம்போல் பன்மீனும்
காய்கலா வாகும் நிலா",ஆயிரவ ரானும் அறிவிலார் தொக்கக்கால் மா இரு ஞாலத்து மாண்பு ஒருவன் போல்கலார் பாய் இருள் நீக்கும் மதியம்போல் பல் மீனும் காய்கலா ஆகும் நிலா
"நற்கறிவு இல்லாரை நாட்டவும் மாட்டாதே
சொற்குறி கொண்டு துடிபண் உறுத்துவபோல்
வெற்பறைமேல் தாழும் இலங்கருவி நன்னாட
கற்றறிவு போகா கடை",நற்கு அறிவு இல்லாரை நாட்டவும் மாட்டாதே சொல் குறிகொண்டு துடி பண்ணுறுத்ததுபோல் வெற்பு அறைமேல் தாழும் விலங்கு அருவி நல் நாட கற்றறிவு போகா கடை
"ஆணம் உடைய அறிவினார் தந்நலம்
மானும் அறிவி னவரைத் தலைப்படுத்தல்
மானமர் கண்ணாய் மறங்கெழு மாமன்னர்
யானையால் யானையாத் தற்று",ஆணம் உடைய அறிவினார் தம் நலம் மானும் அறிவினவரைத் தலைப்படுத்தல் மான் அமர்க் கண்ணாய் மறம் கெழு மா மன்னர் யானையால் யானை யாத்தற்று
"தெரிவுடையா ரோடு தெரிந்துணர்ந்து நின்றார்
பரியார் இடைப்புகார் பண்பறிவார் மன்ற
விரியா இமிழ்திரை வீங்குநீர்ச் சேர்ப்ப
அரிவாரைக் காட்டார் நரி",தெரிவு உடையாரோடு தெரிந்து உணர்ந்து நின்றார் பரியாரிடைப் புகார் பண்பு அறிவார் மன்ற விரியா இமிழ் திரை வீங்கு நீர்ச் சேர்ப்ப அரிவாரைக் காட்டார் நரி
"பொற்பவும் பொல்லா தனவும் புனைந்திருந்தார்
சொற்பெய்து உணர்த்துதல் வேண்டுமோ விற்கீழ்
அரிபாய் பரந்தகன்ற கண்ணாய் அறியும்
பெரிதாள் பவனே பெரிது",பொற்பவும் பொல்லாதனவும் புணர்ந்திருந்தார் சொல் பெய்து உணர்த்துதல் வேண்டுமோ விற் கீழ் அரி தாய்ப் பரந்து அகன்ற கண்ணாய் அறியும் பெரிது ஆள்பவனே பெரிது
"பரந்த திறலாரைப் பாசிமேல் இட்டுக்
கரந்து மறைக்கலும் ஆமோ நிரந்தெழுந்து
வேயின் திரண்டதோள் வேற்கண்ணாய் விண்ணியங்கும்
ஞாயிற்றைக் கைம்மறைப்பார் இல்",பரந்த திறலாரைப் பாசி மேல் இட்டு கரந்து மறைக்கலும் ஆமோ நிரந்து எழுந்து வேயின் திரண்ட தோள் வேற்கண்ணாய் விண் இயங்கும் ஞாயிற்றைக் கைம் மறைப்பார் இல்
"அருவிலை மாண்கலனும் ஆன்ற பொருளும்
திருவுடைய ராயின் திரிந்தும் வருமால்
பெருவரை நாட பிரிவின் றதனால்
திருவினும் திட்பம் பெறும்",அரு விலை மாண் கலனும் ஆன்ற பொருளும் திரு உடையராயின் திரிந்தும் வருமால் பெரு வரை நாட பிரிவு இன்று அதனால் திருவினும் திட்பம் பெறும்
"விழுத்தொடையர் ஆகி விளங்கித்தொல் வந்தார்
ஒழுக்குடையர் ஆகி ஒழுகல் பழத்தெங்கு
செய்த்தலை வீழும் புனலூர அஃதன்றோ
நெய்த்தலைப்பால் உக்கு விடல்",விழுத் தொடையர் ஆகி விளங்கி தொல் வந்தார் ஒழுக்கு உடையர் ஆகி ஒழுகல் பழத் தெங்கு செய்த்தலை வீழும் புனல் ஊர் அஃதன்றோ நெய்த்தலைப் பால் உக்கு விடல்
"கள்ளி அகிலும் கருங்காக்கைச் சொல்லும்போல்
எள்ளற்க யார்வாயின் நல்லுரையைத் தெள்ளிதின்
ஆர்க்கும் அருவி மலைநாட நாய்கொண்டால்
பார்ப்பாரும் தின்பர் உடும்பு",கள்ளி அகிலும் கருங் காக்கைச் சொல்லும்போல் எள்ளற்க யார் வாயும் நல் உரையை தெள்ளிதின் ஆர்க்கும் அருவி மலை நாட நாய் கொண்டால் பார்ப்பாரும் தின்பர் உடும்பு
"தங்குற்றம் நீக்கல ராகிப் பிறர்குற்றம்
எங்கேனும் தீர்த்தற்கு இடைப்புகுதல் எங்கும்
வியனுலகில் வெள்ளாடு தன்வளி தீராது
அயல்வளி தீர்த்து விடல்",தம் குற்றம் நீக்கலர் ஆகி பிறர் குற்றம் எங்கெங்கும் தீர்த்ததற்கு இடை புகுதல் எங்கும் வியன் உலகில் வெள்ளாடு தன் வளி தீராது அயல் வளி தீர்த்து விடல்
"பொருந்தாப் பழியென்னும் பொல்லாப் பிணிக்கு
மருந்தாகி நிற்பதாம் மாட்சி மருந்தின்
தணியாது விட்டக்கால் தண்கடல் சேர்ப்ப
பிணியீ டழித்து விடும்",பொருந்தாப் பழி என்னும் பொல்லாப் பிணிக்கு மருந்து ஆகி நிற்பதாம் மாட்சி மருந்தின் தணியாது விட்டக்கால் தண் கடல் சேர்ப்ப பிணி ஈடு அழித்து விடும்
"பூவுட்கும் கண்ணாய் பொறுப்பர் எனக்கருதி
யாவர்க்கே யாயினும் இன்னா செயல்வேண்டா
தேவர்க்கும் கைகூடத் திண்ணன்பி னார்க்கேயும்
நோவச்செய் நோயின்மை இல்",பூ உட்கும் கண்ணாய் பொறுப்பர் எனக் கருதி யாவர்க்கே ஆயினும் இன்னா செயல் வேண்டா தேவர்க்கும் கைகூடாத் திண் அன்பினார்க்கேயும் நோவச் செயின் நோயின்மை இல்
"வினைப்பயன் ஒன்றின்றி வேற்றுமை கொண்டு
நினைத்துப் பிறர்பனிப்ப செய்யாமை வேண்டும்
புனம்பொன் அவிர்சுணங்கி பூங்கொம்பர் அன்னாய்
தனக்கின்னா இன்ன பிறர்க்கு",வினைப் பயம் ஒன்று இன்றி வேற்றுமை கொண்டு நினைத்துப் பிறர் பனிப்ப செய்யாமை வேண்டும் புனப் பொன் அவிர் சுணங்கின் பூங் கொம்பர் அன்னாய் தனக்கு இன்னா இன்னா பிறர்க்கு
"நெடியது காண்கிலாய் நீயொளியை நெஞ்சே
கொடியது கூறினாய் மன்ற அடியுளே
முற்பகல் கண்டான் பிறன்கேடு தன்கேடு
பிற்பகல் கண்டு விடும்",நெடியது காண்கலாய் நீ ஒளியை நெஞ்சே கொடியது கூறினாய் மன்ற அடியுளே முற்பகல் கண்டான் பிறன் கேடு தன் கேடு பிற்பகல் கண்டுவிடும்
"தோற்றத்தால் பொல்லார் துணையில்லார் நல்கூர்ந்தார்
மாற்றத்தால் செற்றார் எனவலியார் ஆட்டியக்கால்
ஆற்றாது அவரழுத கண்ணீர் அவையவர்க்குக்
கூற்றமாய் வீழ்ந்து விடும்",தோற்றத்தால் பொல்லார் துணை இலார் நல்கூர்ந்தார் மாற்றத்தால் செற்றார் என வலியார் ஆட்டியக்கால் ஆற்றாது அவர் அழத கண்ணீர் அவை அவர்க்குக் கூற்றமாய் வீழ்ந்து விடும்
"மிக்குடையர் ஆகி மிகமதிக்கப் பட்டாரை
ஒற்கப் படமுயறும் என்றல் இழுக்காகும்
நற்கெளி தாகி விடினும் நளிர்வரைமேல்
கற்கிள்ளிக் கையுய்ந்தார் இல்",மிக்கு உடையர் ஆகி மிக மதிக்கப் பட்டாரை ஒற்கப்பட முயறும் என்றல் இழுக்கு ஆகும் நற்கு எளிது ஆகிவிடினும் நளிர் வரைமேல் கல் கிள்ளி கை உயர்ந்தார் இல்
"நீர்த்தகவு இல்லார் நிரம்பாமைத் தந்நலியின்
கூர்த்தவரைத் தாம்நலிதல் கோளன்றால் சான்றவர்க்குப்
பார்த்தோடிச் சென்று கதம்பட்டு நாய்கவ்வின்
பேர்த்துநாய் கவ்வினார் இல்",நீர்த் தகவு இல்லார் நிரம்பாமைத் தம் நலியின் கூர்ந்து அவரைத் தாம் நலிதல் கோள் அன்றால் சான்றவர்க்கு பார்த்து ஓடிச் சென்று கதம் பட்டு நாய் கவ்வின் பேர்த்து நாய் கவ்வினார் இல்
"இறப்பச் சிறியவர் இன்னா செயினும்
பிறப்பினால் மாண்டார் வெகுளார் திறத்துள்ளி
நல்ல விறகின் அடினும் நனிவெந்நீர்
இல்லம் சுடுகலா வாறு",இறப்பச் சிறயவர் இன்னா செயினும் பிறப்பினால் மாண்டார் வெகுளார் திறத்து உள்ளி நல்ல விறகின் அடினும் நனி வெந்நீர் இல்லம் சுடுகலா வாறு
"ஆறாச் சினத்தன் அறிவிலன் மற்றவனை
மாறி ஒழுகல் தலையென்ப ஏறி
வளியால் திரையுலாம் வாங்குநீர்ச் சேர்ப்ப
தெளியானைத் தேறல் அரிது",ஆறாச் சினத்தன் அறிவு இலன் மற்று அவனை மாறி ஒழுகல் தலை என்ப ஏறி வளியால் திரை உலாம் வாங்கு நீர்ச் சேர்ப்ப தெளியானைத் தேறல் அரிது
"உற்றதற் கெல்லாம் உரஞ்செய்ய வேண்டுமோ
கற்றறிந்தார் தம்மை வெகுளாமைக் காப்பமையும்
நெற்செய்யப் புல்தேய்ந்தாற் போல நெடும்பகை
தற்செய்யத் தானே கெடும்",உற்றதற்கு எல்லாம் உரம் செய்ய வேண்டுமோ கற்று அறிந்தார்தம்மை வெகுளாமைக் காப்பு அமையும் நெல்செய்யப் புல் தேய்ந்தாற்போல நெடும் பகை தற் செய்ய தானே கெடும்
"எய்தா நகைச்சொல் எடுத்துரைக்கப் பட்டவர்
வைதாராக் கொண்டு விடுவர்மன் அஃதால்
புனற்பொய்கை ஊர விளக்கெலி கொண்டு
தனக்குநோய் செய்து விடல்",எய்தா நகைச் சொல் எடுத்து உரைக்கப்பட்டவர் வைதாராக் கொண்டு விடுமர்மன் அஃதால் புனல் பொய்கை ஊர விளக்கு எலி கொண்டு தனக்கு நோய் செய்துவிடல்
"தெரியா தவர்தம் திறனில்சொல் கேட்டால்
பரியாதார் போல இருக்க பரிவில்லா
வம்பலர் வாயை அவிப்பான் புகுவரே
அம்பலம் தாழ்க்கூட்டு வார்",தெரியாதவர் தம் திறன் இல் சொல் கேட்டால் பரியாதார் போல இருக்க பரிவு இல்லா வம்பலர் வாயை அவிப்பான் புகுவரே அம்பலம் தாழ்க் கூட்டுவார்
"கையார உண்டமையால் காய்வார் பொருட்டாகப்
பொய்யாகத் தம்மை பொருளல்லார் கூறுபவேல்
மையார உண்டகண் மாணிழாய் என்பரிவ
செய்யாத செய்தா வெனில்",கை ஆர உண்டமையால் காய்வார் பொருட்டாக பொய்யாகத் தம்மைப் பொருள் அல்லார் கூறுபவேல் மை ஆர உண்ட கண் மாண் இழாய் என் பரிப செய்யாத எய்தா எனில்
"ஆய்ந்த அறிவினர் அல்லாதார் புல்லுரைக்குக்
காய்ந்தெதிர் சொல்லுபவோ கற்றறிந்தார் தீந்தேன்
முசுக்குத்தி நக்கு மலைநாட தம்மைப்
பசுக்கு்தின் குத்துவார் இல்",ஆய்ந்த அறிவினர் அல்லாதார் புல்லுரைக்குக் காய்ந்து எதிர் சொல்லுபவோ கற்று அறிந்தார் தீம் தேன் முசுக் குத்தி நக்கும் மலை நாட தம்மைப் பசுக் குத்தின் குத்துவார் இல்
"நோவ உரைத்தாரைத் தாம்பொறுக்க லாகாதார்
நாவின் ஒருவரை வைதால் வயவுரை
பூவிற் பொலிந்தகன்ற கண்ணாய் அதுவன்றோ
தீயில்லை ஊட்டும் திறம்",நோவ உரைத்தாரைத் தாம் பொறுக்க லாகாதார் நாவின் ஒருவரை வைதால் வயவு உரை பூவின் பொலிந்து அகன்ற கண்ணாய் அது அன்றோ தீ இல்லை ஊட்டும் திறம்
"கறுத்தாற்றித் தம்மைக் கடியசெய் தாரைப்
பொறுத்தாற்றிச் சேறல் புகழால் ஒறுத்தாற்றின்
வானோங்கு மால்வரை வெற்ப பயனின்றே
தானோன் றிடவரும் சால்பு",கறுத்து ஆற்றித் தம்மைக் கடிய செய்தாரைப் பொறுத்து ஆற்றிச் சேறல் புகழால் ஒறுத்து ஆற்றின் வான் ஓங்கு உயர் வரை வெற்ப பயம் இன்றே தான் நோன்றிட வரும் சால்பு
"அறிவன்று அழகன்று அறிவதூஉம் அன்று
சிறியர் எனப்பாடும் செய்யும் எறிதிரை
சென்றுலாம் சேர்ப்ப குழுவத்தார் மேயிருந்த
என்றூடு அறுப்பினும் மன்று",அறிவு அன்று அழகு அன்று அறிவதூஉம் அன்று சிறியர் எனப்பாடும் செய்யும் எறி திரை சென்று உலாம் சேர்ப்ப குழுவத்தார் மேயிருந்த என்று ஊடு அறுப்பினும் மன்று
"ஆமாலோ என்று பெரியாரை முன்னின்று
தாமாச் சிறியார் தறுகண்மை செய்தொழுகல்
போமாறு அறியாப் புலன்மயங்கி ஊர்புக்குச்
சாமாகண் காணாத வாறு",ஆமாலோ என்று பெரியாரை முன் நின்ற தாமாச் சிறியார் தறுகண்மை செய்து ஒழுகல் போம் ஆறு அறியா புலன் மயங்கி ஊர் புக்கு சாமா கண் காணாத வாறு
"எல்லாத் திறத்தும் இறப்பப் பெரியாரைக்
கல்லாத் துணையார்தாம் கைப்பித்தல் சொல்வின்
நிறைந்தார் வளையினாய் அஃதால் எருக்கு
மறைந்துயானை பாய்ச்சி விடல்",எல்லாத் திறத்தும் இறப்பப் பெரியாரைக் கல்லாத் துணையார் கயப்பித்தல் சொல்லின் நிறைந்து ஆர் வளையினாய் அஃதால் எருக்கு மறைந்து யானை பாய்ச்சிவிடல்
"முன்னும் ஒருகால் பிழைப்பானை ஆற்றவும்
பின்னும் பிழைப்பப் பொறுப்பவோ இன்னிசை
யாழின் வண்டார்க்கும் புனலூர ஈனுமோ
வாழை இருகால் குலை",முன்னும் ஒரு கால் பிழைப்பானை ஆற்றவும் பின்னும் பிழைப்பப் பொறுப்பவோ இன் இசை யாழின் வண்டு ஆர்க்கும் புனல் ஊர ஈனுமோ வாழை இரு கால் குலை
"நெடுங்காலம் வந்தார் நெறியின்மை கண்டு
நடுங்கிப் பெரிதும் நலிவார் பெரியர்
அடும்பார் அணிகானற் சேர்ப்ப கெடுமே
கொடும்பாடு உடையான் குடி",நெடுங் காலம் வந்தார் நெறி இன்மை கண்டு நடுங்கிப் பெரிதும் நலிவார் பெரியர் அடும்பு ஆர் அணி கானல் சேர்ப்ப கெடுமே கொடும்பாடு உடையான் குடி
"பல்கிளையுள் பார்த்துறான் ஆகி ஒருவனை
நல்குரவால் வேறாக நன்குணரான் சொல்லின்
உரையுள் வளவியசொல் சொல்லா ததுபோல்
நிரையுள்ளே இன்னா வரைவு",பல் கிளையுள் பார்த்துறான் ஆகி ஒருவனை நல்குரவால் வேறாக நன்கு உணரான் சொல்லின் உரையுள் வளவிய சொல் சொல்லாததுபோல் நிரையுள்ளே இன்னா வரைவு
"நீறூர்ந்தும் ஒட்டா நிகரில் மணியேபோல்
வேறாகத் தோன்றும் விளக்கம் உடைத்தாகித்
தாறாப் படினும் தலைமகன் தன்னொளி
நூறா யிரவர்க்கு நேர்",நீறு ஆர்ந்தும் ஒட்டா நிகர் இல் மணியேபோல் வேறாகத் தோன்றும் விளக்கம் உடைத்தாகித் தாறாப் படினும் தலைமகன் தன் ஒளி நூறாயிரவர்க்கு நேர்
"ஒற்கத்தாம் உற்ற இடத்தும் உயர்ந்தவர்
நிற்பவே நின்ற நிலையின்மேல் வற்பத்தால்
தன்மேல் நலியும் பசிபெரி தாயினும்
புன்மேயா தாகும் புலி",ஒற்கம் தாம் உற்ற இடத்தும் உயர்ந்தவர் நிற்பவே நின்ற நிலையின்மேல் வற்பத்தால் தன்மேல் நலியும் பசி பெரிதுஆயினும் புல் மேயாது ஆகும் புலி
"மாடம் அழிந்தக்கால் மற்றும் எடுப்பதோர்
கூடம் மரத்திற்குத் துப்பாகும் அஃதேபோல்
பீடிலாக் கண்ணும் பெரியோர் பெருந்தகையர்
ஈடில் லதற்கில்லை பாடு",மாடம் அழிந்தக்கால் மற்றும் எடுப்பது ஓர் கூடம் மரத்திற்குத் துப்பு ஆகும் அஃதேபோல் பீடு இலாக்கண்ணும் பெரியோர் பெருந் தகையர் ஈடு இல்லதற்கு இல்லை பாடு
"இணரோங்கி வந்தாரை என்னுற்றக் கண்ணும்
உணர்பவர் அஃதே உணர்ப உணர்வார்க்கு
அணிமலை நாட அளறாடிக் கண்ணும்
மணிமணி யாகி விடும்",இணர் ஓங்கி வந்தாரை என் உற்றக்கண்ணும் உணர்பவர் அஃதே உணர்ப உணர்வார்க்கு அணி மலை நாட அளறு ஆடிக்கண்ணும் மணி மணியாகி விடும்
"கற்றதொன் றின்றி விடினும் குடிப்பிறந்தார்
மற்றொன றறிவாரின் மாணமிக நல்லால்
பொற்ப உரைப்பான் புகவேண்டா கொற்சேரித்
துன்னூசி விற்பவர் இல்",கற்றது ஒன்று இன்றிவிடினும் குடிப் பிறந்தார் மற்றொன்று அறிவாரின் மாண் மிக நல்லால் பொற்ப உரைப்பான் புக வேண்டா கொற்சேரித் துன்னூசி விற்பவர் இல்
"பல்லார் அவைநடுவண் பாற்பட்ட சான்றவர்
சொல்லார் ஒருவரையும் உள்ளூன்றப் பல்லா
நிரைப்புறங் காத்த நெடியோனே யாயினும்
உரைத்தால் உரைபெறுதல் உண்டு",பல்லார் அவை நடுவண் பாற்பட்ட சான்றவர் சொல்லார் ஒருவரையும் உள் ஊன்ற பல் ஆ நிரைப் புறம் காத்த நெடியோனே ஆயினும் உரைத்தால் உரை பெறுதல் உண்டு
"எனக்குத் தகவன்றால் என்பதே நோக்கித்
தனக்குத் கரியாவான் தானாய்த் தவற்றை
நினைத்துத்தன் கைகுறைத்தான் தென்னவனும் காணார்
எனச்செய்தார் மாணா வினை",எனக்குத் தகவு அன்றால் என்பதே நோக்கி தனக்குக் கரி ஆவான் தானாய் தவற்றை நினைத்து தன் கை குறைத்தான் தென்னவனும் காணார் எனச் செய்யார் மாணா வினை
"தீப்பால் வினையினைத் தீரவும் அஞ்சாராய்க்
காப்பாரே போன்றுரைத்த பொய்குறளை ஏய்ப்பார்முன்
சொல்லோ டொருப்படார் சோர்வின்றி மாறுபவே
வில்லோடு காக்கையே போன்று",தீப் பால் வினையினைத் தீரவும் அஞ்சாராய்க் காப்பாரே போன்று உரைத்த பொய் குறளை ஏய்ப்பார் முன் சொல்லோடு ஒருப்படார் சோர்வு இன்றி மாறுபவே வில்லொடு காக்கையே போன்று
"மடங்கிப் பசிப்பினும் மாண்புடை யாளர்
தொடங்கிப் பிறருடைமை மேவார் குடம்பை
மடலொடு புட்கலாம் மால்கடற் சேர்ப்ப
கடலொடு காட்டொட்டல் இல்",மடங்கிப் பசிப்பினும் மாண்புடை யாளர் தொடங்கிப் பிறர் உடைமை மேவார் குடம்பை மடலொடு புள் கலாம் மால் கடல் சேர்ப்ப கடலொடு காட்டு ஒட்டல் இல்
"கன்றி முதிர்ந்த கழியப்பன் னாள்செயினும்
ஒன்றும் சிறியார்கண் என்றானும் தோன்றாதாம்
ஒன்றாய் விடினும் உயர்ந்தார்ப் படுங்குற்றம்
குன்றின்மேல் இட்ட விளக்கு",கன்றி முதிர்ந்த கழியப் பல் நாள் செயினும் ஒன்றும் சிறியார்கண் என்றானும் தோன்றாதாம் ஒன்றாய்விடினும் உயர்ந்தார்ப் படும் குற்றம் குன்றின்மேல் இட்ட விளக்கு
"ஆண்டீண்டு எனவொன்றோ வேண்டா அடைந்தாரை
மாண்டிலா ரென்றே மறைப்பக் கிடந்ததோ
பூண்தாங்கு இளமுலை பொற்றொடி பூண்ட
பறையறையார் போயினார் இல்",ஆண்டு ஈண்டு என ஒன்றோ வேண்டா அடைந்தாரை மாண்டிலார் என்றே மறுப்பக் கிடந்ததோ பூண் தாங்கு இள முலைப் பொற்றொடீஇ பூண்ட பறை அறையாப் போயினார் இல்
"பரியப் படுபவர் பண்பிலார் ஏனும்
திரியப் பெறுபவோ சான்றோர் விரிதிரைப்
பாரெறியும் முந்நீர்த் துறைவ கடனன்றோ
ஊரறிய நட்டார்க்கு உணா",பரியப் படுபவர் பண்பு இலரேனும் திரியப் பெறுபவோ சான்றோர் விரி திரைப் பார் எறியும் முந்நீர்த் துறைவ கடன் அன்றோ ஊர் அறிய நட்டார்க்கு உணா
"தெற்றப் பகைவர் இடர்ப்பாடு கண்டக்கால்
மற்றுங்கண் ஓடுவர் மேன்மக்கள் தெற்ற
நவைக்கப் படுந்தன்மைத் தாயினும் சான்றோர்
அவைப்படின் சாவாது பாம்பு",தெற்றப் பகைவர் இடர்பாடு கண்டக்கால் மற்றும் கண்ணோடுவர் மேன்மக்கள் தெற்ற நவைக்கப்படும் தன்மைத்துஆயினும் சான்றோர் அவைப்படின் சாவாது பாம்பு
"பெரிய குடிப்பிறத் தாரும் தமக்குச்
சிறியார் இனமாய் ஒழுகுதல் எறியிலை
வேலொடு நேரொக்கும் கண்ணாய் அஃதன்றோ
பூவோடு நாரியைக்கு மாறு",பெரிய குடிப் பிறந்தாரும் தமக்குச் சிறியார் இனமாய் ஒழுகுதல் எறி இலை வேலொடு நேர் ஒக்கும் கண்ணாய் அஃது அன்றோ பூவொடு நார் இயைக்குமாறு
"சிறியவர் எய்திய செல்வத்தின் நாணப்
பெரியவர் நல்குரவு நன்றே தெரியின்
மதுமயங்கு பூங்கோதை மாணிழாய் மோரின்
முதுநெய் தீதாகலோ இல்",சிறியவர் எய்திய செல்வத்தின் நாண பெரியவர் நல்குரவு நன்றே தெரியின் மது மயங்கு பூங் கோதை மாணிழாய் மோரின் முது நெய் தீது ஆகலோ இல்
"மிக்குப் பெருகி மிகுபுனல் பாய்ந்தாலும்
உப்பொழிதல் செல்லா ஒலிகடல்போல் மிக்க
இனநலம் நன்குடைய ராயினும் என்றும்
மனநலம் ஆகாவாம் கீழ்",மிக்குப் பெருகி மிகு புனல் பாய்ந்தாலும் உப்பு ஒழிதல் செல்லா ஒலி கடல்போல் மிக்க இன நலம் நன்கு உடைய ஆயினும் என்றும் மன நல ஆகாவாம் கீழ்
"ஓர்த்த கருத்தும் உலகும் உணராத
மூர்க்கர்க்கு யாதும் மொழியற்க மூர்க்கன்தான்
கொண்டதே கொண்டு விடானாகும் ஆகாதே
உண்டது நீலம் பிறிது",ஓர்த்த கருத்தும் உணர்வும் உணராத மூர்க்கர்க்கு உறுதி மொழியற்க மூர்க்கன் தான் கொண்டதே கொண்டு விடான் ஆகும் ஆகாதே உண்டது நீலம் பிறிது
"தெற்ற ஒருவரைத் தீதுரை கண்டக்கால்
இற்றே அவரைத் தெளியற்க மற்றவர்
யாவரே யாயினும் நன்கொழுகார் கைக்குமே
தேவரே தின்னினும் வேம்பு",தெற்ற ஒருவரைத் தீது உரை கண்டக்கால் இற்றே அவரைத் தெளியற்க மற்றவர் யாவரே ஆயினும் நன்கு ஒழுகார் கைக்குமே தேவரே தின்னினும் வேம்பு
"உழந்ததூஉம் பேணாது ஒறுத்தமை கண்டும்
விழைந்தார்போல் தீயவை பின்னரும் செய்தல்
தழங்கண் முழவிரங்கும் தண்கடற் சேர்ப்ப
முழங்குறைப்ப சாண்நீளு மாறு",உழந்ததூஉம் பேணாது ஒறுத்தமை கண்டும் விழைந்தார்போல் தீயவை பின்னரும் செய்தல் தழங்கண் முழவு இயம்பும் தண் கடல் சேர்ப்ப முழம் குறைப்பச் சாண் நீளூமாறு
"கூரறிவி னார்வாய்க் குணமுடைச்சொல் கொள்ளாது
காரறிவு கந்தாக் கடியன செய்வாரைப்
பேரறியார் ஆயின பேதைகள் யாருளரோ
ஊரறியா மூரியோ இல்",கூர் அறிவினார் வாய்க் குணமுடைச் சொல் கொள்ளாது கார் அறிவு கந்தா கடியன செய்வாரைப் பேர் அறியார் ஆயின பேதைகள் யார் உளரோ ஊர் அறியா மூரியோ இல்
"நிரந்து வழிவந்த நீசருள் எல்லாம்
பரந்தொருவர் நாடுங்கால் பண்புடையார் தோன்றார்
மரம்பயில் சோலை மலைநாட என்றும்
குரங்கினுள் நன்முகத்த இல்",நிரந்து வழி வந்த நீசருள் எல்லாம் பரந்து ஒருவர் நாடுங்கால் பண்புடையார் தோன்றார் மரம் பயில் சோலை மலை நாட என்றும் குரங்கினுள் நன் முகத்த இல்
"பெரியார்க்குச் செய்யும் சிறப்பினைப் பேணிச்
சிறியார்க்குச் செய்து விடுதல் பொறிவண்டு
பூமேல் இசைமுரலும் ஊர அதுவன்றோ
நாய்மேல் தவிசிடு மாறு",பெரியார்க்குச் செய்யும் சிறப்பினைப் பேணிச் சிறியார்க்குச் செய்து விடுதல் பொறி வண்டு பூ மேல் இசை முரலும் ஊர் அது அன்றோ நாய்மேல் தவிசு இடும் ஆறு
"பேதுறவு தீரப் பெருக்கத் தலையளித்து
ஆசறு செய்யாராய் ஆற்றப் பெருகினும்
மாசற மாண்ட மனமுடையர் ஆகாத
கூதறைகள் ஆகார் குடி",பேதுறவு தீரப் பெருக்கத் தலையளித்து ஆசறு செய்யாராய் ஆற்றப் பெருகினும் மாசு அற மாண்ட மனம் உடையர் ஆகாத கூதறைகள் ஆகார் குடி
"நெறியால் உணராது நீர்மையும் இன்றிச்
சிறியார் எளியரால் என்று பெரியாரைத்
தங்கள்நேர் வைத்துத் தகவல்ல கூறுதல்
திங்களை நாய்குரைத் தற்று",நெறியால் உணராது நீர்மையும் இன்றி சிறியார் எளியரால் என்று பெரியாரைத் தங்கள் நேர் வைத்து தகவு அல்ல கூறுதல் திங்களை நாய் குரைத்தற்று
"மறுமையொன் றுண்டோ மனப்பட்ட எல்லாம்
பெறுமாறு செய்ம்மின் என்பாரே நறுநெய்யுள்
கட்டி அடையைக் களைவித்துக் கண்சொரீஇ
இட்டிகை தீற்று பவர்",மறுமை ஒன்று உண்டோ மனப்பட்ட எல்லாம் பெறுமாறு செய்ம்மின் என்பாரே நறு நெய்யுள் கட்டி அடையைக் களைவித்து கண் சொரீஇ இட்டிகை தீற்று பவர்
"கண்ணில கயவர் கருத்துணர்ந்து கைமிக
நண்ணி யவர்க்கு நலனுடைய செய்பவேல்
எண்ணி இடர்வரும் என்னார் புலிமுகத்து
உண்ணி பறித்து விடல்",கண் இல் கயவர் கருத்து உணர்ந்து கைம்மிக நண்ணி அவர்க்கு நலனுடைய செய்பவேல் எண்ணி இடர் வரும் என்னார் புலி முகத்து உண்ணி பறித்துவிடல்
"திருந்தாய்நீ ஆர்வத்தைத் தீமை உடையார்
வருந்தினார் என்றே வயப்படுவ துண்டோ
அரிந்தரிகால் பெய்தமையக் கூட்டியக் கண்ணும்
பொருந்தாமண் ஆகா சுவர்",திருந்தாய் நீ ஆர்வத்தை தீமை உடையார் வருந்தினார் என்றே வயப்படுவது உண்டோ அரிந்து அரிகால் பெய்து அமையக் கூட்டியக் கண்ணும் பொருந்தா மண் ஆகா சுவர்
"குலத்துச் சிறியார் கலாந்தணிப்பான் புக்கு
விலக்குவார் மேலும் எழுதல் நிலத்து
நிலையழுங்க வேண்டிப் புடைத்தக்கால் வெண்மாத்
தலைக்கீழாக் காதி விடல்",குலத்துச் சிறயார் கலாம் தணிப்பான் புக்கு விலக்குவார் மேலும் எழுதல் நிலத்து நிலை அழுங்க வேண்டிப் புடைத்தக்கால் வெண் மாத் தலை கீழாக் காதிவிடல்
"நாணார் பரியார் நயனில செய்தொழுகும்
பேணா அறிவிலா மக்களைப் பேணி
ஒழுக்கி அவரோடு உடனுறை செய்தல்
புழுப்பெய்து புண்பொதியு மாறு",நாணார் பரியார் நயன் இல செய்து ஒழுகும் பேணா அறிவு இலா மாக்களைப் பேணி ஒழுக்கி அவரோடு உடனுறைசெய்தல் புழுப் பெய்து புண் பொதியுமாறு
"பொல்லாத சொல்லி மறைத்தொழுகும் பேதைதன்
சொல்லாலே தன்னைத் துயர்ப்படுக்கும் நல்லாய்
மணலுள் முழுகி மறைந்து கிடக்கும்
நுணலும்தன் வாயால் கெடும்",பொல்லாத சொல்லி மறைந்து ஒழுகும் பேதைகள் சொல்லாலே தன்னைத் துயர்ப்படுக்கும் நல்லாய் மணலுள் முழுகி மறைந்து கிடக்கும் நுணலும் தன் வாயால் கெடும்
"தாக்குற்ற போழ்தில் தமரேபோல் நன்குரைத்துப்
போக்குற்ற போழ்தில் புறனழீஇ மேன்மைக்கண்
நோக்கற் றவரைப் பழித்தலென் என்னானும்
மூக்கற்ற தற்கில் பழி",தாக்குற்ற போழ்தில் தமரேபோல் நன்கு உரைத்து போக்குற்ற போழ்தில் புறன் அழீஇ மேன்மைக்கண் நோக்கு அற்றவரைப் பழித்தல் என் என்னானும் மூக்கு அற்றதற்கு இல் பழி
"கோவாத சொல்லும் குணனிலா மாக்களை
நாவா லடக்கல் அரிதாகும் நாவாய்
களிக்கள்போல் தூங்கும் கடல்சேர்ப்ப வாங்கி
வளிதோட் கிடுவாரோ இல்",கோவாத சொல்லும் குணன் இலா மாக்களை நாவாய் அடக்கல் அரிது ஆகும் நாவாய் களிக்கள்போல் தூங்கும் கடல் சேர்ப்ப வாங்கி வளி தோட்கு இடுவாரோ இல்
"செய்த கொடுமை உடையான் அதன்பயம்
எய்த உரையான் இடரினால் எய்தி
மரிசாதி யாயிருந்த மன்றஞ்சு வார்க்குப்
பரிகாரம் யாதொன்றும் இல்",செய்த கொடுமை உடையான் அதன் பயம் எய்த உரையான் இடரினால் எய்தி மரிசாதியாய் இருந்த மன்று அஞ்சுவாற்குப் பரிகாரம் யாதொன்றும் இல்
"முதுமக்கள் அன்றி முனிதக்கா ராய
பொதுமக்கள் பொல்லா ஒழுக்கம் அதுமன்னும்
குன்றத்து வீழும் கொடியருவி நன்னாட
மன்றத்து மையல்சேர்ந் தற்று",முதுமக்கள் அன்றி முனி தக்கார் ஆய பொதுமக்கள் பொல்லா ஒழுக்கம் அது மன்னும் குன்றத்து வீழும் கொடி அருவி நல் நாட மன்றத்து மையல் சேர்ந்தற்று
"தருக்கி ஒழுகித் தகவல்ல செய்தும்
பெருக்க மதித்தபின் பேணாத செய்தும்
கரப்புடை உள்ளம் கனற்று பவரே
செருப்பிடைப் பட்ட பரல்",தருக்கி ஒழுகித் தகவு அல்ல செய்தும் பெருக்க மதித்தபின் பேணாத செய்தும் கரப்புடை உள்ளம் கனற்று பவரே செருப்பிடைப் பட்ட பரல்
"உறுமக்க ளாக ஒருவரை நாட்டிப்
பெறுமாற்றம் இன்றிப் பெயர்த்தே யொழிதல்
சிறுமைக்கு அமைந்ததோர் செய்கை அதுவே
குறுமக்கள் காவு நடல்",உறு மக்கள் ஆக ஒருவனை நாட்டி பெறு மாற்றம் இன்றி பெயர்த்தே ஒழிதல் சிறுமைக்கு அமைந்தது ஓர் செய்கை அதுவே குறுமக்கள் காவு நடல்
"உரைசான்ற சான்றோர் ஒடுங்கி உறைய
நிறையுளர் அல்லார் நிமிர்ந்து பெருகல்
வரைதாழ் இலங்கருவி வெற்ப அதுவே
சுரையாழ அம்மி மிதப்பு",உரை சான்ற சான்றோர் ஒடுங்கி உறைய நிரை உளர் அல்லார் நிமிர்ந்து பெருகல் வரை தாழ் இலங்கு அருவி வெற்ப அதுவே சுரை ஆழ அம்மி மிதப்பு
"தேர்ந்துகண் ஓடாது தீவினையும் அஞ்சலராய்ச்
சேர்ந்தாரை யெல்லாம் சிறிதுரைத்துத் தீர்ந்த
விரகர்கட் கெல்லாம் வெறுப்பனவே செய்யும்
நரகர்கட்கு இல்லையோ நஞ்சு",தேர்ந்து கண்ணோடது தீவினையும் அஞ்சலராய் சேர்ந்தாரை எல்லாம் சிறிது உரைத்து தீர்ந்த விரகர்கட்கு எல்லாம் வெறுப்பனவே செய்யும் நரகர்கட்கு இல்லையோ நஞ்சு
"புரையின்றி நட்டார்க்கு நட்டார் உரைத்த
உரையும் பொருள்முடிவும் ஒன்றால் உரைபிறிது
கொண்டெடுத்துக் கூறல் கொடுங்கழித் தண்சேர்ப்ப
ஒன்றேற்று வெண்படைக்கோள் ஒன்று",புரை இன்றி நட்டார்க்கு நட்டார் உரைத்த உரையும் பொருள் முடிவும் ஒன்றால் உரை பிறிது கொண்டு எடுத்துக் கூறல் கொடுங் கழித் தண் சேர்ப்ப ஒன்று எற்றி வெண்படைக்கோள் ஒன்று
"இனியாரை உற்ற இடர்தீர் உபாயம்
முனியார் செயினும் மொழியால் முடியா
துனியால் திரையுலாம் நூங்குநீர்ச் சேர்ப்ப
பனியால் குளநிறைதல் இல்",இனியாரை உற்ற இடர் தீர் உபாயம் முனியார் செயினும் மொழியால் முடியா துணியால் திரை உலாம் தூங்கு நீர்ச் சேர்ப்ப பனியால் குளம் நிறைதல் இல்
"கொழித்துக் கொளப்பட்ட நண்பின் அவரைப்
பழித்துப் பலர்நடுவண் சொல்லாடார் என்கொல்
விழித்தலரும் நெய்தல் துறைவா உரையார்
இழித்தக்க காணிற் கனா",கொழித்துக் கொளப்பட்ட நண்பினவரைப் பழித்துப் பலர் நடுவண் சொல்லாடார் என்கொல் விழித்து அலரும் நெய்தல் துறைவ உரையார் இழித்தக்க காணின் கனா
"நண்பொன்றித் தம்மாலே நாட்டப்பட்ட டார்களைக்
கண்கண்ட குற்றம் உளவெனினும் காய்ந்தீயார்
பண்கொண்ட தீஞ்சொல் பணைத்தோளாய் யாருளரோ
தங்கன்று சாக்கறப் பார்",நண்பு ஒன்றித் தம்மாலே நாட்டப்பட்டார்களை கண் கண்ட குற்றம் உள எனினும் காய்ந்தீயார் பண் கொண்ட தீம் சொல் பணைத் தோளாய் யார் உளரோ தம் கன்று சாக் கறப்பார்
"தம்தீமை இல்லாதார் நட்டவர் தீமையையும்
எம்தீமை என்றே உணர்பதாம் அந்தண்
பொருதிரை வந்துலாம் பொங்குநீர்ச் சேர்ப்ப
ஒருவர் பொறைஇருவர் நட்பு",தம் தீமை இல்லாதார் நட்டவர் தீமையையும் எம் தீமை என்றே உணர்ப தாம் அம் தண் பொரு திரை வந்து உலாம் பொங்கு நீர்ச் சேர்ப்ப ஒருவர் பொறை இருவர் நட்பு
"கண்ணுள் மணியேபோல் காதலாய் நட்டாரும்
எண்ணும் துணையில் பிறராகி நிற்பராய்
எண்ணிஉயிர் கொள்வான் வேண்டித் திரியினும்
உண்ணும் துணைக்காக்கும் கூற்று",கண்ணுள் மணியேபோல் காதலாய் நட்டாரும் எண்ணுந் துணையிற் பிறராகி நிற்பராய் எண்ணி உயிர் கொள்வான் வேண்டித் திரியினும் உண்ணும் துணைக் காக்கும் கூற்று
"எயப்புழி வைப்பாம் எனப்போற்றப் பட்டவர்
உற்றுழி ஒன்றுக்கு உதவலர் பைந்தொடீஇ
அச்சிடை இட்டுத் திரியின் அதுவன்றோ
மச்சேற்றி ஏணி களைவு",எய்ப்புழி வைப்பாம் எனப் போற்றப் பட்டவர் உற்றுழி ஒன்றுக்கு உதவலர் பைத்தொடீஇ அச்சு இடையிட்டுத் திரியின் அது அன்றோ மச்சு ஏற்றி ஏணி களைவு
"தாமகத்தால் நட்டுத் தமரென்று ஒழுகியக்கால்
நாணகத்துத் தாமின்றி நன்றொழுகார் ஆயினென்
மான்மானும் கண்ணாய் மறந்தும் பரியலரா
கானகத்து உக்க நிலா",தாம் அகத்தான் நட்டு தமர் என்று ஒழுகியக்கால் நாண் அகத்துத் தாம் இன்றி நன்கு ஒழுகார் ஆயினென் மான் மானும் கண்னால் மறந்தும் பரியலரா கானகத்து உக்க நிலா
"கண்டறிவார் போலார் கெழீஇயின்மை செய்வாரைப்
பண்டறிவார் போலாது தாமும் அவரேபோல்
விண்டொரீஇ மாற்றி விடுதல் அதுவன்றோ
விண்டற்கு விண்டல் மருந்து",கண்டு அறிவார் போலார் கெழீஇயின்மை செய்வாரைப் பண்டு அறிவார் போலாது தாமும் அவரேபோல் விண்டு ஒரீஇ மாற்றிவிடுதல் அது அன்றோ விண்டற்கு விண்டல் மருந்து
"பெரியநட் டார்க்கும் பகைவர்க்கும் சென்று
திரிவின்றித் தீர்ந்தார்போல் சொல்லி அவருள்
ஒருவரோ டொன்றி ஒருப்படா தாரே
இருதலைக் கொள்ளியென் பார்",பெரிய நட்டார்க்கும் பகைவர்க்கும் சென்று திரிவு இன்றித் தீர்ந்தார்போல் சொல்லி அவருள் ஒருவரோடு ஒன்றி ஒருப்படா தாரே இரு தலைக் கொள்ளி என்பார்
"பேருலையுள் பெய்த அரிசியை வெந்தமை
ஓர்மூழை யாலே உணர்ந்தாங்கு யார்கண்ணும்
கண்டதனால் காண்டலே வேண்டுமாம் யார்கண்ணும்
கண்டது காரணம்ஆ மாறு",பேர் உலையுள் பெய்த அரிசியை வெந்தமை ஓர் மூழையாலே உணர்ந்தாங்கு யார்கண்ணும் கண்டதனால் காண்டலே வேண்டுமாம் யார்கண்ணும் கண்டது காரணமாம் ஆறு
"நோக்கி அறிகல்லாத் தம்உறுப்புக் கண்ணாடி
நோக்கி அறிய அதுவேபோல் நோக்கி
முகனறிவார் முன்னம் அறிய அதுவே
மகனறிவு தந்தை அறிவு",நோக்கி அறிகல்லாத் தம் உறுப்பு கண்ணாடி நோக்கி அறிய அதுவேபோல் நோக்கி முகன் அறிவார் முன்னம் அறிய அதுவே மகன் அறிவு தந்தை அறிவு
"ஓரும் ஒருவர் ஒருவர்தம் உள்ளத்தைத்
தேரும் திறமரிதால் தேமொழி யாரும்
குலக்குல வண்ணத்த ராகுப ஆங்கே
புலப்பல வண்ணத்த புள்",ஓரும் ஒருவர் ஒருவர்தம் உள்ளத்தைத் தேரும் திறம் அரிதால் தேமொழி ஆரும் குலக் குல வண்ணத்தர் ஆகுப ஆங்கே புலப் புல வண்ணத்த புள்
"காப்பான் மடமகள் காப்பான்கைப் பட்டிருந்தும்
மேய்ப்பாட்ட தென்றுண்ணா ளாயினாள் தீப்புகைபோல்
மஞ்சாடு வெற்ப மறைப்பினும் ஆகாதே
தஞ்சாதி மிக்கு விடும்",காப்பான் மட மகள் காப்பான் கைப்பட்டிருந்தும் மேய்ப்பு ஆட்டது என்று உண்ணாள் ஆயினாள் தீப் புகைபோல் மஞ்சு ஆடு வெற்ப மறைப்பினும் ஆகாதே தம் சாதி மிக்குவிடும்
"எமக்குத் துணையாவார் வேண்டுமென் றெண்ணித்
தமக்குத் துணையாவார்த் தாந்தெரிதல் வேண்டா
பிறர்க்குப் பிறர்செய்வ துண்டோ மற்றில்லை
தமக்கு மருத்துவர் தாம்",எமக்குத் துணையாவார் வேண்டும் என்று எண்ணி தமக்குத் துணையாவார்த் தாம் தெரிதல் வேண்டா பிறர்க்குப் பிறர் செய்வது ஒன்று உண்டோ இல்லை தமக்கு மருத்துவர் தாம்
"வேளாண்மை செய்து விருந்தோம்பி வெஞ்சமத்து
வாளாண்மை யாலும் வலியராய்த் தாளாண்மை
தாழ்க்கு மடிகோள் இலராய் வருந்தாதார்
வாழ்க்கை திருந்துதல் இன்று",வேளாண்மை செய்து விருந்து ஓம்பி வெஞ் சமத்து வாள் ஆண்மையாலும் வலியராய் தாளாண்மை தாழ்க்கும் மடி கோள் இலராய் வருந்தாதார் வாழ்க்கை திருந்துதல் இன்று
"தற்றூக்கித் தன்துணையும் தூக்கிப் பயன்தூக்கி
மற்றவை கொள்வ மதிவல்லார் அற்றன்றி
யாதானும் ஒன்றுகொண்டு யாதானும் செய்தக்கால்
யாதானும் ஆகி விடும்",தற்றூக்கி தன் துணையும் தூக்கி பயன் தூக்கி மற்றவை கொள்வ மதி வல்லார் அற்று அன்றி யாதானும் ஒன்று கொண்டு யாதானும் செய்தக்கால் யாதானும் ஆகிவிடும்
"எங்கண் ஒன்றில்லை எமரில்லை என்றொருவர்
தங்கண் அழிவதாம் செய்யற்க எங்காணும்
நன்கு திரண்டு பெரியவாம் ஆற்றவும்
முன்கை நெடியார்க்குத் தோள்",எங்கண் ஒன்று இல்லை எமர் இல்லை என்று ஒருவர் தங்கண் அழிவு தாம் செய்யற்க எங்கானும் நன்கு திரண்டு பெரயவாம் ஆற்றவும் முன் கை நெடியார்க்குத் தோள்
"நிலத்தின் மிகையாம் பெருஞ்செல்வம் வேண்டி
நலத்தகு வேந்தருள் நல்லாரைச் சார்ந்து
நிலத்து நிலைகொள்ளாக் காலரே காணின்
உலக்கைமேல் காக்கை என்பார்",நிலத்தின் மிகை ஆம் பெருஞ் செல்வம் வேண்டி நலத்தகு வேந்தருள் நல்லாரைச் சார்ந்து நிலத்து நிலைகொள்ளாக் காலரே காணின் உலக்கைமேல் காக்கை என்பார்
"தம்மால் முடிவதனைத் தாமாற்றிச் செய்கல்லார்
பின்னை ஒருவரால் செய்வித்தும் என்றிருத்தல்
சென்னீர் அருவி மலைநாட பாய்பவோ
வெந்நீரும் அடாதார் தீ",தம்மால் முடிவதனைத் தாம் ஆற்றிச் செய்கல்லார் பின்னை ஒருவரால் செய்வித்தும் என்று இருத்தல் செல் நீர் அருவி மலை நாட பாய்பவோ வெந்நீரும் ஆடாதார் தீ
"முழுதுடன் முன்னே வகுத்தவன் என்று
தொழுதிருந்தக் கண்ணே ஒழியுமோ அல்லல்
இழுகினான் ஆகாப்ப தில்லையே முன்னம்
எழுதினான் ஓலை பழுது",முழுதுடன் முன்னே வகுத்தவன் என்று தொழுது இருந்தக் கண்ணே ஒழியுமோ அல்லல் இழுகினான் ஆகாப்பது இல்லையே முன்னம் எழுதினான் ஓலை பழுது
"புரையக் கலந்தவர் கண்ணும் கருமம்
உரையின் வழுவா துவப்பவே கொள்க
வரையக நாட விரைவிற் கருமம்
சிதையும் இடராய் விடும்",புரையக் கலந்தவர் கண்ணும் கருமம் உரையின் வழுவாது உவப்பவே கொள்க வரையக நாட விரைவிற் கருமம் சிதையும் இடர் ஆய்விடும்
"மடியை வியங்கொள்ளின் மற்றைக் கருமம்
முடியாத வாறே முயலும் கொடியன்னாய்
பாரித் தவனை நலிந்து தொழில்கோடல்
மூரி உழுது விடல்",மடியை வியங்கொள்ளின் மற்றைக் கருமம் முடியாத வாறே முயலும் கொடி அன்னாய் பாரித்தவனை நலிந்து தொழில் கோடல் மூரி உழுது விடல்
"ஆணியாக் கொண்ட கருமம் பதிற்றாண்டும்
பாணித்தே செய்ய வியங்கொள்ளின் காணி
பயவாமல் செய்வாரார் தஞ்சாகா டேனும்
உயவாமல் சேறலோ இல்",ஆணியாக் கொண்ட கருமம் பதிற்றாண்டும் பாணித்தே செய்ய வியங்கொள்ளின் காணி பயவாமல் செய்வார் ஆர் தம் சாகாடேனும் உயவாமல் சேறலோ இல்
"விட்டுக் கருமம் செயவைத்த பின்னரும்
முட்டா தவரை வியங்கொளல் வேண்டுமால்
தொட்டக்கால் மாழ்கும் தளிர்மேலே நிற்பினும்
தட்டாமல் செல்லாது உளி",விட்டுக் கருமம் செயவைத்த பின்னரும் முட்டாது அவரை வியங்கொளல் வேண்டுமால் தொட்டக்கால் மாழ்கும் தளிர்மேலே நிற்பினும் தட்டாமல் செல்லாது உளி
"காட்டிக் கருமம் கயவர்மேல் வைத்தவர்
ஆக்குவர் ஆற்ற எமக்கென்றே அமர்ந்திருத்தல்
மாப்புரை நோக்கின் மயிலன்னாய் பூசையைக்
காப்பிடுதல் புன்மீன் தலை",காட்டிக் கருமம் கயவர்மேல் வைத்து அவர் ஆக்குவர் ஆற்ற எமக்கு என்று அமர்ந்து இருத்தல் மாப்புரை நோக்கின் மயில் அன்னாய் பூசையைக் காப்பிடுதல் புன் மீன் தலை
"உற்றான் உறாஅன் எனல்வேண்டா ஒண்பொருளைக்
கற்றானை நோக்கியே கைவிடுக்க கற்றான்
கிழவனுரை கேட்கும் கேளான் எனினும்
இழவன்று எருதுண்ட உப்பு",உற்றான் உறாஅன் எனல் வேண்டா ஒண் பொருளைக் கற்றானை நோக்கியே கைவிடுக கற்றான் கிழவன் உரை கேட்கும் கேளான் எனினும் இழவு அன்று எருது உண்ட உப்பு
"நாட்டிக் கொளப்பட்டார் நன்மை இலராயின்
காட்டிக் களைதும் எனவேண்டா ஓட்டி
இடம்பட்ட கண்ணாய் இறக்கும்மை யாட்டை
உடம்படுத்து வெளவுண்டார் இல்",நாட்டிக் கொளப்பட்டார் நன்மை இலர் ஆயின் காட்டி களைதும் என வேண்டா ஓட்டி இடம்பட்ட கண்ணாய் இறக்கும் மை ஆட்டை உடம்படுத்து வேள்வு உண்டார் இல்
"அகந்தூய்மை இல்லாரை ஆற்றப் பெருக்கி
இகந்துழி விட்டிருப்பின் அஃதால் இகந்து
நினைந்து தெரியானாய் நீள்கயத்துள் ஆமை
நனைந்துவா என்று விடல்",அகம் தூய்மை இல்லாரை ஆற்றப் பெருக்கி இகந்துழி விட்டிருப்பின் அஃதால் இகந்து நினைத்து தெரியானாய் நீள் கயத்துள் ஆமை நனைந்து வா என்று விடல்
"உழையிருந்து நுண்ணிய கூறிக் கருமம்
புரையிருந்த வாறறியான் புக்கான் விளிதல்
நிரையிருந்து மாண்ட அரங்கினுள் வட்டு
கரையிருந் தார்க்கெளிய போர்",உழை இருந்து நுண்ணிய கூறி கருமம் புரை இருந்தவாறு அறியான் புக்கான் விளிதல் நிரை இருந்து மாண்ட அரங்கினுள் வட்டு கரை இருந்தார்க்கு எளிய போர்
"சுற்றத்தார் நட்டார் எனச்சென்று ஒருவரை
அற்றத்தால் தேறார் அறிவுடையார் கொற்றப்புள்
ஊர்ந்துலகம் தாவின அண்ணலே யாயினும்
சீர்ந்தது செய்யாதார் இல்",சுற்றத்தார் நட்டார் எனச் சென்று ஒருவரை அற்றத்தால் தேறார் அறிவுடையார் கொற்றப் புள் ஊர்ந்து உலகம் தாவிய அண்ணலேஆயினும் சீர்ந்தது செய்யாதார் இல்
"வெள்ளமாண் பெல்லாம் உடைய தமரிருப்ப
உள்ளமாண் பில்லா ஒருவரைத் தெள்ளி
மறைக்கண் பிரித்தவரை மாற்றா தொழிதல்
பறைக்கண் கடிப்பிடு மாறு",வெள்ள மாண்பு எல்லாம் உடைய தமர் இருப்ப உள்ள மாண்பு இல்லா ஒருவரைத் தெள்ளி மறைக்கண் பிரித்து அவரை மாற்றாது ஒழிதல் பறைக்கண் கடிப்பு இடுமாறு
"விளிந்தாரே போலப் பிறராகி நிற்கும்
முளிந்தாரைத் தஞ்சம் மொழியலோ வேண்டா
அளிந்தார்கண் ஆயினும் ஆராயா னாகித்
தெளிந்தான் விளிந்து விடும்",விளிந்தாரே போலப் பிறர் ஆகி நிற்கும் முறிந்தாரைத் தஞ்சம் மொழியலோ வேண்டா அளிந்தார்கண் ஆயினும் ஆராயான் ஆகித் தெளிந்தான் விரைந்து கெடும்
"ஒருவன் உணராது உடன்றெழுந்த போருள்
இருவ ரிடைநட்பான் புக்கால் பெரிய
வெறுப்பினால் போர்த்துச் செறுப்பின் தலையுள்
குறுக்கண்ணி யாகி விடும்",ஒருவன் உணராது உடன்று எழுந்த போருள் இருவரிடை நட்பான் புக்கால் பெரிய வெறுப்பினால் பேர்த்துச் செறுப்பின் தலையுள் குறுக் கண்ணி ஆகிவிடும்
"கடுப்பத் தலைக்கீறிக் காலும் இழந்து
நடைத்தாரா என்பதூஉம் பட்டு முடத்தோடு
பேர்பிறி தாகப் பெறுதலால் போகாரே
நீர்குறி தாகப் புகல்",கடுப்பத் தலைக் கீறி காலும் இழந்து நடைத் தாரா என்பதூஉம் பட்டு முடத்தோடு பேர் பிறிதாகப் பெறுதலால் போகாரே நீர் குறிதாகப் புகல்
"சிறியதாய கூழ்பெற்றுச் செல்வரைச் சேர்ந்தார்
பெரிதாய கூழும் பெறுவர் அரிதாம்
இடத்துள் ஒருவன் இருப்புழிப் பெற்றால்
கிடப்புழியும் பெற்று விடும்",சிறிது ஆய கூழ் பெற்று செல்வரைச் சேர்ந்தார் பெரிது ஆய கூழும் பெறுவர் அரிது ஆம் இடத்துள் ஒருவன் இருப்புழிப் பெற்றால் கிடப்புழியும் பெற்றுவிடும்
"மெய்ந்நீர ராகி விரியப் புகுவார்க்கும்
பொய்ந்நீர ராகிப் பொருளை முடிப்பார்க்கும்
எந்நீர ராயினும் ஆகு அவரவர்
தந்நீர ராதல் தலை",மெய்ந் நீரர் ஆகி விரியப் புகுவார்க்கும் பொய்ந் நீரர் ஆகிய பொருளை முடிப்பார்க்கும் எந் நீரர் ஆயினும் ஆக அவரவர் தம் நீரர் ஆதல் தலை
"யாவரே யாயினும் இழந்த பொருளுடையார்
தேவரே யாயினும் தீங்கோர்ப்பர் பாவை
படத்தோன்று நல்லாய் நெடுவேல் கெடுத்தான்
குடத்துளும் நாடி விடும்",யாவரேயானும் இழந்த பொருள் உடையார் தேவரே ஆயினும் தீங்கு ஓர்ப்பர் பாவை படத் தோன்றும் நல்லாய் நெடு வேல் கெடுத்தான் குடத்துள்ளும் நாடிவிடும்
"செல்லற்க சேர்ந்தார் புலம்புறச் செல்லாது
நில்லற்க நீத்தார் நெறியொரீப் பல்காலும்
நாடுக தான்கண்ட நுட்பத்தைக் கேளாதே
ஓடுக ஊரோடு மாறு",செல்லற்க சேர்ந்தார் புலம்புற செல்லாது நில்லற்க நீத்தார் நெறி ஒரீஇ பல் காலும் நாடுக தான் செய்த நுட்பத்தை கேளாதே ஓடுக ஊர் ஓடுமாறு
"தெருளா தொழுகும் திறனிலா தாரைப்
பொருளால் அறுத்தல் பொருளே பொருள்கொடுப்பின்
பாணித்து நிற்கிற்பார் யாருளரோ வேற்குத்தின்
காணியின் குத்தே வலிது",தெருளாது ஒழுகும் திறன் இலாதாரைப் பொருளால் அறுத்தல் பொருளே பொருள் கொடுப்பின் பாணித்து நிற்கிற்பார் யாவர் உளர் வேல் குத்திற்கு ஆணியின் குத்தே வலிது
"ஒல்லாத இன்றி உடையார் கருமங்கள்
நல்லவாய் நாடி நடக்குமாம் இல்லார்க்கு
இடரா வியலும் இலங்குநீர்ச் சேர்ப்ப
கடலுள்ளும் காண்பவே நன்கு",ஒல்லாது வின்றி உடையார் கருமங்கள் நல்லவாய் நாடி நடக்குமாம் இல்லார்க்கு இடரா இயலும் இலங்கு நீர்ச் சேர்ப்ப கடலுள்ளும் காண்பவே நன்கு
"அருமை யுடைய பொருளுடையார் தங்கண்
கருமம் உடையாரை நாடார் எருமைமேல்
நாரை துயில்வதியும் ஊர குளந்தொட்டுத்
தேரை வழிச்சென்றார் இல்",அருமையுடைய பொருள் உடையார் தங்கண் கருமம் உடையாரை நாடார் எருமைமேல் நாரை துயில் வதியும் ஊர குளம் தொட்டு தேரை வழிச் சென்றார் இல்
"அருளுடை யாருமற் றல்லா தவரும்
பொருளுடை யாரைப் புகழாதார் இல்லை
பொருபடைக் கண்ணாய் அதுவே திருவுடையார்
பண்டம் இருவர் கொளல்",அருள் உடையாரும் மற்று அல்லாதவரும் பொருள் உடையாரைப் புகழாதார் இல்லை பொரு படைக் கண்ணாய் அதுவே திரு உடையார் பண்டம் இருவர் கொளல்
"உடையதனைக் காப்பான் உடையான் அதுவே
உடையானைக் காப்பதூஉம் ஆகும் அடையின்
புதற்குப் புலியும் வலியே புலிக்குப்
புதலும் வலியாய் விடும்",உடையதனைக் காப்பான் உடையான் அதுவே உடையானைக் காப்பதூஉம் ஆகும் அடையின் புதற்குப் புலியும் வலியே புலிக்குப் புதலும் வலியாய்விடும்
"வருவாய் சிறிதெனினும் வைகலும் ஈண்டின்
பெருவாய்த்தாய் நிற்கும் பெரிதும் ஒருவாறு
ஒளியீண்டி நின்றால் உலகம் விளக்கும்
துளியீண்டில் வெள்ளம் தரும்",வருவாய் சிறிதுஎனினும் வைகலும் ஈண்டின் பெரு வாய்த்தாய் நிற்கும் பெரிதும் ஒருவாறு ஒளி ஈண்டி நின்றால் உலகம் விளக்கும் துளி ஈண்டில் வெள்ளம் தரும்
"உள்ளூர் அவரால் உணர்ந்தாம் முதலெனினும்
எள்ளாமை வேண்டும் இலங்கிழாய் தள்ளாது
அழுங்கல் முதுபதி அங்காடி மேயும்
பழங்கன்று ஏறாதலும் உண்டு",உள்ளூரவரால் உணர்ந்தார் முதல் எனினும் எள்ளாமை வேண்டும் இலங்கிழாய் தள்ளாது அழுங்கல் முது பதி அங்காடி மேயும் பழங் கன்று ஏறு ஆதலும் உண்டு
"நாடறியப் பட்ட பெருஞ்செல்வர் நல்கூர்ந்து
வாடிய காலத்தும் வட்குபவோ வாடி
வலித்துத் திரங்கிக் கிடந்தே விடினும்
புலித்தலையை நாய்மோத்தல் இல்",நாடு அறியபபட்ட பெருஞ் செல்வர் நல்கூர்ந்து வாடிய காலத்தும் வட்குபவோ வாடி வலித்து திரங்கி கிடந்தேவிடினும் புலித் தலை நாய் மோத்தல் இல்
"தந்தம் பொருளும் தமர்கண் வளமையும்
முந்துற நாடிப் புறந்தரல் ஓம்புக
அந்தண் அருவி மலைநாட சேணோக்கி
நந்துநீர் கொண்டதே போன்று",தம் தம் பொருளும் தமர்கண் வளமையும் முந்துற நாடிப் புறந்தரல் ஓம்புக அம் தண் அருவி மலை நாட சேண் நோக்கி நந்து நீர் கொண்டதே போன்று
"மறந்தானும் தாமுடைய தாம்போற்றின் அல்லால்
சிறந்தார் தமரென்று தேற்றார்கை வையார்
கறங்குநீர்க் காலலைக்கும் கானலஞ் சேர்ப்ப
இறந்தது பேர்தறிவார் இல்",மறந்தானும் தாம் உடைய தாம் போற்றின் அல்லால் சிறந்தார் தமர் என்று தேற்றார் கை வையார் கறங்கு நீர் கால் அலைக்கும் கானல் அம் சேர்ப்ப இறந்தது பேர்த்து அறிவார் இல்
"ஊக்கி உழந்தொருவர் ஈட்டிய ஒண்பொருளை
நோக்குமின் என்றிகழ்ந்து நொள்வியார் கைவிடுதல்
போக்கில்நீர் தூஉம் பொருகழித் தண்சேர்ப்ப
காக்கையைக் காப்பிட்ட சோறு",ஊக்கி உழந்து ஒருவர் ஈட்டிய ஒண் பொருளை நோக்குமின் என்று இகழ்ந்து நொவ்வியார்கை விடுதல் போக்கு இல் நீர் தூஉம் பொரு கழித் தண் சேர்ப்ப காக்கையைக் காப்பு இட்ட சோறு
"தொடிமுன்கை நல்லாய்அத் தொக்க பொருளைக்
குடிமகன் அல்லான்கை வைத்தல் கடிநெய்தல்
வேரி கமழும் விரிதிரைத் தண்சேர்ப்ப
மூரியைத் தீற்றிய புல்",தொடி முன்கை நல்லாய் அத் தொக்க பொருளைக் குடிமகன் அல்லான் கை வைத்தல் கடி நெய்தல் வேரி கமழும் விரி திரைத் தண் சேர்ப்ப மூரியைத் தீற்றிய புல்
"முன்னை யுடையது காவாது இகந்திருந்து
பின்னையஃ தாராய்ந்து கொள்குறுதல் இன்னியல்
மைத்தடங்கண் மாதராய் அஃதாதல் வெண்ணெய்மேல்
வைத்து மயில்கொள்ளு மாறு",முன்னை உடையது காவாது இகழ்ந்து இருந்து பின்னை அஃது ஆராய்ந்து கொள்குறுதல் இன்னியல் மைத்தடங்கண் மாதராய் அஃதாதல் வெண்ணெய்மேல் வைத்து மயில் கொள்ளுமாறு
"கைவிட்ட ஒண்பொருள் கைவரவு இல்லென்பார்
மெய்ப்பட்ட வாறே உணர்ந்தாரால் மெய்யா
மடம்பட்ட மானோக்கின் மாமயில் அன்னாய்
கடம்பெற்றான் பெற்றான் குடம்",கைவிட்ட ஒண் பொருள் கைவரவு இல் என்பார் மெய்ப்பட்ட ஆறே உணர்ந்தாரால் மெய்யா மடம் பட்ட மான் நோக்கின் மா மயில் அன்னாய் கடம் பெற்றான் பெற்றான் குடம்
"கடங்கொண்ட ஒண்பொருளைக் கைவிட் டிருப்பார்
இடங்கொண்டு தம்மினே என்றால் தொடங்கிப்
பகைமேற்கொண் டார்போலக் கொண்டார் வெகுடல்
நகைமேலும் கைப்பாய் விடும்",கடம் கொண்ட ஒண் பொருளைக் கைவிட்டு இருப்பார் இடம் கொண்டு தம்மினே என்றால் தொடங்கிப் பகை மேற்கொண்டார் போல கொண்டார் வெகுடல் நகை மேலும் கைப்பாய் விடும்
"தொன்மையின் மாண்ட துணிவொன்றும் இல்லாதார்
நன்மையின் மாண்ட பொருள்பெறுதல் இன்னொலிநீர்
கல்மேல் இலங்கு மலைநாட மாக்காய்த்துத்
தன்மேல் குணில்கொள்ளு மாறு",தொன்மையின் மாண்ட துணிவு ஒன்றும் இல்லாதார் நன்மையின் மாண்ட பொருள் பெறுதல் இன் ஒலி நீர் கல் மேல் இலங்கு மலை நாட மாக் காய்த்துத் தன்மேல் குணில் கொள்ளுமாறு
"பெற்றாலும் செல்வம் பிறர்க்கீயார் தாந்துவ்வார்
சுற்றாரும் பற்றி இறுகுபவால் கற்றா
வரம்பிடைப் பூமேயும் வண்புணல் ஊர
மரங்குறைப்ப மண்ணா மயிர்",பெற்றாலும் செல்வம் பிறர்க்கு ஈயார் தாம் துவ்வார் கற்றாரும் பற்றி இறுகுபவால் கற்றா வரம்பிடைப் பூ மேயும் வண் புனல் ஊர மரம் குறைப்ப மண்ணா மயிர்
"வழங்கலும் துய்த்தலும் தேற்றாதான் பெற்ற
முழங்கு முரசுடைச் செல்வம் தழங்கருவி
வேய்முற்றி முத்துதிரும் வெற்ப அதுவன்றோ
நாய்பெற்ற தெங்கம் பழம்",வழங்கலும் துய்த்தலும் தேற்றாதான் பெற்ற முழங்கு முரசுடைச் செல்வம் தழங்கு அருவி வேய் முற்றி முத்து உதிரும் வெற்ப அது அன்றோ நாய் பெற்ற தெங்கம்பழம்
"முழவொலி முந்நீர் முழுதுடன் ஆண்டார்
விழவூரில் கூத்தேபோல் வீழ்ந்தவிதல் கண்டும்
இழவென்று ஒருபொருள் ஈயாதான் செல்வம்
அழகொடு கண்ணின் இழவு",முழவு ஒலி முந்நீர் முழுதுடன் ஆண்டார் விழவு ஊரில் கூத்தேபோல் வீழ்ந்து அவிதல் கண்டும் இழவு என்று ஒரு பொருள் ஈயாதான் செல்வம் அழகொடு கண்ணின் இழவு
"நாவின் இரந்தார் குறையறிந்து தாமுடைய
மாவினை மாணப் பொதிகிற்பார் தீவினை
அஞ்சிலென் அஞ்சா விடிலென் குருட்டுக்கண்
துஞ்சிலென் துஞ்சாக்கால் என்",நாவின் இரந்தார் குறை அறிந்தும் தாம் உடைய மாவினை மாணப் பொதிகிற்பார் தீவினை அஞ்சில் என் அஞ்சாவிடில் என் குருட்டுக் கண் துஞ்சில் என் துஞ்சாக்கால் என்
"ஒற்கப்பட் டாற்றார் உணர உரைத்தபின்
நற்செய்கை செய்வார்போல் காட்டி நசையழுங்க
வற்கென்ற செய்கை அதுவால் அவ்வாயுறைப்
புற்கழுத்தில் யாத்து விடல்",ஒற்கப்பட்டு ஆற்றார் உணர உரைத்தபின் நற் செய்கை செய்வார்போல் காட்டி நசை அழுங்க வற்கென்ற செய்கை அதுவால் அவ் வாயுறைப் புல் கழுத்தில் யாத்துவிடல்
"அடையப் பயின்றார்சொல் ஆற்றுவராக் கேட்டால்
உடையதொன் றில்லாமை யொட்டின் படைபெற்று
அடைய அமர்த்தகண் பைந்தொடி அஃதால்
இடையன் எறிந்த மரம்",அடையப் பயின்றவர் சொல் ஆற்றுவராக் கேட்டால் உடையது ஒன்று இல்லாமை ஒட்டின் படை வென்று அடைய அமர்த்த கண் பைந்தொடி அஃதால் இடையன் எறிந்த மரம்
"மரம்போல் வலிய மனத்தாரை முன்னின்று
இரந்தார் பெறுவதொன் றில்லை குரங்கூசல்
வள்ளியி னாடு மலைநாட அஃதன்றோ
பள்ளியுள் ஐயம் புகல்",மரம்போல் வலிய மனத்தாரை முன் நின்று இரந்தார் பெறுவது ஒன்று இல்லை குரங்கு ஊசல் வள்ளியின் ஆடும் மலை நாட அஃது அன்றோ பள்ளியுள் ஐயம் புகல்
"சுட்டிச் சொலப்படும் பேரறிவி னார்கண்ணும்
பட்ட விருத்தம் பலவானால் பட்ட
பொறியின் வகைய கருமம் அதனால்
அறிவினை ஊழே அடும்",சுட்டிச் சொலப்படும் பேர் அறிவினார்கண்ணும் பட்ட விருத்தம் பலவானால் பட்ட பொறியின் வகைய கருமம் அதனால் அறிவினை ஊழே அடும்
"அங்கண் விசும்பின் அகனிலாப் பாரிக்கும்
திங்களும் தீங்குறுதல் காண்டுமால் பொங்கி
அறைப்பாய் அருவி அணிமலை நாட
உறற்பால யார்க்கும் உறும்",அம் கண் விசும்பின் அகல் நிலாப் பாரிக்கும் திங்களும் தீங்குறுதல் காண்டுமால் பொங்கி அறைப் பாய் அருவி அணி மலை நாட உறற்பால யார்க்கும் உறும்
"கழுமலத்தில் யாத்த களிறும் கருவூர்
விழுமியோன் மேற்சென் றதனால் விழுமிய
வேண்டினும் வேண்டா விடினும் உறற்பால
தீண்டா விடுதல் அரிது",கழுமலத்தில் யாத்த களிறும் கருவூர் விழுமியோன் மேற்சென்றதனால் விழுமிய வேண்டினும் வேண்டாவிடினும் உறற்பால தீண்டா விடுதல் அரிது
"ஆஅய் வளர்ந்த அணிநெடும் பெண்ணையை
ஏஎய் இரவெல்லாம் காத்தாலும் வாஅய்ப்
படற்பாலார் கண்ணே படுமே பொறியும்
தொடற்பாலார் கண்ணே தொடும்",ஆஅய் வளர்ந்த அணி நெடும் பெண்ணையை ஏஎய் இரவு எல்லாம் காத்தாலும் வாஅய்ப் படற்பாலார்கண்ணே படுமே பொறியும் தொடற்பாலார்கண்ணே தொடும்
"பன்னாளும் நின்ற இடத்தும் கணிவேங்கை
நன்னாளே நாடி மலர்தலால் மன்னர்
உவப்ப வழிபட் டொழுகினும் செல்வம்
தொகற்பால போழ்தே தொகும்",பல் நாளும் நின்ற இடத்தும் கணி வேங்கை நல் நாளே நாடி மலர்தலால் மன்னர் உவப்ப வழிபட்டு ஒழுகினும் செல்வம் தொகற்பால போழ்தே தொகும்
"ஆற்றுந் தகைய அரசடைந்தார்க் காயினும்
வீற்று வழியல்லால் வேண்டினும் கைகூடா
தேற்றார் சிறியர் எனல்வேண்டா நோற்றார்க்குச்
சோற்றுள்ளும் வீழும் கறி",ஆற்றும் தகைய அரசு அடைந்தார்க்கு ஆயினும் வீற்று வழி அல்லால் வேண்டினும் கைகூடா தேற்றார் சிறியர் எனல் வேண்டா நோற்றார்க்குச் சோற்றுள்ளும் வீழும் கறி
"பண்டுருத்துச் செய்த பழவினை வந்தெம்மை
இன்றொறுக் கின்ற தெனவறியார் துன்புறுக்கும்
மேவலரை கோவதென் மின்னேர் மருங்குலாய்
ஏவலாள் ஊருஞ் சுடும்",பண்டு உருத்துச் செய்த பழ வினை வந்து எம்மை இன்று ஒறுக்கின்றது என வறியார் துன்புறுக்கும் மேவலரை நோவது என் மின் நேர் மருங்குலாய் ஏவலாள் ஊரும் சுடும்
"சுடப்பட்டு உயிருய்ந்த சோழன் மகனும்
பிடர்த்தலைப் பேரானைப் பெற்றுக் கடைக்கால்
செயிரறு செங்கோல் செலீஇயனான் இல்லை
உயிருடையார் எய்தா வினை",சுடப்பட்டு உயிர் உய்ந்த சோழன் மகனும் பிடர்த்தலைப் பேரானைப் பெற்று கடைக்கால் செயிர் அறு செங்கோல் செலீஇயினான் இல்லை உயிர் உடையார் எய்தா வினை
"எங்கண் இனையர் எனக்கருதின் ஏதமால்
தங்கண்ணர் ஆயினும் தகவில கண்டக்கால்
வன்கண்ண னாகி ஒறுக்க ஒறுக்கல்லா
மென்கண்ணன் ஆளான் அரசு",எம் கண் இனையர் எனக் கருதின் ஏதமால் தங்கண்ணேரானும் தகவு இல கண்டக்கால் வன்கண்ணன் ஆகி ஒறுக்க ஒறுக்கல்லா மென்கண்ணன் ஆளான் அரசு
"சால மறைத்தோம்பிச் சான்றவர் கைகரப்பக்
காலை கழிந்ததன் பின்றையும் மேலைக்
கறவைக்கன் றூர்ந்தானைத் தந்தையும் ஊர்ந்தான்
முறைமைக்கு மூப்பிளமை இல்",சால மறைத்து ஓம்பிச் சான்றவர் கைகரப்ப காலை கழிந்ததன் பின்றையும் மேலைக் கறவைக் கன்று ஊர்ந்தானைத் தந்தையும் ஊர்ந்தான் முறைமைக்கு மூப்பு இளமை இல்
"முறைதெரிந்து செல்வர்க்கும் நல்கூர்ந் தவர்க்கும்
இறைதிரியான் நேரொக்க வேண்டும் முறைதிரிந்து
நேரொழுகா னாயின் அதுவாம் ஒருபக்கம்
நீரொழுகிப் பாலொழுகு மாறு",முறை தெரிந்து செல்வர்க்கும் நல்கூர்ந்தவர்க்கும் இறை திரியான் நேர் ஒத்தல் வேண்டும் முறை திரிந்து நேர் ஒழுகான் ஆயின் அதுவாம் ஒரு பக்கம் நீர் ஒழுக பால் ஒழுகுமாறு
"பொருத்தம் அழியாத பூந்தண்டார் மன்னர்
அருத்தம் அடிநிழ லாரை வருத்தாது
கொண்டாரும் போலாதே கோடல் அதுவன்றோ
வண்டூதா துண்டு விடல்",பொருத்தம் அழியாத பூந் தண் தார் மன்னர் அருத்தம் அடி நிழலாரை வருத்தாது கொண்டாரும் போலாதே கோடல் அது அன்றோ வண்டு தாது உண்டுவிடல்
"பாற்பட்டு வாழ்ப எனினும் குடிகள்மேல்
மேற்பட்ட கூட்டு மிகநிற்றல் வேண்டாவாம்
கோல்தலையே யாயினும் கொண்டீக காணுங்கால்
பாலதலை பாலூறல் இல்",பாற்பட்டு வாழ்ப எனினும் குடிகள்மேல் மேற்பட்ட கூட்டு மிக நிற்றல் வேண்டாவாம் கோல் தலையே ஆயினும் கொண்டீக காணுங்கால் பால் தலைப் பால் ஊறல் இல்
"அடைய அடைந்தாரை அல்லவை செய்து
கொடைவேந்தன் கோல்கொடியன் ஆகிக் குடிகள்மேல்
கூட்டிறப்பக் கொண்டு தலையளிப்பின் அஃதன்றோ
சூட்டறுத்து வாயில் இடல்",அடைய அடைந்தாரை அல்லவை செய்து கொடை வேந்தன் கோல் கொடியன் ஆகி குடிகள்மேல் கூட்டு இறப்பக் கொண்டு தலையளிப்பின் அஃது அன்றோ சூட்டு அறுத்து வாயில் இடல்
"ஒளியாரை மீதூர்ந்து ஒழுகுவது அல்லால்
களியானை மன்னர்க்கோ கைகடத்தல் ஏதம்
துளியுண் பறவைபோல் செவ்வன்நோற் பாரும்
எளியாரை எள்ளாதார் இல்",ஒளியாரை மீதூர்ந்து ஒழுகுவது அல்லால் களி யானை மன்னர்க்கோ கைகடத்தல் ஏதும் துளி உண் பறவைபோல் செவ்வன் ஓர்ப்பாரும் எளியாரை எள்ளாதார் இல்
"மறுமனத்தன் அல்லாத மாநலத்த வேந்தன்
உறுமனத்த னாகி ஒழுகின் செறுமனத்தார்
பாயிரம் கூறிப் படைதொக்கால் என்செய்ப
ஆயிரம் காக்கைக்கோர் கல்",மறு மனத்தன் அல்லாத மா நலத்த வேந்தன் உறு மனத்தன் ஆகி ஒழுகின் செறு மனத்தார் பாயிரம் கூறிப் படை தொக்கால் என் செய்ப ஆயிரம் காக்கைக்கு ஓர் கல்
"அங்கோல் அவிர்தொடி ஆழியான ஆயினும்
செங்கோலன் அல்லாக்கால் சேர்ந்தாரும் எள்ளுவரால்
வெங்கோன்மை வேந்தர்கள் வேண்டும் சிறிதெனினும்
தண்கோல் எடுக்குமாம் மெய்",அம் கோல் அவிர்தொடி ஆழியான் ஆயினும் செங்கோலன் அல்லாக்கால் சேர்ந்தாரும் எள்ளுவரால் வெங்கோன்மை வேந்தர்கள் வேண்டும் சிறிது எனினும் தண் கோல் எடுப்புமாம் மொய்
"வழிபட் டவரை வலியராச் செய்தார்
அழிப்பினும் ஆக்கினும் ஆகும் விழுத்தக்க
பையமர் மாலைப் பணைத்தோளாய் பாத்தறிவென்
மெல்லக் கவுட்கொண்ட நீர்",வழிப்பட்டவரை வலியராச் செய்தார் அழிப்பினும் ஆக்கினும் ஆகும் விழுத்தக்க பையமர் மாலைப் பணைத் தோளாய் பாத்து அறிவு என் மெல்ல கவுள் கொண்ட நீர்
"உடைப்பெருஞ் செல்வத்து உயர்ந்த பெருமை
அடக்கமில் உள்ளத்தன் ஆகி நடக்கையின்
ஒளளியன் அல்லான்மேல் வைத்தல் குரங்கின்கைக்
கொள்ளி கொடுத்து விடல்",உடைப் பெருஞ் செல்வத்து உயர்ந்த பெருமை அடக்கம் இல் உள்ளத்தன் ஆகி நடக்கையின் ஒள்ளியன் அல்லான்மேல் வைத்தல் குரங்கின் கைக் கொள்ளி கொடுத்துவிடல்
"கல்வி அகலமும் கட்டுரை வாய்பாடும்
கொல்சின வேந்தன் அவைகாட்டும் மல்கித்
தலைப்பாய் இழிதரு தண்புனல் நீத்தம்
மலைப்பெயல் காட்டும் துணை",கல்வி அகலமும் கட்டுரை வாய்பாடும் கொல் சின வேந்தன் அவை காட்டும் மல்கி தலைப்பாய் இழிதரூஉம் தண் புனல் நீத்தம் மலைப் பெயல் காட்டும் துணை
"செயிரறு செங்கோல் சினவேந்தன் தீமை
பயிரறு பக்கத்தார் கொள்வர் துகிர்புரையும்
செவ்வாய் முறுவலநற் சின்மொழியாய் செய்தானை
ஒவ்வாத பாவையோ இல்",செயிர் அறு செங்கோல் சின வேந்தன் தீமை பயிர் அறு பக்கத்தார் கொள்வர் துகிர் புரையும் செவ்வாய் முறுவல் நற்சின்மொழியாய் செய்தானை ஒவ்வாத பாவையோ இல்
"சுற்றார் பலரைத்தன் கண்ணாக இல்லாதான்
உற்றிடர்ப் பட்ட பொழுதின்கண் தேற்றம்
மரையா துணைபயிரும் மாமலை நாட
சுரையாழ் நரம்பறுத் தற்று",கற்றார் பலரைத்தன் கண்ணாக இல்லாதான் உற்று இடர்ப் பட்ட பொழுதின்கண் தேற்றம் மரையா துணைபயிரும் மாமலை நாட சுரையாழ் நரம்பறுத் தற்று
"நல்லவும் தீயவும் நாடிப் பிறருரைக்கும்
நல்ல பிறவும் உணர்வாரைக் கட்டுரையின்
வல்லிதின் நாடி வலிப்பதே புல்லத்தைப்
புல்லம் புறம்புல்லு மாறு",நல்லவும் தீயவும் நாடி பிறர் உரைக்கும் நல்ல பிறவும் உணர்வாரை கட்டுரையின் வல்லிதின் நாடி வலிப்பதே புல்லத்தைப் புல்லம் புறம் புல்லுமாறு
"மனத்தினும் வாயினும் மெய்யினும் செய்கை
அனைத்தினும் ஆன்றவிந்தா ராகி நினைத்திருந்து
ஒன்றும் பரியலராய் ஓம்புவார் இல்லெனில்
சென்று படுமாம் உயிர்",மனத்தினும் வாயினும் மெய்யினும் செய்கை அனைத்தினும் ஆன்று அவிந்தார் ஆகி நினைத்திருந்து ஒன்றும் பரியலராய் ஓம்புவார் இல் எனில் சென்று படுமாம் உயிர்
"செயல்வேண்டா நல்லன செய்விக்கும் தீய
செயல்வேண்டி நிற்பின் விலக்கும் இகல்வேந்தன்
தன்னை நலிந்து தனக்குறுதி கூறலால்
முன்னின்னா மூத்தார்வாய்ச் சொல்",செயல் வேண்டா நல்லன செய்விக்கும் தீய செயல் வேண்டி நிற்பின் விலக்கும் இகல் வேந்தன் தன்னை நலிந்து தனக்கு உறுதி கூறலால் முன் இன்னா மூத்தார் வாய்ச் சொல்
"தீயன வல்ல செயினும் திறல்வேந்தன்
காய்வன சிந்தியார் சுற்றறிந்தார் பாயும்
புலிமுன்னர் புல்வாய்க்குப் போக்கில் அதுவே
வளிமுன்னர் வைப்பாரம் இல்",தீயன அல்ல செயினும் திறல் வேந்தன் காய்வன செய்து ஒழுகார் கற்று அறிந்தார் பாயும் புலி முன்னம் புல்வாய்க்குப் போக்கு இல் அதுவே வலி முன்னர் வைப் பாரம் இல்
"கொடித்திண்டேர் மன்னரால் கூட்டுண்டு வாழ்வார்
எடுத்துமேற் கொண்டவர் ஏய வினையை
மடித்தொழிதல் என்னுண்டாம் மாணிழாய் கள்ளைக்
குடித்துக் குழைவாரோ இல்",கொடித் திண் தேர் மன்னரால் கூட்டுண்டு வாழ்வார் எடுத்து மேற்கொண்டவர் ஏய வினையை மடித்து ஒழிதல் என் உண்டாம் மாணிழாய் கள்ளைக் குடித்துக் குழைவாரோ இல்
"வெற்றிவேல் வேந்தன் வியங்கொண்டால் யாமொன்றும்
பெற்றிலேம் என்பது பேதைமையே மற்றதனை
எவ்வம் இலராகிச் செய்க அதுவன்றோ
செய்கென்றான் உண்கென்னு மாறு",வெற்றி வேல் வேந்தன் வியங்கொண்டல் யாம் ஒன்றும் பெற்றிலேம் என்பது பேதைமையே மற்று அதனை எவ்வம் இலர் ஆகிச் செய்க அது அன்றோ செய்க என்றான் உண்க என்னுமாறு
"எமரிது செய்க எமக்கென்று வேந்தன்
தமரைத் தலைவைத்த காலைத் தமரவற்கு
வேலின்வா யாயினும் வீழார் மறுத்துரைப்பின்
ஆல்என்னிற் பூல்என்னு மாறு",எமர் இது செய்க எமக்கு என்று வேந்தன் தமரைத் தலைவைத்த காலை தமர் அவற்கு வேலின்வாய் ஆயினும் வீழார் மறுத்து உரைப்பின் ஆல் என்னின் பூல் என்னுமாறு
"விடலமை செய்து வெருண்டகன்று நில்லாது
உடலரு மன்னர் உவப்ப ஒழுகின்
மடலணி பெண்ணை மலிதிரை சேர்ப்ப
கடல்படா வெல்லாம் படும்",விடலைமை செய்ய வெருண்டு அகன்று நில்லாது உடல் அரு மன்னர் உவப்ப ஒழுகின் மடல் அணி பெண்ணை மலி திரைச் சேர்ப்ப கடல் படா எல்லாம் படும்
"உவப்ப உடன்படுத்தற் கேய கருமம்
அவற்றவற் றாந்துணைய வாகிப் பயத்தால்
வினைமுதிரின் செய்தான்மேல் ஏறும் பனைமுதிரின்
தாய்தாள்மேல் வீழ்ந்து விடும்",உவப்ப உடனபடுத்தற்கு ஏய கருமம் அவற்று அவற்று ஆம் துணைய ஆகி பயத்தால் வினை முதிரின் செய்தான்மேல் ஏறும் பனை முதிரின் தாய் தாள்மேல் வீழ்ந்துவிடும்
"செருக்கெழு மன்னர் திறலுடையார் சேர்ந்தார்
ஒருத்தரை அஞ்சி உலைதலும் உண்டோ
உருத்த சுணங்கின் ஒளியிழாய் கூரிது
எருத்து வலியநன் கொம்பு",செருக் கெழு மன்னர்த் திறல் உடையார் சேர்ந்தார் ஒருத்தரை அஞ்சி உலைதலும் உண்டோ உருத்த சுணங்கின் ஒளியிழாய் கூரிது எருத்து வலியநன் கொம்பு
"வேந்தன் மதித்துவப்பப் பட்டாரைக் கொண்டேனை
மாந்தரும் ஆங்கே மதித்துணர்வர் ஆய்ந்த
நலமென் கதுப்பிாய் நாடின நெய்பெய்த
கலனேநெய் பெய்து விடும்",வேந்தன் மதித்து உணரப்பட்டாரைக் கொண்டு ஏனை மாந்தரும் ஆங்கே மதித்து உணர்ப ஆய்ந்த நல மென் கதுப்பினாய் நாடின் நெய் பெய்த கலமே நெய் பெய்துவிடும்
"ஆண்டகை மன்னரைத் சார்ந்தார்தாம் அல்லுறினும்
ஆண்டொன்று வேண்டுதும் என்பது உரையற்க
பூண்தாங்கு மார்ப பொருள்தக்கார் வேண்டாமை
வேண்டிய தெல்லாம் தரும்",ஆண்தகை மன்னரைச் சேர்ந்தார் தாம் அலவுறினும் ஆண்டு ஒன்று வேண்டுதும் என்பது உரையற்க பூண்டாங்கு மார்ப பொருள் தக்கார் வேண்டாமை வேண்டியது எல்லாம் தரும்
"இடுகுடைத்தேர் மன்னர் எமக்கமையும் என்று
கடிதவர்தாம் காதலிப்பத் தாம்காதல் கொண
மூடிய எனைத்தும் உணரா முயறல்
கடிய கனைத்து விடல்",இடு குடைத் தேர் மன்னர் எமக்கு அமையும் என்று கடிது அவர் காதலிப்ப தாம் காதல் கொண்டு முடிதல் எனைத்தும் உணரா முயறல் கடிய கனைத்துவிடல்
"பன்னாள் தொழில்செய்து உடைய கவர்ந்துண்டார்
இன்னாமை செய்யாமை வேண்டி இறைவர்க்குப்
பொன்யாத்துக் கொண்டு புகுதல் குவளையைத்
தன்னாரால் யாத்து விடல்",பல் நாள் தொழில் செய்து உடைய கவர்ந்து உண்டார் இன்னாத செய்யாமை வேண்டி இறைவர்க்குப் பொன் யாத்துக் கொண்டு புகுதல் குவளையைத் தன் நாரால் யாத்துவிடல்
"வெஞ்சின மன்னவன் வேண்டாதவே செயினும்
நெஞ்சத்துட் கொள்வ சிறிதும் செயல்வேண்டா
என்செய்து அகப்பட்டக் கண்ணும் எழுப்புபவோ
துஞ்சு புலியைத் துயில்",வெஞ் சின மன்னவன் வேண்டாத செய்யினும் நெஞ்சத்துக் கொள்வ சிறிதும் செயல் வேண்டா என் செய்து அகப்பட்டக் கண்ணும் எடுப்புபவோ துஞ்சு புலியைத் துயில்
"உறாஅ வகையது செய்தாரை வேந்தன்
பொறாஅன் போலப் பொறுத்தால் பொறாஅமை
மேன்மேலும் செய்து விடுதல் அதுவன்றோ
கூன்மேல் எழுந்த குரு",உறாஅ வகையது செய்தாரை வேந்தன் பொறாஅன் போல பொறுத்தால் பொறாஅமை மேன்மேலும் செய்து விடுதல் அது அன்றோ கூன்மேல் எழுந்த குரு
"பொருளல்லார் கூறிய பொய்க்குறளை வேந்தன்
தெருளும் திறந்தெரிதல் அல்லால் வெருளஎழுந்து
ஆடு பவரோடே ஆடார் உணர்வுடையார்
ஆடுபணைப் பொய்க்காலே போன்று",பொருள் அல்லார் கூறிய பொய்க் குறளை வேந்தன் தெருளும் திறம் தெரிதல் அல்லால் வெருள எழுந்து ஆடுபவரோடே ஆடார் உணர்வு உடையார் ஆடு பணைப் பொய்க் காலே போன்று
"எதிர்த்த பகையை இளைதாய போழ்தே
கதித்துக் களையின் முதிராதே தீர்த்து
நனிநயப்பச் செய்தவர் நண்பெல்லாந் தீரத்
தனிமரம் காடாதல் இல்",எதிர்த்த பகையை இளைது ஆய போழ்தே கதித்துக் களையின் முதிராது எதிர்த்து நனி நயப்பச் செய்தவர் நண்பு எலாம் தீரத் தனி மரம் காடு ஆவது இல்
"முன்னலிந்து ஆற்ற முரண்கொண்டு எழுந்தோரைப்
பின்னலிதும் என்றிருத்தல் பேதைமையே பின்சென்று
காம்பன்ன தோளி கடிதிற் கடித்தோடும்
பாம்பின்பல் கொள்வாரோ இல்",முன் நலிந்து ஆற்ற முரண் கொண்டு எழுந்தோரைப் பின் நலிதும் என்று இருத்தல் பேதைமையே பின் சென்று காம்பு அன்ன தோளி கடிதிற் கடித்து ஓடும் பாம்பின் பல் கொள்வாரோ இல்
"நிரம்ப நிரையத்தைக் கண்டதும் நிரையம்
வரம்பில் பெரியானும் புக்கான் இரங்கார்
கொடியார மார்ப குடிகெட வந்தால்
அடிகெட மன்றி விடல்",நிரம்ப நிரையத்தைக் கண்டதும் நிரையும் வரம்பு இல் பெரியானும் புக்கான் இரங்கார் கொடி ஆர மார்ப குடி கெட வந்தால் அடி கெட மன்றி விடல்
"முகம்புறத்துக் கண்டால் பொறுக்கலா தாரை
அகம்புகுதும் என்றிரக்கும் ஆசை இருங்கடத்துத்
தக்க நெறியிடைப் பின்னும் செலப்பெறார்
ஒக்கலை வேண்டி அழல்",முகம் புறத்துக் கண்டால் பொறுக்கலா தாரை அகம் புகுதும் என்று இரக்கும் ஆசை இருங் கடத்துத் தக்க நெறியிடைப் பின்னும் செலப் பெறார் ஒக்கலை வேண்டி அழல்
"ஆற்றப் பெரியார் பகைவேண்டிக் கொள்ளற்க
போற்றாது கொண்டரக்கன் போரில் அகப்பட்டான்
நோற்ற பெருமை உடையாரும் கூற்றம்
புறங்கொம்மை கொட்டினார் இல்",ஆற்றப் பெரியார் பகை வேண்டிக் கொள்ளற்க போற்றாது கொண்டு அரக்கன் போருள் அகப்பட்டான் நோற்ற பெருமை உடையாரும் கூற்றம் புறம் கொம்மை கொட்டினார் இல்
"பெரியாரைச் சார்ந்தார்மேல் பேதைமை கந்தாச்
சிறியார் முரண்கொண்டு ஒழுகல் வெறியொலி
கோநாய் இனம்வெரூஉம் வெற்ப புலம்புகின்
தீநாய் எழுப்புமாம் எண்கு",பெரியாரைச் சார்ந்தார்மேல் பேதைமை கந்தா சிறியார் முரண் கொண்டு ஒழுகல் வெறி ஒலிக்கு ஓநாய் இனம் வெரூஉம் வெற்ப புலம் புகின் தீ நாய் எடுப்புமாம் எண்கு
"இகலின் வலியாரை எள்ளி எளியார்
இகலின் எதிர்நிற்றல் ஏதம் அகலப்போய்
என்செய்தே யாயினும் உய்ந்தீக சாவாதான்
முன்கை வளையும் தொடும்",இகலின் வலியாரை எள்ளி எளியார் இகலின் எதிர் நிற்றல் ஏதம் அகலப் போய் என் செய்தே ஆயினும் உய்ந் தீக சாவாதான் முன்கை வளையும் தொடும்
"உரைத்தவர் நாவோ பருந்தெறியா தென்று
சிலைத்தெழுந்து செம்மாப் பவரே மலைத்தால்
இழைத்த திகவா தவரைக் கனற்றிப்
பலிப்புறத் துண்பார் உணா",உரைத்தவர் நாவோ பருந்து எறியாது என்று சிலைத்து எழுந்து செம்மாப்பவரே மலைத்தால் இழைத்தது இகவாதவரைக் கனற்றி பலிப் புறத்து உண்பர் உணா
"தழங்குரல் வானத்துத் தண்பெயல் பெற்றால்
கிழங்குடைய வெல்லாம் முளைக்குமோர் ஆற்றால்
விழைந்தவரை வேர்சுற்றக் கொண்டொழுகல் வேண்டா
பழம்பகை நட்பதால் இல்",தழங்குரல் வானத்துத் தண் பெயல் பெற்றால் கிழங்குடைய எல்லாம் முளைக்கும் ஓர் ஆற்றால் விழைந்தவரை வேர்சுற்றக் கொண்டு ஒழுகல் வேண்டா பழம் பகை நட்பு ஆதல் இல்
"இம்மைப் பழியும் மறுமைக்குப் பாவமும்
தம்மைப் பரியார் தமரா அடைந்தாரின்
செம்மைப் பகைகொண்டு சேராதார் தீயரோ
மைம்மைப்பின் நன்று குருடு",இம்மைப் பழியும் மறுமைக்குப் பாவமும் தம்மைப் பிரியார் தமரா அடைந்தாரின் செம்மைப் பகை கொண்டு சேராதார் தீயரோ மைம்மைப்பின் நன்று குருடு
"பொருந்தா தவரைப் பொருதட்டக் கண்ணும்
இருந்தமையா ராகி இறப்ப வெகுடல்
விரிந்தருவி வீழ்தரும் வெற்ப அதுவே
அரிந்தரிகால் நீர்படுக்கு மாறு",பொருந்தா தவரைப் பொருது அட்டக் கண்ணும் இருந்து அமையார் ஆகி இறப்ப வெகுடல் விரிந்து அருவி வீழ்தரும் வெற்ப அதுவே அரிந்து அரிகால் நீர்ப் படுக்குமாறு
"வன்பாட் டவர்பகை கொள்ளினும் மேலாயோர்
புன்பாட் டவர்பகை கோடல் பயனின்றே
கண்பாட்ட பூங்காவிக் கானலம் தண்சேர்ப்ப
வெண்பாட்டம் வெள்ளம் தரும்",வன் பாட்டவர் பகை கொள்ளினும் மேலாயார் புன் பாட்டவர் பகை கோடல் பயன் இன்றே கண் பாட்ட பூங் காவிக் கானல் அம் தண் சேர்ப்ப வெண் பாட்டம் வெள்ளம் தரும்
"வலியாரைக் கண்டக்கால் வாய்வாளா ராகி
மெலியாரை மீதூரும் மேன்மை யுடைமை
புலிகலாம் கொள்யானைப் பூங்குன்ற நாட
வலியலாந் தாக்கு வலிது",வலியாரைக் கண்டக்கால் வாய் வாளார் ஆகி மெலியாரை மீதூரும் மேன்மை உடைமை புலி கலாம் கொள் யானைப் பூங் குன்ற நாட வலி அலாம் தாக்கு வலிது
"ஒன்னார் அடநின்ற போழ்தின் ஒருமகன்
தன்னை எனைத்தும் வியவற்க துன்னினார்
நன்மை யிலராய் விடினும் நனிபலராம்
பன்மையிற் பாடுடைய தில்",ஒன்னார் அட நின்ற போழ்தின் ஒரு மகன் தன்னை எனைத்தும் வியவற்க துன்னினார் நன்மை இலராய்விடினும் நனி பலர் ஆம் பன்மையின் பாடு உடையது இல்
"தன்னலி கிற்பான் தலைவரின் தானவற்குப்
பின்னலி வானைப் பெறல்வேண்டும் என்னதூஉம்
வாய்முன்ன தாக வலிப்பினும் போகாதே
நாய்ப்பின்ன தாகத் தகர்",தன் நலிகிற்பான் தலை வரின் தான் அவற்குப் பின் நலிவானைப் பெறல் வேண்டும் என்னதூஉம் வாய் முன்னது ஆக வலிப்பினும் போகாதே நாய் பின்னதாகத் தகர்
"இயற்பகை வெல்குறுவான் ஏமாப்ப முன்னே
அயற்பகை தூண்டி விடுத்தோர் நயத்தால்
கறுவழங்கிக் கைக்கெளிதாய்ச் செய்க அதுவே
சிறுகுரங்கின் கையால் துழா",இயல் பகை வெல்குறுவான் ஏமாப்ப முன்னே அயல் பகை தூண்டி விடுத்து ஓர் நயத்தால் கறு வழங்கி கைக்கு எளிதாச் செய்க அதுவே சிறு குரங்கின் கையால் துழா
"தெள்ளி யுணரும் திறனுடையார் தம்பகைக்
குள்வாழ் பகையைப் பெறுதல் உறுதியே
கள்ளினால் கள்ளறுத்தல் காண்டும அதுவன்றோ
முள்ளினால் முட்களையு மாறு",தெள்ளி உணரும் திறன் உடையார் தம் பகைக்கு உள் வாழ் பகையைப் பெறுதல் உறுதியே கள்ளினால் கள் அறுத்தல் காண்டும் அது அன்றோ முள்ளினால் முள் களையும் ஆறு
"தூக்கி அவர்வெலினும் தாம்வெலினும் வெஞ்சமத்துள்
தாக்கி எதிர்ப்படுவர் தக்கவர் அஃதன்றிக்
காப்பின் அகத்திருந்து காய்வார் மிகவுரைத்தல்
யாப்பினுள் அட்டிய நீர்",தூக்கி அவர் வெலினும் தாம் வெலினும் வெஞ் சமத்துத் தாக்கி எதிர்ப்படுவர் தக்கவர் அஃது அன்றி காப்பின் அகத்து இருந்து காய்வார் மிக உரைத்தல் யாப்பினுள் அட்டிய நீர்
"ஆற்ற வினைசெய்தார் நிற்பப் பலவுரைத்து
ஆற்றாதார் வேந்தனை நோவது சேற்றுள்
வழாஅமைக் காத்தோம்பி வாங்கும் எருதாங்கு
எழாஅமைச் சாக்கா டெழல்",ஆற்ற வினை செய்தார் நிற்ப பல உரைத்து ஆற்றாதார் வேந்தனை நோவது சேற்றுள் வழாஅமைக் காத்து ஓம்பி வாங்கும் எருத்தும் எழாஅமைச் சாக்காடு எழல்
"செம்மாந்து செல்லும் செறுநரை அட்டவர்
தம்மேற் புகழ்பிறர் பாராட்டத் தம்மேற்றாம்
வீரஞ்சொல் லாமையே வீழ்க களிப்பினும்
சோரம் பொதியாத வாறு",செம்மாந்து செல்லும் செறுநரை அட்டவர் தம்மேல் புகழ் பிறர் பாராட்ட தம்மேல் தாம் வீரம் சொல்லாமையே வீழ்க களிப்பினும் சோரப் பொதியாத வாறு
"உரைத்தாரை மீதுரா மீக்கூற்றம் பல்லி
நெரித்த சினைபோலும் நீளிரும் புன்னைப்
பொரிப்பூ இதழுறைக்கும் பொங்குநீர்ச் சேர்ப்ப
நரிக்கூஉக் கடற்கெய்தா வாறு",உரைத்தாரை மீதூரா மீக் கூற்றம் பல்லி நெரித்த சினை போலும் நீள் இரும் புன்னைப் பொரிப்பூ இதழ் உறைக்கும் பொங்கு நீர்ச் சேர்ப்ப நரிக் கூக் கடற்கு எய்தாவாறு
"அமர்நின்ற போழ்தின்கண் ஆற்றுவா ரேனும்
நிகரின்றி மேல்விடுதல் ஏதம் நிகரின்றி
வில்லொடுநே ரொத்த புருவத்தாய் அஃதன்றோ
கல்லொடு கையெறியு மாறு",அமர் நின்ற போழ்தின்கண் ஆற்றுவாரேனும் நிகர் அன்றிமேல் விடுதல் ஏதம் நிகர் இன்றி வில்லொடு நேர் ஒத்த புருவத்தாய் அஃது அன்றோ கல்லொடு கை எறியுமாறு
"காத்தாற்று நிற்பாரைக் கண்டால் எதிருரையார்
பார்த்தாற்றா தாரைப் பரியாது மீதூர்தல்
யாத்ததே சில்லார் படையாண்மை நாவிதன்வாள்
சேப்பிலைக்குக் கூர்த்து விடல்",காத்து ஆற்றுகிற்பாரைக் கண்டால் எதிர் உரையார் பார்த்து ஆற்றாதாரைப் பரியாது மீதூர்தல் யாத்த தேசு இல்லார் படை ஆண்மை நாவிதன் வாள் சேப்பிலைக்குக் கூர்த்து விடல்
"அமர்விலங்கி ஆற்ற அறியவும் பட்டார்
எமர்மேலை இன்னரால் யார்க்குரைத்தும் என்று
தமர்மறையால் கூழுண்டு சேறல் அதுவே
மகன்மறையாத் தாய்வாழு மாறு",அமர் விலங்கி ஆற்ற அறியவும்பட்டார் எமர் மேலை இன்னரால் யார்க்கு உரைத்தும் என்று தமர் மறையால் கூழ் உண்டு சேறல் அதுவே மகன் மறையாத் தாய் வாழுமாறு
"உறுகண் பலவும் உணராமை கந்தாத்
தறுகண்மை ஆகாதாம் பேதை தறுகண்
பொறிப்பட்ட வாறல்லால் பூணாதென் றெண்ணி
அறிவச்சம் ஆற்றப் பெரிது",உறுகண் பலவும் உணராமை கந்தா தறுகண்மை ஆகாதாம் பேதை தறுகண் பொறிப் பட்ட ஆறு அல்லால் பூணாது என்று எண்ணி அறிவு அச்சம் ஆற்றப் பெரிது
"தன்னின் வலியானைத் தானுடையன் அல்லாதான்
என்ன குறையன் இளையரால் மன்னும்
புலியிற் பெருந்திறல வாயினும் பூசை
எலியில் வழிப்பெறா பால்",தன்னின் வலியானைத் தான் உடையன் அல்லாதான் என்ன குறையன் இளையரால் மன்னும் புலியின் பெருந் திறல ஆயினும் பூசை எலி இல்வழிப் பெறா பால்
"கொடையும் ஒழுக்கமும் கோளுள் ளுணர்வும்
உடையர் எனப்பட்டு ஒழுகிப் பகைவர்
உடையமேற் செல்கிற்கும் ஊற்றம் இலாதார்
படையின் படைத்தகைமை நன்று",கொடையும் ஒழுக்கமும் கோள் உள் உணர்வும் உடையர் எனப்பட்டு ஒழுகி பகைவர் உடைய மேற்செல்கிற்கும் ஊற்றம் இலாதார் படையின் படைத் தகைமை நன்று
"இருகயல் உண்கண் இளையவளை வேந்தன்
தருகென்றாற் றன்னையரும் நேரார் செருவறைந்து
பாழித்தோள் வட்டித்தார் காண்பாம் இனிதல்லால்
வாழைக்காய் உப்புறைத்தல் இல்",இரு கயல் உண் கண் இளையவளை வேந்தன் தருக என்றால் தன்னையரும் நேரார் செரு அறைந்து பாழித் தோள் வட்டித்தார் காண்பாம் இனிது அல்லால் வாழைக்காய் உப்பு உறைத்தல் இல்
"நாணின்றி ஆகாது பெண்மை நயமிகு
ஊணின்றி ஆகாது உயிர்வாழ்க்கை பேணுங்கால்
கைத்தின்றி ஆகா கருமங்கள் காரிகையாய்
வித்தின்றிச் சம்பிரதம் இல்",நாண் இன்றி ஆகாது பெண்மை நயவிய ஊண் இன்றி ஆகாது உயிர் வாழ்க்கை பேணுங்கால் கைத்து இன்றி ஆகா கருமங்கள் காரிகையாய் வித்து இன்றிச் சம்பிரதம் இல்
"உரிமைதனில் தம்மோடு உழந்தமை கண்டு
பிரிவின்றிப் போற்றப் படுவார் திரிவின்றித்
தாம்பெற் றதனால் உவவார் பெரிதகழின்
பாம்புகாண் பாரும் உடைத்து",உரிமைதனில் தம்மோடு உழந்தமை கண்டு பிரிவு இன்றிப் போற்றப் படுவார் திரிவு இன்றித் தாம் பெற்றதனால் உவவார் பெரிது அகழின் பாம்பு காண்பாரும் உடைத்து
"அகத்தால் அழிவு பெரிதாயக் கண்ணும்
புறத்தால் பொலிவுறல் வேண்டும் எனைத்தும்
படுக்கை இலராயக் கண்ணும் உடுத்தாரை
உண்டி வினவுவார் இல்",அகத்தால் அழிவு பெரிது ஆயக்கண்ணும் புறத்தால் பொலிவுறல் வேண்டும் எனைத்தும் படுக்கை இலராயக்கண்ணும் உடுத்தாரை உண்டி வினவுவார் இல்
"சொல்லாமை நோக்கிக் குறிப்பறியும் பண்பில்தம்
இல்லாளே வந்த விரும்தோம்பிச் செல்வத்து
இடரின்றி ஏமாந் திருந்தாரே நாளும்
கடலுள் துலாம்பண்ணி னார்",சொல்லாமை நோக்கிக் குறிப்பு அறியும் பண்பின் தம் இல்லாளே வந்த விருந்து ஓம்பி செல்வத்து இடர் இன்றி ஏமாந்திருந்தாரே நாளும் கடலுள் துலாம் பண்ணினார்
"எந்நெறி யானும் இறைவன்தன் மக்களைச்
செந்நெறிமேல் நிற்பச் செயல்வேண்டும் அந்நெறி
மான்சேர்ந்த நோக்கினாய் ஆங்க அணங்காகும்
தான்செய்த பாவை தனக்கு",எந் நெறியானும் இறைவன் தன் மக்களைச் செந் நெறிமேல் நிற்பச் செயல் வேண்டும் அந் நெறி மான் சேர்ந்த நோக்கினாய் ஆங்க அணங்கு ஆகும் தான் செய்த பாவை தனக்கு
"ஒக்கும் வகையான் உடன்பொருள் சூதின்கண்
பக்கத் தொருவன் ஒருவன்பாற் பட்டிருக்கும்
மிக்க சிறப்பின ராயினும் தாயார்க்கு
மக்களுள் பக்கமோ வேறு",ஒக்கும் வகையால் உடன் பொரும் சூதின்கண் பக்கத்து ஒருவன் ஒருவன்பால் பட்டிருக்கும் மிக்க சிறப்பினர் ஆயினும் தாயர்க்கு மக்களுள் பக்கமோ வேறு
"விழும்இழை நல்லார் வெருள்பிணைபோல் நோக்கம்
கெழுமிய நாணை மறைக்கும் தொழுதையுள்
மாலையும் மாலை மறுக்குறுத்தாள் அஃதால்
சால்பினைச் சால்பறுக்கு மாறு",விழும் இழை நல்லார் வெருள் பிணைபோல் நோக்கம் கெழுமிய நாணை மறைக்கும் தொழுதையுள் மாலையும் மாலை மறுக்குறுத்தாள் அஃதால் சால்பினைச் சால்பு அறுக்குமாறு
"தூய்மை மனத்தவர் தோழர் மனையகத்தும்
தாமே தமியர் புகல்வேண்டா தீமையான்
ஊர்மிகின் இல்லை கரியோ ஒலித்துடன்
நீர்மிகின் இல்லை சிறை",தூய்மை மனத்தவர் தோழர் மனையகத்தும் தாமே தமியர் புகல் வேண்டா தீமையான் ஊர் மிகின் இல்லை கரியோ ஒலித்து உடன் நீர் மிகின் இல்லை சிறை
"நிறையான் மிகுநல்லா நேரிழை யாரைச்
சிறையான் அகப்படுத்தல் ஆகா அறையோ
வருந்த வலிதினின் யாப்பினும் நாய்வால்
திருந்துதல் என்றுமோ இல்",நிறையான் மிகுகல்லா நேரிழை யாரைச் சிறையான் அகப்படுத்தல் ஆகா அறையோ வருந்த வலிதினின் யாப்பினும் நாய் வால் திருந்துதல் என்றுமோ இல்
"நல்கூர்ந் தவர்க்கு நனிபெரியர் ஆயினார்
செல்விருந் தாகிச் செலவேண்டா ஓல்வது
இறந்தவர் செய்யும் வருத்தம் குருவி
குறங்கறுப்பச் சோரும் குடர்",நல்கூர்ந்தவர்க்கு நனி பெரியர் ஆயினார் செல் விருந்து ஆகிச் செலல் வேண்டா ஒல்வது இறந்து அவர் செய்யும் வருத்தம் குருவி குறங்கு அறுப்பச் சோரும் குடர்
"தத்தமக்குக் கொண்ட குறியே தவமல்ல
செத்துக சாந்து படுக்கமனன் ஒத்துச்
சகத்தனாய் நின்றொழுகும் சால்பு தவமே
நுகத்துப் பகலாணி போன்று",தத்தமக்குக் கொண்ட குறியே தவம் அல்ல செத்துக சாந்து படுக்க மனம் ஒத்துச் சமத்தனாய் நின்று ஒழுகும் சால்பு தவமே நுகத்துப் பகல் ஆணி போன்று
"உள்ள தொருவர் ஒருவர்கை வைத்தக்கால்
கொள்ளும் பொழுதே கொடுக்கதாம் கொள்ளார்
நிலைப்பொருள் என்றதனை நீட்டித்தல் வேண்டா
புலைப்பொருள் தங்கா வெளி",உள்ளது ஒருவர் ஒருவர் கை வைத்தக்கால் கொள்ளும் பொழுதே கொடுக்க தாம் கொள்ளார் நிலைப் பொருள் என்று அதனை நீட்டித்தல் வேண்டா புலைப் பொருள் தங்கா வெளி
"விடலரிய துப்புடைய வேட்கையை நீக்கிப்
படர்வரிய நன்னெறிக்கண் நின்றார் இடருடைத்தாப்
பெற்ற விடக்கு நுகர்தல் கடல்நீந்திக்
கற்றடியுள் ஆழ்ந்து விடல்",விடல் அரிய துப்புடைய வேட்கையை நீக்கி படர்வு அரிய நல் நெறிக்கண் நின்றார் இடர் உடைத்தாய்ப் பெற்ற விடக்கு நுகர்தல் கடல் நீந்தி கற்று அடியுள் ஆழ்ந்துவிடல்
"தமனென்று இருநாழி ஈந்தவன் அல்லால்
நமனென்று காயினும் தான்காயான மன்னே
அவனிவன் என்றுரைத்து எள்ளிமற் றியாரே
நமநெய்யை நக்கு பவர்",தமன் என்று இரு நாழி ஈத்தவன் அல்லால் நமன் என்று காயினும் தான் காயான் மன்னே அவன் இவன் என்று உரைத்து எள்ளி மற்று யாரே நம நெய்யை நக்குபவர்
"நாடி நமரென்று நன்கு புரந்தாரைக்
கேடு பிறரோடு சூழ்தல் கிளர்மணி
நீடுகல் வெற்ப நினைப்பின்றித் தாமிருந்த
கோடு குறைத்து விடல்",நாடி நமர் என்று நன்கு புரந்தாரைக் கேடு பிறரோடு சூழ்தல் கிளர் மணி நீடு அகல் வெற்ப நினைப்பு இன்றி தாம் இருந்த கோடு குறைத்து விடல்
"சேர்ந்தார் ஒருவரைச் சேர்ந்தொழுகப் பட்டவர்
தீர்ந்தாராக் கொண்டு தெளியினும் தேர்ந்தவர்க்குச்
செல்லாமைக் காணாக்கால் செல்லும்வாய் என்னுண்டாம்
எல்லாம்பொய் அட்டூணே வாய்",சேர்ந்தார் ஒருவரைச் சேர்ந்து ஒழுகப் பட்டவர் தீர்ந்தாராக் கொண்டு தெளியினும் தேர்ந்தவர்க்குச் செல்லாமை காணாக்கால் செல்லும்வாய் என் உண்டாம் எல்லாம் பொய் அட்டு ஊணே வாய்
"அல்லல் ஒருவர் அடைந்தக்கால் மற்றவர்க்கு
நல்ல கிளைகள் எனப்படுவார் நல்ல
வினைமரபின் மற்றதனை நீக்கும் அதுவே
மனைமர மாய மருந்து",அல்லல் ஒருவர்க்கு அடைந்தக்கால் மற்று அவர்க்கு நல்ல கிளைகள் எனப்படுவார் நல்ல வினை மரபின் மற்று அதனை நீக்குமதுவே மனை மரம் ஆய மருந்து
"மெய்யா உணரின் பிறர்பிறர்க்குச் செய்வதென்
மையார் இருங்கூந்தல் பைந்தொடி எக்காலும்
செய்யார் எனினும் தமர்செய்வர் பெய்யுமாம்
பெய்யா தெனினும் மழை",மெய்யா உணரின் பிறர் பிறர்க்குச் செய்வது என் மை ஆர் இருங்கூந்தல் பைந்தொடி எக்காலும் செய்யார் எனினும் தமர் செய்வர் பெய்யுமாம் பெய்யாது எனினும் மழை
"முன்னின்னார் ஆயினும் மூடும் இடர்வந்தால்
பின்னின்னார் ஆகிப் பிரியார் ஒருகுடியார்
பொன்னாச் செயினும் புகாஅர் புனலூர
துன்னினார் அல்லார் பிறர்",முன் இன்னார் ஆயினும் மூடும் இடர் வந்தால் பின் இன்னார் ஆகிப் பிரியார் ஒரு குடியார் பொன்னாச் செயினும் புகாஅர் புனல் ஊர துன்னினார் அல்லர் பிறர்
"உளைய உரைத்து விடினும் உறுதி
கிளைகள்வாய்க் கேட்பதே நன்றாம் விளைவயலுள்
பூமிதித்துப் புட்கலாம் பொய்கைப் புனலூர
தாய்மிதித்து ஆகா முடம்",உளைய உரைத்து விடினும் உறுதி கிளைகள் வாய்க் கேட்பது நன்றே விளை வயலுள் பூ மிதித்துப் புள் கலாம் பொய்கைப் புனல் ஊர தாய் மிதித்த ஆகா முடம்
"தன்னை மதித்துத் தமரென்று கொண்டக்கால்
என்ன படினும் அவர்செய்வ செய்வதே
இன்னொலி வெற்ப இடரென்னை துன்னூசி
போம்வழி போகும் இழை",தன்னை மதித்து தமர் என்று கொண்டக்கால் என்ன படினும் அவர் செய்வ செய்வதே இன் ஒலி வெற்ப இடர் என்னை துன்னூசி போம் வழிப் போகும் இழை
"கருவினுட் கொண்டு கலந்தாரும் தம்முள்
ஒருவழி நீடும் உறைதலோ துன்பம்
பொருகடல் தண்சேர்ப்ப பூந்தா மரைமேல்
திருவோடும் இன்னாது துச்சு",கருவினுள் கொண்டு கலந்தாரும் தம்முள் ஒருவழி நீடும் உறைதலோ துன்பம் பொரு கடல் தண் சேர்ப்ப பூந் தாமரைமேல் திருவொடும் இன்னாது துச்சு
"சிறத்த நுகர்ந்தொழுகும் செல்வம் உடையார்
அறஞ்செய்து அருளுடையர் ஆதல் பிறங்கல்
அமையொடு வேய்கலாம் வெற்ப அதுவே
சுமையொடு மேல்வைப்ப மாறு",சிறந்த நுகர்ந்து ஒழுகும் செல்வம் உடையார் அறம் செய்து அருள் உடையர் ஆதல் பிறங்கல் அமையொடு வேய் கலாம் வெற்ப அதுவே சுமையொடு மேல் வைப்பு ஆமாறு
"வைத்ததனை வைப்பென்று உணரற்க தாமதனைத்
துய்த்து வழங்கி இருபாலும் அத்தகத்
தக்குழி நோக்கி அறஞ்செய்யின் அஃதன்றோ
எய்ப்பினில் வைப்பென் பது",வைத்தனை வைப்பு என்று உணரற்க தாம் அதனைத் துய்த்து வழங்கி இரு பாலும் அத் தகத் தக்குழி நோக்கி அறம் செய்யின் அஃது அன்றோ எய்ப்பினில் வைப்பு என்பது
"மல்லற் பெருஞ்செல்வம் மாண்டவர் பெற்றக்கால்
செல்வுழியும் ஏமாப்பச் செய்வதாம் மெல்லியல்
சென்றொசிந் தொல்கு நுசுப்பினாய் பைங்கரும்பு
மென்றிருந்து பாகு செயல்",மல்லல் பெருஞ் செல்வம் மாண்டவர் பெற்றக்கால் செல்வுழியும் ஏமாப்பச் செய்வதாம் மெல் இயல் சென்று ஒசிந்து ஒல்கு நுசுப்பினாய் பைங் கரும்பு மென்றிருந்து பாகு செயல்
"ஈனுலகத் தாயின் இசைபெறூஉம் அஃதிறந்
தேனுலகத் தாயின் இனிததூஉம் தானொருவன்
நாள்வாயும் நல்லறம் செய்வார்க்கு இரண்டுலகும்
வேள்வாய்க் கவட்டை நெறி",ஈனுலகத்துஆயின் இசை பெறு஡உம் அஃது இறந்து ஏனுலகத்துஆயின் இனிது அதூஉம் தான் ஒருவன் நாள்வாயும் நல் அறம் செய்வாற்கு இரண்டு உலகும் வேள் வாய் கவட்டை நெறி
"மாய்வதன் முன்னே வகைப்பட்ட நல்வினை
யாய்வின்றிச் செய்யாதார் பின்னே வழிநினைந்து
நோய்காண் பொழுதின் அறஞ்செய்வார்க் காணாமை
நாய்காணின் கற்காணா வாறு",மாய்வதன் முன்னே வகைப்பட்ட நல் வினையை ஆய்வு இன்றிச் செய்யாதார் பின்னை வழி நினைந்து நோய் காண் பொழுதின் அறம் செய்வார்க் காணாமை நாய் காணின் கல் காணாவாறு
"தக்கமில் செய்கைப் பொருள்பெற்றால் அப்பொருள்
தொக்க வகையும் முதலும் அதுவானால்
மிக்க வகையால் அறஞ்செய்க எனவெகுடல்
அக்காரம் பால்செருக்கும் ஆறு",தக்கம் இல் செய்கைப் பொருள் பெற்றால் அப்பொருள் தொக்க வகையும் முதலும் அது ஆனால் மிக்க வகையால் அறம் செய் என வெகுடல் அக்காரம் பால் செருக்குமாறு
"அறஞ்செய் பவருக்கும் அறிவுழி நோக்கித்
திறந்தெரிந்து செய்தக்கால் செல்வுழி நன்றாம்
புறஞ்செய்யச் செல்வம் பெருகும் அறஞ்செய்ய
அல்லவை நீங்கி விடும்",அறம் செய்பவர்க்கும் அறவுழி நோக்கி திறம் தெரிந்து செய்தக்கால் செல்வுழி நன்று ஆம் புறம் செய்ய செல்வம் பெருகும் அறம் செய்ய அல்லவை நீங்கி விடும்
"பட்ட வகையால் பலரும் வருந்தாமல்
கட்டுடைத் தாகக் கருதிய நல்லறம்
முட்டுடைத் தாகி இடைதவிர்ந்து வீழ்தலின்
நட்டறான் ஆதலே நன்று",பட்ட வகையால் பலரும் வருந்தாமல் கட்டு உடைத்தாகக் கருதிய நல்லறம் முட்டு உடைத்தாகி இடை தவிர்ந்து வீழ்தலின் நட்டு அறான் ஆதலே நன்று
"பலநாளும் ஆற்றார் எனினும் அறத்தைச்
சிலநாள் சிறந்தவற்றாற் செய்க கலைதாங்கி
நைவது போலும் நுசுப்பினாய் நல்லறம்
செய்வது செய்யாது கேள்",பல நாளும் ஆற்றார் எனினும் அறத்தைச் சில நாள் சிறந்தவற்றால் செய்க கலை தாங்கி நைவது போலும் நுசுப்பினாய் நல்லறம் செய்வது செய்யாது கேள்
"இன்றி யமையா இருமுது மக்களைப்
பொன்றினமை கண்டும் பொருள்பொருளாக் கொள்பவோ
ஒன்றும் வகையான் அறம்செய்க ஊர்ந்துருளின்
குன்று வழியடுப்ப தில்",இன்றி அமையா இரு முது மக்களைப் பொன்றினமை கண்டும் பொருள் பொருளாக் கொள்பவோ ஒன்றும் வகையான் அறம் செய்க ஊர்ந்து உருளின் குன்று வழி அடுப்பது இல்
"அற்றாக நோக்கி அறத்திற்கு அருளுடைமை
முற்ற அறிந்தார் முதலறிந்தார் தெற்ற
முதல்விட் டஃதொழிந்தோர் ஓம்பா ஒழுக்கம்
முயல்விட்டுக் காக்கை தினல்",அற்றாக நோக்கி அறத்திற்கு அருள் உடைமை முற்ற அறிந்தார் முதல் அறிந்தார் தெற்ற முதல் விட்டு அஃது ஒழிந்தார் ஓம்பா ஒழுக்கம் முயல் விட்டுக் காக்கை தினல்
"இம்மைத் தவமும் அறமும் எனஇரண்டும்
தம்மை யுடையார் அவற்றைச் சலமொழுகல்
இம்மைப் பழியேயும் அன்றி மறுமையும்
தம்மைத்தாம் ஆர்க்குங் கயிறு",இம்மைத் தவமும் அறமும் என இரண்டும் தம்மை உடையார் அவற்றைச் சலம் ஒழுகல் இம்மைப் பழி ஏயும் அன்றி மறுமையும் தம்மைத் தாம் ஆர்க்கும் கயிறு
"கரப்புடையார் வைத்த கடையும் உதவா
துரப்புடைய மன்னர்க்கே துப்புரவ தல்லால்
நிரப்பிடும்பை மிக்கார்க்கு உதவஒன் றீதல்
சுரத்திடைப் பெய்த பெயல்",கரப்புடையார் வைத்த கடையும் உதவா துரப்புடைய மன்னர்க்கே துப்புரவு அது அல்லால் நிரப்பு இடும்பை மிக்கார்க்கு உதவ ஒன்று ஈதல் சுரத்திடைப் பெய்த பெயல்
"கூஉய் கொடுப்பதொன் றில்லெனினும் சார்ந்தார்க்குத்
தூஉய்ப் பயின்றாரோ துன்பம் துடைக்கிற்பார்
வாய்ப்புத்தான் வாடியக் கண்ணும் பெருங்குதிரை
யாப்புள்வே றாகி விடும்",கூஉய்க் கொடுப்பது ஒன்று இல் எனினும் சார்ந்தார்க்குத் தூஉய்ப் பயின்றாரே துன்பம் துடைக்கிற்பார் வாய்ப்பத் தான் வாடியக் கண்ணும் பெருங் குதிரை யாப்புள் வேறு ஆகிவிடும்
"இரவலர் தம்வரிசை என்பார் மடவார்
கரவலராய்க் கைவண்ணம் பூண்ட புரவலர்
சீர்வரைய ஆகுமாம் செய்கை சிறந்தனைத்தும்
நீ்வரைய வாநீர் மலர்",இரவலர் தம் வரிசை என்பார் மடவார் கரவலராய்க் கை வண்மை பூண்ட புரவலர் சீர வரைய ஆகுமாம் செய்கை சிறந்து அனைத்தும் நீர் வரையவாம் நீர் மலர்
"தொடுத்த பெரும்புலவன் சொற்குறை தீர
அடுத்தர என்றாற்று வாழியரோ என்றான்
தொடுத்தின்னார் என்னலோ வேண்டா கொடுப்பவர்
தாமறிவார் தஞ்சீர் அளவு",தொடுத்த பெரும் புலவன் சொற் குறை தீர அடுத்தர என்றாற்கு வாழியரோ என்றான் தொடுத்து இன்னர் என்னலோ வேண்டா கொடுப்பவர் தாம் அறிவார் தம் சீர் அளவு
"மாரியொன் றின்றி வறந்திருந்த காலத்தும்
பாரி மடமகள் பாண்மகற்கு நீருலையுள்
பொன்தந்து கொண்டு புகாவாக நல்கினாள்
ஒன்றுறா முன்றிலோ இல்",மாரி ஒன்று இன்றி வறந்திருந்த காலத்தும் பாரி மட மகள் பாண் மகற்கு நீர் உலையுள் பொன் திறந்து கொண்டு புகாவாக நல்கினாள் ஒன்று உறா முன்றிலோ இல்
"மறாஅ தவனும் பலரொன் றிரந்தால்
பெறாஅஅன் பேதுறுதல் எண்ணிப் பொறாஅன்
கரந்துள்ள தூஉம் மறைக்கும் அதனால்
இரந்தூட்குப் பன்மையோ தீது",மறாஅ தவனும் பலர் ஒன்று இரந்தால் பெறாஅஅன் பேதுறுதல் எண்ணி பொறாஅன் கரந்து உள்ளதூஉம் மறைக்கும் அதனால் இரந்து ஊட்குப் பன்மையோ தீது
"தோற்றம் பெரிய நசையினார் அந்நசை
ஆற்றா தவரை அடைந்தொழுகல் ஆற்றுள்
கயற்புரை உண்கண் கனங்குழாய் அஃதால்
உயவுநெய் யுட்குளிக்கும் ஆறு",தோற்றம் பெரிய நசையினார் அந் நசை ஆற்றாதவரை அடைந்து ஒழுகல் ஆற்றுள் கயல் புரை உண்கண் கனங்குழாய் அஃதால் உயவுநெய்யுள் குளிக்குமாறு
"எண்ணக் குறைபடாச் செல்வமும் இற்பிறப்பும்
மன்னர் உடைய உடைமையும் மன்னரால்
இன்னர் எனல்வேண்டா இம்மைக்கும் உம்மைக்கும்
தம்மை உடைமை தலை",எண்ணக் குறைபடாச் செல்வமும் இற்பிறப்பும் மன்னருடைய உடைமையும் மன்னரால் இன்னர் எனல் வேண்டா இம்மைக்கும் உம்மைக்கும் தம்மை உடைமை தலை
"வளமையும் தேசும் வலியும் வனப்பும்
இளமையும் இற்பிறப்பும் எல்லாம் உளவாய்
மதித்தஞ்சி மாறுமஃ தின்மையால் கூற்றம்
குதித்துய்ந்து அறிவாரோ இல்",வளமையும் தேசும் வலியும் வனப்பும் இளமையும் இற்பிறப்பும் எல்லாம் உளவா மதித்து அஞ்சி மாறும் அஃது இன்மையால் கூற்றம் குதித்து உய்ந்து அறிவாரோ இல்
"செல்வத் துணையும்தம் வாழ்நாள் துணையும்தாம்
தெள்ளி உணரார் சிறிதினால் செம்மாந்து
பள்ளிப்பால் வாழார் பதிமகிழ்ந்து வாழ்வாரே
முள்ளித்தேன் உண்ணு மவர்",செல்வத் துணையும் தம் வாழ்நாள் துணையும் தாம் தெள்ளி உணரார் சிறிதினால் செம்மாந்து பள்ளிப்பால் வாழார் பதி மகிழ்ந்து வாழ்வாரே முள்ளித் தேன் உண்ணுமவர்
"வன்னெஞ்சி னார்பின் வழிநினைந்து செல்குவை
என்னெஞ்சே இன்றிழிவை யாயினாய் சென்னெஞ்சே
இல்சுட்டி நீயும் இனிதுரைத்துச் சாவாதே
பல்கட்டப் பெண்டீர் மகார்",வல் நெஞ்சினார் பின் வழி நினைந்து செல்குவை என் நெஞ்சே இன்று அழிவாய் ஆயினாய் செல் நெஞ்சே இல் சுட்டி நீயும் இனிது உரைத்துச் சாவாதே பல் கட்டு அப் பெண்டிர் மகார்
"சிறந்ததம் மக்களும் செய்பொருளும் நீக்கித்
துறந்தார் தொடர்ப்பாடு எவன்கொல் கறங்கருவி
ஏனல்வாய் வீழும் மலைநாட அஃதன்றோ
யானைபோய் வால்போகா வாறு",சிறந்த தம் மக்களும் செய் பொருளும் நீக்கி துறந்தார் தொடரப்பாடு எவன் கொல் கறங்கு அருவி ஏனல்வாய் வீழும் மலை நாட அஃது அன்றோ யானை போய் வால் போகாவாறு
"எனைப்பல் பிறப்பினும் ஈண்டித்தாம் கொண்ட
வினைப்பயன் மெய்யுறுதல் அஞ்சி எனைத்தும்
கழிப்புழி ஆற்றாமை காண்டும் அதுவே
குழிப்புழி ஆற்றா குழிக்கு",எனைப் பல் பிறப்பினும் ஈண்டி தாம் கொண்ட வினைப் பயன் மெய் உறுதல் அஞ்சி எனைத்தும் கழிப்புழி ஆற்றாமை காண்டும் அதுவே குழிப் புழி ஆற்றா குழிக்கு
"திரியும் இடிஞ்சிலும் நெய்யும் சார்வாக
எரியும் சுடரே ரனைத்தாய்த் தெரியுங்கால்
சார்வற ஓடிப் பிறப்பறுக்கும் அஃதேபோல்
நீரற நீர்ச்சார் வறும்",திரியும் இடிஞ்சிலும் நெய்யும் சார்வு ஆக எரியும் சுடர் ஓர் அனைத்தால் தெரியுங்கால் சார்வு அற ஒடிப் பிறப்பு அறுக்கும் அஃதேபோல் நீர் அற நீர்ச் சார்வு அறும்
"பரந்தவர் கொள்கைமேல் பல்லாறும் ஓடார்
நிரம்பிய காட்சி நினைந்தறிந்து கொள்க
வரம்பில் பெருமை தருமே பரம்பூரி
என்றும் பதக்கே வரும்",பரந்தவர் கொள்கைமேல் பல் ஆறும் ஓடார் நிரம்பிய காட்சி நினைந்து அறிந்து கொள்க வரம்பு இல் பெருமை தருமே பரம்பூரி என்றும் பதக்கு ஏழ் வரும்
"நாணின்றி ஆகாது பெண்மை நயமிகு
ஊணின்றி ஆகா துயிர்வாழ்க்கை பேணுங்கால்
கைத்தின்றி ஆகா கருமங்கள் காரிகையாய்
வித்தின்றிச் சம்பிரதம் இல்",நாணின்றி ஆகாது பெண்மை நயமிகு ஊணின்றி ஆகா துயிர்வாழ்க்கை பேணுங்கால் கைத்தின்றி ஆகா கருமங்கள் காரிகையாய் வித்தின்றிச் சம்பிரதம் இல்
"கண்ணகல் ஞாலம் அளந்துதூஉம் காமருசீர்த்
தண்ணறும் பூங்குருந்தம் பாய்த்ததூஉம் நண்ணிய
மாயச் சகடம் உதைத்தூஉம் இம்மூன்றும்
பூவைப்பூ வண்ணன் அடி",கண் அகல் ஞாலம் அளந்ததூஉம் காமரு சீர்த் தண் நறும் பூங் குருந்தம் சாய்த்ததூஉம் நண்ணிய மாயச் சகடம் உதைத்ததூஉம் இம் மூன்றும் பூவைப் பூ வண்ணன் அடி
"அருந்ததிக் கற்பினார் தோளும் திருந்திய
தொல்குடியின் மாண்டார் தெடர்ச்சியும் சொல்லின்
அரில்அகற்றும் கேள்வியார் நட்பும் இம்மூன்றும்
திரிகடுகம் போலு மருந்து",அருந்ததிக் கற்பினார் தோளும் திருந்திய தொல் குடியில் மாண்டார் தொடர்ச்சியும் சொல்லின் அரில் அகற்றும் கேள்வியார் நட்பும் இம் மூன்றும் திரிகடுகம் போலும் மருந்து
"கல்லார்க்கு இனனாய் ஒழுகலும் காழ்கொண்ட
இல்லாளைக் கோலால் புடைத்தலும் இல்லம்
சிறியாரைக் கொண்டு புகலுமிம் மூன்றும்
அறியாமை யால்வரும் கேடு",கல்லார்க்கு இன்னா ஒழுகலும் காழ்க் கொண்ட இல்லாளைக் கோலால் புடைத்தலும் இல்லம் சிறியாரைக் கொண்டு புகலும் இம் மூன்றும் அறியாமையான் வரும் கேடு
"பகைமுன்னர் வாழ்க்கை செயலும் தொகைநின்ற
பெற்றத்துள் கோலின்றிச் சேறலும் முற்றன்னைக்
காய்வானைக் கைவாங்கிக் கோடலும் இம்மூன்றும்
சாவ வுறுவான் தொழில்",பகை முன்னர் வாழ்க்கை செயலும் தொகை நின்ற பெற்றத்துள் கோல் இன்றிச் சேறலும் முன் தன்னைக் காய்வானைக் கை வாங்கிக் கோடலும் இம் மூன்றும் சாவ உறுவான் தொழில்
"வழங்காத் துறையிழிந்து நீர்ப்போக்கும் ஒப்ப
விழைவிலாப் பெண்டீர்த்தோள் சேர்வும் உழந்து
விருந்தினனாய் வேற்றூர் புகலும் இம்மூன்றும்
அருந்துயரம் காட்டு நெறி",வழங்காத் துறை இழிந்து நீர்ப் போக்கும் ஒப்ப வீழைவு இலாப் பெண்டிர் தோள் சேர்வும் உழந்து விருந்தினனாய் வேற்றூர் புகலும் இம் மூன்றும் அருந் துயரம் காட்டும் நெறி
"பிறர்தன்னைப் பேணுங்கால் நாணலும் பேணார்
திறன்வேறு கூறில் பொறையும் அறவினையைக்
காராண்மை போல ஒழுகலும் இம்மூன்றும்
ஊராண்மை யென்னும் செருக்கு",பிறர் தன்னைப் பேணுங்கால் நாணலும் பேணார் திறன் வேறு கூறின் பொறையும் அற வினையைக் கார் ஆண்மை போல ஒழுகலும் இம் மூன்றும் ஊராண்மை என்னும் செருக்கு
"வாளைமீன் உள்ளல் தலைப்படலும் ஆளல்லான்
செல்வக் குடியுட் பிறத்தலும் பல்அவையுள்
அஞ்சுவான் கற்ற அருநூலும் இம்மூன்றும்
துஞ்சூமன் கண்ட கனா",வாளை மீன் உள்ளல் தலைப்படலும் ஆள் அல்லான் செல்வக் குடியுள் பிறத்தலும் பல் சவையின் அஞ்சுவான் கற்ற அரு நூலும் இம் மூன்றும் துஞ்சு ஊமன் கண்ட கனா
"தொல்லவையுள் தோன்றும் குடிமையும் தொக்கிருந்த
நல்லவையுள் மேம்பட்ட கல்வியும் வெல்சமத்து
வேந்துவப்ப வட்டார்த்த வென்றியும் இம்மூன்றும்
தாந்தம்மைக் கூறாப் பொருள்",தொல் அவையுள் தோன்றும் குடிமையும் தொக்கு இருந்த நல் அவையுள் மேம்பட்ட கல்வியும் வெல் சமத்து வேந்து உவப்ப அட்டு ஆர்த்த வென்றியும் இம் மூன்றும் தாம் தம்மைக் கூறாப் பொருள்
"பெருமை யுடையா ரினத்தின் அகறல்
உரிமையில் பெண்டிரைக் காமுற்று வாழ்தல்
விழுமிய வல்ல துணிதல் இம்மூன்றும்
முழுமக்கள் காத லவை",பெருமை உடையார் இனத்தின் அகறல் உரிமை இல் பெண்டிரைக் காமுற்று வாழ்தல் விழுமிய அல்ல துணிதல் இம் மூன்றும் முழு மக்கள் காதலவை
"கணக்காயர் இல்லாத ஊரும் பிணக்கறுக்கும்
மூத்தோரை இல்லா அவைக்களனும் பாத்துண்ணும்
தன்மையி லாளர் அயலிருப்பும் இம்முன்றும்
நன்மை பயத்தல் இல",கணக்காயர் இல்லாத ஊரும் பிணக்கு அறுக்கும் மூத்தோரை இல்லா அவைக் களனும் பாத்து உண்ணாத் தன்மையிலாளர் அயல் இருப்பும் இம் மூன்றும் நன்மை பயத்தல் இல
"விளியாதான் கூத்தாட்டுக் காண்டலும் வீழக்
களியாதான் காவா துரையும் தெளியாதான்
கூரையுள் பல்காலும் சேறலும் இம்மூன்றும்
ஊரெல்லாம் நோவ துடைத்து",விளியாதான் கூத்தாட்டுக் காண்டலும் வீழக் களியாதான் காவாது உரையும் தெளியாதான் கூரையுள் பல் காலும் சேறலும் இம் மூன்றும் ஊர் எலாம் நோவது உடைத்து
"தாளாளன் என்பான் கடன்படா வாழ்பவன்
வேளாளன் என்பான் விருந்திருக்க உண்ணாதான்
கோளாளன் என்பான் மறவாதான் இம்மூவர்
கேளாக வாழ்தல் இனிது",தாளாளன் என்பான் கடன் படா வாழ்பவன் வேளாளன் என்பான் விருந்து இருக்க உண்ணாதான் கோளாளன் என்பான் மறவாதான் இம் மூவர் கேள் ஆக வாழ்தல் இனிது
"சீலம் அறிவான் இளங்கிளை சாலக்
குடியோம்பல் வல்லான் அரசன் வடுவின்றி
மாண்ட குணத்தான் தவசியென்ற இம்மூவர்
யாண்டும் பெறற்கரி யார்",சீலம் அறிவான் இளங்கிளை சாலக் குடி ஓம்ப வல்லான் அரசன் வடு இன்றி மாண்ட குணத்தான் தவசி என மூவர் யாண்டும் பெறற்கு அரியார்
"இழுக்கல் இயல்பிற்று இளமை பழித்தவை
சொல்லுதல் வற்றாகும் பேதைமை யாண்டும்
செறுவொடு நிற்கும் சிறுமைஇம் மூன்றும்
குறுகார் அறிவுடை யார்",இழுக்கல் இயல்பிற்று இளமை பழித்தவை சொல்லுதல் வற்றாகும் பேதைமை யாண்டும் செறுவோடு நிற்கும் சிறுமை இம் மூன்றும் குறுகார் அறிவுடையார்
"பொய்வழங்கி வாழும் பொறியறையும் கைதிரிந்து
தாழ்விடத்து நேர்கருதும் தட்டையும் ஊழினால்
ஒட்டி வினைநலம் பார்ப்பானும் இம்மூவர்
நட்கப் படாஅ தவர்",பொய் வழங்கி வாழும் பொறியறையும் கை திரிந்து தாழ்விடத்து நேர் கருதும் தட்டையும் ஊழினால் ஒட்டி வினை நலம் பார்ப்பானும் இம் மூவர் நட்கப் படாஅதவர்
"மண்ணின்மேல் வான்புகழ் நட்டானும் மாசில்சீர்ப்
பெண்ணினுள் கற்புடையாள் பெற்றானும் உண்ணுநீர்
கூவல் குறைவின்றித் தொட்டானும் இம்மூவர்
சாவா உடம்பெய்தி னார்",மண்ணின்மேல் வான்புகழ் நட்டானும் மாசு இல் சீர்ப் பெண்ணினுள் கற்புடையாள் பெற்றானும் உண்ணு நீர்க் கூவல் குறை இன்றித் தொட்டானும் இம் மூவர் சாவா உடம்பு எய்தினார்
"மூப்பின்கண் நன்மைக்கு அகன்றானும் கற்புடையாள்
பூப்பின்கண் சாராத தலைமகனும் வாய்ப்பகையுள்
சொல்வென்றி வேண்டும் இலிங்கியும் இம்மூவர்
கல்விப் புணைகைவிட் டார்",மூப்பின்கண் நன்மைக்கு அகன்றானும் கற்புடையாள் பூப்பின்கண் சாராத் தலைமகனும் வாய்ப் பகையுள் சொல் வென்றி வேண்டும் இலிங்கியும் இம் மூவர் கல்விப் புணை கைவிட்டார்
"ஒருதலையான் வந்துறூஉ மூப்பும் புணர்ந்தார்க்கு
இருதலையு மின்னாப் பிரிவும் உருவினை
உள்ளுருக்கித் தின்னும் பெரும்பிணியும் இம்மூன்றும்
கள்வரி னஞ்சப் படும்",ஒருதலையான் வந்துறூஉம் மூப்பும் புணர்ந்தார்க்கு இரு தலையும் இன்னாப் பிரிவும் உருவினை உள் உருக்கித் தின்னும் பெரும் பிணியும் இம் மூன்றும் கள்வரின் அஞ்சப்படும்
"கொல்யானைக் கோடும் குணமிலியும் எல்லிற்
பிறன்கடை நின்றொழுகு வானும் மறந்தெரியாது
ஆடும்பாம் பாட்டும் அறிவிலியும் இம்மூவர்
நாடுங்கால் தூங்கு பவர்",கொல் யானைக்கு ஓடும் குணமிலியும் எல்லில் பிறன் கடை நிற்று ஒழுகுவானும் மறம் தெரியாது ஆடும் பாம்பு ஆட்டும் அறிவிலியும் இம் மூவர் நாடுங்கால் தூங்குபவர்
"ஆசை பிறன்கண் படுதலும் பாசம்
பசிப்ப மடியைக் கொளலும் கதித்தொருவன்
கல்லானென்று எள்ளப் படுதலும் இம்மூன்றும்
எல்லார்க்கு மின்னா தன",ஆசை பிறன்கண் படுதலும் பாசம் பசிப்ப மடியைக் கொளலும் கதித்து ஒருவன் கல்லான் என்று எள்ளப்படுதலும் இம் மூன்றும் எல்லார்க்கும் இன்னாதன
"வருவாயுள் கால்வழங்கி வாழ்தல் செருவாய்ப்பச்
செய்தவை நாடாச் சிறப்புடைமை எய்தப்
பலநாடி நல்லவை கற்றல் இம்மூன்றும்
நலமாட்சி நல்லவர் கோள்",வருவாயுள் கால் வழங்கி வாழ்தல் செரு வாய்ப்பச் செய்தவை நாடாச் சிறப்புடைமை எய்தப் பல நாடி நல்லவை கற்றல் இம் மூன்றும் நல மாட்சி நல்லவர் கோள்
"தானம் கொடுக்கும் தகைமையும் மானத்தார்
குற்றம் கடிந்த ஒழுக்கமும் தெற்றெனப்
பல்பொருள் நீங்கிய சிந்தையும் இம்மூன்றும்
நல்வினை யார்க்கும் கயிறு",தானம் கொடுக்கும் தகைமையும் மானத்தால் குற்றம் கடிந்த ஒழுக்கமும் தெற்றெனப் பல் பொருள் நீங்கிய சிந்தையும் இம் மூன்றும் நல் வினை ஆர்க்கும் கயிறு
"காண்டகு மென்றோள் கணிகைவா யின்சொல்லும்
தூண்டிலின் உட்பொதிந்த தேரையும் மாண்டசீர்க்
காழ்த்த பகைவர் வணக்கமும் இம்மூன்றும்
ஆழ்ச்சிப் படுக்கும் அளறு",காண் தகு மென் தோள் கணிகை வாய் இன் சொல்லும் தூண்டிலினுள் உட்பொதிந்த தேரையும் மாண்ட சீர் காழ்ந்த பகைவர் வணக்கமும் இம் மூன்றும் ஆழ்ச்சிப் படுக்கும் அளறு
"செருக்கினால் வாழும் சிறியவனும் பைத்தகன்ற
அல்குல் விலைபகரும் ஆய்தொடியும் நல்லவர்க்கு
வைத்த அறப்புறம் கொன்றானும் இம்மூவர்
கைத்துண்ணார் கற்றறிந் தார்",செருக்கினால் வாழும் சிறியவனும் பைத்து அகன்ற அல்குல் விலை பகரும் ஆய்தொடியும் நல்லவர்க்கு வைத்த அறப்புறம் கொண்டானும் இம் மூவர் கைத்து உண்ணார் கற்றறிந்தார்
"ஒல்வ தறியும் விருந்தினனும் ஆருயிரைக்
கொல்வ திடைநீக்கி வாழ்வானும் வல்லிதின்
சீலமினி துடைய ஆசானும் இம்மூவர்
ஞாலம் எனப்படு வார்",ஒல்வது அறியும் விருந்தினனும் ஆர் உயிரைக் கொல்வது இடை நீக்கி வாழ்வானும் வல்லிதின் சீலம் இனிது உடைய ஆசானும் இம் மூவர் ஞாலம் எனப் படுவார்
"உண்பொழுது நீராடி உண்டலும் என்பெறினும்
பால்பற்றிச் சொல்லா விடுதலும் தோல்வற்றிச்
சாயினுஞ் சான்றாண்மை குன்றாமை இம்மூன்றும்
தூஉய மென்பார் தொழில்",உண் பொழுது நீராடி உண்டலும் என் பெறினும் பால் பற்றிச் சொல்லா விடுதலும் தோல் வற்றிச் சாயினும் சான்றாண்மை குன்றாமை இம் மூன்றும் தூஉயம் என்பார் தொழில்
"பெண்விழைந்து பின்செலினும் தன்செலவிற் குன்றாமை
கண்விழைந்து கையுறினும் காதல் பொருட்கின்மை
மண்விழுந்து வாழ்நாள் மதியாமை இம்மூன்றும்
நுண்விழைந்த நூலவர் நோக்கு",பெண் விழைந்து பின் செலினும் தன் செலவில் குண்றாமை கண் விழைந்து கையுறினும் காதல் பொருட்கு இன்மை மண் விழைந்து வாழ் நாள் மதியாமை இம் மூன்றும் நுண் விழைந்த நூலவர் நோக்கு
"தன்நச்சிச் சென்றாரை எள்ளா வொருவனும்
மன்னிய செல்வத்துப் பொச்சாப்பு நீத்தானும்
என்றும் அழுக்காறி கந்தானும் இம்மூவர்
நின்ற புகழுடை யார்",தன் நச்சிச் சென்றாரை எள்ளா ஒருவனும் மன்னிய செல்வத்துப் பொச்சாப்பு நீத்தானும் என்றும் அழுக்காறு இகந்தானும் இம் மூவர் நின்ற புகழ் உடையார்
"பல்லவையுள் நல்லவை கற்றலும் பாத்துண்டாம்
இல்லற முட்டாது இயற்றலும் வல்லிதின்
தாளி னொருபொரு ளாக்கலும் இம்மூன்றும்
கேள்வியுள் எல்லாம் தலை",பல்லவையுள் நல்லவை கற்றலும் பாத்து உண்டு ஆங் இல்லறம் முட்டாது இயற்றலும் வல்லிதின் தாளின் ஒரு பொருள் ஆக்கலும் இம் மூன்றும் கேள்வியுள் எல்லாம் தலை
"நுண்மொழி நோக்கிப் பொருள்கொளலும் நூற்குஏலா
வெண்மொழி வேண்டினும் சொல்லாமை நன்மொழியைச்
சிற்றினம் அல்லார்கண் சொல்லலும் இம்மூன்றும்
கற்றறிந்தார் பூண்ட கடன்",நுண் மொழி நோக்கிப் பொருள் கொளலும் நூற்கு ஏலா வெண் மொழி வேண்டினும் சொல்லாமை நல் மொழியைச் சிற்றினம் அல்லார்கண் சொல்லலும் இம் மூன்றும் கற்றறிந்தார் பூண்ட கடன்
"கோலஞ்சி வாழும் குடியும் குடிதழீஇ
ஆலம்வீழ் போலும் அமைச்சனும் வேலின்
கடைமணிபோல் திண்ணியான் காப்பும் இம்மூன்றும்
படைவேந்தன் மற்று விடல்",கோல் அஞ்சி வாழும் குடியும் குடி தழீஇ ஆலம் வீழ் போலும் அமைச்சனும் வேலின் கடை மணி போல் திண்ணியான் காப்பும் இம் மூன்றும் படை வேந்தன் பற்று விடல்
"மூன்று கடன்கழித்த பார்ப்பானும் ஓர்ந்து
முறைநிலை கோடா அரசும் சிறைநின்று
அலவலை இல்லாக் குடியும் இம்மூவர்
உலகம் எனப்படு வார்",மூன்று கடன் கழித்த பார்ப்பானும் ஓர்ந்து முறை நிலை கோடா அரசும் சிறைநின்று அலவலை அல்லாக் குடியும் இம் மூவர் உலகம் எனப்படுவார்
"முந்நீர்த் திரையின் எழுந்தியங்கா மேதையும்
நுண்ணூற் பெருங்கேள்வி நூற்கரை கண்டானும்
மைந்நீர்மை இன்றி மயலுறுப்பான் இம்மூவர்
மெய்ந்நீர்மை மேல் நிற்பவர்",முந்நீர்த் திரையின் எழுந்து இயங்கா மேதையும் நுண் நூல் பெருங் கேள்வி நூல் கரை கண்டானும் மைந் நீர்மை மேல் இன்றி மயல் அறுப்பான் இம் மூவர் மெய்ந் நீர்மைமேல் நிற்பவர்
"ஊனுண் டுயிர்கட் கருளுடையேம் என்பானும்
தானுடன்பா டின்றி வினையாக்கும் மென்பானும்
காமுறு வேள்வியில் கொல்வானும் இம்மூவர்
தாமறிவர் தாங்கண்ட வாறு",ஊன் உண்டு உயிர்கட்கு அருளுடையெம் என்பானும் தான் உடன்பாடு இன்றி வினை ஆக்கும் என்பானும் காமுறு வேள்வியில் கொல்வானும் இம் மூவர் தாம் அறிவர் தாம் கண்டவாறு
"குறளையுள் நட்பளவு தோன்றும் உறலினிய
சால்பினில் தோன்றும் குடிமையும் பால்போலும்
தூய்மையுள் தோன்றும் பிரமாணம் இம்மூன்றும்
வாய்மை யடையார் வழக்கு",குறளையுள் நட்பு அளவு தோன்றும் உறல் இனிய சால் பினில் தோன்றும் குடிமையும் பால் போலும் தூய்மையுள் தோன்றும் பிரமாணம் இம் மூன்றும் வாய்மை உடையார் வழக்கு
"தன்னை வியந்து தருக்கலும் தாழ்வின்றிக்
கொன்னே வெகுளி பெருக்கலும் முன்னிய
பல்பொருள் வெஃகும் சிறுமையும் இம்மூன்றும்
செல்வம் உடைக்கும் படை",தன்னை வியந்து தருக்கலும் தாழ்வு இன்றிக் கொன்னே வெகுளி பெருக்கலும் முன்னிய பல் பொருள் வெஃகுஞ் சிறுமையும் இம் மூன்றும் செல்வம் உடைக்கும் படை
"புலைமயக்கம் வேண்டிப் பொருட்பெண்டிர்த் தோய்தல்
கலமயக்கம் கள்ளுண்டு வாழ்தல் சொலைமுனிந்து
பொய்ம்மயக்கம் சூதின் கண்தாங்கால் இம்மூன்றும்
நன்மையி லாளர் தொழில்",புலை மயக்கம் வேண்டி பொருட்பெண்டிர்த் தோய்தல் கலம் மயக்கம் கள் உண்டு வாழ்தல் சொலை முனிந்து பொய்ம் மயக்கம் சூதின்கண் தங்குதல் இம் மூன்றும் நன்மை இலாளர் தொழில்
"வெகுளி நுணுக்கும் விறலு மகளிர்கட்கு
ஒத்த லொழுக்கம் உடைமையும் பாத்துண்ணும்
நல்லறி வாண்மை தலைப்படலும் இம்மூன்றும்
தொல்லறி வாளர் தொழில்",வெகுளி நுணுக்கம் விறலும் மகளிர்கட்கு ஒத்த ஒழுக்கம் உடைமையும் பாத்து உண்ணும் நல் அறிவாண்மை தலைப்படலும் இம் மூன்றும் தொல் அறிவாளர் தொழில்
"அலந்தார்க்கொன்று ஈந்த புகழும் துளங்கினும்
தன்குடிமை குன்றாத் தகைமையும் அன்போடி
நாள்நாளும் நட்டார்ப் பெருக்கலும் இம்மூன்றும்
கேள்வியுள் எல்லாந் தலை",அலந்தார்க்கு ஒன்று ஈந்த புகழும் துளங்கினும் தன் குடிமை குன்றாத் தகைமையும் அன்பு ஓடி நாள் நாளும் நட்டார்ப் பெருக்கலும் இம் மூன்றும் கேள்வியுள் எல்லாம் தலை
"கழகத்தால் வந்த பொருள்கா முறாமை
பழகினும் பார்ப்பாரைத் தீப்போல் ஒழுகல்
உழவின்கண் காமுற்று வாழ்தல் இம்மூன்றும்
அழகென்ப வேளாண் குடிக்கு",கழகத்தால் வந்த பொருள் காமுறாமை பழகினும் பார்ப்பாரைத் தீப்போல் ஒழுகல் உழவின்கண் காமுற்று வாழ்தல் இம் மூன்றும் அழகு என்ப வேளாண் குடிக்கு
"வாயின் அடங்குதல் துப்புரவாம் மாசற்ற
செய்கை அடங்குதல் திப்பியமாம் பொய்யின்றி
நெஞ்சம் அடங்குதல் வீடாகும் இம்மூன்றும்
வஞ்சத்தின் தீர்ந்த பொருள்",வாயின் அடங்குதல் துப்புரவு ஆம் மாசு அற்ற செய்கை அடங்குதல் திப்பியம் ஆம் பொய் இன்றி நெஞ்சம் அடங்குதல் வீடு ஆகும் இம் மூன்றும் வஞ்சத்தின் தீர்ந்த பொருள்
"விருந்தின்றி உண்ட பகலும் திருந்திழையார்
புல்லப்புடை பெயராக் கங்குலும் இல்லார்க்கொன்று
ஈயா தொழிந்தகன்ற காலையும் இம்மூன்றும்
நோயே உரனுடை யார்க்கு",விருந்து இன்றி உண்ட பகலும் திருந்திழையார் புல்லப் புடை பெயராக் கங்குலும் இல்லார்க்கு ஒன்று ஈயாது ஒழிந்தகன்ற காலையும் இம் மூன்றும் நோயே உரன் உடையார்க்கு
"ஆற்றானை ஆற்றென் றலைப்பானும் அன்பின்றி
ஏற்றார்க்கு இயைவ கரப்பானும் கூற்றம்
வரவுண்மை சிந்தியா தானுமிம் மூவர்
நிரயத்துச் சென்றுவீழ் வார்",ஆற்றானை ஆற்று என்று அலைப்பானும் அன்பு இன்றி ஏற்றார்க்கு இயைவ கரப்பானும் கூற்றம் வரவு உண்மை சிந்தியாதானும் இம் மூவர் நிரயத்துச் சென்று வீழ்வார்
"கால்தூய்மை யில்லாக் கலிமாவும் காழ்கடிந்து
மேல்தூய்மை யில்லாத வெங்களிறும் சீறிக்
கறுவி வெகுண்டுரைப்பான் பள்ளிஇம் மூன்றும்
குறுகார் அறிவுடை யார்",கால்தூய்மை இல்லாக் கலி மாவும் காழ் கடிந்து மேல் தூய்மை இல்லாத வெங் களிறும் சீறிக் கறுவி வெகுண்டு உரைப்பான் பள்ளி இம் மூன்றும் குறுகார் அறிவுடையார்
"வைதலை இன்சொல்லாக் கொள்வானும் நெய்பெய்த
சோறென்று கூழை மதிப்பானும் ஊறிய
கைப்பதனைக் கட்டியேன்று உண்பானும் இம்மூவர்
மெய்ப்பொருள் கண்டுவாழ் வார்",வைததனை இன் சொல்லாக் கொள்வானும் நெய் பெய்த சோறு என்று கூழை மதிப்பானும் ஊறிய கைப்பதனைக் கட்டி என்று உண்பானும் இம் மூவர் மெய்ப் பொருள் கண்டு வாழ்வார்
"ஏவாது மாற்றும் இளங்கிளையும் காவாது
வைதெள்ளிச் சொல்லும் தலைமகனும் பொய்தெள்ளி
அம்மனை தேய்க்கும் மனையாளும் இம்மூவர்
இம்மைக்கு உறுதியில் லார்",ஏவியது மாற்றும் இளங் கிளையும் காவாது வைது எள்ளிச் சொல்லும் தலைமகனும் பொய் தெள்ளி அம் மனை தேய்க்கும் மனையாளும் இம் மூவர் இம்மைக்கு உறுதி இலார்
"கொள்பொருள் வெஃகிக் குடியலைக்கும் வேந்தனும்
உள்பொருள் சொல்லாச் சலமொழி மாந்தரும்
இல்லிருந்து எல்லை கடப்பாளும் இம்மூவர்
வல்லே மழையறுக்கும் கோள்",கொள் பொருள் வெஃகிக் குடி அலைக்கும் வேந்தனும் உள் பொருள் சொல்லாச் சல மொழி மாந்தரும் இல் இருந்து எல்லை கடப்பாளும் இம் மூவர் வல்லே மழை அருக்கும் கோள்
"தூர்ந்துஒழுகிக் கண்ணும் துணைகள் துணைகளே
சார்ந்தொழுகிக் கண்ணும் சலவர் சலவரே
ஈர்ந்தகல் இன்னாக் கயவர் இவர்மூவர்
தேர்ந்தக்கால் தோன்றும் பொருள்",தூர்ந்து ஒழுகிக்கண்ணும் துணைகள் துணைகளே சார்ந்து ஒழுகிக்கண்ணும் சலவர் சலவரே ஈர்ந்த கல் இன்னார் கயவர் இவர் மூவர் தேர்ந்தக்கால் தோன்றும் பொருள்
"கண்ணுக்கு அணிகலம் கண்ணோட்டம் காமுற்ற
பெண்ணுக் கணிகலம் நாணுடைமை நண்ணும்
மறுமைக் கணிகலம் கல்வி இம்மூன்றும்
குறியுடையார் கண்ணே யுள",கண்ணுக்கு அணிகலம் கண்ணோட்டம் காமுற்ற பெண்ணுக்கு அணிகலம் நாண் உடைமை நண்ணும் மறுமைக்கு அணிகலம் கல்வி இம் மூன்றும் குறியுடையோர்கண்ணே உள
"குருடன் மனையாள் அழகும் இருள்தீரக்
கற்றறிவு இல்லான் கதழ்ந்துரையும் பற்றிய
பண்ணின் தெரியாதான் யாழ்கேட்பும் இம்மூன்றும்
எண்ணின் தெரியாப் பொருள்",குருடன் மனையாள் அழகும் இருள் தீரக் கற்று அறிவில்லான் கதழ்ந்துரையும் பற்றிய பண்ணின் தெரியாதான் யாழ் கேட்பும் இம் மூன்றும் எண்ணின் தெரியாப் பொருள்
"தன்பயம் தூக்காரைச் சார்தலும் தாம்பயவா
நல்பயம் காய்வின்கண் கூறலும் பின்பயவாக்
குற்றம் பிறர்மேல் உரைத்தலும் இம்மூன்றும்
தெற்றெனவு இல்லார் தொழில்",தன் பயம் தூக்காரைச் சார்தலும் தான் பயவா நன் பயம் காய்வின்கண் கூறலும் பின் பயவாக் குற்றம் பிறர் மேல் உரைத்தலும் இம் மூன்றும் தெற்றெனவு இல்லார் தொழில்
"அருமறை காவாத நட்பும் பெருமையை
வேண்டாது விட்டுஒழிந்த பெண்பாலும் யாண்டானும்
செற்றம்கொண் டாடும் சிறுதொழும்பும் இம்மூவர்
ஒற்றாள் எனப்படு வார்",அரு மறை காவாத நட்பும் பெருமையை வேண்டாது விட்டு ஒழிந்த பெண்பாலும் யாண்டானும் செற்றம் கொண்டாடும் சிறு தொழும்பும் இம் மூவர் ஒன்றாள் எனப்படுவார்
"முந்தை எழுத்தின் வரவுணர்ந்து பிற்பாடு
தந்தையும் தாயும் வழிபட்டு வந்த
ஒழுக்கம் பெருநெறி சேர்தல் இம்மூன்றும்
விழுப்ப நெறிதூரா வாறு",முந்தை எழுத்தின் வரவு உணர்ந்து பிற்பாடு தந்தையும் தாயும் வழிபட்டு வந்த ஒழுக்கம் பெரு நெறி சேர்தல் இம் மூன்றும் விழுப்ப நெறி தூராவாறு
"கொட்டி அளந்தமையாப் பாடலும் தட்டித்துப்
பிச்சைபுக் குண்பான் பிளிற்றலும் துச்சிருந்தான்
ஆளும் கலங்கா முறுதலும் இம்மூன்றும்
கேள்வியுள் இன்னா தன",கொட்டி அளந்த அமையாப் பாடலும் தட்டித்துப் பிச்சை புக்கு உண்பான் பிளிற்றலும் துச்சிருந்தான் நாளும் கலாம் காமுறுதலும் இம் மூன்றும் கேள்வியுள் இன்னாதன
"பழமையை நோக்கி அளித்தல் கிழமையால்
கேளிர் உவப்பத் தழுவுதல் கேளிராய்த்
துன்னிய சொல்லால் இனம்திரட்டல் இம்மூன்றும்
மன்னற்கு இளையான் தொழில்",பழமையை நோக்கி அளித்தல் கிழமையால் கேளிர் உவப்பத் தழுவுதல் கேளிராத் துன்னிய சொல்லால் இனம் திரட்டல் இம் மூன்றும் மன்னர்க்கு இளையான் தொழில்
"கிளைஞர்க்கு உதவாதவன் செல்வமும் பைங்கூழ்
விளைவின்கண் போற்றான் உழவும் இளையனாய்க்
கள்ளுண்டு வாழ்வான் குடிமையும் இம்மூன்றும்
உள்ளன போலக் கெடும்",கிளைஞர்க்கு உதவாதான் செல்வமும் பைங் கூழ் விளைவின்கண் போற்றான் உழவும் இளையனாய்க் கள் உண்டு வாழ்வான் குடிமையும் இம் மூன்றும் உள்ளன போலக் கெடும்
"பேஎய்ப் பிறப்பிற் பெரும்பசியும் பாஅய்
விலங்கின் பிறப்பின் வெருவும் புலம்தெரியா
மக்கள் பிறப்பின் நிரப்பிடும்பை இம்மூன்றும்
துக்கப் பிறப்பாய் விடும்",பேஎய்ப் பிறப்பிற் பெரும் பசியும் பாஅய் விலங்கின் பிறப்பின் வெரூ உம் புலம் தெரியா மக்கட் பிறப்பின் நிரப்பி இடும்பை இம் மூன்றும் துக்கப் பிறப்பாய்விடும்
"ஐயறிவும் தம்மை அடைய ஒழுகுதல்
எய்துவது எய்தாமை முற்காத்தல் வைகலும்
மாறேற்கும் மன்னர் நிலைஅறிதல் இம்மூவர்
சீரேற்ற பேரமைச்சர் கோள்",ஐஅறிவும் தம்மை அடைய ஒழுகுதல் எய்துவது எய்தாமை முன் காத்தல் வைகலும் மாறு ஏற்கும் மன்னர் நிலை அறிதல் இம் மூன்றும் வீறு சால் பேர் அமைச்சர் கோள்
"நன்றிப் பயன்தூக்கா நாணிலியும் சான்றோர்முன்
மன்றில் கொடும்பா டுரைப்பானும் நன்றின்றி
வைத்த அடைக்கலங் கொள்வானும் இம்மூவர்
எச்சம் இழந்துவாழ் வார்",நன்றிப் பயன் தூக்கா நாண் இலியும் சான்றார் முன் மன்றில் கொடும்பாடு உரைப்பானும் நன்று இன்றி வைத்த அடைக்கலம் கொள்வானும் இம் மூவர் எச்சம் இழந்து வாழ்வார்
"நோவஞ்சா தாரொடு நட்பும் விருந்தஞ்சும்
ஈர்வளையை இல்லத் திருத்தலும் சீர்பயவாத்
தன்மையி லாளர் அயலிருப்பும் இம்மூன்றும்
நன்மை பயத்தல் இல",நேர்வு அஞ்சாதாரோடு நட்பும் விருந்து அஞ்சும் ஈர்வளையை இல்லத்து இருத்தலும் சீர் பயவாத் தன்மையிலாளர் அயல் இருப்பும் இம் மூன்றும் நன்மை பயத்தல் இல
"நல்விருந் தோம்பலின் நட்டாளாம் வைகலும்
இல்புறஞ் செய்தலின் ஈன்றதாய் தொல்குடியின்
மக்கள் பெறலின் மனைக்கிழத்தி இம்மூன்றும்
கற்புடையாள் பூண்ட கடன்",நல் விருந்து ஓம்பலின் நட்டாளாம் வைகலும் இல் புறஞ் செய்தலின் ஈன்ற தாய் தொல் குடியின் மக்கள் பெறலின் மனைக் கிழத்தி இம் மூன்றும் கற்புடையாள் பூண்ட கடன்
"அச்சம் அலைகடலின் தோன்றலும் ஆர்வுற்ற
விட்டகல கில்லாத வேட்கையும் கட்டிய
மெய்ந்நிலை காணா வெகுளியும் இம்மூன்றும்
தம்நெய்யில் தாம்பொரியு மாறு",அச்சம் அலை கடலின் தோன்றலும் ஆர்வு உற்ற விட்ட கலகில்லாத வேட்கையும் கட்டிய மெய்ந் நிலை காணா வெகுளியும் இம் மூன்றும் தம் நெய்யில் தாம் பொரியுமாறு
"கொழுநனை இல்லாள் கறையும் வழிநிற்கும்
சிற்றாளில் லாதான்கைம் மோதிரமும் பற்றிய
கோல்கோடி வாழும் அரசனும் இம்மூன்றும்
சால்போடு பட்டது இல",கொழுநனை இல்லாள் கறையும் வழி நிற்கும் சிற்றாள் இல்லாதான் கைம் மோதிரமும் பற்றிய கோல் கோடி வாழும் அரசும் இவை மூன்றும் சால்போடு பட்டது இல
"எதிர்நிற்கும் பெண்ணும் இயல்பில் தொழும்பும்
செயிர்நிற்கும் சுற்றமும் ஆகி மயிர்நரைப்ப
முந்தை பழவினையாய்த் தின்னும் இவைமூன்றும்
நொந்தார் செயக்கிடந்தது இல்",எதிர்நிற்கும் பெண்ணும் இயல்பு இல் தொழும்பும் செயிர் நிற்கும் சுற்றமும் ஆகி மயிர் நரைப்ப முந்தைப் பழ வினையாய்த் தின்னும் இவை மூன்றும் நொந்தார் செயக் கிடந்தது இல்
"இல்லார்க்கொன் றீயும் உடைமையும் இவ்வுலகில்
நில்லாமை யுள்ளும் நெறிப்பாடும் எவ்வுயிர்க்கும்
துன்புறுவ செய்யாத தூய்மையும் இம்மூன்றும்
நன்றறியும் மாந்தர்க்கு உள",இல்லார்க்கு ஒன்று ஈயும் உடைமையும் இவ் உலகின் நில்லாமை உள்ளும் நெறிப்பாடும் எவ் உயிர்க்கும் துன்புறுவ செய்யாத தூய்மையும் இம் மூன்றும் நன்று அறியும் மாந்தர்க்கு உள
"அருந்தொழில் ஆற்றும் பகடும் திருந்திய
மெய்ந்நிறைந்து நீடிருந்த கன்னியும் நொந்து
நெறிமாறி வந்த விருந்தும் இம்மூன்றும்
பெறுமா றரிய பொருள்",அருந்தொழில் ஆற்றும் பகடும் திருந்திய மெய் நிறைந்து நீடு இருந்த கன்னியும் நொந்து நெறி மாறி வந்த விருந்தும் இம் மூன்றும் பெறுமாறு அரிய பொருள்
"காவோ டறக்குளம் தொட்டானும் நாவினால்
வேதம் கரைகண்ட பார்ப்பானும் தீதிகந்து
ஒல்வதுபாத் துண்ணும் ஒருவனும் இம்மூவர்
செல்வர் எனப்படு வார்",காவோடு அறக் குளம் தொட்டானும் நாவினால் வேதம் கரை கண்ட பார்ப்பானும் தீது இகந்து ஒல்வது பாத்து உண்ணும் ஒருவனும் இம் மூவர் செல்வர் எனப்படுவார்
"உடுத்தாடை இல்லாதார் நீராட்டும் பெண்டிர்
தொடுத்தாண் டவைப்போர் புகலும் கொடுத்தளிக்கும்
ஆண்மை யுடையவர் நல்குரவும் இம்மூன்றும்
காண அரியவென் கண்",உடுத்தாடை இல்லாதார் நீராட்டும் பெண்டிர் தொடுத்தாண்டு அவைப் போர் புகலும் கொடுத்து அளிக்கும் ஆண்மை உடையவர் நல்குரவும் இம் மூன்றும் காண அரிய என் கண்
"நிறைநெஞ் சுடையானை நல்குர வஞ்சும்
அறனை நினைப்பானை அல்பொருள் அஞ்சும்
மறவனை எவ்வுயிரும் அஞ்சும் இம்மூன்றும்
திறவதில் தீர்ந்த பொருள்",நிறை நெஞ்சு உடையானை நல்குரவு அஞ்சும் அறனை நினைப்பானை அல் பொருள் அஞ்சும் மறவனை எவ் உயிரும் அஞ்சும் இம் மூன்றும் திறவதின் தீர்ந்த பொருள்
"இரந்துகொண் டொண்பொருள் செய்வல்என் பானும்
பரந்தொழுகும் பெண்பாலைப் பாசமென் பானும்
விரிகட லூடுசெல் வானும் இம்மூவர்
அரிய துணிந்துவாழ் வார்",இரந்துகொண்டு ஒண் பொருள் செய்வல் என்பானும் பரந்து ஒழுகும் பெண்பாலைப் பாசம் என்பானும் விரி கடலூடு செல்வானும் இம் மூவர் அரிய துணிந்து ஒழுகுவார்
"கொலைநின்று தின்றொழுகு வானும் பெரியவர்
புல்லுங்கால் தான்புல்லும் பேதையும் இல்லெனக்கொன்று
ஈகென் பவனை நகுவானும் இம்மூவர்
யாதும் கடைப்பிடியா தார்",கொலைநின்று தின்று ஒழுகுவானும் பெரியவர் புல்லுங்கால் தான் புல்லும் பேதையும் இல் எனக்கு ஒன்று ஈக என்பவனை நகுவானும் இம் மூவர் யாதும் கடைப்பிடியாதார்
"வள்ளன்மை பூண்டான்கண் செல்வமும் உள்ளத்து
உணர்வுடையான் ஓதிய நூலும் புணர்வின்கண்
தக்க தறியும் தலைமகனும் இம்மூவர்
பொத்தின்றிக் காழ்த்த மரம்",வள்ளன்மை பூண்டான்கண் செல்வமும் உள்ளத்து உணர்வுடையான் ஓதிய நூலும் புணர்வின்கண் தக்கது அறியும் தலைமகனும் இம் மூவர் பொத்து இன்றிக் காழ்த்த மரம்
"மாரிநாள் வந்த வருந்தும் மனம்பிறிதாய்க்
காரியத்திற் குன்றாக் கணிகையும் வீரியத்து
மாற்றம் மறுத்துரைக்கும் சேவகனும் இம்மூவர்
போற்றற்கு அரியார் புரிந்து",மாரி நாள் வந்த விருந்தும் மனம் பிறிதாக் காரியத்தில் குன்றாக் கணிகையும் வீரியத்து மாற்றம் மறுத்து உரைக்கும் சேவகனும் இம் மூவர் போற்றற்கு அரியார் புரிந்து
"கயவரைக் கையிகந்து வாழ்தல் நயவரை
நள்ளிருளும் கைவிடா நட்டொழுகல் தெள்ளி
வடுவான வாராமல் காத்தல் இம்மூன்றும்
குடிமா சிலார்க்கே உள",கயவரைக் கையிகந்து வாழ்தல் நயவரை நள் இருளும் கைவிடா நட்டு ஒழுகல் தெள்ளி வடுவான வாராமல் காத்தல் இம் மூன்றும் குடி மாசு இலார்க்கே உள
"தூய்மை உடைமை துணிவாம் தொழிலகற்றும்
வாய்மை உடைமை வனப்பாகும் தீமை
மனத்தினும் வாயினும் சொல்லாமை மூன்றும்
தவத்தில் தருக்கினார் கோள்",தூய்மை உடைமை துணிவு ஆம் தொழில் அகற்று வாய்மை உடைமை வனப்பு ஆகும் தீமை மனத்தினும் வாயினும் சொல்லாமை மூன்றும் தவத்தின் தருக்கினார் கோள்
"பழிஅஞ்சான் வாழும் பசுவும் அழிவினால்
கொண்ட அருந்தவம் விட்டானும் கொண்டிருந்து
இல்லஞ்சி வாழும் எருதும் இவர்மூவர்
நெல்லுண்டல் நெஞ்சிற்கோர் நோய்",பழி அஞ்சான் வாழும் பவுசும் அழிவினால் கொண்ட அருந் தவம் விட்டானும் கொண்டிருந்து இல் அஞ்சி வாழும் எருதும் இவர் மூவர் நெல் உண்டல் நெஞ்சிற்கு ஓர் நோய்
"தோள்வழங்கி வாழும் துறைபோல் கணிகையும்
நாள்கழகம் பார்க்கும் நயமிலாச் சூதனும்
வாசிகொண் டொண்பொருள் செய்வானும் இம்மூவர்
ஆசைக் கடலுள் ஆழ்வார்",தோள் வழங்கி வாழும் துறை போல் கணிகையும் நாள் கழகம் பார்க்கும் நயம் இலாச் சூதனும் வாசி கொண்டு ஒண் பொருள் செய்வானும் இம் மூவர் ஆசைக் கடலுள் ஆழ்வார்
"சான்றாருள் சான்றான் எனப்படுதல் எஞ்ஞான்றும்
தோய்ந்தாருள் தோய்ந்தான் எனப்படுதல் பாய்ந்தெழுந்து
கொள்ளாருள் கொள்ளாத கூறாமை இம்மூன்றும்
நல்லாள் வழங்கும் நெறி",சான்றாருள் சான்றான் எனப்படுதல் எஞ் ஞான்றும் தோய்ந்தாருள் தோய்ந்தான் எனப்படுதல் பாய்ந்து எழுந்து கொள்ளாருள் கொள்ளாத கூறாமை இம் மூன்றும் நல் ஆள் வழங்கும் நெறி
"உப்பின் பெருங்குப்பை நீர்படியின் இல்ஆகும்
நட்பின் கொழுமுளை பொய்வழங்கின் இல்ஆகும்
செப்பம் உடையார் மழையனையர் இம்மூன்றும்
செப்பநெறி தூரா வாறு",உப்பின் பெருங் குப்பை நீர் படின் இல்லாகும் நட்பின் கொழு முளை பொய் வழங்கின் இல்லாகும் செப்பம் உடையார் மழை அனையர் இம் மூன்றும் செப்ப நெறி தூராவாறு
"வாய்நன்கு அமையாக் குளனும் வயிறாரத்
தாய்முலை உண்ணாக் குழவியும் சேய்மரபில்
கல்விமாண் பில்லாத மாந்தரும் இம்மூவர்
நல்குரவு சேரப்பட் டார்",வாய் நன்கு அமையாக் குளனும் வயிறு ஆரத் தாய் முலை உண்ணாக் குழவியும் சேய் மரபின் கல்வி மாண்பு இல்லாத மாந்தரும் இம் மூவர் நல் குரவு சேரப்பட்டார்
"எள்ளப் படுமரபிற்று ஆகலும் உள்பொருளைக்
கேட்டு மறவாத கூர்மையும் முட்டின்றி
உள்பொருள் சொல்லும் உணர்ச்சியும் இம்மூன்றும்
உள்ளிய ஒற்றாள் குணம்",எள்ளப்படும் மரபிற்று ஆகலும் உள் பொருளைக் கேட்டு மறவாத கூர்மையும் முட்டு இன்றி உள் பொருள் சொல்லும் உணர்ச்சியும் இம் மூன்றும் ஒள்ளிய ஒற்றாள் குணம்
"அன்புப் பெருந்தளை யாப்பு நெகிழ்ந்தொழிதல்
கற்புப் பெரும்புணை காதலின் கைவிடுதல்
நட்பின் நயநீர்மை நீங்கல் இவைமூன்றும்
குற்றம் தரூஉம் பகை",அற்புப் பெருந் தளை யாப்பு நெகிழ்ந்து ஒழிதல் கற்புப் பெரும் புணை காதலின் கை விடுதல் நட்பின் நய நீர்மை நீங்கல் இவை மூன்றும் குற்றம் தரூஉம் பகை
"கொல்வது தானஞ்சான் வேண்டலும் கல்விக்கு
அகன்ற இனம்புகு வானும் இருந்து
விழுநிதி குன்றுவிப் பானும் இம்மூவர்
முழுமக்க ளாகற்பா லார்",கொல்வது தான அஞ்சான் வேண்டலும் கல்விக்கு அகன்ற இனம் புகுவானும் இருந்து விழு நிதி குன்று விப்பானும் இம் மூவர் முழு மக்கள் ஆகற்பாலார்
"பிணிதன்னைத் தின்னுங்கால் தான்வருந்து மாறும்
தணிவில் பெருங்கூற் றுயிருண்ணு மாறும்
பிணைசெல்வ மாண்பின்று இயங்கலிவை மூன்றும்
புணையின் நிலைகலக்கும் ஆறு",பிணி தன்னைத் தின்னுங்கால் தான் வருந்துமாறும் தணிவு இல் பெருங் கூற்று உயிர் உண்ணுமாறும் பிணைச் செல்வம் மாண்பு இன்று இயங்கல் இம் மூன்றும் புணை இல் நிலை கலக்குமாறு
"ஈதற்குச் செய்க பொருளை அறநெறி
சேர்தற்குச் செய்க பெருநூலை யாதும்
அருள்புரிந்து சொல்லுக சொல்லைஇம் மூன்றும்
இருள்உலகம் சேராத ஆறு",ஈதற்குச் செய்க பொருளை அற நெறி சேர்தற்குச் செய்க பெரு நூலை யாதும் அருள் புரிந்து சொல்லுக சொல்லை இம் மூன்றும் இருள் உலகம் சேராத ஆறு
"பெறுதிகண் பொச்சாந்து உரைத்தல் உயிரை
இறுதிக்கண் யாமிழந்தேம் என்றல் மறுவந்து
தன்னுடம்பு கன்றுங்கால் நாணுதல் இம்மூன்றும்
மன்னா உடம்பின் குறி",பெறுதிக்கண் பொச்சாந்து உரைத்தல் உயிரை இறுதிக்கண் யாம் இழந்தேம் என்றல் மறுவந்து தன் உடம்பு கன்றுங்கால் நாணுதல் இம் மூன்றும் மன்னா உடம்பின் தொழில்
"விழுத்திணைத் தோன்றா தவனும் எழுத்தினை
ஒன்றும் உணராத ஏழையும் என்றும்
இறந்துரை காமுறு வானும் இம்மூவர்
பிறந்தும் பிறவா தவர்",விழுத் திணைத் தோன்றாதவனும் எழுத்தினை ஒன்றும் உணராத ஏழையும் என்றும் இறந்துரை காமுறுவானும் இம் மூவர் பிறந்தும் பிறவாதவர்
"இருளாய்க் கழியும் உலகமும் யாதும்
தெரியா துரைக்கும் வெகுள்வும் பொருள்அல்ல
காதல் படுக்கும் விழைவும் இவைமூன்றும்
பேதைமை வாழும் உயிர்க்கு",இருளாய்க் கழியும் உலகமும் யாதும் தெருளாது உரைக்கும் வெகுள்வும் பொருள் அல்ல காதற்படுக்கும் விழைவும் இவை மூன்றும் பேதைமை வாழும் உயிர்க்கு
"நண்பில்லார் மாட்டு நசைக்கிழமை செய்வானும்
பெண்பாலைக் காப்பிகழும் பேதையும் பண்பில்
இழுக்கான சொல்லாடு வானும் இம்மூவர்
ஒழுக்கம் கடைப்பிடியா தார்",நண்பு இலார்மாட்டு நசைக் கிழமை செய்வானும் பெண்பாலைக் காப்பு இகழும் பேதையும் பண்பு இல் இழுக்கு ஆன சொல்லாடுவானும் இம் மூவர் ஒழுக்கம் கடைப்பிடியாதார்
"அறிவுஅழுங்கத் தின்னும் பசிநோயும் மாந்தர்
செறிவழங்கத் தோன்றும் விழைவும் செறுநரின்
வெவ்வுரை நோனா வெகுள்வும் இவைமூன்றும்
நல்வினை நீக்கும் படை",அறிவு அழுங்கத் தின்னும் பசி நோயும் மாந்தர் செறிவு அழுங்கத் தோன்றும் விழைவும் செறுநரின் வெவ் உரை நோனா வெகுள்வும் இவை மூன்றும் நல் வினை நீக்கும் படை
"கொண்டான் குறிப்பறிவான் பெண்டாட்டி கொண்டன
செய்வகை செய்வான் தவசி கொடிதொரீஇ
நல்லவை சொய்வான் அரசன் இவர்மூவர்
பெய்எனப் பெய்யும் மழை",கொண்டான் குறிப்பு அறிவாள் பெண்டாட்டி கொண்டன செய் வகை செய்வான் தவசி கொடிது ஒரீஇ நல்லவை செய்வான் அரசன் இவர் மூவர் பெய் எனப் பெய்யும் மழை
"ஐங்குரவர் ஆணை மறுத்தலும் ஆர்வுற்ற
எஞ்சாத நட்பினுள் பொய்வழக்கும் நெஞ்சமர்ந்த
கற்புடை யாளைத் துறத்தலும் இம்மூன்றும்
நற்புடையி லாளர் தொழில்",ஐங் குரவர் ஆணை மறுத்தலும் ஆர்வு உற்ற எஞ்சாத நட்பினுள் பொய் வழக்கும் நெஞ்சு அமர்ந்த கற்பு உடையாளைத் துறத்தலும் இம் மூன்றும் நற் புடையிலாளர் தொழில்
"செந்தீ முதல்வர் அறம்நினைந்து வாழ்தலும்
வெஞ்சின வேந்தன் முறைநெறியில் சேர்தலும்
பெண்பால் கொழுநன் வழிச்செலவும் இம்மூன்றும்
திங்கள்மும் மாரிக்கு வித்து",செந் தீ முதல்வர் அறம் நினைந்து வாழ்தலும் வெஞ் சின வேந்தன் முறை நெறியால் சேர்தலும் பெண்பால் கொழுநன் வழிச் செலவும் இம் மூன்றும் திங்கள் மும் மாரிக்கு வித்து
"கற்றாரைக் கைவிட்டு வாழ்தலும் காமுற்ற
பெட்டாங்கு செய்தொழுகும் பேதையும் முட்டின்றி
அல்லவை செய்யும் அலவலையும் இம்மூவர்
நல்லுலகம் சேரா தவர்",கற்றாரைக் கைவிட்டு வாழ்தலும் காமுற்று பெட்டாங்கு செய்து ஒழுகும் பேதையும் முட்டு இன்றி அல்லவை செய்யும் அலவலையும் இம் மூவர் நல் உலகம் சேராதவர்
"பத்திமை சான்ற படையும் பலர்தொகினும்
எத்துணையும் அஞ்சா எயிலரணும் வைத்துஅமைந்த
எண்ணின் உலவா விழுநிதியும் இம்மூன்றும்
மண்ணாகும் மேந்தர்க்கு உறுப்பு",பத்திமை சான்ற படையும் பலர் தொகினும் எத் திசையும் அஞ்சா எயில் அரணும் வைத்து அமைந்த எண்ணின் உலவா இரு நிதியும் இம் மூன்றும் மண் ஆளும் வேந்தர்க்கு உறுப்பு
"அறுநால்வ ராய்புகழ்ச் சேவடி யாற்றப்
பெறுநால்வர் பேணி வழங்கிப் பெறுநால்
மறைபுரிந்து வாழுமேல் மண்ணொழிந்து விண்ணோர்க்கு
இறைபுரிந்து வாழ்தல் இயல்பு",அறு நால்வர் ஆய் புகழ்ச் சேவடி ஆற்றப் பெறு நால்வர் பேணி வழங்கிப் பெறும் நான் மறை புரிந்து வாழுமேல் மண் ஒழிந்து விண்ணோர்க்கு இறை புரிந்து வாழ்தல் இயல்பு
"சென்ற புகழ்செல்வம் மீக்கூற்றம் சேவகம்
நின்ற நிலைகல்வி வள்ளன்மை என்றும்
வழிவந்தார் பூங்கோதாய் ஆறும் மறையின்
வழிவந்தார் கண்ணே வனப்பு",சென்ற புகழ் செல்வம் மீக்கூற்றம் சேவகம் நின்ற நிலை கல்வி வள்ளன்மை என்றும் அளி வந்து ஆர் பூங் கோதாய் ஆறும் மறையின் வழிவந்தார்கண்ணே வனப்பு
"கொலையுரியான்கொல்லான் புலால் மயங்கான் கூர்த்த
அலைபுரியான் வஞ்சியான் யாதும் நிலைதிரியான்
மண்ணவர்க்கும் அன்றி மதுமலிபூங் கோதாய்
விண்ணவர்க்கும் மேலாய் விடும்",கொலை புரியான் கொல்லான் புலால் மயங்கான் கூர்த்த அலைபுரியான் வஞ்சியான் யாதும் நிலை திரியான் மண்ணவர்க்கும் அன்றி மது மலி பூங் கோதாய் விண்ணவர்க்கும் மேலாய்விடும்
"தவம்எளிது தானம் அரிதுக் கார்க்கேல்
அவம்அரிது ஆதல் எளிதால் அவமிலா
இன்பம் பிறழின் இயைஎளிது மற்றதன்
துன்பம் துடைத்தல் அரிது",தவம் எளிது தானம் அரிது தக்கார்க்கேல் அவம் அரிது ஆதல் எளிதால் அவம் இலா இன்பம் பிறழின் இயைவு எளிது மற்று அதன் துன்பம் துடைத்தல் அரிது
"இடர்த்தீர்த்தல் எள்ளாமை கீழினஞ்சே ராமை
படர்தீர்த்தல் யார்க்கும் பழிப்பின் நடைதீர்த்தல்
கண்டவர் காமுறுஞ் சொல்காணின் கல்வியின்கண்
விண்டவர்நூல் வேண்டா விடும்",இடர் தீர்த்தல் எள்ளாமை கீழ் இனம் சேராமை படர் தீர்த்தல் யார்க்கும் பழிப்பின் நடை தீர்த்தல் கண்டவர் காமுறும் சொல் காணின் கலவியின்கண் விண்டவர் நூல் வேண்டாவிடும்
"தனக்கென்றும் ஓர்பாங்கன் பொய்யான்மெய் யாக்கும்
எனக்கென்று இயையான்யா தொன்றும் புனர்க்கொன்றை
போலும் இழையார்சொல் தேறான் களியானேல்
சாலும் பிறநூலின் சார்பு",தனக்கு என்றும் ஓர் பாங்கன் பொய்யான் மெய் ஆக்கும் எனக்கு என்று இயையான் யாது ஒன்றும் புனக் கொன்றை போலும் இழையார் சொல் தேறான் களியானேல் சாலும் பிற நூலின் சார்பு
"நிறையுடைமை நீர்மை யுடைமை கொடையே
பொறையுடைமை பொய்ம்மை புலாற்கண் மறையுடைமை
வேயன்ன தோளாய் இவையுடையான் பல்லுயிர்க்கும்
தாயன்னன் என்னத் தகும்",நிறை உடைமை நீர்மை உடைமை கொடையே பொறை உடைமை பொய்ம்மை புலாற்கண் மறை உடைமை வேய் அன்ன தோளாய் இவை உடையான் பல் உயிர்க்கும் தாய் அன்னன் என்னத் தகும்
"இன்சொல் அளாவல் இடம்இனிதூண் யாவர்க்கும்
வன்சொல் களைந்து வகுப்பானேல் மென்சொல்
முருந்தேய்க்கும் முட்போல் எயிற்றினாய் நாளும்
விருந்தேற்பர் விண்ணோர் விரைந்து",இன்சொல் அளாவல் இடம் இனிது ஊண் யாவர்க்கும் வன்சொல் களைந்து வகுப்பானேல் மென் சொல் முருந்து ஏய்க்கும் முள் போல் எயிற்றினாய் நாளும் விருந்து ஏற்பர் விண்ணோர் விரைந்து
"உடன்படான் கொல்லான் உடன்றார்நோய் தீர்ந்து
மடம்படான் மாண்டார்நூல் மாண்ட இடம்பட
நோக்கும்வாய் நோக்கி நுழைவானேல் மற்றவனை
ஆக்குமவர் ஆக்கும் அணைந்து",உடன்படான் கொல்லான் உடன்றார் நோய் தீர்ந்து மடம் படான் மாண்டார் நூல் மாண்ட இடம் பட நோக்கும் வாய் நோக்கி நுழைவானேல் மற்று அவனை யாக்குமவர் யாக்கும் அணைந்து
"கற்றாரைக் கற்ற துணையார் எனமதியார்
உற்றாரை அன்னணம் ஓராமல் அற்றார்கட்கு
உண்டி உறையுள் உடுக்கை இவைஈந்தார்
பண்டிதராய் வாழ்வார் பயின்று",கற்றாரைக் கற்றது உணரார் என மதியார் உற்றாரை அன்னணம் ஓராமல் அற்றார்கட்கு உண்டி உறையுள் உடுக்கை இவை ஈந்தார் பண்டிதராய் வாழ்வார் பயின்று
"செங்கோலான் கீழ்க்குடிகள் செல்வமும் சீரிலா
வெங்கோலான் கீழ்க்குடிகள் வீந்துகவும் வெங்கோல்
அமைச்சர் தொழிலும் அறியலம்ஒன்று ஆற்ற
எனைத்தும் அறியாமை யான்",செங் கோலான் கீழ்க் குடிகள் செல்வமும் சீர் இலா வெங் கோலான் கீழ்க் குடிகள் வீந்து உகவும் வெங் கோல் அமைச்சர் தொழிலும் அறியலம் ஒன்று ஆற்ற எனைத்தும் அறியாமையான்
"அவாஅறுக்கல் உற்றான் தளரான்அவ் ஐந்தின்
அவாஅறுப்பின் ஆற்ற அமையும் அவாஅறான்
ஆகும் அவனாயின் ஐங்களிற்றின் ஆட்டுண்டு
போகும் புழையுள் புலந்து",அவா அறுக்கல் உற்றான் தளரான் அவ் ஐந்தின் அவா அறுப்பின் ஆற்ற அமையும் அவா அறான் ஆகும் அவனாயின் ஐங் களிற்றின் ஆட்டுண்டு போகும் புழையுள் புலந்து
"கொலைக்களம் வார்குத்துச் சூதாடும் எல்லை
அலைக்களம் போர்யானை ஆக்கும் நிலைக்களம்
முச்சா ரிகைஒதுங்கும் ஓரிடத்தும் இன்னவை
நச்சாமை நோக்காமை நன்று",கொலைக் களம் வார் குத்து சூது ஆடும் எல்லை அலைக் களம் போர் யானை ஆக்கும் நிலைக்களம் முச் சாரிகை ஒதுங்கும் ஓர் இடத்தும் இன்னவை நச்சாமை நோக்காமை நன்று
"விளையாமை உண்ணாமை ஆடாமை ஆற்ற
உளையாமை உட்குடைத்தா வென்று களையாமை
நூற்பட்டார் பூங்கோதாய் நோக்கின் இவையாறும்
பாற்பட்டார் கொண்டொழும் பண்பு",விளையாமை உண்ணாமை ஆடாமை ஆற்ற உளையாமை உட்குடைத்தா வேறல் களையாமை நூல் பட்டு ஆர் பூங்கோதாய் நோக்கின் இவை ஆறும் பாற்பட்டார் கொண்டு ஒழுகும் பண்பு
"பொய்யான் புலாலொடு கட்போக்கித் தீயன
செய்யான் சிறியார் இனஞ்சேரான் வையான்
கயலியல்உண் கண்ணாய் கருதுங்கால் என்றும்
அயல அயலவாம் நூல்",பொய்யான் புலாலொடு கள் போக்கி தீயன செய்யான் சிறியார் இனம் சேரான் வையான் கயல் இயல் உண் கண்ணாய் கருதுங்கால் என்றும் அயல அயலவர் நூல்
"கண்போல்வார்க் காயாமை கற்றார் இனஞ்சேர்தல்
பண்போல் கிளவியார்ப் பற்றாமை பண்போலும்
சொல்லார்க்கு அருமறைசோ ராமை சிறிதெனினும்
இல்லார்க்கு இடர்தீர்த்தல் நன்று",கண் போல்வார்க் காயாமை கற்றார் இனம் சேர்தல் பண் போல் கிளவியார்ப் பற்றாமை பண் போலும் சொல்லார்க்கு அரு மறை சோராமை சிறிது எனினும் இல்லார்க்கு இடர் தீர்த்தல் நன்று
"துறந்தார்கண் துன்னித் துறவார்கு இடுதல்
இறந்தார்க்கு இனிய இசைத்தல் இறந்தார்
மறுதலை சுற்றம் மதித்தோம்பு வானேல்
இறுதலில் வாழ்வே இனிது",துறந்தார்கண் துன்னி துறவார்க்கு இடுதல் இறந்தார்க்கு இனிய இசைத்தல் இறந்தார் மறுதலை சுற்றம் மதித்து ஓம்புவானேல் இறுதல் இல் வாழ்வே இனிது
"குடியோம்பல் வன்கண்மை நூல்வன்மை கூடம்
மடியோம்பும் ஆற்றல் உடைமை முடியோம்பி
நாற்றம் சுவைகேள்வி நல்லார் இனஞ்சேர்தல்
தேற்றானேல் தேறும் அமைச்சு",குடி ஓம்பல் வன்கண்மை நூல் வன்மை கூடம் மடி ஓம்பும் ஆற்றல் உடைமை முடி ஓம்பி நாற்றம் சுவை கேள்வி நல்லார் இனம் சேர்தல் தேற்றானேல் தேறும் அமைச்சு
"போகம் பொருள்கேடு மான்வேட்டம் பொல்லாக்கள்
சோகம் படுஞ்சூதே சொல்வன்மை சோகக்
கடுங்கதத்துத் தண்டம் அடங்காமை காப்பின்
அடுங்கதமில் ஏனை அரசு",போகம் பொருள் கேடு மான் வேட்டம் பொல்லாக் கள் சோகம் படும் சூதே சொல்வன்மை சோகக் கடுங் கதத்துத் தண்டம் அடங்காமை காப்பின் அடும் கதம் இல் ஏனை அரசு
"கொல்லான் கொலைபுரியான் பொய்யான் பிறர்மனைமேல்
செல்லான் சிறியார் இனஞ்சேரான் சொல்லும்
மறையின் செவியிலன் தீச்சொற்கண் மூங்கை
இறையில் பெரியாற்கு இவை",கொல்லான் கொலை புரியான் பொய்யான் பிறர் பொருள்மேல் செல்லான் சிறியார் இனம் சேரான் சொல்லும் மறையில் செவி இலன் தீச் சொற்கண் மூங்கை இறையில் பெரியாற்கு இவை
"மின்னேர் இடையார்சொல் தேறான் விழைவோரான்
கொன்னே வெகுளான் கொலைபுரியான் பொன்னே
உறுப்பறுத் தன்ன கொடையுவப்பான் தன்னின்
வெறுப்பறுத்தான் விண்ணகத்தும் இல்",மின் நேர் இடையார் சொல் தேறான் விழைவு ஓரான் கொன்னே வெகுளான் கொலை புரியான் பொன்னே உறுப்பு அறுத்தன்ன கொடை உவப்பான் தன்னின் வெறுப்பு அறுத்தான் விண்ணகத்தும் இல்
"இளமை கழியும் பிணிமூப்பு இயையும்
வளமை வலிஇவை வாடும் உளநாளால்
பாடே புரியாது பால்போலும் சொல்லினாய்
வீடே புரிதல் வீதி",இளமை கழியும் பிணி மூப்பு இயையும் வளமை வலி இவை வாடும் உள நாளால் பாடே புரியாது பால் போலும் சொல்லினாய் வீடே புரிதல் வீதி
"வாள்அஞ்சான் வன்கண்மை அஞ்சான் வனப்பஞ்சான்
ஆள்அஞ்சான் ஆம்பொருள் தானஞ்சான் நாள்எஞ்சாக்
காலன் வரஒழிதல் காணின்வீ டெய்திய
பாவின்நூல் எய்தப் படும்",வாள் அஞ்சான் வன்கண்மை அஞ்சான் வனப்பு அஞ்சான் ஆள் அஞ்சான் ஆம் பொருள்தான் அஞ்சான் நாள் எஞ்சாக் காலன் வரவு ஒழிதல் காணின் வீடு எய்திய பாவின் நூல் எய்தப்படும்
"குணநோக்கான் கூழ்நோக்கான் கோலமும் நோக்கான்
மணநோக்கான் மங்கலமும் நோக்கான் கணநோக்கான்
கால்காப்பு வேண்டான் பெரியார்நூல் காலற்கு
வாய்காப்புக் கோடல் வனப்பு",குணம் நோக்கான் கூழ் நோக்கான் கோலமும் நோக்கான் மணம் நோக்கான் மங்கலமும் நோக்கான் கணம் நோக்கான் கால் காப்பு வேண்டான் பெரியார் நூல் காலற்கு வாய் காப்புக் கோடல் வனப்பு
"பிணிபுறப்பு மூப்போடு சாக்காடு துன்பம்
தணிவில் நிரப்பிவை தாழா அணியின்
அரங்கின்மேல் ஆடுநர்போல் ஆகாமல் நன்றாம்
நிரம்புமேல் வீட்டு நெறி",பிணி பிறப்பு மூப்பொடு சாக்காடு துன்பம் தணிவு இல் நிரப்பு இவை தாழா அணியின் அரங்கின்மேல் ஆடுநர்போல் ஆகாமல் நன்று ஆம் நிரம்புமேல் வீட்டு நெறி
"பாடகஞ் சாராமை பாத்திலார் தாம்விழையும்
நாடகஞ் சாராமை நாடுங்கால் நாடகம்
சேர்ந்தால் பகைபழி தீச்சொல்லே சாக்காடே
தீர்ந்தால்போல் தீரா வரும்",பாடு அகம் சாராமை பாத்திலார்தாம் விழையும் நாடகம் சாராமை நாடுங்கால் நாடகம் சேர்ந்தால் பகை பழி தீச்சொல்லே சாக்காடே தீர்ந்தாற்போல் தீரா வரும்
"மாண்டமைந்துஆ ராய்ந்த மதிவனப்பே வன்கண்மை
ஆண்டமைந்த கல்வியே சொல்லாற்றல் பூண்டமைந்த
காலம் அறிதல் கருதுங்கால் தூதுவர்க்கு
ஞாலம் அறிந்த புகழ்",மாண்டு அமைந்தார் ஆய்ந்த மதி வனப்பே வன்கண்மை ஆண்டு அமைந்த கல்வியே சொல் ஆற்றல் பூண்டு அமைந்த காலம் அறிதல் கருதுங்கால் தூதுவர்க்கு ஞாலம் அறிந்த புகழ்
"அஃகுநீ செய்யல் எனஅறிந்து ஆராய்ந்தும்
வெஃகல் வெகுடலே தீக்காட்சி வெஃகுமான்
கள்ளத்த அல்ல கருதின் இவைமூன்றும்
உள்ளத்த ஆக உரை",அஃகு நீ செய்யல் எனஅறிந்து ஆராய்ந்தும் வெஃகல் வெகுடலே தீக் காட்சி வெஃகுமான் கள்ளத்த அல்ல கருதின் இவை மூன்றும் உள்ளத்த ஆக உணர்
"மையேர் தடங்கண் மயிலன்னாய் சாயலே
மெய்யே உணர்ந்தார் மிகஉரைப்பர் பொய்யே
குறளை கடுஞ்சொல் பயனிலசொல் நான்கும்
மறலையின் வாயினவாம் மற்று",மை ஏர் தடங் கண் மயில் அன்ன சாயலாய் மெய்யே உணர்ந்தார் மிக உரைப்பர் பொய்யே குறளை கடுஞ் சொல் பயன் இல் சொல் நான்கும் மறலையின் வாயினவாம் மற்று
"நிலையளவின் நின்ற நெடியவர்தாம் நேரா
கொலைகளவு காமத்தீ வாழ்க்கை அலையளவி
மையெனநீள் கண்ணாய் மறுதலைய இம்மூன்றும்
மெய்யள வாக விதி",நிலை அளவின் நின்ற நெடியவர்தாம் நேரா கொலை களவு காமத் தீ வாழ்க்கை அலை அளவி மை என நீள் கண்ணாய் மறுதலைய இம் மூன்றும் மெய் அளவு ஆக விதி
"மாண்டவர் மாண்ட அறிவினால் மக்களைப்
பூண்டவர்ப் போற்றிப் புரக்குங்கால் பூண்ட
ஓளரதனே கேத்திரசன் காணீனன் கூடன்
கிரிதன்பென கற்பவன் பேர்",மாண்டவர் மாண்ட அறிவினால் மக்களைப் பூண்டு அவர்ப் போற்றிப் புரக்குங்கால் பூண்ட ஒளரதனே கேத்திரசன் கானீனன் கூடன் கிரிதன் பௌநற்பவன் பேர்
"மத்த மயிலன்ன சாயலாய்மன்னிய சீர்த்
தத்தன் சகோடன் கருத்திரமன் புத்திரி
புத்ரனப வித்தனோடு பொய்யில் உருகிருதன்
இத்திறத்த எஞ்சினோர் பேர்",மத்த மயில் அன்ன சாயலாய் மன்னிய சீர்த் தத்தன் சகோடன் கிருத்திரமன் புத்திரி புத்ரன் அபவித்தனொடு பொய் இல் உருகிருதன் இத் திறத்த எஞ்சினார் பேர்
"உரையான் குலன்குடிமை ஊனம் பிறரை
உரையான் பொருளொடுவாழ்வு ஆயு உரையானாய்ப்
பூவாதி வண்டுதேர்ந்து உண்குழலாய் ஈத்துண்பான்
தேவாதி தேவனாய்த் தேறு",உரையான் குலன் குடிமை ஊனம் பிறரை உரையான் பொருளொடு வாழ்வு ஆயு உரையானாய் பூ ஆதி வண்டு தேர்ந்து உண் குழலாய் ஈத்து உண்பான் தேவாதி தேவனாத் தேறு
"பொய்யுரையான் வையான் புறங்கூறான் யாவரையும்
மெய்யுரையான் உள்ளனவும் விட்டுரையான் எய்யுரையான்
கூந்தல் மயிலன்னாய் குழீஇயவான் விண்ணோர்க்கு
வேந்தனாம் இவ்வுலகம் விட்டு",பொய் உரையான் வையான் புறங்கூறான் யாவரையும் மெய் உரையான் உள்ளனவும் விட்டு உரையான் எய் உரையான் கூந்தல் மயில் அன்னாய் குழீஇய வான் விண்ணோர்க்கு வேந்தனாம் இவ் உலகம் விட்டு
"சிதையுரையான் செற்றம் உரைய சீறில்லான்
இயல்புரையான் ஈனம் உரையாள் நசையவர்க்குக்
கூடுவது ஈவானைக் கொவ்வைபோல் செவ்வாயாய்
நாடுவர் விண்ணோர் நயந்து",சிதை உரையான் செற்றம் உரையான் சீறு இல்லான் இயல்பு உரையான் ஈனம் உரையான் நசையவர்க்குக் கூடுவது ஈவானை கொவ்வைபோல் செவ் வாயாய் நாடுவர் விண்ணோர் நயந்து
"துறந்தார் துறவாதார் துப்பிலார் தோன்றார்
இறந்தார்ஈ டற்றார் இளையர் சிறந்தவர்க்கும்
பண்ணாரும் சொல்லாய் பழியில்ஊண் பாற்படுத்தான்
மண்ணாளும் மன்னாய் மற்று",துறந்தார் துறவாதார் துப்பு இலார் தோன்றாது இறந்தார் ஈடு அற்றார் இனையர் சிறந்தவர்க்கும் பண் ஆளும் சொல்லாய் பழி இல் ஊண் பாற்படுத்தான் மண் ஆளும் மன்னாய் மற்று
"காலில்லார் கண்ணில்லார் நாவில்லார் யாரையும்
பாலில்லார் பற்றிய நூலில்லார் சாலவும்
ஆழப் படும்ஊண் அமைத்தார் இமையவரால்
வீழப் படுவார் விரைந்து",கால் இல்லார் கண் இல்லார் நா இல்லார் யாரையும் பால் இல்லார் பற்றிய நூல் இல்லார் சாலவும் ஆழப் படும் ஊண் அமைத்தார் இமையவரால் வீழப்படுவார் விரைந்து
"அழப்போகான் அஞ்சான் அலறினால் கேளான்
எழப்போகான் ஈடற்றார் என்றும் தொழப்போகான்
என்னேஇக் காலன்ஈடு ஓரான் தவமுயலான்
கொன்னே யிருத்தல் குறை",அழப் போகான் அஞ்சான் அலறினால் கேளான் எழப் போகான் ஈடு அற்றார் என்றும் தொழப் போகான் என்னே இக் காலன் நீடு ஓரான் தவம் முயலான் கொன்னே இருத்தல் குறை
"எழுத்தினால் நீங்காது எண்ணால்ஒழியாது ஏத்தி
வழுத்தினால் மாறாது மாண்ட ஒழுக்கினால்
நேராமை சால உணர்வார் பெருந்தவம்
போகாமை சாலப் புலை",எழுத்தினால் நீங்காது எண்ணால் ஒழியாது ஏத்தி வழுத்தினால் மாறாது மாண்ட ஒழுக்கினால் நேராமை சால உணர்வார் பெருந் தவம் போகாமை சாலப் புலை
"சாவதுஎளிது அரிது சான்றாண்மை நல்லது
மேவல்எளிது அரிது மெய்போற்றல் ஆவதன்கண்
சேறல் எளிது நிலையரிது தெள்ளியராய்
வேறல்எளிது அரிது சொல்",சாவது எளிது அரிது சான்றாண்மை நல்லது மேவல் எளிது அரிது மெய் போற்றல் ஆவதன்கண் சேறல் எளிது நிலை அரிது தெள்ளியர் ஆய் வேறல் எளிது அரிது சொல்
"உலையாமை உற்றதற்கு ஓடி உயிரை
அலையாமை ஐயப் படாமை நிலையாமை
தீர்க்கும்வாய் தேர்ந்து பசியுண்டு நீக்குவான்
நோக்கும்வாய் விண்ணின் உயர்வு",உலையாமை உற்றதற்கு ஓடி உயிரை அலையாமை ஐயப்படாமை நிலையாமை தீர்க்கும் வாய் தேர்ந்து பசி உண்டி நீக்குவான் நோக்கும் வாய் விண்ணின் உயர்வு
"குறுகான் சிறியாரைக் கொள்ளான் புலால்பொய்
மறுகான் பிறர்பொருள் வெளவான் இறுகானாய்
ஈடு அற்றவர்கு ஈவா னாயின்நெறிநூல்கள்
பாடிறப்ப பன்னும் இடத்து",குறுகான் சிறியாரை கொள்ளான் புலால் பொய் மறுகான் பிறர் பொருள் வெளவான் இறுகானாய் ஈடு அற்றவர்க்கு ஈவான் ஆயின் நெறி நூல்கள் பாடு இறப்ப பன்னும் இடத்து
"கொல்லான் உடன்படான் கொல்வார் இனஞ்சேரான்
புல்லான் பிறர்பால் புலான்மயங்கல் செல்லான்
குடிப்படுத்துக் கூழ்ஈந்தான் கொல்யானை ஏறி
அடிப்படுப்பான் மண்ஆண்டு அரசு",கொல்லான் உடன்படான் கொல்வார் இனம் சேரான் புல்லான் பிறர் பால் புலால் மயங்கல் செல்லான் குடிப் படுத்துக் கூழ் ஈந்தான் கொல் யானை ஏறி அடிப் படுப்பான் மண் ஆண்டு அரசு
"சூது உவவான்பேரான்கலா வு உரையான்யார்திறத்தும்
வாது உவவான்மாதரார் சொல்தேறான் காதுதாழ்
வான்மகர வார்குழையாய் மாதவர்க்கு ஊண்ஈந்தான்
தான்மகர வாய்மாடத் தான்",சூது உவவான் பேரான் சுலா உரையான் யார்திறத்தும் வாது உவவான் மாதரார் சொல் தேறான் காது தாழ் வான் மகர வார் குழையாய் மா தவர்க்கு ஊண் ஈந்தான் தான் மகர வாய் மாடத்தான்
"பொய்யான்பொய் மேவான் புலால்உண்ணான் யாவரையும்
வையான் வழிசீத்து வால்அடிசில் நையாதே
ஈத்துண்பான் ஆகும் இருங்கடல்சூழ் மண்ணரசாய்ப்
பாத்துண்பான் ஏத்துண்பான் பாடு",பொய்யான் பொய் மேவான் புலால் உண்ணான் யாவரையும் வையான் வழி சீத்து வால் அடிசில் நையாதே ஈத்து உண்பான் ஆகும் இருங் கடல் சூழ் மண் அரசாய்ப் பாத்து உண்பான் ஏத்து உண்பான் பாடு
"இழுக்கான் இயல்நெறி இன்னாத வெஃகான்
வழுக்கான் மனைபொருள் வெளவான் ஒழுக்கத்தால்
செல்வான் செயிரில்ஊண் ஈவான் அரசாண்டு
வெல்வான் விடுப்பான் விரைந்து",இழுக்கான் இயல் நெறி இன்னாத வெஃகான் வழுக்கான் மனை பொருள் வெளவான் ஒழுக்கத்தால் செல்வான் செயிர் இல் ஊண் ஈவான் அரசு ஆண்டு வெல்வான் விடுப்பான் விரைந்து
"களியான்கள் ளுண்ணான் களிப்பாரைக் காணான்
ஒளியான் விருந்துக்கு உலையான் எளியாரை
எள்ளான்நீத் துண்பானேல் ஏதமில் மண்ணாண்டு
கொள்வான் குடிவாழ்வான் கூர்ந்து",களியான் கள் உண்ணான் களிப்பாரைக் காணான் ஒளியான் விருந்திற்கு உலையான் எளியாரை எள்ளான் ஈத்து உண்பானேல் ஏதம் இல் மண் ஆண்டு கொள்வான் குடி வாழ்வான் கூர்ந்து
"பெரியார்சொல் பேணிப் பிறழாது நின்று
பரியா அடியார்ப் பறியான் கரியார்சொல்
தேறான் இயையான் தெளிந்தடிசில் ஈத்துண்பான்
மாறான்மண் ஆளுமாம் மற்று",பெரியார் சொல் பேணி பிறழாது நின்று பரியா அடியார்ப் பறியான் கரியார் சொல் தேறான் இயையான் தெளிந்து அடிசில் ஈத்து உண்பான் மாறான் மண் ஆளுமாம் மற்று
"வேற்றரவம் சேரான் விருந்தொழியான் தன்இல்லுள்
சோற்றரவம் சொல்லியுண் பானாயின் மாற்றரவம்
கேளான் கிளைஓம்பின் கேடில் அரசனாய்
வாளான்மண் ணாண்டு வரும்",வேற்று அரவம் சேரான் விருந்து ஒளியான் தன் இல்லுள் சோற்று அரவம் சொல்லி உண்பான் ஆயின் மாற்று அரவம் கேளான் கிளை ஓம்பின் கேடு இல் அரசனாய் வாளால் மண் ஆண்டு வரும்
"யானை குதிரைபொன் கன்னியே ஆணிரையோடு
ஏனை ஒழிந்த இவையெல்லாம் ஆன்நெய்யால்
எண்ணனாய் மாதவர்க்கு ஊண்ஈந்தான் வைசிர
வண்ணனாய் வாழ்வான் வகுத்து",யானை குதிரை பொன் கன்னியே ஆணிரையோடு ஏனை ஒழிந்த இவை எல்லாம் ஆன் நெய்யால் எண்ணன் ஆய் மா தவர்க்கு ஊண் ஈந்தான் வைசிர வண்ணன் ஆய் வாழ்வான் வகுத்து
"எள்ளே பருத்தியே எண்ணெய் உடுத்தாடை
வள்ளே துணியே இவற்றோடு கொள்ளென
அன்புற்று அசனம் கொடுத்தான் துணையினோடு
இன்புற்று வாழ்வான் இயைந்து",எள்ளே பருத்தியே எண்ணெய் உடுத்தாடை வள்ளே துணியே இவற்றோடு கொள் என அன்புற்று அசனம் கொடுத்தான் துணையினோடு இன்புற்று வாழ்வான் இயைந்து
"உண்ணீர் வளம்குளம் கூவல் வழிப்புரை
தண்ணீரை அம்பலந்தான் பாற்படுத்தான் பண்ணீர
பாடலோடு ஆடல் பயின்றுயிர் செல்வானாய்க்
கூடலொடு ஊடலுளான் கூர்ந்து",உண் நீர் வளம் குளம் கூவல் வழிப் புரை தண்ணீரே அம்பலம் தான் பாற்படுத்தான் பண் நீர பாடலொடு ஆடல் பயின்று உயர் செல்வனாய் கூடலொடு ஊடல் உளான் கூர்ந்து
"இல்லிழந்தார் கண்ணிழந்தார் ஈண்டியசெல் வம்இழந்தார்
நெல்லிழந்தார் ஆணிரை தான்இழந்தார்க்கு எல்உழந்து
பண்ணியூண் ஈந்தவர் பல்யானை மன்னராய்
எண்ணிஊண் ஆர்வார் இயைந்து",இல் இழந்தார் கண் இழந்தார் ஈண்டிய செல்வம் இழந்தார் நெல் இழந்தார் ஆன் நிரைதான் இழந்தார்க்கு எல் உழந்து பண்ணி ஊண் ஈய்ந்தவர் பல் யானை மன்னராய் எண்ணி ஊண் ஆர்வார் இயைந்து
"கடம்பட்டார் காப்பில்லார் கைத்தில்லார் தங்கான்
முடம்பட்டார் மூத்தார்மூப் பில்லார்க்கு உடம்பட்டு
உடையராய் இல்லுள்ஊண் ஈத்துண்பார் மண்மேல்
படையராய் வாழ்வார் பயின்று",கடம் பட்டார் காப்பு இல்லார் கைத்து இல்லார் தம் கால் முடம் பட்டார் மூத்தார் மூப்பு இல்லார்க்கு உடம் பட்டு உடையராய் இல்லுள் ஊண் ஈத்து உண்பார் மண்மேல் படையராய் வாழ்வார் பயின்று
"பார்ப்பார் பசித்தார் தவசிகள் பாலர்கள்
கார்ப்பார் தமையாதும் காப்பிலார் தூப்பால
நிண்டாரால் எண்ணாது நீத்தவர் மண்ணாண்டு
பண்டாரம் பற்றவாழ் வார்",பார்ப்பார் பசித்தார் தவசிகள் பாலர்கள் கார்ப்பார் தமை யாதும் காப்பு இலார் தூப் பால நிண்டாரால் எண்ணாது நீத்தவர் மண் ஆண்டு பண்டாரம் பற்ற வாழ்வார்
"ஈன்றார்ஈன் கால்தளர்வார் சூலார் குழவிகள்
மான்றார் வளியான் மயங்கினார்க்கு ஆனார்என்று
ஊண்ஈய்த்து உறுநோய் களைந்தார் பெருஞ்செல்வம்
காண்ஈய்த்து வாழ்வார் கலந்து",ஈன்றார் ஈன்கால் தளர்வார் சூலார் குழவிகள் மான்றார் வளியான் மயங்கினார்க்கு ஆனார் என்று ஊண் ஈய்த்து உறு நோய் களைந்தார் பெருஞ் செல்வம் காண் ஈய்த்து வாழ்வார் கலந்து
"தலையாளர் தாப்பாளர் தாழ்ந்தவர் பெண்டீர்
உளையாளர் ஊண்ஒன்றும் இல்லார் கிளைஞராய்
மாவலந்த நோக்கினாய் ஊண்ஈய்ந்தபர் மாக்கடால்சூழ்
நாவலம்தீவு ஆள்வாரே நன்கு",தளையாளர் தாப்பாளர் தாழ்ந்தவர் பெண்டிர் உளையாளர் ஊண் ஒன்றும் இல்லார் கிளைஞராய் மா அலந்த நோக்கினாய் ஊண் ஈய்ந்தார் மாக் கடல் சூழ் நாவலம்தீவு ஆள்வாரே நன்கு
"கருஞ்சிரங்கு வெண்தொழுநோய் கல்வளி காயும்
பெருஞ்சிரங்கு பேர்வயிற்றுத் தீயார்க்கு அருஞ்சிரமம்
ஆற்றிஊண்ஈத்து அவை தீர்த்தார் அரசராய்ப்
போற்றிஊண் உண்பார் புரந்து",கருஞ் சிரங்கு வெண் தொழு நோய் கல் வளி காயும் பெருஞ் சிரங்கு பேர் வயிற்றுத் தீயார்க்கு அருஞ் சிரமம் ஆற்றி ஊண் ஈத்து அவை தீர்த்தார் அரசராய்ப் போற்றி ஊண் உண்பார் புரந்து
"காமாடார் காமியார் கல்லார் இனஞ்சேரார்
ஆமாடார் ஆயந்தார் நெறிநின்று தாமாடாது
ஏற்றாரை இன்புற ஈய்ந்தார்முன் இம்மையான்
மாற்றாரை மாற்றிவாழ் வார்",காமாடார் காமியார் கல்லார்இனம் சேரார் ஆம் ஆடார் ஆயந்தார் நெறி நின்று தாம் ஆடாது ஏற்றாரை இன்புற ஈய்ந்தார் முன் இம்மையான் மாற்றாரை மாற்றி வாழ்வார்
"வணங்கி வழியொழுகி மாண்டார்சொல் கொண்டு
நுணங்கியநூல் நோக்கி நுழையா இணங்கிய
பால்நோக்கி வாழ்வான் பழிஇல்லா மன்னனாய்
நூல்நோக்கி வாழ்வான் நுனித்து",வணங்கி வழி ஒழுகி மாண்டார் சொல் கொண்டு நுணங்கிய நூல் நோக்கி நுழையா இணங்கிய பால் நோக்கி வாழ்வான் பழி இல்லா மன்னனாய் நூல் நோக்கி வாழ்வான் நுனித்து
"பெருமை புகழ்அறம் பேணாமை சீற்றம்
அருமைநூல் சால்பில்லார் சாரின் இருமைக்கும்
பாவம் பழிபகை சாக்காடே கேடச்சம்
சாபம்போல் சாருஞ் சலித்து",பெருமை புகழ் அறம் பேணாமை சீற்றம் அருமை நூல் சால்பு இல்லார்ச் சாரின் இருமைக்கும் பாவம் பழி பகை சாக்காடே கேடு அச்சம் சாபம்போல் சாரும் சலித்து
"ஆர்வமே செற்றம் கதமே அறையுங்கால்
ஒர்வமே செய்யும் உலோபமே சீர்சாலா
மானமே மேய உயிர்க்கு ஊனம்என்னுமே
ஊனமே தீர்ந்தவர் ஒத்து",ஆர்வமே செற்றம் கதமே அறையுங்கால் ஒர்வமே செய்யும் உலோபமே சீர்சாலா மானமே மாய உயிர்க்கு ஊனம் என்னுமே ஊனமே தீர்ந்தவர் ஒத்து
"கூத்தும் விழவும் மணமும் கொலைக்களமும்
ஆர்த்த முனையுள்ளம் வேறிடத்தும் ஒத்தும்
ஒழுக்கம் உடையவர் செல்லாரே செல்லின்
இழுக்கம் இழவும் தரும்",கூத்தும் விழவும் மணமும் கொலைக் களமும் ஆர்த்த முனையுள்ளும் வேறு இடத்தும் ஒத்தும் ஒழுக்கம் உடையவர் செல்லாரே செல்லின் இழுக்கம் இழவும் தரும்
"ஊணொடு கூறை எழுத்தாணி புத்தகம்
பேணொடும் எண்ணும் எழுத்திலை மாணொடு
கேட்டெழுதி ஓதிவாழ்வார்க்கு ஈய்ந்தார் இம்மையான்
வேட்டெழுத வாழ்வார் விரிந்து",ஊணொடு கூறை எழுத்தாணி புத்தகம் பேணொடும் எண்ணும் எழுத்து இவை மாணொடு கேட்டு எழுதி ஓதி வாழ்வார்க்கு ஈய்ந்தார் இம்மையான் வேட்டு எழுத வாழ்வார் விரிந்து
"உயர்ந்தான் தலைவனென்று ஒப்புடைத்தான் நோக்கி
உயர்ந்தான்நூல் ஓதி ஒடுங்கி உயர்ந்தான்
அருந்தவம் ஆற்றச் செயின்வீடாம் என்றார்
பெருந்தவம் செய்தார் பெரிது",உயர்ந்தான் தலைவன் என்று ஒப்புடைத்தா நோக்கி உயர்ந்தான் நூல் ஓதி ஒடுங்கி உயர்ந்தான் அருந் தவம் ஆற்றச் செயின் வீடு ஆம் என்றார் பெருந் தவம் செய்தார் பெரிது
"காலனார் ஈடறுத்தால் காண்குறின் முற்றுணர்ந்த
பாலனார் நூலமர்ந்து பாராது வாலிதா
ஊறுபாடு இல்லா உயர்தவம் தான்புரியின்
ஏறுமோ மேலுலகம் ஓர்ந்து",காலனார் ஈடு அறுத்தல் காண்குறின் முற்று உணர்ந்த பாலனார் நூல் அமர்ந்து பாராது வாலிதா ஊறுபாடு இல்லா உயர் தவம் தான் புரியின் ஏறுமாம் மேல் உலகம் ஓர்ந்து
"பொய்தீர் புலவர் பொருள்புரிந்து ஆராய்ந்த
மைதீர் உயர்கதியின் மாண்புரைப்பின் மைதீர்
சுடரின்று சொல்லின்று மாறின்று சோர்வின்று
இடரின்று இனிதுயிலும் இன்று",பொய் தீர் புலவர் பொருள் புரிந்து ஆராய்ந்த மை தீர் உயர் கதியின் மாண்பு உரைப்பின் மை தீர் சுடர் இன்று சொல் இன்று மாறு இன்று சோர்வு இன்று இடர் இன்று இனி துயிலும் இன்று
"கூரம்பு வெம்மணல் ஈர்மணி தூங்கலும்
ஈரும்புகையிரு ளோடு இருள்நூல் ஆராய்ந்து
அழிகதி இம்முறையான் ஆன்றார் அறைந்தார்
இழிகதி இம்முறையான் ஏழு",கூர் அம்பு வெம் மணல் ஈர் மணி தூங்கலும் ஈரும் புகை இருளோடு இருள் நூல் ஆராய்ந்து அழி கதி இம் முறையான் ஆன்றார் அறைந்தார் இழி கதி இம் முறையான் ஏழு
"சாதல் பொருள்கொடுத்தல் இன்சொல் புணர்வுலத்தல்
நோதல் பிரிவில் கவறலே ஓதலின்
அன்புடையார்க்கு உள்ளன ஆறு குணமாக
மென்புடையார் வைத்தார் விரித்து",சாதல் பொருள் கொடுத்தல் இன்சொல் புணர்வு உவத்தல் நோதல் பிரிவில் கவறலே ஓதலின் அன்புடையார்க்கு உள்ளன ஆறு குணம் ஆக மென்புடையார் வைத்தார் விரித்து
"எடுத்தல் முடக்கல் நிமிர்த்தல் நிலையே
படுத்தலோடு ஆடல் பகரின் அடுத்துயிர்
ஆறு தொழிலென்று அறைந்தார் உயர்ந்தவர்
வேறு தொழிலாய் விரித்து",எடுத்தல் முடக்கல் நிமிர்த்தல் நிலையே படுத்தலோடு ஆடல் பகரின் அடுத்து உயிர் ஆறு தொழில் என்று அறைந்தார் உயர்ந்தவர் வேறு தொழிலாய் விரித்து
"ஐயமே பிச்சை அருந்தவர்க்கு ஊண்ஆடை
ஐயமே இன்றி அறிந்து ஈந்தான்வையமும்
வானும் வரிசையால் தானாளும் நாளுமே
ஈனமே இன்றி இனிது",ஐயமே பிச்சை அருந் தவர்க்கு ஊண் ஆடை ஐயமே இன்றி அறிந்து ஈந்தான் வையமும் வானும் வரிசையால் தான் ஆளும் நாளுமே ஈனமே இன்றி இனிது
"நடப்பார்க்கு ஊண்நல்ல பொறைதாங்கி னார்க்குஊண்
கிடப்பார்க்கு ஊண்கேளிர்க்கு ஊண்கேடின்று உடல்சார்ந்த
வானகத்தார்க்கு ஊணே மறுதலையார்க்கு ஊண்அமைத்தான்
தானகத்தே வாழ்வான் தக",நடப்பார்க்கு ஊண் நல்ல பொறை தாங்கினார்க்கு ஊண் கிடப்பார்க்கு ஊண் கேளிர்க்கு ஊண் கேடு இன்று உடல் சார்ந்த வானகத்தார்க்கு ஊணே மறுதலையார்க்கு ஊண் அமைத்தான் தான் அகத்தே வாழ்வான் தக
"உணராமை யால்குற்றம் ஒத்தான் வினையாம்
உணரான் வினைப்பிறப்புச் செய்யும் உணராத
தொண்டுஇருந் துன்பம் தொடரும் பிறப்பினால்
மண்டிலமும் ஆகும் மதி",உணராமையால் குற்றம் ஒத்தான் வினை ஆம் உணரான் வினைப் பிறப்புச் செய்யும் உணராத தொண்டு இருந் துன்பம் தொடரும் பிறப்பினான் மண்டிலமும் ஆகும் மதி
"மனைவாழ்க்கை மாதவம் என்றிரண்டும் மாண்ட
வினைவாழ்க்கை யாக விழைப மனைவாழ்க்கை
பற்றுதல் இன்றி விடுதல்முன் சொல்லுமேல்
பற்றுதல் பாத்தில் தவம்",மனை வாழ்க்கை மா தவம் என்று இரண்டும் மாண்ட வினை வாழ்க்கை ஆக விழைப மனை வாழ்க்கை பற்றுதல் இன்றி விடுதல் முன் சொல்லும் மேல் பற்றுதல் பாத்து இல் தவம்
"இடைவனப்பும் தோள்வனப்பும் ஈடில் வனப்பும்
நடைவனப்பும் நாணின் வனப்பும் புடைசால்
கழுத்தின் வனப்பும் வனப்பல்ல எண்ணோடு
எழுத்தின் வனப்பே வனப்பு",இடை வனப்பும் தோள் வனப்பும் ஈடின் வனப்பும் நடை வனப்பும் நாணின் வனப்பும் புடை சால் கழுத்தின் வனப்பும் வனப்பு அல்ல எண்ணோடு எழுத்தின் வனப்பே வனப்பு
"அறுவர்தம் நூலும் அறிந்துணர்வு பற்றி
மறுவரவு மாறான நீக்கி மறுவரவின்
மாசா ரியனா மறுதலைச்சொல் மாற்றுதலே
ஆசா ரியனது அமைவு",அறுவர் தம் நூலும் அறிந்து உணர்வு பற்றி மறு வரவு மாறு ஆய நீக்கி மறு வரவின் மா சாரியனா மறுதலைச் சொல் மாற்றுதலே ஆசாரியனது அமைவு
"ஒல்லுவ நல்ல உருவவேற் கண்ணினாய்
வல்லுவ நாடி வகையினால் சொல்லின்
கொடையினார் போகம் சுவர்க்கம் தவத்தால்
அடையாத் தவத்தினால் வீடு",ஒல்லுவ நல்ல உருவ மேற் கண்ணினாய் வல்லுவ நாடி வகையினால் சொல்லின் கொடையினால் போகம் சுவர்க்கம் தவத்தால் அடையாத் தவத்தினால் வீடு
"நாற்கதியும் துன்ப நவைதீர்த்தல் வேண்டுவான்
பாற்கதியின் பாற்பட ஆராய்ந்து நூற்கதியின்
எல்லை உயர்த்தார்தவமுயலின்மூன்று ஐந்து ஏழ்
வல்லைளீடு ஆகும் வகு",நாற் கதியும் துன்பம் நவை தீர்த்தல் வேண்டுவான் பாற்கதியின் பாற்பட ஆராய்ந்து நூற் கதியின் எல்லை உயர்ந்தார் தவம் முயலின் மூன்று ஐந்து ஏழ் வல்லை வீடு ஆகும் வகு
"தாயிழந்த பிள்ளை தலையிழந்த பெண்டாட்டி
வாயிழந்த வாழ்வினார் வாணிகம் போயிழந்தார்
கைத்தூண் பொருளிழந்தார் கண்ணிலவர்க்கு ஈந்தார்
வைத்து வழங்கிவாழ் வார்",தாய் இழந்த பிள்ளை தலை இழந்த பெண்டாட்டி வாய் இழந்த வாழ்வினார் வாணிகம் போய் இழந்தார் கைத்து ஊண் பொருள் இழந்தார் கண்ணிலவர்க்கு ஈய்ந்தார் வைத்து வழங்கி வாழ்வார்
"சாக்காடு கேடு பகைதுன்பம் இன்பமே
நாக்காடு நாட்டறை போக்குமென நாக்காட்ட
நட்டார்க்கு இயையின் தமக்கியைந்த கூறுஉடம்
பட்டார்வாய்ப் பட்டது பண்பு",சாக்காடு கேடு பகை துன்பம் இன்பமே நாக்கு ஆடு நாட்டு அறைபோக்கும் என நாக் காட்ட நட்டார்க்கு இயையின் தமக்கு இயைந்த கூறு உடம்பு அட்டார்வாய்ப் பட்டது பண்பு
"புலையாளர் புண்பட்டார் கண்கெட்டார் போக்கில்
நிலையாளர் நீர்மை இழந்தார் தலையாளர்க்கு
ஊண்கொடுத்து ஊற்றாய் உதவினார் மன்னராய்க்
காண்கொடுத்து வாழ்வார் கலந்து",புலையாளர் புண்பட்டார் கண் கெட்டார் போக்கு இல் நிலையாளர் நீர்மை இழந்தார் தலையாளர்க்கு ஊண் கொடுத்து ஊற்றாய் உதவினார் மன்னராய்க் காண் கொடுத்து வாழ்வார் கலந்து
"இல்லறநூல் ஏற்ற துறவறநூல் ஏயுங்கால்
சொல்லறநூல் சோர்வின்றித் தொக்குரைத்து நல்ல
அணிமேதை யாய்நல்ல வீட்டு நெறியும்
கணிமேதை செய்தான் கலந்து",இல்லற நூல் ஏற்ற துறவற நூல் ஏயுங்கால் சொல் அற நூல் சோர்வு இன்றித் தொக்கு உரைத்து நல்ல அணி மேதை ஆய் நல்ல வீட்டு நெறியும் கணிமேதை செய்தான் கலந்து
"பொருகடல் வண்ணன் புனைமார்பிற் றார்போல்
திருவில் விலங்கூன்றித் தீம்பொழல் தாழ
வருதும் எனமொழிந்தார் வாரார்கொல் வானங்
கருவிருந் தாலிக்கும் போழ்து",பொரு கடல் வண்ணன் புனை மார்பில் தார்போல் திருவில் விலங்கு ஊன்றி தீம் பெயல் தாழ வருதும் என மொழிந்தார் வாரார்கொல் வானம் கரு இருந்து ஆலிக்கும் போழ்து
"கடுங்கதிர் நல்கூரக் கார்செல்வ மெய்த
நெடுங்காடு நேர்சினை யீனக் கொடுங்குழாய்
இன்னே வருவர் நமரென் றெழில்வானம்
மின்னு மவர்தூ துரைத்து",கடுங் கதிர் நல்கூர கார் செல்வம் எய்த நெடுங் காடு நேர் சினை ஈன கொடுங்குழாய் இன்னே வருவர் நமர் என்று எழில் வானம் மின்னும் அவர் தூது உரைத்து
"வரிநிறப் பாதிரி வாட வளிபோழ்ந்
தயிர்மணற் றண்புறவி னாலி புரள
உருமிடி வான மிழிய வெழுமே
நெருந லொருத்தி திறத்து",வரி நிறப் பாதிரி வாட வளி போழ்ந்து அயிர் மணல் தண் புறவின் ஆலி புரள உரும் இடி வானம் இழிய எழுமே நெருநல் ஒருத்தி திறத்து
"ஆடு மகளிரின் மஞ்ஞை யணிகொளக்
காடுங் கடுக்கை கவின்பெறப் பூத்தன
பாடுவண் டூதும் பருவம் பணைத்தோளி
வாடம பசலை மருந்து",ஆடு மகளிரின் மஞ்ஞை அணி கொள காடும் கடுக்கை கவின் பெறப் பூத்தன பாடு வண்டு ஊதும் பருவம் பணைத் தோளி வாடும் பசலை மருந்து
"இகழுநர் சொல்லஞ்சிச் சென்றார் வருதல்
பகழிபோ லுண்கண்ணாய் பொய்யன்மை யீண்டைப்
பவழஞ் சிதறி யவைபோலக் கோபந்
தவழுந் தகைய புறவு",இகழுநர் சொல் அஞ்சிச் சென்றார் வருதல் பகழிபோல் உண் கண்ணாய் பொய் அன்மை ஈண்டைப் பவழம் சிதறியவை போலக் கோபம் தவழும் தகைய புறவு
"தொடியிட வாற்றா தொலைந்ததோ ணோக்கி
வடுவிடைப் போழ்ந்தகன்ற கண்ணாய் வருந்தல்
கடிதிடி வான முரறு நெடுவிடைச்
சென்றாரை நீடன்மி னென்று",தொடி இட ஆற்றா தொலைந்த தோள் நோக்கி வடு இடைப் போழ்ந்து அகன்ற கண்ணாய் வருந்தல் கடிது இடி வானம் உரறும் நெடு இடைச் சென்றாரை நீடல்மின் என்று
"நச்சியார்க் கீதலு நண்ணார்த் தெறுதலுந்
தற்செய்வான் சென்றார்த் தரூஉந் தளரியலாய்
பொச்சாப் பிலாத புகழ்வேள்வித் தீப்போல
எச்சாரு மின்னு மழை",நச்சியார்க்கு ஈதலும் நண்ணார்த் தெறுதலும் தற் செய்வான் சென்றார்த் தரூஉம் தளரியலாய் பொச்சாப்பு இலாத புகழ் வேள்வித் தீப் போல எச் சாரும் மின்னும் மழை
"மண்ணியன் ஞாலத்து மன்னும் புகழ்வேண்டிப்
பெண்ணிய னல்லாய் பிரிந்தார் வால்கூறும்
கண்ணிய லஞ்சனங் தோய்ந்தபோற் காயாவும்
நுண்ணுரும் பூழ்த்த புறவு",மண் இயல் ஞாலத்து மன்னும் புகழ் வேண்டி பெண் இயல் நல்லாய் பிரிந்தார் வரல் கூறும் கண் இயல் அஞ்சனம் தோய்ந்தபோல் காயாவும் நுண் அரும்பு ஊழ்த்த புறவு
"உருவினை கண்மலர்போற் பூத்தன கார்க்கோற்
றெரிவனப் புற்றன தோன்றி வரிவளை
முன்கை யிறப்பத் துறந்தார் வரல்கூறும்
இன்சொற் பலவு முரைத்து",கருவிளை கண் மலர்போல் பூத்தன கார்க்கு ஏற்று எரி வனப்பு உற்றன தோன்றி வரி வளை முன்கை இறப்பத் துறந்தார் வரல் கூறும் இன் சொல் பலவும் உரைத்து
"வானேறு வானத் துரற வயமுரண்
ஆனேற் றொருத்த லதனோ டெதிர்செறுப்பக்
கான்யாற் றொலியிற் கடுமான்றே ரென்றோழி
மேனி தளிர்ப்ப வரும்",வான் ஏறு வானத்து உரற வய முரண் ஆன் ஏற்று ஒருத்தல் அதனோடு எதிர் செறுப்பக் கான் யாற்று ஒலியின் கடு மான் தேர் என் தோழி மேனி தளிர்ப்ப வரும்
"புணர்தரு செல்வந் தருபாக்குச் சென்றார்
வணரொலி யைம்பாலாய் வல்வருதல் கூறும்
அணர்த்தெழு பாம்பின் றலைபோற் புணர்கோடல்
பூங்குலை யீன்ற புறவு",புணர்தரு செல்வம் தருபாக்குச் சென்றார் வணர் ஒலி ஐம்பாலாய் வல் வருதல் கூறும் அணர்த்து எழு பாம்பின் தலைபோல் புணர் கோடல் பூங் குலை ஈன்ற புறவு
"மையெழி லுண்கண் மயிலன்ன சாயலாய்
ஐயந்தீர் காட்சி யவர்வருதல் திண்ணிதாம்
நெய்யணி குஞ்சரம் போல விருங்கொண்மூ
வைகலு மேரும் வலம்",மை எழில் உண் கண் மயில் அன்ன சாயலாய் ஐயம் தீர் காட்சி அவர் வருதல் திண்ணிதாம் நெய் அணி குஞ்சரம் போல இரும் கொண்மூ வைகலும் ஏரும் வலம்
"ஏந்தெழி லல்குலா யேமார்ந்த காதலர்
கூந்தல வனப்பிற் பெயறாழ வேந்தர்
களிறெறி வாளரவம் போலக்கண் வெளவி
ஒளிறுபு மின்னு மழை",ஏந்து எழில் அல்குலாய் ஏமார்ந்த காதலர் கூந்தல் வனப்பின் பெயல் தாழ வேந்தர் களிறு எறி வாள் அரவம் போலக் கண் வெளவி ஒளிறுபு மின்னும் மழை
"செல்வந் தரவேண்டிச் சென்றநங் காதலர்
வல்லே வருத றெளிந்தாம் வயங்கிழாய்
முல்லை யிலங்கெயி றீன நறுந்தண்கார்
மெல்ல வினிய நகும்",செல்வம் தரல் வேண்டிச் சென்ற நம் காதலர் வல்லே வருதல் தெளிந்தாம் வயங்கிழாய் முல்லை இலங்கு எயிறு ஈன நறுந் தண் கார் மெல்ல இனிய நகும்
"திருந்திழாய் காதலர் தீர்குவ ரல்லர்
குருந்தின் குவியிண ருள்ளுறை யாகத்
திருந்தி னிளிவண்டு பாட விருந்தும்பி
இன்குழ லூதும் பொழுது",திருந்திழாய் காதலர் தீர்குவர் அல்லர் குருந்தின் குவி இணர் உள் உறை ஆகத் திருந்து இன் இளி வண்டு பாட இருந் தும்பி இன் குழல் ஊதும் பொழுது
"கருங்குயில் கையற மாமயி லாலப்
பெருங்கலி வான முரறும் பெருந்தோள்
செயலை யிளந்தளி ரன்னநின் மேனிப்
பசலை பழங்கூண் கொள்",கருங் குயில் கையற மா மயில் ஆல பெருங் கலி வானம் உரறும் பெருந்தோள் செயலை இளந் தளிர் அன்ன நின் மேனிப் பயலை பழங்கண் கொள
"அறைக்க லிறுவரைமேற் பாம்பு சவட்டிப்
பறைக்குர லேறோடு பெளவம் பருகி
உறைத்திருள் கூர்ந்தன்று வானம் பிறைத்தகை
கொண்டன்று பேதை நுதல்",அறைக் கல் இறு வரைமேல் பாம்பு சவட்டி பறைக் குரல் ஏறொடு பெளவம் பருகி உறைத்து இருள் கூர்ந்தன்று வானம் பிறைத் தகை கொண்டன்று பேதை நுதல்
"கல்பயில் கானங் கடந்தார் வரவாங்கே
நல்லிசை யேறொடு வான நடுநிற்பச்
செல்வர் மனம்போற் கவினீன்ற நல்கூர்ந்தார்
மேனிபோற் புல்லென்ற காடு",கல் பயில் கானம் கடந்தார் வர ஆங்கே நல் இசை ஏறொடு வானம் நடு நிற்ப செல்வர் மனம்போல் கவின் ஈன்ற நல்கூர்ந்தார் மேனிபோல் புல்லென்ற காடு
"நாஞ்சில் வலவ னிறம்போலப் பூஞ்சினைச்
செங்கான் மராஅந் தகைந்தன பைங்கோற்
றொடிபொலி முன்கையாள் தோடுணையா வேண்டி
நெடுவிடைச் சென்றதென் னெஞ்சு",நாஞ்சில் வலவன் நிறம் போலப் பூஞ் சினைச் செங் கால் மராஅம் தகைந்தன பைங் கோல் தொடி பொலி முன் கையாள் தோள் துணையா வேண்டி நெடு இடைச் சென்றது என் நெஞ்சு
"வீறுசால் வேந்தன் வினையு முடிந்தன
ஆறும் பதமினிய வாயின ஏறோ
டருமணி நாக மனுங்கச் செருமன்னர்
சேனைபோற் செல்லு மழை",வீறு சால் வேந்தன் வினையும் முடிந்தன ஆறும் பதம் இனிய ஆயின ஏறொடு அரு மணி நாகம் அனுங்க செரு மன்னர் சேனைபோல் செல்லும் மழை
"பொறிமாண் புனைதிண்டேர் போந்த வழியே
சிறுமுல்லைப் போதெல்லாஞ் செவ்வி நறுநுதற்
செல்வ மழைந்தடங்கட் சின்மொழிப் பேதைவாய்
முள்ளெயி றேய்ப்ப வடிந்து",பொறி மாண் புனை திண் தேர் போந்த வழியே சிறு முல்லைப் போது எல்லாம் செவ்வி நறு நுதல் செல்வ மழைத் தடங் கண் சில் மொழி பேதை வாய் முள் எயிறு ஏய்ப்ப வடிந்து
"இளையரு மீர்ங்கட் டயர வுளையணிந்து
புல்லுண் கலிமாவும் பூட்டிய நல்லார்
இளநலம் போலக் கவினி வளமுடையார்
ஆக்கம்போற் பூத்தன காடு",இளையரும் ஈரங் கட்டு அயர உளை அணிந்து புல் உண் கலி மாவும் பூட்டிய நல்லார் இள நலம் போலக் கவினி வளம் உடையார் ஆக்கம்போல் பூத்தன காடு
"கண்டிரண் முத்தங் கடுப்பப் புறவெல்லாந்
தண்டுளி யாலி புரளப் புயல்கான்று
கொண்டெழில் வானமுங் கொண்டன் றெவன்கொலோ
ஒண்டொடி யூடும் நிலை",கண் திறள் முத்தம் கடுப்பப் புறவு எல்லாம் தண் துளி ஆலி புரள புயல் கான்று கொண்டு எழில் வானமும் கொண்டன்று எவன் கொலோ ஒண்டொடி ஊடும் நிலை
"எல்லா வினையுங் கிடப்ப வெழுநெஞ்சே
கல்லோங்கு கானங் களிற்றின் மதநாறும்
பல்லிருங் கூந்தல் பணிநோனாள் கார்வானம்
மெல்லவுந் தோன்றும் பெயல்",எல்லா வினையும் கிடப்ப எழு நெஞ்சே கல் ஓங்கு கானம் களிற்றின் மதம் நாறும் பல் இருங் கூந்தல் பனி நோனாள் கார் வானம் எல்லியும் தோன்றும் பெயல்
"கருங்கால் வரகின் பொரிப்போ லரும்புவிழ்ந்
தீர்ந்தண் புறவிற் றெறுழிவீ மலர்ந்தன
சேர்ந்தன செய்குறி வாரா ரவரென்று
கூர்ந்த பசலை யவட்கு",கருங் கால் வரகின் பொரிப்போல் அரும்பு அவிழ்ந்து ஈர்ந் தண் புறவில் தெறுழ் வீ மலர்ந்தன சேர்ந்தன செய் குறி வாரார் அவர் என்று கூர்ந்த பசலை அவட்கு
"நலமிகு கார்த்திகை நாட்டவ ரிட்ட
தலைநாள் விளக்கிற் றகையுடைய வாகிப்
புலமெலாம் பூத்தன தோன்றி சிலமொழி
தூதொடு வந்த மழை",நலம் மிகு கார்த்திகை நாட்டவர் இட்ட தலை நாள் விளக்கின் தகை உடையவாகி புலம் எலாம் பூத்தன தோன்றி சிலமொழி தூதொடு வந்த மழை
"முருகியம்போல் வான முழங்கி யிரங்கக்
குருகிலை பூத்தன கானம் பிரிவெண்ணி
உள்ளா தகன்றாரென் றூடியாம் பாராட்டப்
பள்ளியுட் பாயும் பசப்பு",முருகியம்போல் வானம் முழங்கி இரங்க குருகிலை பூத்தன கானம் பிரிவு எண்ணி உள்ளாது அகன்றார் என்று ஊடி யாம் பாராட்ட பள்ளியுள் பாயும் பசப்பு
"இமிழிசை வானம் முழங்கக் குமிழின்பூப்
பொன்செய் குழையிற்றுணர் தூங்கத் தண்பதஞ்
செவ்வி யுடைய சுரநெஞ்சே காதலியூர்
கவ்வை யழுங்கச் செலற்கு",இமிழ் இசை வானம் முழங்க குமிழின் பூப் பொன் செய் குழையின் துணர் தூங்க தண் பதம் செல்வி உடைய சுரம் நெஞ்சே காதலி ஊர் கவ்வை அழுங்கச் செலற்கு
"பொங்கரு ஞாங்கர் மலர்ந்தன தங்காத்
தகைவண்டு பாண்முரலுங் கானம் பகைகொண்ட
லெவ்வெத் திசைகளும் வந்தன்று சேறுநாஞ்
செவ்வி யுடைய கரம்",பொங்கரும் ஞாங்கர் மலர்ந்தன தங்காத் தகை வண்டு பாண் முரலும் கானம் பகை கொண்டல் எவ்வெத் திசைகளும் வந்தன்று சேறும் நாம் செவ்வி உடைய சுரம்
"வரைமல்க வானஞ் சிறப்ப வுறைபோழ்ந்
திருநிலந் தீம்பெய றாழ விரைநாற
ஊதை யுளரு நறுந்தண்கா பேதை
பெருமட நம்மாட் டுரைத்து",வரை மல்க வானம் சிறப்ப உறை போழ்ந்து இரு நிலம் தீம் பெயல் தாழ விரை நாற ஊதை உளரும் நறுந் தண் கா பேதை பெரு மடம் நம்மாட்டு உரைத்து
"கார்ச்சே ணிகந்த கரைமருங்கி னீர்ச்சேர்ந்
தெருமை யெழிலே றெறிபவர் சூடிச்
செருமிகு மள்ளரிற் செம்மாக்குஞ் செவ்வி
திருநுதற் கியாஞ்செய் குறி",கார்ச் சேண் இகந்த கரை மருங்கின் நீர்ச் சேர்ந்து எருமை எழில் ஏறு எறி பவர் சூடி செரு மிகு மள்ளரின் செம்மாக்கும் செவ்வி திருநுதற்கு யாம் செய் குறி
"கடாஅவுக பாகதேர் காரோடக் கண்டே
கெடாஅப் புகழ்வேட்கைச் செல்வர் மனம்போற்
பாடஅ மகிழ்வண்டு பாண்முரலுங் கானம்
பிடாஅப் பெருந்தகை நற்கு",கடாஅவுக பாக தேர் கார் ஓடக் கண்டே கெடாஅப் புகழ் வேட்கைச் செல்வர் மனம்போல் படாஅ மகிழ் வண்டு பாண் முரலும் கானம் பிடாஅப் பெருந்தகை நற்கு
"கடனீர் முகந்த கமஞ்சூ லெழிலி
குடமலை யாகத்துக் கொள்ளப் பிறைக்கும்
இடமென வாங்கே குறிசெய்தேம் பேதை
மடமொழி யெவ்வங் கெட",கடல் நீர் முகந்த கமஞ் சூல் எழிலி குடமலை ஆகத்து கொள் அப்பு இறைக்கும் இடம் என ஆங்கே குறி செய்தேம் பேதை மடமொழி எவ்வம் கெட
"விரிதிரை வெள்ளம் வெறுப்பப் பருகிப்
பெருவிறல் வானம் பெருவரை சேருங்
கருவணி காலங் குறித்தார் திருவணித்த
ஒண்ணுதல் மாதர் திறத்து",விரி திரை வெள்ளம் வெறுப்பப் பருகி பெரு விறல் வானம் பெரு வரை சேரும் கரு அணி காலம் குறித்தார் திரு அணிந்த ஒள் நுதல் மாதர்திறத்து
"சென்றநங் காதலர் சேணிகந்தா ரென்றெண்ணி
ஒன்றிய நோயோ டிடும்பை பலகூர
வென்றி முரசி னிரங்கி யெழில்வானம்
நின்று மிரங்கு மிவட்கு",சென்ற நம் காதலர் சேண் இகந்தார் என்று எண்ணி ஒன்றிய நோயோடு இடும்பை பல கூர வென்றி முரசின் இரங்கி எழில் வானம் நின்றும் இரங்கும் இவட்கு
"சிரல்வாய் வனப்பின வாகி நிரலொப்ப
ஈர்ந்தண் தளவந் தகைந்தன சீர்த்தக்க
செல்வ மழைமதர்க்கட் சின்மொழிப் பேதையூர்
நல்விருந் தாக நமக்கு",சிரல்வாய் வனப்பின ஆகி நிரல் ஒப்ப ஈர்ந் தண் தளவம் தகைந்தன சீர்த்தக்க செல்வ மழை மதர்க் கண் சில் மொழி பேதை ஊர் நல் விருந்து ஆக நமக்கு
"கருங்கடல் மேய்ந்த கமஞ்சூ லெழிலி
இருங்க லிறுவரை யேறி யியுர்க்கும்
பெரும்பதக் காலையும் வாரார்கொல் வேந்தன்
அருந்தொழில் வாய்த்த நமர்",கருங் கடல் மேய்ந்த கமஞ் சூழ் எழிலி இருங் கல் இறு வரை ஏறி உயிர்க்கும் பெரும் பதக் காலையும் வாரார்கொல் வேந்தன் அருந் தொழில் வாய்த்த நமர்
"புகர்முகம் பூழிப் புரள வுயர்நிலைய
வெஞ்சின் வேழம் பிடியோ டிசைந்தாடுந்
தண்பதக் காலையும் வாரா ரெவன்கொலோ
ஒண்டொடி யூடு நிலை",புகர் முகம் பூழிப் புரள உயர் நிலைய வெஞ் சின வேழம் பிடியோடு இயைந்து ஆடும் தண் பதக் காலையும் வாரார் எவன் கொலோ ஒண்டொடி ஊடும் நிலை
"அலவன்க ணேய்ப்ப வரும்பீன் றவிழ்ந்த
கருங்குர னொச்சிப் பசுந்தழை சூடி
இரும்புன மேர்க்கடி கொண்டார் பெருங்கெளவை
ஆகின்று நம்மூ ரவர்க்கு",அலவன் கண் ஏய்ப்ப அரும்பு ஈன்று அவிழ்ந்த கருங் குரல் நொச்சிப் பசுந் தழை சூடி இரும் புனம் ஏர்க் கடிகொண்டார் பெருங் கெளவை ஆகின்று நம் ஊர் அவர்க்கு
"வந்தன செய்குறி வாரா ரவரென்று
நொந்த வொருத்திக்கு நோய்தீர் மருந்தாகி
இந்தின் கருவண்ணங் கொண்டன் றெழில்வானம்
நந்துமென் பேதை நுதல்",வந்தன செய் குறி வாரார் அவர் என்று நொந்த ஒருத்திக்கு நோய் தீர் மருந்து ஆகி இந்தின் கரு வண்ணம் கொண்டன்று எழில் வானம் ஈந்தும் மென் பேதை நுதல்
"முழுதுணர்ந்து மூன்றொழித்து மூவாதான் பாதம்
பழுதின்றி ஆற்றப் பணிந்து முழுதேத்தி
நண்பாய ஞாலத்து மாந்தர்க்கு உறுதியா
வெண்பா உரைப்பன் சில",முழுது உணர்ந்து மூன்று ஒழித்து மூவாதான் பாதம் பழுது இன்றி ஆற்றப் பணிந்து முழுது ஏத்தி மண் பாய ஞாலத்து மாந்தர்க்கு உறுதியா வெண்பா உரைப்பன் சில
"பொருளுடையான் கண்ணதே போகம் அறனும்
அருளுடையான் கண்ணதே ஆகும் அருளுடையான்
செய்யான் பழிபாவம் சேரான் புறமொழியும்
உய்யான் பிறர்செவிக்கு உய்த்து",பொருள் உடையான் கண்ணதே போகம் அறனும் அருள் உடையான் கண்ணதே ஆகும் அருள் உடையான் செய்யான் பழி பாவம் சேரான் புறமொழியும் உய்யான் பிறன் செவிக்கு உய்த்து
"கற்புடைய பெண்ணமிர்து கற்றடங்கி னான்அமிர்து
நற்புடைய நாடமிர்து நாட்டுக்கு நற்புடைய
மேகமே சேர்கொடி வேந்தமிர்து சேவகனும்
ஆகவே செய்யின் அமிர்து",கற்புடைய பெண் அமிர்து கற்று அடங்கினான் அமிர்து நற்பு உடைய நாடு அமிர்து நாட்டுக்கு நற்பு உடைய மேகமே சேர் கொடி வேந்து அமிர்து சேவகனும் ஆகவே செய்யின் அமிர்து
"கல்லாதான் தான்காணும் நுட்பமும் காதிரண்டும்
இல்லாதாள் ஏக்கழுத்தஞ் செய்தலும் இல்லாதான்
ஒல்லாப் பொருளில்லார்க்கு ஈந்தளியான் என்றலும்
நல்லவர்கள் கேட்பின் நகை",கல்லாதான் தான் காணும் நுட்பமும் காது இரண்டும் இல்லாதாள் ஏக்கழுத்தம் செய்தலும் இல்லாதான் ஒல்லாப் பொருள் இலார்க்கு ஈத்து அறியான் என்றலும் நல்லார்கள் கேட்பின் நகை
"உடம்பொழிய வேண்டின் உயர்தவம் ஆற்றீண்டு
இடம்பொழிய வேண்டுமேல் ஈகை மடம்பொழிய
வேண்டின் அறிமடம் வேண்டேல் பிறர்மனை
யீண்டின் இயையும் திரு",உடம்பு ஒழிய வேண்டின் உயர் தவம் மற்று ஈண்டு இடம் பொழிய வேண்டுமேல் ஈகை மடம் பொழிய வேண்டின் அறிமடம் வேண்டேல் பிறர் மனை ஈண்டின் இயையும் திரு
"படைதனக்கு யானை வனப்பாகும் பெண்ணின்
இடைதனக்கு நுண்மை வனப்பாம் நடைதனக்குக்
கோடா மொழிவனப்புக்கோற்கு அதுவே சேவகர்க்கு
வாடாதா வன்கண் வனப்பு",படைதனக்கு யானை வனப்பு ஆகும் பெண்ணின் இடை தனக்கு நுண்மை வனப்பு ஆம் நடைதனக்குக் கோடா மொழி வனப்பு கோற்கு அதுவே சேவகற்கு வாடாத வன்கண் வனப்பு
"பற்றினான் பற்றற்றான் நூல்தவசி எப்பொருளும்
முற்றினான் ஆகும் முதல்வன்நூல் பற்றினால்
பாத்துண்பான் பார்ப்பான் பழியுணர்வான் சான்றவன்
காத்துண்பான் காணான் பிணி",பற்றினான் பற்று அற்றான் நூல் தவசி எப் பொருளும் முற்றினான் ஆகும் முதல்வன் நூல் பற்றினால் பாத்து உண்பான் பார்ப்பான் பழி உணர்வான் சான்றவன் காத்து உண்பான் காணான் பிணி
"கண்வனப்புக் கண்ணோட்டம் கால்வனப்புச் செல்லாமை
எண்வனப்பு இத்துணையாம் என்றுரைத்தல் பண்வனப்புக்
கேட்டார்நன்று என்றல் கிளர்வேந்தன் தன்நாடு
வாட்டான் நஞ்றென்றல் வனப்பு",கண் வனப்புக் கண்ணோட்டம் கால் வனப்புச் செல்லாமை எண் வனப்பு இத் துணை ஆம் என்று உரைத்தல் பண் வனப்புக் கேட்டார் நன்று என்றல் கிளர் வேந்தன் தன் நாடு வாட்டான் நன்று என்றல் வனப்பு
"கொன்றுண்பான் நாச்சாம் கொடுங்கரிபோ வான்நாச்சாம்
நன்றுணர்வார் முன்கல்லான் நாவுஞ்சாம் ஒன்றானும்
கண்டுழி நாச்சாம் கடவான் குடிப்பிறந்தான்
உண்டுழி நாச்சாம் உணர்ந்து",கொன்று உண்பான் நாச் சாம் கொடுங் கரி போவான் நாச் சாம் நன்று உணர்வார் முன் கல்லான் நாவும் சாம் ஒன்றானைக் கண்டுழி நாச் சாம் கடவான் குடிப் பிறந்தான் உண்டுழி நாச் சாம் உணர்ந்து
"சிலம்பிக்குத் தன்சினை கூற்றம்நீள் கோடு
விலங்கிற்குக் கூற்றம் மயிர்தான் வலம்படா
மாவிற்குக் கூற்றமாம் ஞெண்டிற்குத் தன்பார்ப்பு
நாவிற்கு நன்றல் வசை",சிலம்பிக்குத் தன் சினை கூற்றம் நீள் கோடு விலங்கிற்குக் கூற்றம் மயிர்தான் வலம் படா மாவிற்குக் கூற்றம் ஆம் ஞெண்டிற்குத் தன் பார்ப்பு நாவிற்கு நன்று அல் வசை
"நாணிலான் சால்பும் நடையிலான் நன்னோன்பும்
ஊணிலான் செய்யும் உதாரதையும் ஏணிலான்
சேவகமும் செந்தமிழ் தேற்றான் சுவிச்செயலும்
நாவகமே நாடின் நகை",நாண் இலான் சால்பும் நடை இலான் நல் நோன்பும் ஊண் இலான் செய்யும் உதாரமும் ஏண் இலான் சேவகமும் செந்தமிழ் தேற்றான் கவி செயலும் நாவகம் மேய் நாடின் நகை
"கோறலும் நஞ்சூனைத் துய்த்தல் கொடுநஞ்சு
வேறலும் நஞ்சுமாறு அல்லானைத் தேறினான்
நீடாங்கு செய்தலும் நஞ்சாம் இளங்கிளியை
நாடாதே தீதுரையும் நஞ்சு",கோறலும் நஞ்சு ஊனைத் துய்த்தல் கொடு நஞ்சு வேறலும் நஞ்சு மாறு அல்லானை தேறினால் நீடு ஆங்குச் செய்தலும் நஞ்சால் இளங்கிளையை நாடாதே தீதுஉரையும் நஞ்சு
"இடரின்னா நட்டார்கண் ஈயாமை இன்னா
தொடர்பின்னா நள்ளார்கண் தூயார்ப் படர்பின்னா
கண்டல் அவர்பூங் கதுப்பினாய் இன்னாதே
கொண்ட விரதம் குறைவு",இடர் இன்னா நட்டார்கண் ஈயாமை இன்னா தொடர் இன்னா கள்ளர்கண் தூயார்ப் படர்வு இன்னா கண்டல் அவிர் பூங் கதுப்பினாய் இன்னாதே கொண்ட விரதம் குறைவு
"கொண்டான் வழியொழுகல் பெண்மகன் தந்தைக்குத்
தண்டான் வழியொழுகல் தன்கிளையஃது அண்டாதே
வேல்வழி வெம்முனை வீடாது மன்னாடு
கோல்வழி வாழ்தல் குணம்",கொண்டான் வழி ஒழுகல் பெண் மகன் தந்தைக்குத் தண்டான் வழி ஒழுகல் தன் கிளை அஃது அண்டாதே வேல் வழி வெம் முனை வீழாது மண் நாடு கோல் வழி வாழ்தல் குணம்
"பிழைத்தல் பொறுத்தல் பெருமை சிறுமை
இழைத்ததீங்கு எண்ணி யிருத்தல் இழைத்த
பகைகெட வாழ்வதும் பல்பொருளார் நல்லார்
நகைகெட வாழ்வதும் நன்று",பிழைத்த பொறுத்தல் பெருமை சிறுமை இழைத்த தீங்கு எண்ணி இருத்தல் பிழைத்த பகை கெட வாழ்வதும் பல் பொருளால் பல்லார் நகை கெட வாழ்வதும் நன்று
"கதநன்று சான்றாண்மை தீது கழிய
மதநன்று மாண்பில்லார் முன்னர் விதநன்றால்
கோய்வாயிற் கீழுயிர்க்கு ஈ துற்றுக்குரைத்தெழுந்த
நாய்வாயுள் நல்ல தசை",கதம் நன்று சான்றாண்மை தீது கழிய மதம் நன்று மாண்பு இலார் முன்னர் விதம் நன்றால் கோய் வாயின் கீழ் உயிர்க்கு ஈ துற்று குரைத்து எழுந்த நாய் வாயுள் நல்ல தசை
"நட்டாரை யாக்கிப் பகைபணித்து வைஎயிற்றுப்
பட்டார் அகல்அல்கு லார்படிந்து ஓட்டித்
தொடங்கினார் இல்லகத்து அன்பில் துறவா
உடம்பினான் ஆய பயன்",நட்டாரை ஆக்கி பகை தணித்து வை எயிற்றுப் பட்டு ஆர் அணி அல்குலார்ப் படிந்து ஒட்டி துடங்கினார் இல்லகத்து அன்பின் துறவாது உடம்பினான் ஆய பயன்
"பொய்யாமை பொன்பெறினும் கள்ளாமை மெல்லியலார்
வையாமை வார்குழலார் நச்சினும் நையாமை
ஓர்த்துடம்பு பேருமென்று ஊனவாய் உண்ணானேல்
பேர்த்துடம்பு கோடல் அரிது",பொய்யாமை பொன் பெறினும் கள்ளாமை மெல்லியார் வையாமை வார் குழலார் நச்சினும் நையாமை ஓர்த்து உடம்பு பேரும் என்று ஊன் அவாய் உண்ணானேல் பேர்த்து உடம்பு கோடல் அரிது
"தேவறே கற்றவர் கல்லாதார் தேருங்கால்
பூதரே முன்பொருள் செய்யாதார் ஆதரே
துன்பம் இலேம்பண்டு யாமே வனப்புடையேம்
என்பார் இருகால் எருது",தேவரே கற்றவர் கல்லாதார் தேருங்கால் பூதரே முன் பொருள் செய்யாதார் ஆதரே துன்பம் இலேம் பண்டு யாமே வனப்பு உடையேம் என்பர் இரு கால் எருது
"கள்ளான்கு தென்றும் கழுமான் கரியாரை
நள்ளான் உயிரிங்க நாவாடான் நள்ளானாய்
ஊன்மறுத்துக் கொள்ளானேல் ஊனுடம்பு எஞ்ஞான்றும்
தான்மறுத்துக் கொள்ளான் தளர்ந்து",கள்ளான் சூது என்றும் கழுமான் கரியாரை நள்ளான் உயிர் அழுங்க நா ஆடான் எள்ளானாய் ஊன் மறுத்துக் கொள்ளானேல் ஊன் உடம்பு எஞ் ஞான்றும் தான் மறுத்துக் கொள்ளான் தளர்ந்து
"பூவாது காய்க்கும் மரமுள நன்றறிவார்
மூவாது மூத்தவர் நூல்வல்லார் தாவா
விதையாமை நாறுவ வித்துள மேதைக்கு
உரையாமை செல்லும் உணர்வு",பூவாது காய்க்கும் மரம் உள நன்று அறிவார் மூவாது மூத்தவர் நூல் வல்லார் தாவா விதையாமை நாறுவ வித்து உள மேதைக்கு உரையாமைச் செல்லும் உணர்வு
"பூத்தாலும் காயா மரமுள நன்றறிவார்
மூவாது மூவர்நூல் தேற்றதார் பாத்திப்
புதைத்தாலும் நாறாத வித்துள பேதைக்கு
உரைத்தாலும் செல்லாது உணர்வு",பூத்தாலும் காயா மரம் உள நன்று அறியார் மூத்தாலும் மூவார் நூல் தேற்றாதார் பாத்திப் புதைத்தாலும் நாறாத வித்து உள பேதைக்கு உரைத்தாலும் செல்லாது உணர்வு
"வடிவுஇளமை வாய்த்த வனப்பு வணங்காக்
குடிகுலமென்று ஐந்தும் குறித்து முடியாத்
துளங்கா நிலைகாணார் தொக்கு ஈர்பசுவால்
இளங்கால் துறவா தவர்",வடிவு இளமை வாய்த்த வனப்பு வணங்காக் குடி குலம் என்ற ஐந்தும் குறித்த முடியத் துளங்கா நிலை காணார் தொக்கு ஈர் பசுவால் இளங் கால் துறவாதவர்
"கள்ளுண்டல் காணில் கணவன் பிரிந்துறைதல்
வெள்கு இல ளாய்ப்பிறர்இல்சேறல் உள்ளிப்
பிறர்கருமம் ஆராய்தல் தீப்பெண் கிளைமைத்
துறமதுதீப் பெண்ணின் தொழில்",கள் உண்டல் காணின் கணவற் பிரிந்து உறைதல் வெள்கிலளாய்ப் பிறர் இல் சேறல் உள்ளிப் பிறர் கருமம் ஆராய்தல் தீப் பெண் கிளைமை திறவது தீப் பெண் தொழில்
"பெருங்குணத்தார்ச் சேர்மின் பிறன்பொருள்வெள வன்மின்
கருங்குணத்தார் கேண்மை கழிமின் ஒருங்குணர்ந்து
தீச்சொல்லே காமின் வருங்காலன் திண்ணிதே
வாய்ச்சொல்லே யன்று வழக்கு",பெருங் குணத்தார்ச் சேர்மின் பிறன் பொருள் வவ்வன்மின் கருங் குணத்தார் கேண்மை கழிமின் ஒருங்கு உணர்ந்து தீச் சொல்லே காமின் வரும் காலன் திண்ணிதே வாய்ச் சொல்லே அன்று வழக்கு
"வான்குருவிக்கூடு அரக்கு வால்உலண்டு கோல்தகுதல்
தேன்புரிந்து யார்க்கும் செயலாகா தாம்புரீஇ
வல்லவர் வாய்ப்பன என்னார் ஒரோஒருவர்க்கு
ஒல்காதோர் ஒன்று படும்",வான் குரீஇக் கூடு அரக்கு வால் உலண்டு நூல் புழுக்கோல் தேன் புரிந்தது யார்க்கும் செயல் ஆகா தாம் புரீஇ வல்லவர் வாய்ப்பன என்னார் ஓரோ ஒருவர்க்கு ஒல்காது ஓரொன்று படும்
"அறன்நாட்டான் நன்னெறிக்கண் நிற்க அடங்காப்
புறன்நாட்டான் புன்னெறிப் போகாது புறன்நட்டான்
கண்டெடுத்துக் கள்களவு சூது கருத்தினால்
பண்டெடுத்துக் காட்டும் பயின்று",அறம் நட்டான் நல் நெறிக்கண் நிற்க அடங்காப் புறம் நட்டான் புல் நெறி போகாது புறம் நட்டான் கண்டு எடுத்து கள் களவு சூது கருத்தினால் பண்டு எடுத்துக் காட்டும் பயின்று
"ஆண்ஆக்கம்வேண்டாதான் ஆசான் அவற்கு இயைந்த
மாணாக்கன் அன்பான் வழிபடுவான் மாணாக்கன்
கற்பனைத்தும் மூன்றுங் கடிந்தான் கடியாதான்
நிற்பனைத்தும் நெஞ்சிற்கோர் நோய்",ஆண் ஆக்கம் வேண்டாதான் ஆசான் அவற்கு இயைந்த மாணாக்கன் அன்பான் வழிபடுவான் மாணாக்கன் கற்பு அனைத்து மூன்றும் கடிந்தான் கடியாதான் நிற்பு அனைத்தும் நெஞ்சிற்கு ஓர் நோய்
"நெய்தல் முகிழ்த்துணை யாம்குடுமி நேர்மயிரும்
உய்தல் ஒருதிங்கள் நாளாகும் செய்தல்
துணங்குநூல் ஓதுதல் கேட்டல்மா ணாக்கர்
வணங்கி வலங்கொண்டு வந்து",நெய்தல் முகிழ்த் துணை ஆம் குடுமி நேர் மயிரும் உய்தல் ஒரு திங்கள் நாள் ஆகும் செய்தல் நுணங்கு நூல் ஓதுதல் கேட்டல் மாணாக்கர் வணங்கல் வலம் கொண்டு வந்து
"ஒருவன் அறிவானும் எல்லாம் யாதொன்றும்
ஒருவன் அறியா தவனும் ஒருவன்
குணன்அடங்கக் குற்றமில் லானாம் ஒருவன்
கணன்அடங்கக் கற்றானும் இல்",ஒருவன் அறிவானும் எல்லாம் யாதொன்றும் ஒருவன் அறியாதவனும் ஒருவன் குணன் அடங்க குற்றம் இலானும் ஒருவன் கணன் அடங்கக் கற்றானும் இல்
"உயிர்நோய்செய் யாமை உறுநோய் மறத்தல்
செயீர்நோய் பிறன்கண்செய் யாமை செயிர்நோய்
விழைவு வெகுளி இவைவிடுவா னாயின்
இழிவன்று இனிது தவம்",உயிர் நோய் செய்யாமை உறு நோய் மறத்தல் செயிர் நோய் பிறர்கண் செய்யாமை செயிர் நோய் விழைவு வெகுளி இவை விடுவான் ஆயின் இழவு அன்று இனிது தவம்
"வேட்பவன் பார்ப்பான் விளங்கிழைக்குக் கற்புடைமை
கேட்பவன் கேடில் பெரும்புலவன் பாட்டவன்
சிந்தையான் ஆகும் சிறந்தது உலகினுள்
தந்தையான் ஆகும் நலம்",வேட்டவன் பார்ப்பன் விளங்கிழைக்குக் கற்பு உடைமை கேட்பவன் கேடு இல் பெரும் புலவன் பாட்டு அவன் சிந்தையான் ஆகும் சிறத்தல் உலகினுள் தந்தையான் ஆகும் குலம்
"வைப்பானே வள்ளல் வழங்குவான் வாணிகன்
உய்ப்பானே ஆசான் உயர்கதிக்கு உய்ப்பான்
உடம்பினார் வேலி ஒருப்படுத்து ஊன்ஆரத்
தொடங்கானேல் சேறல் துணிவு",வைப்பானே வள்ளல் வழங்குவான் வாணிகன் உய்ப்பானே ஆசான் உயர் கதிக்கு உய்ப்பான் உடம்பின் ஆர் வேலி ஒருப்படுத்து ஊண் ஆரத் தொடங்கானேல் சேறல் துணிவு
"வைததனால் ஆகும் வசைவணக்கம் நன்றாகச்
செய்ததனால் ஆகும் செழுங்குலமுன் செய்த
பொருளினால் ஆகுமாம் போகம் நெகிழ்ந்த
அருளினால் ஆகும் அறம்",வைததனான் ஆகும் வசை வணக்கம் நன்று ஆகச் செய்ததனான் ஆகும் செழுங் குலம் முன் செய்த பொருளினான் ஆகும் ஆம் போகம் நெகிழ்ந்த அருளினான் ஆகும் அறம்
"இல்இயலார் நல்லறமும் எனைத் துறவறமும்
நல்லியலின் நாடி உரைக்குங்கால் நல்லியல்
தானத்தால் போதும் தவத்தால் சுவர்க்கமாம்
ஞானத்தால் வீடாக நாட்டு",இல் இயலார் நல் அறமும் ஏனைத் துறவறமும் நல் இயலான் நாடி உரைக்குங்கால் நல் இயல் தானத்தான் போகம் தவத்தான் சுவர்க்கம் ஆம் ஞானத்தான் வீடு ஆகும் நாட்டு
"மயிர்வனப்பும் கண்கவரும் மார்பின் வனப்பும்
உகிர்வனப்பும் காதின் வனப்பும் செயிர்தீர்ந்த
பல்லின் வனப்பும் வனப்பல்ல நூற்கியைந்த
சொல்லின் வனப்பே வனப்பு",மயிர் வனப்பும் கண் கவரும் மார்பின் வனப்பும் உகிர் வனப்பும் காதின் வனப்பும் செயிர் தீர்ந்த பல்லின் வனப்பும் வனப்பு அல்ல நூற்கு இயைந்த சொல்லின் வனப்பே வனப்பு
"தொழீஇ அடஉண்ணார் தோழரில் துஞ்சார்
வழீஇய பிறர்பொருளை வெளவார் கெழீஇக்
கலந்தபின் கீழ்காணார் காணாய் மடவாய்
புலந்தபின் போற்றார் புலை",தொழீஇ அட உண்ணார் தோழர் இல் துஞ்சார் வழீஇப் பிறர் பொருளை வவ்வார் கெழீஇக் கலந்த பின் கீழ் காணார் காணாய் மடவாய் புலந்தபின் போற்றார் புலை
"பொய்யாமை நன்று பொருள்நன்று உயிர்நோவக்
கொல்லாமை நன்று கொழிக்குங்கால் பல்லார்முன்
பேணாமை பேணும் தகைய சிறிதெனினும்
மாணாமை மாண்டார் மனம்",பொய்யாமை நன்று பொருள் நன்று உயிர் நோவக் கொல்லாமை நன்று கொழிக்குங்கால் பல்லார் முன் பேணாமை பேணும் தகைய சிறிய எனினும் மாணாமை மாண்டார் மனை
"பண்டாரம் பல்கணக்குக் கண்காணி பாத்தில்லார்
உண்டார் அடிசிலே தோழரில் கொண்டாரா
யாக்கைக்குத் தக்க அறிவில்லார்க் காப்படுப்பின்
காக்கைக்குக் காப்படுத்த சோறு",பண்டாரம் பல் கணக்கு கண்காணி பாத்து இல்லார் உண்டு ஆர் அடிசிலே தோழரின் கண்டாரா யாக்கைக்குத் தக்க அறிவு இல்லார்க் காப்பு அடுப்பின் காக்கையைக் காப்பு அடுத்த சோறு
"உடையிட்டார் புல்மேய்வார் ஓடுநீர் புக்கார்
படையிட்டார் பற்றேதும் இன்றி நடையிட்டார்
இவ்வகை ஐவரையும் என்றும் அணுகாரே
செவ்வகைச் சேவகர் சென்று",உடை இட்டார் புல் மேய்ந்தார் ஓடு நீர்ப் புக்கார் படை இட்டார் பற்றேனும் இன்றி நடை விட்டார் இவ் வகை ஐவரையும் என்றும் அணுகாரே செவ் வகைச் சேவகர் சென்று
"பூவாதான் பூப்புப் புறங்கொடுத் தாள்இலிங்கி
ஓவாதான் கோலம் ஒருபொழுதும் காவாதாள்
யார்யார் பிறர்மனையாள் உள்ளிட்டில் ஐவரையும்
சாரார் பகைபோல் சலித்து",பூவாதாள் பூப்புப் புறக்கொடுத்தாள் இலிங்கி ஓவாதாள் கோலம் ஒரு பொழுதும் காவாதாள் யார் யார் பிறர் மனையாள் உள்ளிட்டு இவ் ஐவரையும் சாரார் பகை போல் சலித்து
"வருவாய்க்குத் தக்க வழக்கறிந்து சுற்றம்
வெகுவாமை வீழ்ந்துவிருந் தோம்பித் திருவாக்கும்
தெய்வதையும் எஞ்ஞான்றும் தேற்ற வழிபாடு
செய்வதே பெண்டிர் சிறப்பு",வருவாய்க்குத் தக்க வழக்கு அறிந்து சுற்றம் வெருவாமை வீழ் விருந்து ஓம்பி திரு ஆக்கும் தெய்வத்தை எஞ் ஞான்றும் தெற்ற வழிபாடு செய்வதே பெண்டிர் சிறப்பு
"நாள்கூட்டம் மூர்த்தம் அவற்றோடு நன்றாம்அக்
கோள்கூட்டம் யோகம் குணன்உணர்ந்து தோள்கூட்டல்
உற்றானும் அல்லானும் ஐந்தும் உணர்வானால்
பெற்றால்நாள் கொள்க பெரிது",நாள் கூட்டம் மூழ்த்தம் இவற்றொடு நன்று ஆய கோள் கூட்டம் யோகம் குணன் உணர்ந்து தோள் கூட்டல் உற்றானும் அல்லானும் ஐந்தும் உணர்வான் நாள் பெற்றானேல் கொள்க பெரிது
"பேண்அடக்கம் பேணாப் பெருந்தகைமை பீடுடைமை
நாண்ஒடுக்கம் என்றைந்தும் நண்ணின்றாப் பூண்ஒடுக்கம்
பொன்வரைக்கோங் கேர்முலைப் பூந்திருவே யாயினும்
தன்வரைத் தாழ்த்தல் அரிது",பேண் அடக்கம் பேணாப் பெருந் தகைமை பீடு உடைமை நாண் ஒடுக்கம் என்று ஐந்தும் நண்ணின்றா பூண் ஒடுக்கும் பொன் வரைக் கோங்கு ஏர் முலைப் பூந் திருவே ஆயினும் தன் வரைத் தாழ்த்தல் அரிது
"வார்சான்ற கூந்தல் வரம்புயர வைகலும்
நீர்சான் றுயரவே நெல்லுயரும் சீர்சான்ற
தாவாக் குடியுயரத் தாங்கருஞ்சீர்க் கோவுயரும்
ஓவாது உரைக்கும் உலகு",வார் சான்ற கூந்தல் வரம்பு உயர வைகலும் நீர் சான்று உயரவே நெல் உயரும் சீர் சான்ற தாவாக் குடி உயர தாங்கு அருஞ் சீர்க் கோ உயர்தல் ஓவாது உரைக்கும் உலகு
"அழியாமை எத்துவமும் சார்ந்தாரை ஆக்கல்
பழியாமை பாத்தல்யார் மாட்டும் ஒளியாமை
கன்றுசா வப்பால் கறவாமை செய்யாமை
மன்றுசார் வாசு மனை",அழியாமை எத் தவமும் சார்ந்தாரை ஆக்கல் பழியாமைப் பாத்தல் யார் மாட்டும் ஒழியாமை கன்று சாவப் பால் கறவாமை செய்யாமை மன்று சார்வு ஆக மனை
"நசைகொல்லார் நச்சியார்க்கு என்றும் கிளைஞர்
மிசைகொல்லார் வேளாண்மை கொல்லார் இசைகொல்லார்
பொன்பெறும் பூஞ்சுணங்கின் மென்முலையாய் நன்குணர்ந்தார்
என்பெறினும் கொல்லார் இயைந்து",நசை கொல்லார் நச்சியார்க்கு என்றும் கிளைஞர் மிசை கொல்லார் வேளாண்மை கொல்லார் இசை கொல்லார் பொன் பெறும் பூஞ் சுணங்கின் மென் முலையாய் நன்கு உணர்ந்தார் என் பெறினும் கொல்லார் இயைந்து
"நீண்டநீர் காடு களர்நிவந்து விண்தோயும்
மாண்ட மலைமக்கள் உள்ளிட்டு மாண்டவர்
ஆய்ந்தன ஐந்தும் அரணா உடையானை
வேந்தனா நாட்டல் விதி",நீண்ட நீர் காடு களர் நிவந்து விண் தோயும் மாண்ட மலை மக்கள் உள்ளிட்டு மாண்டவர் ஆய்ந்தன ஐந்தும் அரணா உடையானை வேந்தனா நாட்டல் விதி
"பொச்சாப்புக் கேடு பொருட்செருக்குத் தான்கேடு
முற்றாமை கேடு முரண்கேடு தெற்றத்
தொழில்மகன் தன்னோடு மாறாயின் என்றும்
உழுமகற்குக் கேடென்று உரை",பொச்சாப்புக் கேடு பொருட் செருக்குத்தான் கேடு முற்றாமை கேடு முரண் கேடு தெற்றத் தொழில் மகன்தன்னொடு மாறுஆயின் என்றும் உழுமகற்குக் கேடு என்ற உரை
"கொல்லாமை நன்று கொலைதீது எழுத்தினைக்
கல்லாமை தீது கதந்தீது நல்லார்
மொழியாமை முன்னே முழுதுங் கிளைஞர்
பழியாமை பல்லார் பதி",கொல்லாமை நன்று கொலை தீது எழுத்தினைக் கல்லாமை தீது கதம் தீது நல்லார் மொழியாமை முன்னே முழுதும் கிளைஞர் பழியாமை பல்லார் பதி
"உண்ணாமை நன்றவா நீக்கி விருந்துகண்மாறு
எண்ணாமை நன்றிகழல் தீதெளியார் எண்ணின்
அரியரா வார்பிறரிற் செல்லாரே உண்ணார்
பெரியரா வார்பிறர் கைத்து",உண்ணாமை நன்று அவா நீக்கி விருந்து கண்மாறு எண்ணாமை நன்று இகழின் தீது எளியார் எண்ணின் அரியர் ஆவார் பிறர் இல் செல்லாரே உண்ணார் பெரியர் ஆவார் பிறர் கைத்து
"மக்கட் பெறுதல் மடனுடைமை மாதுடைமை
ஒக்க உடனுறைதல் ஊண்அமைவு தொக்க
அலவலை அல்லாமை பெண்மகளிர்க்கு ஐந்து
தலைமகனைத் தாழ்க்கு மருந்து",மக்கள் பெறுதல் மடன் உடைமை மாது உடைமை ஒக்க உடன் உறைதல் ஊண் அமைவு தொக்க அலவலை அல்லாமை பெண் மகளிர்க்கு ஐந்தும் தலைமகனைத் தாழ்க்கும் மருந்து
"கொண்டான் கொழுநன் உடன்பிறந்தான் தன்மாமன்
வண்டார்பூந் தொங்கல் மகன்தந்தை வண்தாராய்
யாப்பார்பூங் கோதை அணிஇழையை நன்கியையக்
காப்பார் கருது மிடத்து",கொண்டான் கொழுநன் உடன்பிறந்தான் தன் மாமன் வண்டு ஆர் பூந் தொங்கல் மகன் தந்தை வண் தாராய் யாப்பு ஆர் பூங் கோதை அணி இழையை நற்கு இயையக் காப்பர் கருதும் இடத்து
"ஆம்பல்வாய் கண்மனம் வார்புருவம் என்றைந்தும்
தாம்பல்வா யோடி நிறைகாத்தல் ஓம்பார்
நெடுங்கழைநீண் மூங்கில் எனஇகழ்ந்தார் ஆட்டும்
கொடுங்குழை போலக் கொளின்",ஆம் பல் வாய் கண் மனம் வார் புருவம் என்று ஜந்தும் தாம் பல் வாய் ஓடி நிறை காத்தல் ஓம்பார் நெடுங் கழை நீள் மூங்கில் என இகழ்ந்தார் ஆட்டும் கொடுங் குழை போல கொளின்
"பொன்பெறுங் கற்றான் பொருள்பெறும் நற்கவி
என்பெறும் வாதி இசைபெறும் முன்பெறக்
கல்லார்கற் றாரினத்தார் அல்லார் பெறுபவே
நல்லார் இனத்து நகை",பொன் பெறும் கற்றான் பொருள் பெறும் நற் கவி என் பெறும் வாதி இசை பெறும் முன் பெறக் கல்லார் கற்றார் இனத்தர் அல்லார் பெறுபவே நல்லார் இனத்து நகை
"நல்ல வெளிப்படுத்துத் தீய மறந்தொழிந்து
ஒல்லை உயிர்க்கு ஊற்றம்கோலாகி ஒல்லுமெனின்
மாயம் பிறர்பொருட்கண் மாற்றுக மானத்தான்
ஆயின் அழிதல் அறிவு",நல்ல வெளிப்படுத்து தீய மறந்து ஒழிந்து ஒல்லை உயிர்க்கு ஊற்றங்கோல் ஆகி ஒல்லுமேல் மாயம் பிறர் பொருட்கண் மாற்றி மா மானத்தான் ஆயின் அழிதல் அறிவு
"தன்நிலையும் தாழாத் தொழில்நிலையும் துப்பெதிர்ந்தார்
இல்நிலையும் ஈடில் இயல்நிலையும் துன்னி
அளந்தறிந்து செய்வான் அரசமைச்சன் யாதும்
பிளந்தறியும் பேராற்ற லான்",தன் நிலையும் தாழாத் தொழில் நிலையும் துப்பு எதிர்ந்தார் இன் நிலையும் ஈடு இல் இயல் நிலையும் துன்னி அளந்து அறிந்து செய்வான் அரைசு அமைச்சன் யாதும் பிளந்து அறியும் பேர் ஆற்றலான்
"பொருள்போகம் அஞ்சாமை பொன்றுங்கால் போந்த
அருள்போகா ஆரறம்என்று ஐந்தும் இருள்தீரக்
கூறப் படுங்குணத்தான் கூர்வேல்வல் வேந்தனால்
தேறப் படுங்குணத்தி னான்",பொருள் போகம் அஞ்சாமை பொன்றுங்கால் போர்த்த அருள் போகா ஆர் அறம் என்று ஐந்தும் இருள் தீரக் கூறப்படும் குணத்தான் கூர் வேல் வல் வேந்தனால் தேறப்படும் குணத்தினான்
"நன்புலத்து வையடக்கி நாளும்மாடோ போற்றிப்
புன்கலத்தைச்செய்து எருப் போற்றியபின் இன்புலத்தின்
பண்கலப்பை என்றிலை பாற்படுப் பான்உழவோன்
நுண்கலப்பை நூலோது வார்",நன் புலத்து வை அடக்கி நாளும் நாள் ஏர் போற்றி புன் புலத்ததைச் செய்து எருப் போற்றிய பின் நன் புலக்கண் பண் கலப்பை பாற்படுப்பான் உழவன் என்பவே நுண் கலப்பை நூல் ஓதுவார்
"ஏலாமை நன்றீதல் தீதுபண்பு இல்லார்க்குச்
சாலாமை நன்றுநூல் சாயினும் சாலாமை
நன்று தவநனி செய்தல்தீது என்பாரை
இன்றுகாறு யாம்கண் டிலம்",ஏலாமை நன்று ஈதல் தீது பண்பு இல்லார்க்கு சாலாமை நன்று நூல் சாயினும் சாலாமை நன்று தவம் நனி செய்தல் தீது என்பாரை இன்றுகாறு யாம் கண்டிலம்
"அரம்போல் கிளையடங்காய் பெண்வியக்கத் தொண்டு
மரம்போல் மகன்மாறாய் நின்று கரம்போலக்
கள்ளநோய் காணும் அயல்ஐந்தும் ஆகுமேல்
உள்ளநோய் வேண்டா உயிர்க்கு",அரம் போல் கிளை அடங்காப் பெண் அவியாத் தொண்டு மரம் போல் மகன் மாறு ஆய் நின்று கரம் போலக் கள்ள நோய் காணும் அயல் ஐந்தும் ஆகுமேல் உள்ளம் நோய் வேண்டா உயிர்க்கு
"நீர்அறம் நன்று நிழல்நன்று தன்இல்லுள்
பார்அறம் நன்றுபாத்து உண்பானேல் பேரறம்
நன்று தளிசாலை நாட்டல் பெரும்போகம்
ஒன்றுமாம் சால வுடன்",நீர் அறம் நன்று நிழல் நன்று தன் இல்லுள் பார் அறம் நன்று பாத்து உண்பானேல் பேர் அறம் நன்று தளி சாலை நாட்டல் பெரும் போகம் ஒன்றுமாம் சால உடன்
"பிடிப்பிச்சை பின்னிறை ஐயங்கூழ் கூற்றோடு
எடுத்திரந்த உப்பு இத்துணையோடு அடுத்துச்
சிறுபயம் என்னார் சிதவலிப்பு ஈவார்
பெறுபயன்பின் சாலப் பெரிது",பிடிப் பிச்சை பின் இறை ஐயம் கூழ் கூற்றோடு எடுத்து இரந்த உப்பு இத் துணையோடு அடுத்த சிறு பயம் என்னார் சிதவலிப்பு ஈவார் பெறு பயன் பின் சாலப் பெரிது
"வெந்தீங்காண் வெண்ணெய் மெழுகுநீர் சேர்மண்உப்பு
அந்த மகன்சார்ந்த தந்தையென்று ஐந்தினுள்
ஒன்றுபோல் உள்நெகிழ்ந்து ஈயின் சிறிதெனினும்
குன்றுபோற் கூடும் பயன்",வெந் தீக் காண் வெண்ணெய் மெழுகு நீர் சேர் மண் உப்பு அம் தண் மகன் சார்ந்த தந்தை என்று ஜந்தினுள் ஒன்று போல் உள் நெகிழ்ந்து ஈயின் சிறிது எனினும் குன்றுபோல் கூடும் பயன்
"குளங்கொட்டுக் கோடு பதித்துவழி சீத்து
உளந்தொட்டு உழுவயல் ஆக்கி வளந்தொட்டுப்
பாகு படுங்கிணற்றோடு என்றிவ்ஐம் பாற்படுப்பான்
ஏகும் சுவர்க்கத்து இனிது",குளம் தொட்டு காவு பதித்து வழி சீத்து உளம் தொட்டு உழு வயல் ஆக்கி வளம் தொட்டுப் பாகுபடும் கிணற்றோடு என்று இவை பாற்படுத்தான் ஏகும் சுவர்க்கம் இனிது
"போர்த்தும் உரிந்திட்டும் பூசியும் நீட்டியும்
ஓர்த்து பால்மறைத்து உண்பான்மேய் ஓர்த்த
அறமாம்மேல் சொல்பொறுக்க அன்றேல் கலிக்கண்
துறவறம்பொய் இல்லறமே வாய்",போர்த்தும் உரிந்திட்டும் பூசியும் நீட்டியும் ஓர்த்து ஒரு பால் மறைத்து உண்பான் மேய் ஓர்த்த அறம் அறமேல் சொல் பொறுக்க அன்றேல் கலிக்கண் துறவறம் பொய் இல்லறம் மெய் ஆம்
"தான்பிறந்த இல்நினைந்து தன்னைக் கடைப்பிடித்துத்
தான்பிற ரால்கருதற் பாடுணர்ந்து தான்பிறரால்
சாவ எனவாழான் சான்றேரால் பல்யாண்டும்
வாழ்க எனவாழ்தல் நன்று",தான் பிறந்த இல் நினைந்து தன்னைக் கடைப்பிடித்து தான் பிறரால் கருதற்பாடு உணர்ந்து தான் பிறரால் சாவ என வாழான் சான்றோரால் பல் யாண்டும் வாழ்க என வாழ்தல் நன்று
"நெடுக்கல் குறுக்கல் துறைநீர்நீ டாடல்
வடுத்தீர் பகல்வாய் உறையே வடுத்தீரா
ஆகும்அந் நான்கொழிந்து ஐந்தடக்கு வானாநின்
வேகும்பம் வேண்டான் விடும்",நெடுக்கல் குறுக்கல் துறை நீர் நீடு ஆடல் வடுத் தீர் பகல்வாய் உறையே வடுத் தீரா ஆகும் அந் நான்கு ஒழித்து ஐந்து அடக்குவான் ஆகில் வே கும்பம் வேண்டான் விடும்
"கொன்றான் கொலையை உடன்பட்டான் கோடாது
கொன்றதனைக் கொண்டான் கொழுக்குங்கால் கொன்றதனை
அட்டான் இடவுண்டான் ஐவரினும் ஆகுமெனக்
கட்டெறிந்த பாவம் கருது",கொன்றான் கொலையை உடன் பட்டான் கோடாது கொன்றதனைக் கொண்டான் கொழிக்குங்கால் கொன்றதனை அட்டான் இட உண்டான் ஐவரினும் ஆகும் என கட்டு எறிந்த பாவம் கருது
"சிறைக்கிடந்தார் செந்தார்க்கு நோற்பார் பலநாள்
உறைக்கிடந்தார் ஒன்றிடையிட்டு உண்பார் பிறைக்கிடந்து
முற்றனைத்தும் உண்ணா தவர்க்கீந்தார் மன்னவராய்க்
கற்றனைத்தும் வாழ்வார் கலந்து",சிறைக் கிடந்தார் செத்தார்க்கு நோற்பார் பல நாள் உறைக் கிடந்தார் ஒன்றுஇடையிட்டு உண்பார் பிறைக் கிடந்து முற்றனைத்தும் உண்ணாத் தவர்க்கு ஈந்தார் மன்னராய் கற்று அனைத்தும் வாழ்வார் கலந்து
"ஈன்றெடுத்தல் சூல்புறஞ் செய்தல் குழவியை
ஏன்றெடுத்தல் சூலேற்ற கன்னியை ஆன்ற
அழிந்தானை இல்வைத்தல் பேரறமா ஆற்ற
மொழிந்தார் முதுநூலார் முன்பு",ஈன்று எடுத்தல் சூல் புறஞ்செய்தல் குழவியை ஏன்று எடுத்தல் சூல் ஏற்ற கன்னியை ஆன்ற அழிந்தாளை இல் வைத்தல் பேர் அறமா ஆற்ற மொழிந்தார் முது நூலார் முன்பு
"வலியிழந்தார் மூத்தார் வடக்கிருந்தார் நோயால்
நலிபு அழிந்தார்நாட்டு அறைபோய்நைந்தார் மெலிவொழிய
இன்னவராம் என்னாராய் ஈந்த ஒருதுற்று
மன்னவராய்ச் செய்யும் மதித்து",வலி அழிந்தார் மூத்தார் வடக்கிருந்தார் நோயால் நலிபு அழிந்தார் நாட்டு அறைபோய் நைந்தார் மெலிவு ஒழிய இன்னவரால் என்னாராய் ஈந்த ஒரு துற்று மன்னவராச் செய்யும் மதித்து
"கலங்காமைக் காத்தல் கருப்பஞ் சிதைந்தால்
இலங்காமை பேரறத்தால் ஈற்றம் விலங்காமைக்
கோடல் குழவி மருந்து வெருட்டாமை
நாடின் அறம்பெருமை நாட்டு",கலங்காமைக் காத்தல் கருப்பம் சிதைந்தால் இலங்காமைப் பேர்த்தரல் ஈற்றம் விலங்காமைக் கோடல் குழவி மருந்து வெருட்டாமை நாடின் அறம் பெருமை நாட்டு
"சூலாமை சூலிற் படுந்துன்பம் ஈன்றபின்
ஏலாமை ஏற்றால் வளர்ப்பருமை சால்பவை
வல்லாமை வாய்ப்ப அறிபவர் உண்ணாமை
கொல்லாமை நன்றால் கொழித்து",சூலாமை சூலின் படும் துன்பம் ஈன்றபின் ஏலாமை ஏற்ப வளர்ப்பு அருமை சால்பவை வல்லாமை வாய்ப்ப அறிபவர் உண்ணாமை கொல்லாமை நன்றால் கொழித்து
"சிக்கர் சிதடர் சிதலைபோல் வாயுடையார்
துக்கர் துருநாமர் தூக்குங்கால் தொக்க
வருநோய்கள் முன்னாளில் தீர்த்தாரே இந்நாள்
ஒருநோயும் இன்றிவாழ் வார்",சிக்கர் சிதடர் சிதலைபோல் வாய் உடையார் துக்கர் துருநாமர் தூக்குங்கால் தொக்கு வரு நோய்கள் முன் நாளில் தீர்த்தாரே இந் நாள் ஒரு நோயும் இன்றி வாழ்வார்
"பக்கம் படாமை ஒருவர்க்குப் பாடேற்றல்
தக்கம் படாமை தவமல்லாத் தக்கார்
இழியினர்க்கே யானும் பசித்தார்க்கு ஊண்ஈதல்
கழிசினங் காத்தல் கடன்",பக்கம் படாமை ஒருவற்குப் பாடு ஆற்றல் தக்கம் படாமை தவம் அல்லாத் தக்கார் இழிசினர்க்கேயானும் பசித்தார்க்கு ஊண் ஈத்தல் கழி சினம் காத்தல் கடன்
"புண்பட்டார் போற்றுவார் இல்லாதவர் போகுயிரார்
கண்கெட்டார் காலிரண்டும் இல்லாதார் கண்கண்பட்டு
ஆழ்ந்து நெகிழ்ந்தவர்க்கு ஈந்தார் கடைபோக
வாழ்ந்து கழிவார் மகிழ்ந்து",புண் பட்டார் போற்றுவார் இல்லாதார் போகு உயிரார் கண் கெட்டார் கால் இரண்டும் இல்லாதார் கண் கண்பட்டு ஆழ்ந்து நெகிழ்ந்து அவர்க்கு ஈத்தார் கடை போக வாழ்ந்து கழிவார் மகிழ்ந்து
"பஞ்சப் பொழுதகத்தே பாத்துண்பான் காவாதான்
அஞ்சாது உடைபடையுள் போந்தெறிவான் எஞ்சாதே
உண்பதுமுன் ஈவான் குழவி பலிகொடுப்பான்
எண்பதின் மேலும்வாழ் வாண்",பஞ்சப் பொழுது பாத்து உண்பான் கரவாதான் அஞ்சாது உடை படையுள் போந்து எறிவான் எஞ்சாதே உண்பது முன் ஈவான் குழவி பலி கொடுப்பான் எண்பதின் மேலும் வாழ்வான்
"வரைவில்லாப் பெண்வையார் மன்னைப்புற்று ஏறார்
புரையில்லார் நள்ளார்போர் வேந்தன் வரைபோல்
கடுங்களிறு விட்டுழிச் செல்லார் வழங்கார்
கொடும்புலி கொட்கும் வழி",வரைவு இல்லாப் பெண் வையார் மண்ணைப் புற்று ஏறார் புரைவு இல்லார் நள்ளார் போர் வேந்தன் வரைபோல் கடுங் களிறு விட்டுழி செல்லார் வழங்கார் கொடும் புலி கொட்கும் வழி
"தக்கார் வழிகெடாது ஆகுந் தகாதவர்
உக்க வழியராய் ஒல்குவர் தக்க
இனத்தினான் ஆகும் பழியும் புகழும்
மனத்தினான் ஆகும் மதி",தக்கார் வழி கெடாதாகும் தகாதவர் உக்க வழியராய் ஒல்குவார் தக்க இனத்தினான் ஆகும் பழி புகழ் தம் தம் மனத்தினான் ஆகும் மதி
"கழிந்தவை தானிரங்கான் கைலாரா நச்சான்
இழிந்தவை இன்புறான் இல்லார் மொழிந்தவை
மென்மொழியால் உள்நெகிழ்ந்து ஈவானேல் விண்ணோரால்
இன்மொழியால் ஏத்தப் படும்",கழிந்தவை தான் இரங்கான் கைவாரா நச்சான் இகழ்ந்தவை இன்புறான் இல்லார் மொழிந்தவை மென் மொழியால் உள் நெகிழ்ந்து ஈவானேல் விண்ணோரால் இன் மொழியால் ஏத்தப்படும்
"காடுபோல் கட்கினிய இல்லம் பிறர்பொருள்
ஓடுபோல் தாரம் பிறந்ததாய் ஊடுபோய்க்
கோத்தின்னா சொல்லானாய்க் கொல்லானேல் பல்லவர்
ஒத்தினால் என்ன குறை",காடுபோல் கட்கு இனிய இல்லம் பிறர் பொருள் ஓடுபோல் தாரம் பிறந்த தாய் ஊடு போய்க் கோத்து இன்னா சொல்லானாய் கொல்லானேல் பல்லவர் ஓத்தினால் என்ன குறை
"தோல்கன்று காட்டிக் கறவார் கறந்தபால்
பாற்பட்டார் உண்ணார் பழிபாவம் பாற்பட்டார்
ஏற்றவாது இன்புற்று வாழ்வன வீடழியக்
கூற்றுவப்பச் செய்யார் கொணர்ந்து",தோற் கன்று காட்டிக் கறவார் கறந்த பால் பாற்பட்டார் உண்ணார் பழி பாவம் பாற்பட்டார் ஏற்று அயரா இன்புற்று வாழ்வன ஈடு அழியக் கூற்று அயரச் செய்யார் கொணர்ந்து
"நகையொரு மந்திரம் நட்டார்க்கு வாரம்
பகையொரு பாட்டுரையென்று ஐந்தும் தொகையொடு
மூத்தோர் இருந்துழி வேண்டார் முதுநூலுள்
யாத்தார் அறிந்தவர் ஆய்ந்து",நகையொடு மந்திரம் நட்டார்க்கு வாரம் பகையொடு பாட்டு உரை என்று ஐந்தும் தொகையொடு மூத்தார் இருந்துழி வேண்டார் முது நூலுள் யாத்தார் அறிவினர் ஆய்ந்து
"சத்தமெய்ஞ் ஞானம் தருக்கம் சமயமே
வித்தகர் கண்டவீடு உள்ளிட்டாங்கு அத்தகத்து
அந்தஇவ் ஐந்தும் அறிவான் தலையாய
சிந்திப்பிற் சிட்டன் சிறந்து",சத்தம் மெய்ஞ் ஞானம் தருக்கம் சமையமே வித்தகர் கண்ட வீடு உள்ளிட்டு ஆங்கு அத் தகத் தந்த இவ் ஜந்தும் அறிவான் தலையாய சிந்திப்பின் சிட்டன் சிறந்து
"கண்ணுங்கால் கண்ணும் கணிதமே யாழினோடு
எண்ணுங்கால் சாந்தே இலைநறுக்கிட்டு எண்ணுதல்
இட்டஇவ் ஐந்தும் அறிவான் இடையாய
சிட்டனென்று எண்ணப் படும்",கண்ணுங்கால் கண்ணும் கணிதமே யாழினோடு எண்ணுங்கால் சாந்தே எழுதல் இலை நறுக்கு இட்ட இவ் ஐந்தும் அறிவான் இடையாய சிட்டன் என்று எண்ணப்படும்
"நாணிலன் நாய்நன்கு நள்ளாதான் நாய்பெரியார்ப்
பேணிலன் நாய்பிறர் சேவகன்நாய் ஏணில்
பொருந்திய பூண்முலையார் சேரிகைத்து இல்லான்
பருத்தி பகர்வழி நாய்",நாண் இலன் நாய் நன்கு நள்ளாதான் நாய் பெரியார்ப் பேண் இலன் நாய் பிறர் சேவகன் நாய் ஏண் இல் பொருந்திய பூண் முலையார் சேரி கைத்து இல்லான் பருத்தி பகர்வுழி நாய்
"நாண்எளிது பெண்மை நகையெளிது நட்டானேல்
ஏண்எளிது சேவக னேல்பெரியார் பேண்எளிது
கொம்பு மறைக்கும் இடையாய் அளியன்மீது
அம்பு பறத்தல் அரிது",நாண் எளிது பெண்ணேல் நகை எளிது நட்டானேல் ஏண் எளிது சேவகனேல் பெரியார்ப் பேண் எளிது கொம்பு மறைக்கும் இடாஅய் அவிழின்மீது அம்பு பறத்தல் அரிது
"இன்சொலான் ஆகும் கிளமை இயல்பில்லா
வன்சொல்லின் ஆகும் பகைமைமன் மென்சொல்லின்
ஓய்வில்லா ஆரருளாம் அவ்வருள் நன்மனத்தான்
வீவில்லா விடாய் விடும்",இன் சொல்லான் ஆகும் கிளைமை இயல்பு இல்லா வன் சொல்லான் ஆகும் பகைமை மன் மென் சொல்லான் ஆய்வு இல்லா ஆர் அருளாம் அவ் அருள் நல் மனத்தான் வீவு இல்லா வீடு ஆய் விடும்
"தக்கது இளையான் தவம்செல்வன் ஊண்மறுத்தல்
தக்கது கற்புடை யாள்வனப்புத் தக்கது
தழல்தண்என் தோளான் அறிவிலன் ஆயின்
நிழற்கண் முயிறாய் விடும்",தக்கது இளையான் தவம் செல்வன் ஊண் மறுத்தல் தக்கது கற்புடையாள் வனப்புத் தக்கது அழல் தண்ணென் தோளாள் அறிவு இலள் ஆயின் நிழற்கண் முயிறு ஆய்விடும்
"பொய்யால் சுவர்க்கம்வா யால்நிர யம்பொருள்
மையார் மடந்தையால் வாழ்வினிது மெய்யென்றால்
மைத்தக நீண்ட மலர்க்கண்ணாய் தீதன்றால்
எத்தவ மானும் படல்",பொய்யான் சுவர்க்கம் வாயான் நிரையம் பொருள்தான் மை ஆர் மடந்தையர் இல் வாழ்வு இனிது மெய் அன்றால் மைத் தக நீண்ட மலர்க் கண்ணாய் தீது அன்றே எத் தவமானும் படல்
"புல்லறத்தின் நன்று மனைவாழ்க்கை போற்றுடைத்தே
நல்லறத்தா ரோடு நடக்கலாம் நல்லறத்தார்க்கு
அட்டிட்டுண் டாற்றவாழ்ந் தார்களே இம்மையில்
அட்டிட்டுண் டாற்றவாழ் வார்",புல் அறத்தின் நன்று மனை வாழ்க்கை போற்று உடைத்தேல் நல்லறத்தாரோடும் நட்கலாம் நல்லறத்தார்க்கு அட்டு இட்டு உண்டு ஆற்ற வாழ்ந்தார்களே இம்மையில் அட்டு இட்டு உண்டு ஆற்ற வாழ்வார்
"ஈவது நன்றுதீது ஈயாமை நல்லவர்
மேவது நன்றுமே வாதாரோடு ஓவாது
கேட்டுத் தலைநிற்க கேடில் உயர்கதிக்கே
ஓட்டுத் தவநிற்கும் ஊர்ந்து",ஈவது நன்று தீது ஈயாமை நல்லவர் மேவது நன்று மேவாதாரோடு ஓவாது கேட்டுத் தலைநிற்க கேடு இல் உயர் கதிக்கே ஓட்டுத்தலை நிற்கும் ஊர்ந்து
"உண்இடத்தும் ஒன்னார் மெலிவிடத்தும் மந்திரங்கொண்டு
எண்இடத்தும் செல்லாமை தான்தலையே எண்ணி
உரைப்பூசல் கோறல் உயர்தவமேல் கங்கைக்
கரைப்பூசை போற்றக் கடை",உண் இடத்தும் ஒன்னார் மெலிவு இடத்தும் மந்திரம் கொண்டு எண் இடத்தும் செல்லாமைதான் தலையே எண்ணி உரைப் பூசல் போற்றல் உறு தவமேல் கங்கைக் கரைப் பூசை போறல் கடை
"பத்தினி சேவகன் பொத்தில் கடுந்தவசி
பொத்தில் பொருள்திறத்துச் செவ்வியான் பொத்தின்று
வைத்தார் அதுவழக்குஞ் சான்றவர் தம்செம்மை
செத்தால் அறிக சிறந்து",பத்தினி சேவகன் பாத்து இல் கடுந் தவசி பொத்து இல் பொருள் திறத்துச் செவ்வியான் பொத்து இன்றி வைத்தால் வழக்கு உரைக்கும் சான்றான் தம் செம்மை செத்தால் அறிக சிறந்து
"வழிப்படரல் வாயல் வருந்தாமை வாய்மை
குறிப்படரல் தீக்சொற்க ளோடு மொழிப்பட்ட
காய்ந்து விடுதல் களைந்து உயக்கற்றவர்
ஆய்ந்து விடுதல் அறம்",வழிப் படர் வாய்ப்ப வருந்தாமை வாய் அல் குழிப் படல் தீச் சொற்களோடு மொழிப்பட்ட காய்ந்து விடுதல் களைந்து உய்யக் கற்றவர் ஆய்ந்து விடுதல் அறம்
"மல்லிவர் மாக்காயன் மாணாக்கன் மாநிலத்துப்
பல்லவர் நோய்நீக்கும் பாங்கினால் கல்லா
மறுபஞ்சம் தீர்மழைக்கை மாக்காரி யாசான்
சிறுபஞ்ச மூலம்செய் தான்",மல் இவர் தோள் மாக்காயன் மாணாக்கன் மா நிலத்துப் பல்லவர் நோய் நீக்கும் பாங்கினால் கல்லா மறு பஞ்சம் தீர் மழைக்கை மாக் காரியாசான் சிறுபஞ்சமூலம் செய்தான்
"ஒத்த ஒழுக்கம் கொலைபோய் புலால்களவோடு
ஒத்த இவையல வோர்நாலிட்டு ஒத்த
உறுபஞ்ச மூலந்தீர் மாரிபோல் கூறீர்
சிறுபஞ்ச மூலஞ் சிறந்து",ஒத்த ஒழுக்கம் கொலை பொய் புலால் களவோடு ஒத்த இவை அல் ஒரு நால் இட்டு ஒத்த உறு பஞ்ச மூலம் தீர் மாரிபோல் கூறீர் சிறுபஞ்சமூலம் சிறந்து
